"model_id","region","unit_label","unit_class","outcome","contrast","estimate","standard_error","conf_low","conf_high","p_value","n","status","multiplicity_family","q_value","partial_pool_estimate","partial_pool_standard_error"
"M29","SoG","Gadwall","specificity_panel","detection","active_near",0.234452221260533,0.0522714501479746,0.132000178970503,0.336904263550563,0.00000728173879611925,217200,"completed","M29_SoG_detection",0.00000728173879611925,0.234390797423545,0.0518994196252718
"M29","WCVI","Gadwall","specificity_panel","detection","active_near",-0.0696488402838954,0.954095861388534,-1.93967672860542,1.80037904803763,0.941806248955982,8584,"completed","M29_WCVI_detection",0.941806248955982,0.352276615952136,0.59810023419798
"M29","SoG","Northern Shoveler","specificity_panel","detection","active_near",0.628286308891756,0.0515174953917032,0.527312017924018,0.729260599859494,0.000000000000000000000000000000000328114346131479,217200,"completed","M29_SoG_detection",0.000000000000000000000000000000000656228692262959,0.622798294128112,0.0511612234292633
"M29","WCVI","Northern Shoveler","specificity_panel","detection","active_near",0.593452148699568,0.416126112964396,-0.222155032710649,1.40905933010978,0.15382928428627,8584,"completed","M29_WCVI_detection",0.307658568572541,0.600712494843307,0.36583468212738
