"analysis_version","analysis_taxon_id","species","outcome","contrast","period_label","estimate","standard_error","conf_low","conf_high","ratio","ratio_conf_low","ratio_conf_high","p_value","q_value","n","status"
"post_stage4a_staged_refit_v1_s2_detectability","atx_04afbeb21fb0","Hooded Merganser","checklist_reporting","did_early_pre","Early pre (-14 to -8 d)",-0.0432126974941038,0.0500939638510574,-0.141395062485028,0.0549696674968201,0.957707666381317,0.868146271917504,1.05650856763998,0.388339377402321,0.90612521393875,217200,"completed"
"post_stage4a_staged_refit_v1_s2_detectability","atx_04afbeb21fb0","Hooded Merganser","checklist_reporting","did_immediate_pre","Immediate pre (-7 to -1 d)",-0.0711512970037602,0.0489472073743117,-0.167086060601224,0.024783466593704,0.931320975394605,0.846126790023449,1.02509312958395,0.14604796308421,0.397575010618128,217200,"completed"
"post_stage4a_staged_refit_v1_s2_detectability","atx_04afbeb21fb0","Hooded Merganser","checklist_reporting","did_pre_14_day","Pre-onset (-14 to -1 d)",-0.057181997248932,0.0397004752172066,-0.134993498843782,0.020629504345918,0.944422171487486,0.87372159187013,1.02084376338695,0.149772549179816,0.733885490981098,217200,"completed"
"post_stage4a_staged_refit_v1_s2_detectability","atx_04afbeb21fb0","Hooded Merganser","checklist_reporting","did_spawn_start","Spawn start (0 to 3 d)",-0.0907357908501375,0.0586040908738431,-0.205597698309582,0.0241261166093073,0.913258970402553,0.814160548572138,1.02441950605868,0.12155387490619,0.252571752166057,217200,"completed"
"post_stage4a_staged_refit_v1_s2_detectability","atx_04afbeb21fb0","Hooded Merganser","checklist_reporting","did_early_egg","Early egg (4 to 14 d)",-0.0729441945481457,0.0415365063074968,-0.15435425095446,0.00846586185816874,0.929652708267687,0.856968385364566,1.00850179860693,0.0790633790423217,0.168439372742338,217200,"completed"
"post_stage4a_staged_refit_v1_s2_detectability","atx_04afbeb21fb0","Hooded Merganser","checklist_reporting","did_late_egg","Late egg (15 to 28 d)",-0.0845219910558333,0.0388450921881841,-0.160656972720812,-0.0083870093908542,0.918951446442058,0.85158413760062,0.991648063451828,0.0295647509422623,0.131697526924623,217200,"completed"
"post_stage4a_staged_refit_v1_s2_detectability","atx_04afbeb21fb0","Hooded Merganser","checklist_reporting","did_active_0_14_day","Active composite (0 to 14 d)",-0.0776886202286768,0.0379210236153961,-0.152012460771746,-0.00336477968560761,0.925252486600868,0.858977577150912,0.996640874841701,0.0404919258537755,0.0992052183417499,217200,"completed"
"post_stage4a_staged_refit_v1_s2_detectability","atx_04afbeb21fb0","Hooded Merganser","conditional_positive_numeric_count","did_early_pre","Early pre (-14 to -8 d)",-0.0346634289152544,0.0238252814723083,-0.0813601225225081,0.0120332646919994,0.965930465818026,0.921861648517861,1.012105955699,0.145696635206769,0.671636748702114,20340,"completed"
"post_stage4a_staged_refit_v1_s2_detectability","atx_04afbeb21fb0","Hooded Merganser","conditional_positive_numeric_count","did_immediate_pre","Immediate pre (-7 to -1 d)",0.000995621646805882,0.0241271508816314,-0.0462927251307554,0.0482839684243671,1.00099611744257,0.954762438321282,1.04946862896791,0.967084147360091,1,20340,"completed"
"post_stage4a_staged_refit_v1_s2_detectability","atx_04afbeb21fb0","Hooded Merganser","conditional_positive_numeric_count","did_pre_14_day","Pre-onset (-14 to -1 d)",-0.0168339036342242,0.0192225687423601,-0.0545094460595954,0.0208416387911469,0.983306994790199,0.946949563873563,1.02106034248349,0.381173338481285,0.762487637957128,20340,"completed"
"post_stage4a_staged_refit_v1_s2_detectability","atx_04afbeb21fb0","Hooded Merganser","conditional_positive_numeric_count","did_spawn_start","Spawn start (0 to 3 d)",-0.0144943382742579,0.028411045035836,-0.0701789633076418,0.0411902867591261,0.985610198971221,0.932226970554314,1.04205037506957,0.60993543925127,0.711591345793149,20340,"completed"
"post_stage4a_staged_refit_v1_s2_detectability","atx_04afbeb21fb0","Hooded Merganser","conditional_positive_numeric_count","did_early_egg","Early egg (4 to 14 d)",0.0129335813658222,0.0213071227016499,-0.0288276117435873,0.0546947744752318,1.01301758188114,0.971583939692131,1.05621818072198,0.543845994576697,0.701275098269952,20340,"completed"
"post_stage4a_staged_refit_v1_s2_detectability","atx_04afbeb21fb0","Hooded Merganser","conditional_positive_numeric_count","did_late_egg","Late egg (15 to 28 d)",0.00718915867886516,0.0196027559465247,-0.0312315369740516,0.0456098543317819,1.007215062719,0.969251129619901,1.04666597909034,0.713811293629861,0.887553709581999,20340,"completed"
"post_stage4a_staged_refit_v1_s2_detectability","atx_04afbeb21fb0","Hooded Merganser","conditional_positive_numeric_count","did_active_0_14_day","Active composite (0 to 14 d)",0.00561946946180088,0.0190519518824746,-0.0317216700630394,0.0429606089866411,1.00563528829759,0.968776183972532,1.04389677388895,0.768028216066491,0.855304149710411,20340,"completed"
"post_stage4a_staged_refit_v1_s2_detectability","atx_04cf65098f13","Red-throated Loon","checklist_reporting","did_early_pre","Early pre (-14 to -8 d)",0.105694893004425,0.165152730632397,-0.217998510983518,0.429388296992368,1.11148270361882,0.804126639023488,1.53631746604494,0.52218383659589,0.913821714042808,217200,"completed"
"post_stage4a_staged_refit_v1_s2_detectability","atx_04cf65098f13","Red-throated Loon","checklist_reporting","did_immediate_pre","Immediate pre (-7 to -1 d)",0.0128761157456835,0.181183931820245,-0.342237865199358,0.367990096690725,1.0129593698702,0.710179257685956,1.44482773032716,0.943344795357623,0.995910234697689,217200,"completed"
"post_stage4a_staged_refit_v1_s2_detectability","atx_04cf65098f13","Red-throated Loon","checklist_reporting","did_pre_14_day","Pre-onset (-14 to -1 d)",0.0592855043750543,0.138803890573122,-0.212765122062304,0.331336130812413,1.06107813994981,0.808345977557115,1.3928278860023,0.669294095383781,0.886362450643386,217200,"completed"
"post_stage4a_staged_refit_v1_s2_detectability","atx_04cf65098f13","Red-throated Loon","checklist_reporting","did_spawn_start","Spawn start (0 to 3 d)",0.162362446534516,0.22190524923937,-0.272563849955034,0.597288743024066,1.17628650503478,0.761424810683154,1.81718525915319,0.464367169983809,0.598789245505438,217200,"completed"
"post_stage4a_staged_refit_v1_s2_detectability","atx_04cf65098f13","Red-throated Loon","checklist_reporting","did_early_egg","Early egg (4 to 14 d)",0.010958927602727,0.138309703476283,-0.260123109923202,0.282040965128656,1.01101919660985,0.770956667544863,1.32583303179506,0.936845946226854,0.936845946226854,217200,"completed"
"post_stage4a_staged_refit_v1_s2_detectability","atx_04cf65098f13","Red-throated Loon","checklist_reporting","did_late_egg","Late egg (15 to 28 d)",0.15845367582908,0.134394735882541,-0.104955166212473,0.421862517870633,1.17169764504602,0.900364888449487,1.52479887767569,0.23839141394408,0.41718497440214,217200,"completed"
"post_stage4a_staged_refit_v1_s2_detectability","atx_04cf65098f13","Red-throated Loon","checklist_reporting","did_active_0_14_day","Active composite (0 to 14 d)",0.0513331993178708,0.129390847966186,-0.202268202624951,0.304934601260693,1.0526735849753,0.816875810323002,1.35653628434239,0.691566756266805,0.788064443187755,217200,"completed"
"post_stage4a_staged_refit_v1_s2_detectability","atx_04cf65098f13","Red-throated Loon","conditional_positive_numeric_count","did_early_pre","Early pre (-14 to -8 d)",-0.0837290295094051,0.105659766136236,-0.290818365751352,0.123360306732542,0.919680428591329,0.747651464798012,1.13129195963314,0.428104139355535,0.912047949061791,1488,"completed"
"post_stage4a_staged_refit_v1_s2_detectability","atx_04cf65098f13","Red-throated Loon","conditional_positive_numeric_count","did_immediate_pre","Immediate pre (-7 to -1 d)",-0.120498437323461,0.124349077879444,-0.364218151477936,0.123221276831015,0.886478472623408,0.69473961973553,1.13113468715644,0.332528414156855,0.82767075383902,1488,"completed"
"post_stage4a_staged_refit_v1_s2_detectability","atx_04cf65098f13","Red-throated Loon","conditional_positive_numeric_count","did_pre_14_day","Pre-onset (-14 to -1 d)",-0.102113733416433,0.0960621492653353,-0.290392086254001,0.0861646194211351,0.902926852873079,0.747970241227721,1.08998574635949,0.287783515126545,0.705069612060036,1488,"completed"
"post_stage4a_staged_refit_v1_s2_detectability","atx_04cf65098f13","Red-throated Loon","conditional_positive_numeric_count","did_spawn_start","Spawn start (0 to 3 d)",-0.119285383274549,0.163956789951055,-0.440634786599414,0.202064020050317,0.887554471414297,0.643627725124586,1.22392636143048,0.466894248681714,0.672877005453059,1488,"completed"
"post_stage4a_staged_refit_v1_s2_detectability","atx_04cf65098f13","Red-throated Loon","conditional_positive_numeric_count","did_early_egg","Early egg (4 to 14 d)",0.0112153632317819,0.0933858019491846,-0.17181744525601,0.194248171719574,1.01127849119828,0.842132894491754,1.21439762470921,0.9044062361063,0.995728888072029,1488,"completed"
"post_stage4a_staged_refit_v1_s2_detectability","atx_04cf65098f13","Red-throated Loon","conditional_positive_numeric_count","did_late_egg","Late egg (15 to 28 d)",0.0361358238550617,0.0937662271436169,-0.147642604312629,0.219914252022753,1.03679665864697,0.862739399189629,1.24596988660913,0.699954355698037,0.887553709581999,1488,"completed"
"post_stage4a_staged_refit_v1_s2_detectability","atx_04cf65098f13","Red-throated Loon","conditional_positive_numeric_count","did_active_0_14_day","Active composite (0 to 14 d)",-0.023584835836573,0.0901410882417165,-0.200258122317584,0.153088450644438,0.97669111274644,0.818519447671014,1.16542805724671,0.793596252301171,0.864138141394609,1488,"completed"
"post_stage4a_staged_refit_v1_s2_detectability","atx_08bb40b40c0a","Ring-billed Gull","checklist_reporting","did_early_pre","Early pre (-14 to -8 d)",-0.130906656065379,0.0928419657615892,-0.312873565211994,0.0510602530812368,0.877299661171383,0.731342373841595,1.05238630089021,0.158541322926821,0.90612521393875,217200,"completed"
"post_stage4a_staged_refit_v1_s2_detectability","atx_08bb40b40c0a","Ring-billed Gull","checklist_reporting","did_immediate_pre","Immediate pre (-7 to -1 d)",-0.221943910897635,0.0874627390672958,-0.393367729458759,-0.0505200923365109,0.800960288218373,0.674780565264908,0.950734825996362,0.0111621074700152,0.105898948365478,217200,"completed"
"post_stage4a_staged_refit_v1_s2_detectability","atx_08bb40b40c0a","Ring-billed Gull","checklist_reporting","did_pre_14_day","Pre-onset (-14 to -1 d)",-0.176425283481507,0.072060588908224,-0.317661442446372,-0.0351891245166414,0.838261408789473,0.727849165538719,0.965422813867789,0.014353571973543,0.175831256675902,217200,"completed"
"post_stage4a_staged_refit_v1_s2_detectability","atx_08bb40b40c0a","Ring-billed Gull","checklist_reporting","did_spawn_start","Spawn start (0 to 3 d)",-0.175450283032718,0.0882735196662587,-0.348463202367173,-0.00243736369826283,0.839079112605261,0.705771885280797,0.997565604260814,0.0468586606159399,0.153071624678737,217200,"completed"
"post_stage4a_staged_refit_v1_s2_detectability","atx_08bb40b40c0a","Ring-billed Gull","checklist_reporting","did_early_egg","Early egg (4 to 14 d)",-0.144086207312469,0.0726056941062623,-0.286390752833275,-0.001781661791663,0.865813105420962,0.750969115298011,0.998219924425533,0.0471998100263299,0.123236801407387,217200,"completed"
"post_stage4a_staged_refit_v1_s2_detectability","atx_08bb40b40c0a","Ring-billed Gull","checklist_reporting","did_late_egg","Late egg (15 to 28 d)",-0.326705580156075,0.0754623612294891,-0.474609090354225,-0.178802069957925,0.72129607564562,0.622128204853584,0.836271406251731,1.49526639404598e-05,0.000355377657905136,217200,"completed"
"post_stage4a_staged_refit_v1_s2_detectability","atx_08bb40b40c0a","Ring-billed Gull","checklist_reporting","did_active_0_14_day","Active composite (0 to 14 d)",-0.152449960837869,0.0663782992438196,-0.282549036710777,-0.0223508849649602,0.858601856598987,0.753859674254128,0.977897045474164,0.0216368174458368,0.070680270323067,217200,"completed"
"post_stage4a_staged_refit_v1_s2_detectability","atx_08bb40b40c0a","Ring-billed Gull","conditional_positive_numeric_count","did_early_pre","Early pre (-14 to -8 d)",-0.125466359192739,0.0836836563767764,-0.289483311785846,0.0385505934003688,0.882085437994116,0.74865028644295,1.03930330891627,0.133797516781727,0.671636748702114,4549,"completed"
"post_stage4a_staged_refit_v1_s2_detectability","atx_08bb40b40c0a","Ring-billed Gull","conditional_positive_numeric_count","did_immediate_pre","Immediate pre (-7 to -1 d)",-0.109596350735309,0.075339356684349,-0.25725877645505,0.0380660749844322,0.896195811076697,0.773168110172809,1.03879986929609,0.145751639387041,0.714183032996502,4549,"completed"
"post_stage4a_staged_refit_v1_s2_detectability","atx_08bb40b40c0a","Ring-billed Gull","conditional_positive_numeric_count","did_pre_14_day","Pre-onset (-14 to -1 d)",-0.117531354964024,0.0619916700226648,-0.239032795549938,0.00397008562189068,0.889112633214758,0.787389059092038,1.00397797685131,0.0579703936016626,0.427268863174163,4549,"completed"
"post_stage4a_staged_refit_v1_s2_detectability","atx_08bb40b40c0a","Ring-billed Gull","conditional_positive_numeric_count","did_spawn_start","Spawn start (0 to 3 d)",-0.0500241959626927,0.0795719880882641,-0.205982426793941,0.105934034868555,0.95120640886749,0.813847378064932,1.11174853744924,0.529567803338962,0.682747692115176,4549,"completed"
"post_stage4a_staged_refit_v1_s2_detectability","atx_08bb40b40c0a","Ring-billed Gull","conditional_positive_numeric_count","did_early_egg","Early egg (4 to 14 d)",-0.163342135796206,0.0650260824386542,-0.290790915431701,-0.0358933561607115,0.849300562576478,0.747671988351396,0.96474317191313,0.0120066789349555,0.0294163633906411,4549,"completed"
"post_stage4a_staged_refit_v1_s2_detectability","atx_08bb40b40c0a","Ring-billed Gull","conditional_positive_numeric_count","did_late_egg","Late egg (15 to 28 d)",0.0250886309945916,0.0673335990707166,-0.106882798133473,0.157060060122656,1.02540599925061,0.898630988047743,1.17006588609125,0.709444713781497,0.887553709581999,4549,"completed"
"post_stage4a_staged_refit_v1_s2_detectability","atx_08bb40b40c0a","Ring-billed Gull","conditional_positive_numeric_count","did_active_0_14_day","Active composite (0 to 14 d)",-0.133124018507269,0.0594179750766122,-0.249581109691728,-0.0166669273228108,0.875356524967188,0.779127083508782,0.983471197473774,0.0250606141338125,0.0584747663122291,4549,"completed"
"post_stage4a_staged_refit_v1_s2_detectability","atx_1328b44be502","Black Scoter","checklist_reporting","did_early_pre","Early pre (-14 to -8 d)",-0.171082427039261,0.0858772405146841,-0.339398725539726,-0.0027661285387966,0.842752105047771,0.712198420768569,0.997237693669698,0.0463519427109143,0.585583468336092,217178,"completed"
"post_stage4a_staged_refit_v1_s2_detectability","atx_1328b44be502","Black Scoter","checklist_reporting","did_immediate_pre","Immediate pre (-7 to -1 d)",-0.108638848616439,0.0847302220957108,-0.274707032326112,0.0574293350932338,0.897054331416655,0.759794685903303,1.05911042607081,0.199781776837984,0.489465353253061,217178,"completed"
"post_stage4a_staged_refit_v1_s2_detectability","atx_1328b44be502","Black Scoter","checklist_reporting","did_pre_14_day","Pre-onset (-14 to -1 d)",-0.13986063782785,0.0700097220707096,-0.2770771716541,-0.00264410400160064,0.869479399493517,0.757995999048294,0.997359388562473,0.0457457605849767,0.373590378110643,217178,"completed"
"post_stage4a_staged_refit_v1_s2_detectability","atx_1328b44be502","Black Scoter","checklist_reporting","did_spawn_start","Spawn start (0 to 3 d)",-0.112591465416054,0.0886504676000287,-0.286343189124745,0.061160258292637,0.893515617593146,0.7510048350236,1.06306926620223,0.204063047423918,0.333302977459066,217178,"completed"
"post_stage4a_staged_refit_v1_s2_detectability","atx_1328b44be502","Black Scoter","checklist_reporting","did_early_egg","Early egg (4 to 14 d)",0.0272750331406205,0.0755802999435674,-0.120859632689506,0.175409698970747,1.02765040181713,0.886158338525954,1.19173436895214,0.718192968325039,0.841563713210244,217178,"completed"
"post_stage4a_staged_refit_v1_s2_detectability","atx_1328b44be502","Black Scoter","checklist_reporting","did_late_egg","Late egg (15 to 28 d)",0.121225916761102,0.0802342038605505,-0.0360302331338218,0.278482066656025,1.12887991645581,0.964611129824897,1.32112291303191,0.130813746198558,0.33736176651207,217178,"completed"
"post_stage4a_staged_refit_v1_s2_detectability","atx_1328b44be502","Black Scoter","checklist_reporting","did_active_0_14_day","Active composite (0 to 14 d)",-0.0100226998078261,0.0681294900648958,-0.143554046620101,0.123508647004449,0.990027360063279,0.866273979741326,1.1314597882376,0.883043221330356,0.961535952115276,217178,"completed"
"post_stage4a_staged_refit_v1_s2_detectability","atx_1328b44be502","Black Scoter","conditional_positive_numeric_count","did_early_pre","Early pre (-14 to -8 d)",0.0992564795843073,0.0854599695999195,-0.0682419829514228,0.266754942120037,1.10434950634127,0.934034425821374,1.30572043004059,0.24546371167415,0.758838532145091,1684,"completed"
"post_stage4a_staged_refit_v1_s2_detectability","atx_1328b44be502","Black Scoter","conditional_positive_numeric_count","did_immediate_pre","Immediate pre (-7 to -1 d)",0.0726522327874963,0.0873188275116843,-0.0984895243076701,0.243793989882663,1.07535649814746,0.906205185691261,1.27608141772644,0.405389756982377,0.82767075383902,1684,"completed"
"post_stage4a_staged_refit_v1_s2_detectability","atx_1328b44be502","Black Scoter","conditional_positive_numeric_count","did_pre_14_day","Pre-onset (-14 to -1 d)",0.0859543561859018,0.0721370866101598,-0.0554317355196579,0.227340447891461,1.08975658652289,0.946076604893905,1.2552571448516,0.23344094550859,0.63547812944005,1684,"completed"
"post_stage4a_staged_refit_v1_s2_detectability","atx_1328b44be502","Black Scoter","conditional_positive_numeric_count","did_spawn_start","Spawn start (0 to 3 d)",0.055773023943444,0.0911761063121334,-0.122928860678932,0.23447490856582,1.0573576616256,0.884326570715015,1.26424475032386,0.540731909283177,0.682747692115176,1684,"completed"
"post_stage4a_staged_refit_v1_s2_detectability","atx_1328b44be502","Black Scoter","conditional_positive_numeric_count","did_early_egg","Early egg (4 to 14 d)",0.158876688602244,0.0790084556417068,0.00402296107036826,0.31373041613412,1.17219339296261,1.00403106404059,1.36852075569811,0.0443379122826188,0.0869023080739329,1684,"completed"
"post_stage4a_staged_refit_v1_s2_detectability","atx_1328b44be502","Black Scoter","conditional_positive_numeric_count","did_late_egg","Late egg (15 to 28 d)",-0.00038133077831555,0.088905007087968,-0.174631942716011,0.17386928115938,0.999618741919025,0.839766045906285,1.18990001330357,0.99657772922324,1,1684,"completed"
"post_stage4a_staged_refit_v1_s2_detectability","atx_1328b44be502","Black Scoter","conditional_positive_numeric_count","did_active_0_14_day","Active composite (0 to 14 d)",0.131382378026564,0.071056112417935,-0.00788504319401795,0.270649799247146,1.14040376329221,0.992145962212558,1.31081594126611,0.0644585724083668,0.121479617231153,1684,"completed"
"post_stage4a_staged_refit_v1_s2_detectability","atx_136b0e66254b","Common Murre","checklist_reporting","did_early_pre","Early pre (-14 to -8 d)",-0.00203570282367902,0.107928756677511,-0.213572178807788,0.20950077316043,0.997966367814008,0.80769385966671,1.23306232846546,0.984951558772749,0.999933431101863,217200,"completed"
"post_stage4a_staged_refit_v1_s2_detectability","atx_136b0e66254b","Common Murre","checklist_reporting","did_immediate_pre","Immediate pre (-7 to -1 d)",0.0123588230707723,0.120263951553634,-0.22335419061282,0.248071836754364,1.01243550891458,0.799831506307432,1.28155199142298,0.918150156665872,0.995910234697689,217200,"completed"
"post_stage4a_staged_refit_v1_s2_detectability","atx_136b0e66254b","Common Murre","checklist_reporting","did_pre_14_day","Pre-onset (-14 to -1 d)",0.00516156012354662,0.091599940299343,-0.174371023849185,0.184694144096278,1.0051749039234,0.83998518529894,1.20285048493782,0.955063827180991,0.997618422710479,217200,"completed"
"post_stage4a_staged_refit_v1_s2_detectability","atx_136b0e66254b","Common Murre","checklist_reporting","did_spawn_start","Spawn start (0 to 3 d)",-0.19311878913351,0.129786236760019,-0.447495138872135,0.061257560605116,0.82438404045665,0.639227323608532,1.06317271033275,0.136757256164114,0.257734828924676,217200,"completed"
"post_stage4a_staged_refit_v1_s2_detectability","atx_136b0e66254b","Common Murre","checklist_reporting","did_early_egg","Early egg (4 to 14 d)",-0.143229204802299,0.0977628444571163,-0.334840858964438,0.0483824493598401,0.86655542746614,0.715451935055159,1.04957198670954,0.142902394656407,0.250079190648713,217200,"completed"
"post_stage4a_staged_refit_v1_s2_detectability","atx_136b0e66254b","Common Murre","checklist_reporting","did_late_egg","Late egg (15 to 28 d)",0.0947226224352304,0.0990229950080325,-0.0993588814218029,0.288804126292264,1.09935387672983,0.905417712113691,1.33483024477121,0.338783337020846,0.506703618408908,217200,"completed"
"post_stage4a_staged_refit_v1_s2_detectability","atx_136b0e66254b","Common Murre","checklist_reporting","did_active_0_14_day","Active composite (0 to 14 d)",-0.156533093957289,0.0879259333889194,-0.328864756706639,0.0157985687920613,0.855103218485256,0.719740350220406,1.01592402599066,0.0750295657786756,0.153185363464796,217200,"completed"
"post_stage4a_staged_refit_v1_s2_detectability","atx_136b0e66254b","Common Murre","conditional_positive_numeric_count","did_early_pre","Early pre (-14 to -8 d)",-0.0571257827617487,0.113171424385309,-0.278937698636052,0.164686133112554,0.944475263187788,0.756587038151169,1.17902300435051,0.61371888151779,0.954276229530258,2023,"completed"
"post_stage4a_staged_refit_v1_s2_detectability","atx_136b0e66254b","Common Murre","conditional_positive_numeric_count","did_immediate_pre","Immediate pre (-7 to -1 d)",0.10006206507093,0.153179915439874,-0.200165052346113,0.400289182487974,1.10523951271571,0.818595630797783,1.49225616960302,0.513606544241403,0.894437474071857,2023,"completed"
"post_stage4a_staged_refit_v1_s2_detectability","atx_136b0e66254b","Common Murre","conditional_positive_numeric_count","did_pre_14_day","Pre-onset (-14 to -1 d)",0.0214681411545908,0.105928399235905,-0.186147706287764,0.229083988596946,1.02170023962888,0.830150967408044,1.2574476458384,0.839395685045367,1,2023,"completed"
"post_stage4a_staged_refit_v1_s2_detectability","atx_136b0e66254b","Common Murre","conditional_positive_numeric_count","did_spawn_start","Spawn start (0 to 3 d)",0.25357551488218,0.175202911231565,-0.0898158811182552,0.596966910882615,1.28862468615254,0.914099472751028,1.81660052462805,0.147805982115197,0.362124656182233,2023,"completed"
"post_stage4a_staged_refit_v1_s2_detectability","atx_136b0e66254b","Common Murre","conditional_positive_numeric_count","did_early_egg","Early egg (4 to 14 d)",-0.209998822849146,0.115842613034653,-0.437046172272075,0.0170485265737843,0.810585200150686,0.645941606130496,1.01719468210039,0.0698635611081625,0.122261231939284,2023,"completed"
"post_stage4a_staged_refit_v1_s2_detectability","atx_136b0e66254b","Common Murre","conditional_positive_numeric_count","did_late_egg","Late egg (15 to 28 d)",-0.0362478930256055,0.11880313348383,-0.269097755904417,0.196601969853206,0.964401195518734,0.764068559784179,1.21725943831621,0.76028321520595,0.908631159636379,2023,"completed"
"post_stage4a_staged_refit_v1_s2_detectability","atx_136b0e66254b","Common Murre","conditional_positive_numeric_count","did_active_0_14_day","Active composite (0 to 14 d)",-0.0863789994541255,0.10747184952145,-0.297019953868075,0.124261954959824,0.917246529400972,0.743029185907666,1.13231244701427,0.421549431516804,0.590169204123526,2023,"completed"
"post_stage4a_staged_refit_v1_s2_detectability","atx_15dd5efcd8d6","Black Turnstone","checklist_reporting","did_early_pre","Early pre (-14 to -8 d)",0.101873666175919,0.075702001998016,-0.0464995312977719,0.250246863649609,1.1072435805759,0.954565007976612,1.28434243501684,0.178392970026105,0.90612521393875,217200,"completed"
"post_stage4a_staged_refit_v1_s2_detectability","atx_15dd5efcd8d6","Black Turnstone","checklist_reporting","did_immediate_pre","Immediate pre (-7 to -1 d)",0.0268294752601608,0.0798911194262397,-0.129754241499857,0.183413192020179,1.02719262607261,0.878311256856089,1.20131067753219,0.737002458329584,0.995910234697689,217200,"completed"
"post_stage4a_staged_refit_v1_s2_detectability","atx_15dd5efcd8d6","Black Turnstone","checklist_reporting","did_pre_14_day","Pre-onset (-14 to -1 d)",0.0643515707180397,0.0632468620606492,-0.0596100010560055,0.188313142492085,1.06646727152492,0.942131892387955,1.20721148538028,0.308931505707128,0.836123145327577,217200,"completed"
"post_stage4a_staged_refit_v1_s2_detectability","atx_15dd5efcd8d6","Black Turnstone","checklist_reporting","did_spawn_start","Spawn start (0 to 3 d)",0.0304552181614518,0.0874087113801173,-0.140862708078634,0.201773144401538,1.03092372235536,0.86860855644944,1.2235704028284,0.727522422650524,0.847924990497733,217200,"completed"
"post_stage4a_staged_refit_v1_s2_detectability","atx_15dd5efcd8d6","Black Turnstone","checklist_reporting","did_early_egg","Early egg (4 to 14 d)",0.0538710540802508,0.0784144494276889,-0.0998184426655568,0.207560550826058,1.05534851049669,0.905001712819693,1.23067223280437,0.492080097953203,0.669775688880749,217200,"completed"
"post_stage4a_staged_refit_v1_s2_detectability","atx_15dd5efcd8d6","Black Turnstone","checklist_reporting","did_late_egg","Late egg (15 to 28 d)",-0.15132708480355,0.084129867395459,-0.31621859492278,0.0135644253156802,0.859566501533767,0.728900098890737,1.01365683950848,0.0720610841280973,0.220687070142298,217200,"completed"
"post_stage4a_staged_refit_v1_s2_detectability","atx_15dd5efcd8d6","Black Turnstone","checklist_reporting","did_active_0_14_day","Active composite (0 to 14 d)",0.0476268311685711,0.068709620330595,-0.0870415500708162,0.182295212407958,1.04877921057909,0.916639008426182,1.19996838715322,0.488208501423879,0.629532014993949,217200,"completed"
"post_stage4a_staged_refit_v1_s2_detectability","atx_15dd5efcd8d6","Black Turnstone","conditional_positive_numeric_count","did_early_pre","Early pre (-14 to -8 d)",0.0136925887537779,0.0639295784609323,-0.111607082576477,0.138992260084033,1.01378676157953,0.894395612088679,1.14911520591405,0.830404842248173,0.977395393873099,4421,"completed"
"post_stage4a_staged_refit_v1_s2_detectability","atx_15dd5efcd8d6","Black Turnstone","conditional_positive_numeric_count","did_immediate_pre","Immediate pre (-7 to -1 d)",0.0620065142817996,0.0730341682619841,-0.0811378251525275,0.205150853716127,1.06396927570115,0.922066598716913,1.22771025564887,0.395877441474192,0.82767075383902,4421,"completed"
"post_stage4a_staged_refit_v1_s2_detectability","atx_15dd5efcd8d6","Black Turnstone","conditional_positive_numeric_count","did_pre_14_day","Pre-onset (-14 to -1 d)",0.0378495515177887,0.0543722396935379,-0.0687180800403246,0.144417183075902,1.0385749690962,0.933589840591571,1.1553660071426,0.486354281038791,0.762487637957128,4421,"completed"
"post_stage4a_staged_refit_v1_s2_detectability","atx_15dd5efcd8d6","Black Turnstone","conditional_positive_numeric_count","did_spawn_start","Spawn start (0 to 3 d)",0.0893039364963609,0.0845280525098476,-0.0763680021062509,0.254975875098973,1.09341293392434,0.926475198992861,1.29043048898954,0.290739576035979,0.537865670100376,4421,"completed"
"post_stage4a_staged_refit_v1_s2_detectability","atx_15dd5efcd8d6","Black Turnstone","conditional_positive_numeric_count","did_early_egg","Early egg (4 to 14 d)",0.182267243153285,0.0778165454202295,0.0297496167283102,0.33478486957826,1.19993482540115,1.0301965576738,1.39763967806462,0.0191669204937959,0.0447228144855239,4421,"completed"
"post_stage4a_staged_refit_v1_s2_detectability","atx_15dd5efcd8d6","Black Turnstone","conditional_positive_numeric_count","did_late_egg","Late egg (15 to 28 d)",0.0424797376367008,0.0791894938637537,-0.112728818290212,0.197688293563614,1.04339491451266,0.893392899083028,1.21858249460937,0.591660377629033,0.878526015267351,4421,"completed"
"post_stage4a_staged_refit_v1_s2_detectability","atx_15dd5efcd8d6","Black Turnstone","conditional_positive_numeric_count","did_active_0_14_day","Active composite (0 to 14 d)",0.157477028044772,0.0659260864678943,0.0282642729260259,0.286689783163518,1.17055386776179,1.02866749747289,1.33201093715727,0.0169085317192523,0.0439530414234588,4421,"completed"
"post_stage4a_staged_refit_v1_s2_detectability","atx_1812dd827ede","Surfbird","checklist_reporting","did_early_pre","Early pre (-14 to -8 d)",-0.249959400671741,0.209166090909916,-0.659917405642207,0.159998604298725,0.778832402501905,0.51689402525873,1.17350923312233,0.232075968446697,0.90612521393875,217200,"completed"
"post_stage4a_staged_refit_v1_s2_detectability","atx_1812dd827ede","Surfbird","checklist_reporting","did_immediate_pre","Immediate pre (-7 to -1 d)",-0.360984133297406,0.23637251078693,-0.824265741375094,0.102297474780282,0.696990057313089,0.438556888450892,1.1077129393846,0.126715456456352,0.374330754797893,217200,"completed"
"post_stage4a_staged_refit_v1_s2_detectability","atx_1812dd827ede","Surfbird","checklist_reporting","did_pre_14_day","Pre-onset (-14 to -1 d)",-0.305471766984574,0.17094163879776,-0.640511222486437,0.0295676885172899,0.73677570593573,0.527022929190734,1.03000915290469,0.073938378805891,0.402553395720962,217200,"completed"
"post_stage4a_staged_refit_v1_s2_detectability","atx_1812dd827ede","Surfbird","checklist_reporting","did_spawn_start","Spawn start (0 to 3 d)",-0.0822695843911034,0.252026623244915,-0.576232689096382,0.411693520314175,0.921023631630377,0.562011655996412,1.50937177364703,0.744097440640867,0.847924990497733,217200,"completed"
"post_stage4a_staged_refit_v1_s2_detectability","atx_1812dd827ede","Surfbird","checklist_reporting","did_early_egg","Early egg (4 to 14 d)",0.0282105385902738,0.170636034751653,-0.306229943987691,0.362651021168239,1.02861222419326,0.736217311246788,1.43713424229049,0.868687554446179,0.916361914821961,217200,"completed"
"post_stage4a_staged_refit_v1_s2_detectability","atx_1812dd827ede","Surfbird","checklist_reporting","did_late_egg","Late egg (15 to 28 d)",0.211153691677778,0.176123590708251,-0.134042202938266,0.556349586293822,1.23510216539891,0.874553155111679,1.74429347153665,0.23056877752506,0.41718497440214,217200,"completed"
"post_stage4a_staged_refit_v1_s2_detectability","atx_1812dd827ede","Surfbird","checklist_reporting","did_active_0_14_day","Active composite (0 to 14 d)",-0.00125082753809348,0.154933526746256,-0.304914959958529,0.302413304882342,0.998749954420606,0.737186062059399,1.35312036240694,0.993558494662752,0.993558494662752,217200,"completed"
"post_stage4a_staged_refit_v1_s2_detectability","atx_1812dd827ede","Surfbird","conditional_positive_numeric_count","did_early_pre","Early pre (-14 to -8 d)",,,,,,,,,,1063,"failed_insufficient_support"
"post_stage4a_staged_refit_v1_s2_detectability","atx_1812dd827ede","Surfbird","conditional_positive_numeric_count","did_immediate_pre","Immediate pre (-7 to -1 d)",,,,,,,,,,1063,"failed_insufficient_support"
"post_stage4a_staged_refit_v1_s2_detectability","atx_1812dd827ede","Surfbird","conditional_positive_numeric_count","did_pre_14_day","Pre-onset (-14 to -1 d)",,,,,,,,,,1063,"failed_insufficient_support"
"post_stage4a_staged_refit_v1_s2_detectability","atx_1812dd827ede","Surfbird","conditional_positive_numeric_count","did_spawn_start","Spawn start (0 to 3 d)",,,,,,,,,,1063,"failed_insufficient_support"
"post_stage4a_staged_refit_v1_s2_detectability","atx_1812dd827ede","Surfbird","conditional_positive_numeric_count","did_early_egg","Early egg (4 to 14 d)",,,,,,,,,,1063,"failed_insufficient_support"
"post_stage4a_staged_refit_v1_s2_detectability","atx_1812dd827ede","Surfbird","conditional_positive_numeric_count","did_late_egg","Late egg (15 to 28 d)",,,,,,,,,,1063,"failed_insufficient_support"
"post_stage4a_staged_refit_v1_s2_detectability","atx_1812dd827ede","Surfbird","conditional_positive_numeric_count","did_active_0_14_day","Active composite (0 to 14 d)",,,,,,,,,,1063,"failed_insufficient_support"
"post_stage4a_staged_refit_v1_s2_detectability","atx_1930f23cc4f8","Surf Scoter","checklist_reporting","did_early_pre","Early pre (-14 to -8 d)",-0.0513594735089273,0.0470522024393059,-0.143580095683255,0.0408611486654,0.949937131914992,0.866251414409624,1.041707453033,0.275034289946363,0.90612521393875,217183,"completed"
"post_stage4a_staged_refit_v1_s2_detectability","atx_1930f23cc4f8","Surf Scoter","checklist_reporting","did_immediate_pre","Immediate pre (-7 to -1 d)",0.0115695788691618,0.0466455546878726,-0.0798540283579619,0.102993186096286,1.01163676530301,0.923251105030741,1.10848385594801,0.804109836097625,0.995910234697689,217183,"completed"
"post_stage4a_staged_refit_v1_s2_detectability","atx_1930f23cc4f8","Surf Scoter","checklist_reporting","did_pre_14_day","Pre-onset (-14 to -1 d)",-0.0198949473198827,0.0382580516072377,-0.0948793505887432,0.0550894559489778,0.980301651213391,0.909482656396198,1.05663513274635,0.603049720669008,0.844269608936611,217183,"completed"
"post_stage4a_staged_refit_v1_s2_detectability","atx_1930f23cc4f8","Surf Scoter","checklist_reporting","did_spawn_start","Spawn start (0 to 3 d)",0.0233806133830248,0.0512864942818799,-0.0771390683027793,0.123900295068829,1.02365608261452,0.92576110062893,1.13190300906121,0.648474500238904,0.794381262792657,217183,"completed"
"post_stage4a_staged_refit_v1_s2_detectability","atx_1930f23cc4f8","Surf Scoter","checklist_reporting","did_early_egg","Early egg (4 to 14 d)",-0.0120359606063171,0.0417003291715487,-0.0937671039260176,0.0696951827133833,0.988036181842914,0.910494788211356,1.07218131204076,0.772864634580836,0.841563713210244,217183,"completed"
"post_stage4a_staged_refit_v1_s2_detectability","atx_1930f23cc4f8","Surf Scoter","checklist_reporting","did_late_egg","Late egg (15 to 28 d)",0.0312234538054052,0.0399970110097108,-0.04716924726288,0.10961615487369,1.03171601900137,0.953925934573753,1.11584967478597,0.435011506267972,0.576096319111638,217183,"completed"
"post_stage4a_staged_refit_v1_s2_detectability","atx_1930f23cc4f8","Surf Scoter","checklist_reporting","did_active_0_14_day","Active composite (0 to 14 d)",-0.00259154087582593,0.0375850691250053,-0.0762569227172847,0.0710738409656328,0.997411814267274,0.926578117007786,1.07366050306968,0.945028352407316,0.979767697271878,217183,"completed"
"post_stage4a_staged_refit_v1_s2_detectability","atx_1930f23cc4f8","Surf Scoter","conditional_positive_numeric_count","did_early_pre","Early pre (-14 to -8 d)",-0.0577032385415555,0.0439144178397341,-0.143773915909478,0.0283674388263665,0.943930027927953,0.866083533634387,1.02877362635577,0.188848552994687,0.671636748702114,16632,"completed"
"post_stage4a_staged_refit_v1_s2_detectability","atx_1930f23cc4f8","Surf Scoter","conditional_positive_numeric_count","did_immediate_pre","Immediate pre (-7 to -1 d)",-0.052167226529567,0.0433596623735989,-0.137150603163637,0.0328161501045034,0.949170127144184,0.871838914545675,1.03336053854901,0.228926767885484,0.770163672250197,16632,"completed"
"post_stage4a_staged_refit_v1_s2_detectability","atx_1930f23cc4f8","Surf Scoter","conditional_positive_numeric_count","did_pre_14_day","Pre-onset (-14 to -1 d)",-0.0549352325355612,0.0356488867954593,-0.124805766743607,0.0149353016724845,0.946546451381858,0.882668329479604,1.01504739062272,0.12331475162219,0.503535235790608,16632,"completed"
"post_stage4a_staged_refit_v1_s2_detectability","atx_1930f23cc4f8","Surf Scoter","conditional_positive_numeric_count","did_spawn_start","Spawn start (0 to 3 d)",0.0572766027802848,0.0461583575329271,-0.0331921155697753,0.147745321130345,1.05894867803815,0.96735269822138,1.15921763052976,0.214653123116603,0.45153310209039,16632,"completed"
"post_stage4a_staged_refit_v1_s2_detectability","atx_1930f23cc4f8","Surf Scoter","conditional_positive_numeric_count","did_early_egg","Early egg (4 to 14 d)",0.293268707619739,0.0412633336182376,0.212394059845933,0.374143355393546,1.34080302602015,1.23663509731273,1.45374553778346,1.18380393762382e-12,9.66773215726121e-12,16632,"completed"
"post_stage4a_staged_refit_v1_s2_detectability","atx_1930f23cc4f8","Surf Scoter","conditional_positive_numeric_count","did_late_egg","Late egg (15 to 28 d)",0.13713919978869,0.040046670305748,0.058649168288674,0.215629231288705,1.14698779786766,1.06040315242113,1.24064230236731,0.000615967091257548,0.00335359860795776,16632,"completed"
"post_stage4a_staged_refit_v1_s2_detectability","atx_1930f23cc4f8","Surf Scoter","conditional_positive_numeric_count","did_active_0_14_day","Active composite (0 to 14 d)",0.230337479662551,0.0360376998300258,0.159704885910036,0.300970073415067,1.25902483351674,1.17316460249592,1.35116890506196,1.64191128232965e-10,1.00567066042691e-09,16632,"completed"
"post_stage4a_staged_refit_v1_s2_detectability","atx_3083477933a8","White-winged Scoter","checklist_reporting","did_early_pre","Early pre (-14 to -8 d)",-0.171391418728627,0.067353013827747,-0.303400900081239,-0.0393819373760144,0.842491741878215,0.73830305127896,0.961383450743455,0.0109380007952726,0.535962038968355,217199,"completed"
"post_stage4a_staged_refit_v1_s2_detectability","atx_3083477933a8","White-winged Scoter","checklist_reporting","did_immediate_pre","Immediate pre (-7 to -1 d)",-0.163327203377009,0.0675310175870568,-0.295685565686982,-0.0309688410670371,0.849313244783191,0.744021337081731,0.969505781371043,0.0155824653052544,0.109077257136781,217199,"completed"
"post_stage4a_staged_refit_v1_s2_detectability","atx_3083477933a8","White-winged Scoter","checklist_reporting","did_pre_14_day","Pre-onset (-14 to -1 d)",-0.167359311052818,0.0556516347109195,-0.276434510766999,-0.0582841113386369,0.845895617081463,0.758483289994105,0.94338188386878,0.00263608329498879,0.129168081454451,217199,"completed"
"post_stage4a_staged_refit_v1_s2_detectability","atx_3083477933a8","White-winged Scoter","checklist_reporting","did_spawn_start","Spawn start (0 to 3 d)",-0.108383536650717,0.0681009138774535,-0.241858875164789,0.0250918018633561,0.897283389360742,0.785166976293561,1.02540925068362,0.111494017257992,0.252571752166057,217199,"completed"
"post_stage4a_staged_refit_v1_s2_detectability","atx_3083477933a8","White-winged Scoter","checklist_reporting","did_early_egg","Early egg (4 to 14 d)",-0.0623393292726156,0.0592021280626141,-0.178373368083467,0.053694709538236,0.939564011119755,0.836629994229324,1.05516242195528,0.292344952498205,0.462093634593937,217199,"completed"
"post_stage4a_staged_refit_v1_s2_detectability","atx_3083477933a8","White-winged Scoter","checklist_reporting","did_late_egg","Late egg (15 to 28 d)",-0.0769150641881435,0.0574369264308591,-0.189489371375304,0.0356592429990171,0.925968498152723,0.827381510778281,1.03630265893261,0.180530889325837,0.41718497440214,217199,"completed"
"post_stage4a_staged_refit_v1_s2_detectability","atx_3083477933a8","White-winged Scoter","checklist_reporting","did_active_0_14_day","Active composite (0 to 14 d)",-0.0746177845734425,0.0534698655660551,-0.179416795341109,0.0301812261942239,0.928098151975939,0.835757486966876,1.03064129622962,0.162861805620996,0.266007615847627,217199,"completed"
"post_stage4a_staged_refit_v1_s2_detectability","atx_3083477933a8","White-winged Scoter","conditional_positive_numeric_count","did_early_pre","Early pre (-14 to -8 d)",0.124071533985081,0.0660670437087192,-0.00541749224904255,0.253560560219204,1.132096851502,0.99459715589808,1.28860541534875,0.0603860811303673,0.588291386496593,4706,"completed"
"post_stage4a_staged_refit_v1_s2_detectability","atx_3083477933a8","White-winged Scoter","conditional_positive_numeric_count","did_immediate_pre","Immediate pre (-7 to -1 d)",0.0490782715695328,0.0671027179046595,-0.0824406387883508,0.180597181927416,1.05030255635238,0.920866099961845,1.19793253321633,0.464540837633308,0.878981898784635,4706,"completed"
"post_stage4a_staged_refit_v1_s2_detectability","atx_3083477933a8","White-winged Scoter","conditional_positive_numeric_count","did_pre_14_day","Pre-onset (-14 to -1 d)",0.0865749027773068,0.055326066420541,-0.0218621948132244,0.195012000367838,1.09043304112221,0.978375050918462,1.21532557075611,0.117626954260782,0.503535235790608,4706,"completed"
"post_stage4a_staged_refit_v1_s2_detectability","atx_3083477933a8","White-winged Scoter","conditional_positive_numeric_count","did_spawn_start","Spawn start (0 to 3 d)",0.123976504844162,0.0665205525761237,-0.00640138243674321,0.254354392125068,1.13198927442232,0.993619062762698,1.28962875756864,0.0623593020270142,0.169755877740205,4706,"completed"
"post_stage4a_staged_refit_v1_s2_detectability","atx_3083477933a8","White-winged Scoter","conditional_positive_numeric_count","did_early_egg","Early egg (4 to 14 d)",0.277022602793406,0.0617293443328318,0.156035311111785,0.398009894475028,1.31919618821689,1.16886747637128,1.48885876131023,7.19971753329041e-06,3.13831639403726e-05,4706,"completed"
"post_stage4a_staged_refit_v1_s2_detectability","atx_3083477933a8","White-winged Scoter","conditional_positive_numeric_count","did_late_egg","Late egg (15 to 28 d)",0.0600079648184432,0.0606531833619543,-0.0588700901186913,0.178886019755578,1.06184500391435,0.942829244036766,1.19588442919988,0.3224859787847,0.544890102084493,4706,"completed"
"post_stage4a_staged_refit_v1_s2_detectability","atx_3083477933a8","White-winged Scoter","conditional_positive_numeric_count","did_active_0_14_day","Active composite (0 to 14 d)",0.236210310006941,0.054903230967257,0.128601954676234,0.343818665337649,1.26644062729844,1.13723736204781,1.41032287189719,1.69032290913029e-05,6.37121711902955e-05,4706,"completed"
"post_stage4a_staged_refit_v1_s2_detectability","atx_35518e24dfdd","Common Merganser","checklist_reporting","did_early_pre","Early pre (-14 to -8 d)",-0.0703591448744919,0.0396553914305878,-0.148082283871282,0.00736399412229841,0.93205901556975,0.862360153690717,1.00739117500601,0.0760194446013742,0.620825464244556,217093,"completed"
"post_stage4a_staged_refit_v1_s2_detectability","atx_35518e24dfdd","Common Merganser","checklist_reporting","did_immediate_pre","Immediate pre (-7 to -1 d)",0.0651991584789819,0.0383724200803081,-0.0100094028780634,0.140407719836027,1.06737157931768,0.990040524475072,1.15074288392303,0.0892974983355472,0.364075183359604,217093,"completed"
"post_stage4a_staged_refit_v1_s2_detectability","atx_35518e24dfdd","Common Merganser","checklist_reporting","did_pre_14_day","Pre-onset (-14 to -1 d)",-0.00257999319775498,0.0315626045675351,-0.0644415614084031,0.0592815750128931,0.997423332124311,0.937590904153045,1.06107397059771,0.934851809000668,0.997618422710479,217093,"completed"
"post_stage4a_staged_refit_v1_s2_detectability","atx_35518e24dfdd","Common Merganser","checklist_reporting","did_spawn_start","Spawn start (0 to 3 d)",0.221688908800893,0.0425328170497852,0.138326119222283,0.305051698379503,1.24818301870786,1.14834998822022,1.35669514013345,1.86629346402113e-07,3.04827932456785e-06,217093,"completed"
"post_stage4a_staged_refit_v1_s2_detectability","atx_35518e24dfdd","Common Merganser","checklist_reporting","did_early_egg","Early egg (4 to 14 d)",0.130708621467296,0.032854686934846,0.0663146183516587,0.195102624582932,1.1396356675603,1.06856285376955,1.21543571367278,6.93847097854991e-05,0.000849962694872364,217093,"completed"
"post_stage4a_staged_refit_v1_s2_detectability","atx_35518e24dfdd","Common Merganser","checklist_reporting","did_late_egg","Late egg (15 to 28 d)",0.0844776071810355,0.0323086212629836,0.0211538731154427,0.147801341246628,1.08814847724732,1.0213792023465,1.15928257185521,0.00893037932042583,0.0614459575761671,217093,"completed"
"post_stage4a_staged_refit_v1_s2_detectability","atx_35518e24dfdd","Common Merganser","checklist_reporting","did_active_0_14_day","Active composite (0 to 14 d)",0.154970031422921,0.0299403538851093,0.0962880161237234,0.21365204672212,1.16762296858186,1.10107614601292,1.23819174695291,2.26743767158592e-07,3.703481530257e-06,217093,"completed"
"post_stage4a_staged_refit_v1_s2_detectability","atx_35518e24dfdd","Common Merganser","conditional_positive_numeric_count","did_early_pre","Early pre (-14 to -8 d)",0.00517216743005256,0.0264965789575479,-0.0467601730402632,0.0571045079003683,1.00518556617824,0.95431624091056,1.05876645407293,0.84523533857612,0.977395393873099,27776,"completed"
"post_stage4a_staged_refit_v1_s2_detectability","atx_35518e24dfdd","Common Merganser","conditional_positive_numeric_count","did_immediate_pre","Immediate pre (-7 to -1 d)",-0.0038826133500107,0.0260411068191558,-0.0549222448331165,0.0471570181330951,0.9961249142478,0.946558744925351,1.04828659616202,0.881478230982449,1,27776,"completed"
"post_stage4a_staged_refit_v1_s2_detectability","atx_35518e24dfdd","Common Merganser","conditional_positive_numeric_count","did_pre_14_day","Pre-onset (-14 to -1 d)",0.000644777040020927,0.0210612621324858,-0.0406345382086086,0.0419240922886504,1.00064498495342,0.960179974927372,1.0428153180222,0.975577090687757,1,27776,"completed"
"post_stage4a_staged_refit_v1_s2_detectability","atx_35518e24dfdd","Common Merganser","conditional_positive_numeric_count","did_spawn_start","Spawn start (0 to 3 d)",0.130296166700677,0.0276515636318312,0.0761000978660703,0.184492235535284,1.13916571632048,1.07907058141408,1.202607643644,2.45210359318351e-06,2.40306152131984e-05,27776,"completed"
"post_stage4a_staged_refit_v1_s2_detectability","atx_35518e24dfdd","Common Merganser","conditional_positive_numeric_count","did_early_egg","Early egg (4 to 14 d)",0.10316198463157,0.0215881594331992,0.0608499696499905,0.145473999613149,1.10867098219215,1.06273945905293,1.1565876624646,1.76487198316709e-06,8.64787271751872e-06,27776,"completed"
"post_stage4a_staged_refit_v1_s2_detectability","atx_35518e24dfdd","Common Merganser","conditional_positive_numeric_count","did_late_egg","Late egg (15 to 28 d)",0.0379366966035149,0.021829064024285,-0.00484748270030255,0.0807208759073324,1.03866547974464,0.995164247382517,1.08406826476202,0.0822287082907241,0.201460335312274,27776,"completed"
"post_stage4a_staged_refit_v1_s2_detectability","atx_35518e24dfdd","Common Merganser","conditional_positive_numeric_count","did_active_0_14_day","Active composite (0 to 14 d)",0.110397766516665,0.0194892020839693,0.0721996323446621,0.148595900688668,1.11672217681805,1.07486990144544,1.16020405680748,1.47401751534698e-08,6.56607802290927e-08,27776,"completed"
"post_stage4a_staged_refit_v1_s2_detectability","atx_35707a9578d5","Pelagic Cormorant","checklist_reporting","did_early_pre","Early pre (-14 to -8 d)",-0.0574110175298336,0.0552924140611468,-0.165782157707957,0.0509601226482902,0.9442059044222,0.847230776782382,1.05228093026977,0.299122799397703,0.90612521393875,217200,"completed"
"post_stage4a_staged_refit_v1_s2_detectability","atx_35707a9578d5","Pelagic Cormorant","checklist_reporting","did_immediate_pre","Immediate pre (-7 to -1 d)",-0.00580222158785873,0.0545440550968642,-0.112706605148481,0.101102161972763,0.99421457879094,0.893412744366529,1.10638966694091,0.915283406118309,0.995910234697689,217200,"completed"
"post_stage4a_staged_refit_v1_s2_detectability","atx_35707a9578d5","Pelagic Cormorant","checklist_reporting","did_pre_14_day","Pre-onset (-14 to -1 d)",-0.0316066195588462,0.0446735817609684,-0.11916523087075,0.0559519917530573,0.968887648572855,0.887661119624432,1.0575469115446,0.479254971910727,0.836123145327577,217200,"completed"
"post_stage4a_staged_refit_v1_s2_detectability","atx_35707a9578d5","Pelagic Cormorant","checklist_reporting","did_spawn_start","Spawn start (0 to 3 d)",-0.0230376656794567,0.0592086188822603,-0.139084426263045,0.0930090949041316,0.977225675211032,0.870154561459128,1.09747171662274,0.697207269874284,0.833247712776583,217200,"completed"
"post_stage4a_staged_refit_v1_s2_detectability","atx_35707a9578d5","Pelagic Cormorant","checklist_reporting","did_early_egg","Early egg (4 to 14 d)",0.0378503656779757,0.0463591790284277,-0.0530119555705873,0.128712686926539,1.03857581466294,0.948368674125894,1.13736329787249,0.414237704293893,0.608202869364654,217200,"completed"
"post_stage4a_staged_refit_v1_s2_detectability","atx_35707a9578d5","Pelagic Cormorant","checklist_reporting","did_late_egg","Late egg (15 to 28 d)",-0.00608709512329677,0.045166232619752,-0.0946112843753688,0.0824370941287753,0.993931393706779,0.90972649064843,1.08593035989504,0.892792991508279,0.920256168627032,217200,"completed"
"post_stage4a_staged_refit_v1_s2_detectability","atx_35707a9578d5","Pelagic Cormorant","checklist_reporting","did_active_0_14_day","Active composite (0 to 14 d)",0.0216135573159937,0.0421759385819294,-0.0610497633187613,0.104276877950749,1.02184882215872,0.940776422454133,1.10990772135138,0.60832785011644,0.745201616392639,217200,"completed"
"post_stage4a_staged_refit_v1_s2_detectability","atx_35707a9578d5","Pelagic Cormorant","conditional_positive_numeric_count","did_early_pre","Early pre (-14 to -8 d)",0.031812263619526,0.0302189176619816,-0.0274157266497392,0.0910402538887912,1.03232368240027,0.972956673417111,1.09531309498259,0.292466235288435,0.758838532145091,18881,"completed"
"post_stage4a_staged_refit_v1_s2_detectability","atx_35707a9578d5","Pelagic Cormorant","conditional_positive_numeric_count","did_immediate_pre","Immediate pre (-7 to -1 d)",0.00842656130769229,0.0300602176408936,-0.0504903826358947,0.0673435052512793,1.00846216470991,0.950763072463003,1.06966284987996,0.779229938209611,1,18881,"completed"
"post_stage4a_staged_refit_v1_s2_detectability","atx_35707a9578d5","Pelagic Cormorant","conditional_positive_numeric_count","did_pre_14_day","Pre-onset (-14 to -1 d)",0.0201194124636092,0.0246232738234093,-0.028141317411741,0.0683801423389593,1.02032317205613,0.972250961103181,1.07077227699876,0.413877422982125,0.762487637957128,18881,"completed"
"post_stage4a_staged_refit_v1_s2_detectability","atx_35707a9578d5","Pelagic Cormorant","conditional_positive_numeric_count","did_spawn_start","Spawn start (0 to 3 d)",0.0326651162304062,0.0319996985485886,-0.0300531404409662,0.0953833729017785,1.03320447788906,0.970393965015121,1.10008051535375,0.307351811485929,0.537865670100376,18881,"completed"
"post_stage4a_staged_refit_v1_s2_detectability","atx_35707a9578d5","Pelagic Cormorant","conditional_positive_numeric_count","did_early_egg","Early egg (4 to 14 d)",0.0516018730142948,0.0252930991402636,0.00202830964197707,0.101175436386612,1.05295644867582,1.00203036805344,1.10647073996549,0.041334770718054,0.0843918235493602,18881,"completed"
"post_stage4a_staged_refit_v1_s2_detectability","atx_35707a9578d5","Pelagic Cormorant","conditional_positive_numeric_count","did_late_egg","Late egg (15 to 28 d)",0.0560090950778264,0.0246350866153334,0.00772521255574825,0.104292977599905,1.0576073027136,1.0077551289976,1.10992559062013,0.0229930715206954,0.0704162815321298,18881,"completed"
"post_stage4a_staged_refit_v1_s2_detectability","atx_35707a9578d5","Pelagic Cormorant","conditional_positive_numeric_count","did_active_0_14_day","Active composite (0 to 14 d)",0.0465520712052578,0.0229440009283735,0.00158265572439225,0.0915214866861234,1.0476526301834,1.00158390878493,1.09584032241663,0.0424640913296017,0.0866975197979368,18881,"completed"
"post_stage4a_staged_refit_v1_s2_detectability","atx_40f730f5ad72","Long-tailed Duck","checklist_reporting","did_early_pre","Early pre (-14 to -8 d)",0.00207877177025698,0.0801076858514286,-0.154929407383392,0.159086950923906,1.00208093391424,0.85647563620584,1.17243988698015,0.979297445020096,0.999933431101863,217200,"completed"
"post_stage4a_staged_refit_v1_s2_detectability","atx_40f730f5ad72","Long-tailed Duck","checklist_reporting","did_immediate_pre","Immediate pre (-7 to -1 d)",-0.0771423935234779,0.0808657032889238,-0.235636259554271,0.0813514725073148,0.925758022274075,0.790068001360303,1.08475209011024,0.340105472643875,0.666606726381995,217200,"completed"
"post_stage4a_staged_refit_v1_s2_detectability","atx_40f730f5ad72","Long-tailed Duck","checklist_reporting","did_pre_14_day","Pre-onset (-14 to -1 d)",-0.0375318108766105,0.0663630129009736,-0.167600926068086,0.0925373043148647,0.963163778149386,0.845691260687808,1.09695406191676,0.57169758485058,0.836123145327577,217200,"completed"
"post_stage4a_staged_refit_v1_s2_detectability","atx_40f730f5ad72","Long-tailed Duck","checklist_reporting","did_spawn_start","Spawn start (0 to 3 d)",-0.066206595945815,0.0796268069620159,-0.222272269795289,0.0898590779036593,0.935937483426843,0.800697328955939,1.0940201012355,0.405713170443002,0.552220704214086,217200,"completed"
"post_stage4a_staged_refit_v1_s2_detectability","atx_40f730f5ad72","Long-tailed Duck","checklist_reporting","did_early_egg","Early egg (4 to 14 d)",0.138707947633844,0.0691791168554778,0.00311937011482014,0.274296525152869,1.14878854459345,1.00312424041255,1.31560485433628,0.0449571466816334,0.123236801407387,217200,"completed"
"post_stage4a_staged_refit_v1_s2_detectability","atx_40f730f5ad72","Long-tailed Duck","checklist_reporting","did_late_egg","Late egg (15 to 28 d)",0.112865400132521,0.0730145193874683,-0.0302404282154187,0.25597122848046,1.11948124078059,0.970212239107123,1.2917155627855,0.122154345911939,0.332531274982502,217200,"completed"
"post_stage4a_staged_refit_v1_s2_detectability","atx_40f730f5ad72","Long-tailed Duck","checklist_reporting","did_active_0_14_day","Active composite (0 to 14 d)",0.0840640693459353,0.0628690652699941,-0.0391570343249511,0.207285173016822,1.08769857971301,0.961599693130644,1.23033337963948,0.181180434039251,0.286381976384623,217200,"completed"
"post_stage4a_staged_refit_v1_s2_detectability","atx_40f730f5ad72","Long-tailed Duck","conditional_positive_numeric_count","did_early_pre","Early pre (-14 to -8 d)",0.02878933111149,0.0701758634874229,-0.108752833907858,0.166331496130838,1.02920774958205,0.896952086244604,1.18096452201224,0.681625878235899,0.954276229530258,2946,"completed"
"post_stage4a_staged_refit_v1_s2_detectability","atx_40f730f5ad72","Long-tailed Duck","conditional_positive_numeric_count","did_immediate_pre","Immediate pre (-7 to -1 d)",-0.0412760755873558,0.0725377797649358,-0.183447511445128,0.100895360270417,0.95956418113162,0.832395565831602,1.10616088733115,0.569336690719277,0.911946037467099,2946,"completed"
"post_stage4a_staged_refit_v1_s2_detectability","atx_40f730f5ad72","Long-tailed Duck","conditional_positive_numeric_count","did_pre_14_day","Pre-onset (-14 to -1 d)",-0.00624337223793292,0.0595808065803298,-0.123019607305226,0.110532862829361,0.993776077112955,0.884246324703263,1.11687305205756,0.916543783476693,1,2946,"completed"
"post_stage4a_staged_refit_v1_s2_detectability","atx_40f730f5ad72","Long-tailed Duck","conditional_positive_numeric_count","did_spawn_start","Spawn start (0 to 3 d)",0.145324814557691,0.0712526709328075,0.00567214572710384,0.284977483388277,1.15641512974,1.00568826280407,1.32973208672329,0.0413931662957714,0.1267665717808,2946,"completed"
"post_stage4a_staged_refit_v1_s2_detectability","atx_40f730f5ad72","Long-tailed Duck","conditional_positive_numeric_count","did_early_egg","Early egg (4 to 14 d)",0.465449938284872,0.0644226711502399,0.339183823042534,0.591716053527209,1.59273065819214,1.40380137253573,1.80708681382957,5.01322866558413e-13,4.91296409227245e-12,2946,"completed"
"post_stage4a_staged_refit_v1_s2_detectability","atx_40f730f5ad72","Long-tailed Duck","conditional_positive_numeric_count","did_late_egg","Late egg (15 to 28 d)",0.28836741509587,0.0692557653164156,0.152628609353937,0.424106220837803,1.33424743672669,1.16489226850321,1.52822391438753,3.12989168199484e-05,0.000219092417739639,2946,"completed"
"post_stage4a_staged_refit_v1_s2_detectability","atx_40f730f5ad72","Long-tailed Duck","conditional_positive_numeric_count","did_active_0_14_day","Active composite (0 to 14 d)",0.38008323862429,0.0582414678610555,0.265932059209874,0.494234418038706,1.46240631305775,1.30464641696736,1.63924278383594,6.75538135698301e-11,5.51689477486946e-10,2946,"completed"
"post_stage4a_staged_refit_v1_s2_detectability","atx_4ae57d328ec6","Greater Scaup","checklist_reporting","did_early_pre","Early pre (-14 to -8 d)",-0.0108473623696994,0.0653985030655318,-0.139026073020974,0.117331348281575,0.989211258114817,0.870205339280402,1.12449196644815,0.868262714625628,0.999933431101863,216227,"completed"
"post_stage4a_staged_refit_v1_s2_detectability","atx_4ae57d328ec6","Greater Scaup","checklist_reporting","did_immediate_pre","Immediate pre (-7 to -1 d)",-0.0224110790738171,0.0632459359806092,-0.146370835764337,0.101548677616703,0.977838183604545,0.863837302014053,1.1068837975458,0.723078002916072,0.995910234697689,216227,"completed"
"post_stage4a_staged_refit_v1_s2_detectability","atx_4ae57d328ec6","Greater Scaup","checklist_reporting","did_pre_14_day","Pre-onset (-14 to -1 d)",-0.0166292207217582,0.0541300679087913,-0.122722204303696,0.08946376286018,0.983508281529016,0.884509341323349,1.09358770410379,0.758684623308393,0.929388663552781,216227,"completed"
"post_stage4a_staged_refit_v1_s2_detectability","atx_4ae57d328ec6","Greater Scaup","checklist_reporting","did_spawn_start","Spawn start (0 to 3 d)",0.0814056377909949,0.0634682417999499,-0.0429898302989865,0.205801105880976,1.08481084760621,0.957921131789,1.22850883651174,0.199625231523023,0.333302977459066,216227,"completed"
"post_stage4a_staged_refit_v1_s2_detectability","atx_4ae57d328ec6","Greater Scaup","checklist_reporting","did_early_egg","Early egg (4 to 14 d)",0.0818857053021488,0.0543805638749559,-0.0246982413517447,0.188469651956042,1.08533175507527,0.975604264638506,1.20740044018897,0.132121110003551,0.24628194863528,216227,"completed"
"post_stage4a_staged_refit_v1_s2_detectability","atx_4ae57d328ec6","Greater Scaup","checklist_reporting","did_late_egg","Late egg (15 to 28 d)",0.0505546984490917,0.0554515427196254,-0.0581283281685583,0.159237725066742,1.05185439658566,0.943528858337021,1.17261667392625,0.361931156006363,0.506703618408908,216227,"completed"
"post_stage4a_staged_refit_v1_s2_detectability","atx_4ae57d328ec6","Greater Scaup","checklist_reporting","did_active_0_14_day","Active composite (0 to 14 d)",0.0817576872991744,0.0500858625441779,-0.0164087994220379,0.179924174020387,1.08519282196458,0.983725091596617,1.1971265863841,0.102605651445817,0.193372189263271,216227,"completed"
"post_stage4a_staged_refit_v1_s2_detectability","atx_4ae57d328ec6","Greater Scaup","conditional_positive_numeric_count","did_early_pre","Early pre (-14 to -8 d)",-0.0539107875443186,0.0747741114895419,-0.200465353039803,0.0926437779511661,0.947516633016964,0.818349842868992,1.0970708648227,0.470920596926785,0.953045765528852,4514,"completed"
"post_stage4a_staged_refit_v1_s2_detectability","atx_4ae57d328ec6","Greater Scaup","conditional_positive_numeric_count","did_immediate_pre","Immediate pre (-7 to -1 d)",-0.0327746081576988,0.072281103946489,-0.174442968655613,0.108893752340216,0.967756659465518,0.839924754901233,1.11504387324551,0.65023727366962,0.911946037467099,4514,"completed"
"post_stage4a_staged_refit_v1_s2_detectability","atx_4ae57d328ec6","Greater Scaup","conditional_positive_numeric_count","did_pre_14_day","Pre-onset (-14 to -1 d)",-0.0433426978510087,0.0622866407205764,-0.165422270381324,0.078736874679307,0.9575831721352,0.847535739274456,1.0819196041709,0.486517353826641,0.762487637957128,4514,"completed"
"post_stage4a_staged_refit_v1_s2_detectability","atx_4ae57d328ec6","Greater Scaup","conditional_positive_numeric_count","did_spawn_start","Spawn start (0 to 3 d)",-0.00186698576475655,0.0711247966059423,-0.14126902552014,0.137535053990627,0.998134755969067,0.868255697334374,1.14744192768568,0.979058385579866,1,4514,"completed"
"post_stage4a_staged_refit_v1_s2_detectability","atx_4ae57d328ec6","Greater Scaup","conditional_positive_numeric_count","did_early_egg","Early egg (4 to 14 d)",0.18706687286419,0.0654848818819141,0.0587188628437784,0.315414882884601,1.20570791149545,1.06047705932249,1.37082792603875,0.00428148259619668,0.0123407439537434,4514,"completed"
"post_stage4a_staged_refit_v1_s2_detectability","atx_4ae57d328ec6","Greater Scaup","conditional_positive_numeric_count","did_late_egg","Late egg (15 to 28 d)",0.305169228436861,0.0686846357768451,0.170549816022994,0.439788640850729,1.35685460196168,1.18595673011003,1.55237907431393,8.86927997665195e-06,8.69189437711891e-05,4514,"completed"
"post_stage4a_staged_refit_v1_s2_detectability","atx_4ae57d328ec6","Greater Scaup","conditional_positive_numeric_count","did_active_0_14_day","Active composite (0 to 14 d)",0.136684510563137,0.0599273768235906,0.0192290103009394,0.254140010825335,1.1464663934216,1.01941507844137,1.28935231491255,0.0225581610265837,0.0552674945151301,4514,"completed"
"post_stage4a_staged_refit_v1_s2_detectability","atx_59441ff7abde","Brant","checklist_reporting","did_early_pre","Early pre (-14 to -8 d)",0.00702441933174333,0.07855796639189,-0.146946365495069,0.160995204158556,1.00704914843383,0.863340281003132,1.17467933522452,0.928750496841082,0.999933431101863,217200,"completed"
"post_stage4a_staged_refit_v1_s2_detectability","atx_59441ff7abde","Brant","checklist_reporting","did_immediate_pre","Immediate pre (-7 to -1 d)",-0.121902778230851,0.0749865248971222,-0.268873666355027,0.0250681098933243,0.885234428376351,0.764239798749159,1.02538495700616,0.104021480959887,0.364075183359604,217200,"completed"
"post_stage4a_staged_refit_v1_s2_detectability","atx_59441ff7abde","Brant","checklist_reporting","did_pre_14_day","Pre-onset (-14 to -1 d)",-0.0574391794495539,0.0641740137793004,-0.18321793520036,0.068339576301252,0.944179314145738,0.832586686017255,1.07072884089122,0.370758457775176,0.836123145327577,217200,"completed"
"post_stage4a_staged_refit_v1_s2_detectability","atx_59441ff7abde","Brant","checklist_reporting","did_spawn_start","Spawn start (0 to 3 d)",0.0858778677973932,0.0764761909192925,-0.0640127120792291,0.235768447674016,1.08967323598543,0.937993075612647,1.26588115850154,0.261464677388492,0.376816740942238,217200,"completed"
"post_stage4a_staged_refit_v1_s2_detectability","atx_59441ff7abde","Brant","checklist_reporting","did_early_egg","Early egg (4 to 14 d)",0.0968187775899063,0.0648931423420882,-0.0303694442442177,0.22400699942403,1.10166070992083,0.970087074251251,1.25107977623557,0.135706379860256,0.24628194863528,217200,"completed"
"post_stage4a_staged_refit_v1_s2_detectability","atx_59441ff7abde","Brant","checklist_reporting","did_late_egg","Late egg (15 to 28 d)",0.0744171712226978,0.0626846078149838,-0.0484424024796884,0.197276744925084,1.07725611202024,0.952712211586524,1.21808109182567,0.235161292854381,0.41718497440214,217200,"completed"
"post_stage4a_staged_refit_v1_s2_detectability","atx_59441ff7abde","Brant","checklist_reporting","did_active_0_14_day","Active composite (0 to 14 d)",0.0939012016452361,0.0599242741401535,-0.0235482174691696,0.211350620759642,1.09845121538307,0.976726878235279,1.23534541688521,0.117115221837437,0.212542439630904,217200,"completed"
"post_stage4a_staged_refit_v1_s2_detectability","atx_59441ff7abde","Brant","conditional_positive_numeric_count","did_early_pre","Early pre (-14 to -8 d)",-0.0221728725102823,0.0732062360589817,-0.165654458629624,0.121308713609059,0.978071138822583,0.847338974279927,1.12897338802414,0.761979567400078,0.977395393873099,3796,"completed"
"post_stage4a_staged_refit_v1_s2_detectability","atx_59441ff7abde","Brant","conditional_positive_numeric_count","did_immediate_pre","Immediate pre (-7 to -1 d)",-0.0677778913027633,0.0685252223307454,-0.202084859103624,0.0665290764980975,0.934468004000182,0.81702559294097,1.0687920403531,0.322617116904537,0.82767075383902,3796,"completed"
"post_stage4a_staged_refit_v1_s2_detectability","atx_59441ff7abde","Brant","conditional_positive_numeric_count","did_pre_14_day","Pre-onset (-14 to -1 d)",-0.0449753819065228,0.0596341591164616,-0.161856186023118,0.0719054222100728,0.956021016958165,0.850563518666992,1.07455371034266,0.450736194044117,0.762487637957128,3796,"completed"
"post_stage4a_staged_refit_v1_s2_detectability","atx_59441ff7abde","Brant","conditional_positive_numeric_count","did_spawn_start","Spawn start (0 to 3 d)",-0.0554815399475863,0.0688905093261073,-0.190504457103377,0.0795413772082048,0.946029487263164,0.826542073737378,1.08279036144477,0.420612977493893,0.625894182045782,3796,"completed"
"post_stage4a_staged_refit_v1_s2_detectability","atx_59441ff7abde","Brant","conditional_positive_numeric_count","did_early_egg","Early egg (4 to 14 d)",0.0521266005708878,0.0579202328907009,-0.0613949698710581,0.165648171012834,1.05350910892568,0.940451716317423,1.18015781494387,0.368135034636129,0.530547549916775,3796,"completed"
"post_stage4a_staged_refit_v1_s2_detectability","atx_59441ff7abde","Brant","conditional_positive_numeric_count","did_late_egg","Late egg (15 to 28 d)",0.0520692828081471,0.0562888633540726,-0.0582548620965316,0.162393427712826,1.05344872587106,0.943409477477443,1.17632294834126,0.354946647543187,0.579746190987205,3796,"completed"
"post_stage4a_staged_refit_v1_s2_detectability","atx_59441ff7abde","Brant","conditional_positive_numeric_count","did_active_0_14_day","Active composite (0 to 14 d)",0.0234310964326281,0.0537775468783636,-0.0819709586258791,0.128833151491135,1.02370776119975,0.921298714088473,1.13750031809983,0.663051447242527,0.787541367456163,3796,"completed"
"post_stage4a_staged_refit_v1_s2_detectability","atx_5a9a3495d0ea","Western Gull","checklist_reporting","did_early_pre","Early pre (-14 to -8 d)",0.00780059336878185,0.18703499580599,-0.358781262259558,0.374382448997122,1.0078310972618,0.698527128887668,1.45409316059831,0.966732594152561,0.999933431101863,216824,"completed"
"post_stage4a_staged_refit_v1_s2_detectability","atx_5a9a3495d0ea","Western Gull","checklist_reporting","did_immediate_pre","Immediate pre (-7 to -1 d)",-0.0195571803780744,0.178316077776209,-0.369050270683886,0.329935909927737,0.980632820630063,0.691390652895719,1.39087898407258,0.912665506488429,0.995910234697689,216824,"completed"
"post_stage4a_staged_refit_v1_s2_detectability","atx_5a9a3495d0ea","Western Gull","checklist_reporting","did_pre_14_day","Pre-onset (-14 to -1 d)",-0.00587829350464628,0.150160138313284,-0.300186756512237,0.288430169502944,0.994138949858889,0.740679880972945,1.33433116926074,0.968773324105112,0.997618422710479,216824,"completed"
"post_stage4a_staged_refit_v1_s2_detectability","atx_5a9a3495d0ea","Western Gull","checklist_reporting","did_spawn_start","Spawn start (0 to 3 d)",0.0050442041504738,0.168694818782854,-0.325591565042432,0.335679973343379,1.00505694756602,0.722100058116466,1.39889127067179,0.97614572289604,0.97614572289604,216824,"completed"
"post_stage4a_staged_refit_v1_s2_detectability","atx_5a9a3495d0ea","Western Gull","checklist_reporting","did_early_egg","Early egg (4 to 14 d)",0.297362473232058,0.143216459907167,0.0166633698206868,0.578061576643429,1.34630320989134,1.01680297813792,1.7825796854795,0.0378648338032551,0.123236801407387,216824,"completed"
"post_stage4a_staged_refit_v1_s2_detectability","atx_5a9a3495d0ea","Western Gull","checklist_reporting","did_late_egg","Late egg (15 to 28 d)",0.182088335639171,0.145712240973529,-0.103502408775566,0.467679080053909,1.19972016724699,0.901673850809299,1.59628504076864,0.211429853214573,0.41718497440214,216824,"completed"
"post_stage4a_staged_refit_v1_s2_detectability","atx_5a9a3495d0ea","Western Gull","checklist_reporting","did_active_0_14_day","Active composite (0 to 14 d)",0.219410934810302,0.131166194298165,-0.0376700820032833,0.476491951623888,1.2453429263122,0.963030609615505,1.61041506742451,0.0943724928025872,0.184970085893071,216824,"completed"
"post_stage4a_staged_refit_v1_s2_detectability","atx_5a9a3495d0ea","Western Gull","conditional_positive_numeric_count","did_early_pre","Early pre (-14 to -8 d)",-0.0304040386309354,0.0572704590303706,-0.142652075708538,0.0818439984466676,0.970053515264334,0.867055686157724,1.08528649024454,0.595498339916329,0.954276229530258,712,"completed_with_singular_warning"
"post_stage4a_staged_refit_v1_s2_detectability","atx_5a9a3495d0ea","Western Gull","conditional_positive_numeric_count","did_immediate_pre","Immediate pre (-7 to -1 d)",0.0455008758159849,0.0520084851688019,-0.0564338820053524,0.147435633637322,1.04655192120045,0.945128972461677,1.15885869091032,0.381642421699445,0.82767075383902,712,"completed_with_singular_warning"
"post_stage4a_staged_refit_v1_s2_detectability","atx_5a9a3495d0ea","Western Gull","conditional_positive_numeric_count","did_pre_14_day","Pre-onset (-14 to -1 d)",0.00754841859252475,0.0455134364408478,-0.0816562776441897,0.0967531148292392,1.00757697972271,0.921588674892434,1.10158837421221,0.868274734529984,1,712,"completed_with_singular_warning"
"post_stage4a_staged_refit_v1_s2_detectability","atx_5a9a3495d0ea","Western Gull","conditional_positive_numeric_count","did_spawn_start","Spawn start (0 to 3 d)",0.124093406202508,0.0482589804865813,0.029507542518187,0.218679269886828,1.13212161324128,1.02994720383811,1.24443208583097,0.0101286663800977,0.0381772809711376,712,"completed_with_singular_warning"
"post_stage4a_staged_refit_v1_s2_detectability","atx_5a9a3495d0ea","Western Gull","conditional_positive_numeric_count","did_early_egg","Early egg (4 to 14 d)",0.0796581878106852,0.0425062589234672,-0.00365254879684475,0.162968924418215,1.08291685022672,0.996354113645412,1.17700011315687,0.0609256956525833,0.110568855073207,712,"completed_with_singular_warning"
"post_stage4a_staged_refit_v1_s2_detectability","atx_5a9a3495d0ea","Western Gull","conditional_positive_numeric_count","did_late_egg","Late egg (15 to 28 d)",0.000922884418481657,0.0431126458822541,-0.0835763487889654,0.0854221176259287,1.00092331040734,0.919820856781807,1.08917673037115,0.982921507580748,1,712,"completed_with_singular_warning"
"post_stage4a_staged_refit_v1_s2_detectability","atx_5a9a3495d0ea","Western Gull","conditional_positive_numeric_count","did_active_0_14_day","Active composite (0 to 14 d)",0.0915075793818379,0.0383554392382083,0.0163322998637353,0.166682858899941,1.09582508233779,1.0164664009381,1.1813795418839,0.0170430160621575,0.0439530414234588,712,"completed_with_singular_warning"
"post_stage4a_staged_refit_v1_s2_detectability","atx_6b4cfd1ab927","Horned Grebe","checklist_reporting","did_early_pre","Early pre (-14 to -8 d)",0.0189807812142491,0.049974650485738,-0.0789677338777744,0.116929296306273,1.01916206137188,0.924069740111246,1.12403995310434,0.704087807332103,0.999933431101863,217142,"completed"
"post_stage4a_staged_refit_v1_s2_detectability","atx_6b4cfd1ab927","Horned Grebe","checklist_reporting","did_immediate_pre","Immediate pre (-7 to -1 d)",0.131155180499561,0.0494090302546326,0.0343152606894316,0.227995100309691,1.14014469580826,1.03491082200323,1.25607917101833,0.00794312347285842,0.105898948365478,217142,"completed"
"post_stage4a_staged_refit_v1_s2_detectability","atx_6b4cfd1ab927","Horned Grebe","checklist_reporting","did_pre_14_day","Pre-onset (-14 to -1 d)",0.0750679808569052,0.0406380371437724,-0.00458110834728959,0.1547170700611,1.07795742886357,0.995429368924277,1.16732764244026,0.064713173276553,0.396368186318887,217142,"completed"
"post_stage4a_staged_refit_v1_s2_detectability","atx_6b4cfd1ab927","Horned Grebe","checklist_reporting","did_spawn_start","Spawn start (0 to 3 d)",-0.0422162670996789,0.0537626833276144,-0.147589190134035,0.0631566559346773,0.958662431008323,0.862785482936729,1.0651936950754,0.432316599953451,0.572527389127544,217142,"completed"
"post_stage4a_staged_refit_v1_s2_detectability","atx_6b4cfd1ab927","Horned Grebe","checklist_reporting","did_early_egg","Early egg (4 to 14 d)",0.0126758247171815,0.0427616171857759,-0.0711354048876282,0.0964870543219912,1.01275650351301,0.93133577617331,1.10129532403685,0.766901743744984,0.841563713210244,217142,"completed"
"post_stage4a_staged_refit_v1_s2_detectability","atx_6b4cfd1ab927","Horned Grebe","checklist_reporting","did_late_egg","Late egg (15 to 28 d)",0.0193049940168834,0.0419770721002521,-0.0629685554760518,0.101578543509819,1.01949254033,0.938972998783877,1.10691685611265,0.64559247090997,0.790850776864713,217142,"completed"
"post_stage4a_staged_refit_v1_s2_detectability","atx_6b4cfd1ab927","Horned Grebe","checklist_reporting","did_active_0_14_day","Active composite (0 to 14 d)",-0.00196206643398128,0.0388996721339767,-0.078204022826992,0.0742798899590294,0.998039857160086,0.924775731936027,1.07710823509048,0.959772438143881,0.979767697271878,217142,"completed"
"post_stage4a_staged_refit_v1_s2_detectability","atx_6b4cfd1ab927","Horned Grebe","conditional_positive_numeric_count","did_early_pre","Early pre (-14 to -8 d)",-0.0369541602254302,0.0283175786638934,-0.0924555945360412,0.0185472740851808,0.963720311058351,0.911689694069471,1.01872034310353,0.19189621391489,0.671636748702114,13054,"completed"
"post_stage4a_staged_refit_v1_s2_detectability","atx_6b4cfd1ab927","Horned Grebe","conditional_positive_numeric_count","did_immediate_pre","Immediate pre (-7 to -1 d)",-0.0436789004055047,0.0278670397521039,-0.0982972946753742,0.0109394938643649,0.957261284339368,0.906379401925115,1.01099954891822,0.117020366461872,0.637110884070194,13054,"completed"
"post_stage4a_staged_refit_v1_s2_detectability","atx_6b4cfd1ab927","Horned Grebe","conditional_positive_numeric_count","did_pre_14_day","Pre-onset (-14 to -1 d)",-0.0403165303154674,0.0229125035790957,-0.08522421212614,0.00459115149520516,0.960485368294412,0.918306365894862,1.00460170697899,0.0784779544605606,0.427268863174163,13054,"completed"
"post_stage4a_staged_refit_v1_s2_detectability","atx_6b4cfd1ab927","Horned Grebe","conditional_positive_numeric_count","did_spawn_start","Spawn start (0 to 3 d)",-0.0349621552075384,0.0294517332867164,-0.0926864917317821,0.0227621813167053,0.965641960085637,0.911479211776545,1.02302321658064,0.235188143235883,0.460968760742331,13054,"completed"
"post_stage4a_staged_refit_v1_s2_detectability","atx_6b4cfd1ab927","Horned Grebe","conditional_positive_numeric_count","did_early_egg","Early egg (4 to 14 d)",-0.0102393748953355,0.0241478053141685,-0.0575682036167907,0.0370894538261198,0.989812869036671,0.944057500054658,1.03778585060114,0.671544508205915,0.822642022552245,13054,"completed"
"post_stage4a_staged_refit_v1_s2_detectability","atx_6b4cfd1ab927","Horned Grebe","conditional_positive_numeric_count","did_late_egg","Late egg (15 to 28 d)",-0.0591933331477046,0.0238676797728214,-0.10597312589697,-0.0124135403984397,0.942524530307029,0.899448819631377,0.98766318976833,0.013135942356483,0.0489410163881907,13054,"completed"
"post_stage4a_staged_refit_v1_s2_detectability","atx_6b4cfd1ab927","Horned Grebe","conditional_positive_numeric_count","did_active_0_14_day","Active composite (0 to 14 d)",-0.0168321163119229,0.0217509154742051,-0.0594631272721398,0.025798894648294,0.983308752278291,0.942270277026179,1.02613456656898,0.439014867913615,0.597548014660198,13054,"completed"
"post_stage4a_staged_refit_v1_s2_detectability","atx_6cbe5bbd310c","Rhinoceros Auklet","checklist_reporting","did_early_pre","Early pre (-14 to -8 d)",-0.00271563803735612,0.178628214066563,-0.352820504230531,0.347389228155819,0.997288045972052,0.702703314329928,1.41536751906052,0.987870436862616,0.999933431101863,217200,"completed"
"post_stage4a_staged_refit_v1_s2_detectability","atx_6cbe5bbd310c","Rhinoceros Auklet","checklist_reporting","did_immediate_pre","Immediate pre (-7 to -1 d)",-0.100827072910675,0.185953855003616,-0.465289931504145,0.263635785682796,0.904089360910472,0.627953015431841,1.30165402892348,0.587670020028686,0.909513868860701,217200,"completed"
"post_stage4a_staged_refit_v1_s2_detectability","atx_6cbe5bbd310c","Rhinoceros Auklet","checklist_reporting","did_pre_14_day","Pre-onset (-14 to -1 d)",-0.0517713554740153,0.147386138669732,-0.340642879087116,0.237100168139085,0.949545950508203,0.711312887560793,1.2675680813522,0.725390753797694,0.925494176465406,217200,"completed"
"post_stage4a_staged_refit_v1_s2_detectability","atx_6cbe5bbd310c","Rhinoceros Auklet","checklist_reporting","did_spawn_start","Spawn start (0 to 3 d)",-0.379383766622292,0.167037919890391,-0.706772073659945,-0.0519954595846388,0.684282957311103,0.493233752819491,0.949333177200045,0.0231322498275985,0.0871907878117176,217200,"completed"
"post_stage4a_staged_refit_v1_s2_detectability","atx_6cbe5bbd310c","Rhinoceros Auklet","checklist_reporting","did_early_egg","Early egg (4 to 14 d)",-0.265905937495081,0.146704257187816,-0.553440997961901,0.0216291229717394,0.766511224075959,0.574967939022024,1.0218647280295,0.0699042689255222,0.155695871697754,217200,"completed"
"post_stage4a_staged_refit_v1_s2_detectability","atx_6cbe5bbd310c","Rhinoceros Auklet","checklist_reporting","did_late_egg","Late egg (15 to 28 d)",-0.0172232404237818,0.139124042526041,-0.289901353158441,0.255454872310877,0.982924231718406,0.748337385057032,1.29104874965666,0.901475430491786,0.920256168627032,217200,"completed"
"post_stage4a_staged_refit_v1_s2_detectability","atx_6cbe5bbd310c","Rhinoceros Auklet","checklist_reporting","did_active_0_14_day","Active composite (0 to 14 d)",-0.296166691929004,0.131947282935878,-0.554778614341241,-0.0375547695167659,0.743663454991973,0.574199366631297,0.963141665472632,0.0247948840636332,0.0714676070069428,217200,"completed"
"post_stage4a_staged_refit_v1_s2_detectability","atx_6cbe5bbd310c","Rhinoceros Auklet","conditional_positive_numeric_count","did_early_pre","Early pre (-14 to -8 d)",,,,,,,,,,1816,"failed_insufficient_support"
"post_stage4a_staged_refit_v1_s2_detectability","atx_6cbe5bbd310c","Rhinoceros Auklet","conditional_positive_numeric_count","did_immediate_pre","Immediate pre (-7 to -1 d)",,,,,,,,,,1816,"failed_insufficient_support"
"post_stage4a_staged_refit_v1_s2_detectability","atx_6cbe5bbd310c","Rhinoceros Auklet","conditional_positive_numeric_count","did_pre_14_day","Pre-onset (-14 to -1 d)",,,,,,,,,,1816,"failed_insufficient_support"
"post_stage4a_staged_refit_v1_s2_detectability","atx_6cbe5bbd310c","Rhinoceros Auklet","conditional_positive_numeric_count","did_spawn_start","Spawn start (0 to 3 d)",,,,,,,,,,1816,"failed_insufficient_support"
"post_stage4a_staged_refit_v1_s2_detectability","atx_6cbe5bbd310c","Rhinoceros Auklet","conditional_positive_numeric_count","did_early_egg","Early egg (4 to 14 d)",,,,,,,,,,1816,"failed_insufficient_support"
"post_stage4a_staged_refit_v1_s2_detectability","atx_6cbe5bbd310c","Rhinoceros Auklet","conditional_positive_numeric_count","did_late_egg","Late egg (15 to 28 d)",,,,,,,,,,1816,"failed_insufficient_support"
"post_stage4a_staged_refit_v1_s2_detectability","atx_6cbe5bbd310c","Rhinoceros Auklet","conditional_positive_numeric_count","did_active_0_14_day","Active composite (0 to 14 d)",,,,,,,,,,1816,"failed_insufficient_support"
"post_stage4a_staged_refit_v1_s2_detectability","atx_725074cbfcb6","Glaucous-winged Gull","checklist_reporting","did_early_pre","Early pre (-14 to -8 d)",-0.00509229382011145,0.0367030068155041,-0.0770288653028277,0.0668442776626048,0.994920649927621,0.925863127901211,1.06912897794761,0.889653053605475,0.999933431101863,217037,"completed"
"post_stage4a_staged_refit_v1_s2_detectability","atx_725074cbfcb6","Glaucous-winged Gull","checklist_reporting","did_immediate_pre","Immediate pre (-7 to -1 d)",0.00491683680232325,0.0359925227587626,-0.0656272115175897,0.0754608851222362,1.00492894427976,0.936479908151579,1.07838104615029,0.89134130600675,0.995910234697689,217037,"completed"
"post_stage4a_staged_refit_v1_s2_detectability","atx_725074cbfcb6","Glaucous-winged Gull","checklist_reporting","did_pre_14_day","Pre-onset (-14 to -1 d)",-8.77285088941009e-05,0.0293910758880708,-0.0576931787163964,0.0575177216986082,0.999912275339139,0.943939523746759,1.05920404138319,0.997618422710479,0.997618422710479,217037,"completed"
"post_stage4a_staged_refit_v1_s2_detectability","atx_725074cbfcb6","Glaucous-winged Gull","checklist_reporting","did_spawn_start","Spawn start (0 to 3 d)",0.169950340443061,0.0420756428185312,0.0874835958923682,0.252417084993753,1.18524599106811,1.09142436045342,1.28713276910863,5.364249215096e-05,0.00037549744505672,217037,"completed"
"post_stage4a_staged_refit_v1_s2_detectability","atx_725074cbfcb6","Glaucous-winged Gull","checklist_reporting","did_early_egg","Early egg (4 to 14 d)",0.114422934617147,0.030940720106361,0.053780237552945,0.175065631681349,1.12122623000567,1.05525267176181,1.19132440267017,0.000217190076130336,0.00177371895506441,217037,"completed"
"post_stage4a_staged_refit_v1_s2_detectability","atx_725074cbfcb6","Glaucous-winged Gull","checklist_reporting","did_late_egg","Late egg (15 to 28 d)",0.037387473482894,0.0293129508512057,-0.0200648544660619,0.0948398014318499,1.03809517727456,0.980135105106526,1.0994827054619,0.202146748685392,0.41718497440214,217037,"completed"
"post_stage4a_staged_refit_v1_s2_detectability","atx_725074cbfcb6","Glaucous-winged Gull","checklist_reporting","did_active_0_14_day","Active composite (0 to 14 d)",0.129230242837391,0.0282949367739916,0.0737731858155292,0.184687299859252,1.13795209932579,1.07656259813469,1.20284225237216,4.94148445482274e-06,4.84265476572629e-05,217037,"completed"
"post_stage4a_staged_refit_v1_s2_detectability","atx_725074cbfcb6","Glaucous-winged Gull","conditional_positive_numeric_count","did_early_pre","Early pre (-14 to -8 d)",0.046158467473185,0.0190706616157142,0.00878065754503472,0.0835362774013353,1.04724035134081,1.00881932059799,1.08712465263486,0.0155038047896879,0.588291386496593,85053,"completed"
"post_stage4a_staged_refit_v1_s2_detectability","atx_725074cbfcb6","Glaucous-winged Gull","conditional_positive_numeric_count","did_immediate_pre","Immediate pre (-7 to -1 d)",0.0137171655541668,0.0188331719928265,-0.0231951732664215,0.0506295043747551,1.01381167752058,0.977071766874193,1.05193308447059,0.466398558538786,0.878981898784635,85053,"completed"
"post_stage4a_staged_refit_v1_s2_detectability","atx_725074cbfcb6","Glaucous-winged Gull","conditional_positive_numeric_count","did_pre_14_day","Pre-onset (-14 to -1 d)",0.0299378165136759,0.0151919524168343,0.000162136921834474,0.0597134961055173,1.03039045869033,1.00016215006674,1.06153236981546,0.0487654642268901,0.427268863174163,85053,"completed"
"post_stage4a_staged_refit_v1_s2_detectability","atx_725074cbfcb6","Glaucous-winged Gull","conditional_positive_numeric_count","did_spawn_start","Spawn start (0 to 3 d)",0.258544403589433,0.0214570545122366,0.216489349531137,0.30059945764773,1.29504365316286,1.2417098604912,1.35066823334555,1.95392135561885e-33,4.78710732126617e-32,85053,"completed"
"post_stage4a_staged_refit_v1_s2_detectability","atx_725074cbfcb6","Glaucous-winged Gull","conditional_positive_numeric_count","did_early_egg","Early egg (4 to 14 d)",0.200915604445104,0.0162633127436349,0.169040097198269,0.23279111169194,1.2225215920813,1.18416761977587,1.26211781013558,4.63966204813388e-35,2.2734344035856e-33,85053,"completed"
"post_stage4a_staged_refit_v1_s2_detectability","atx_725074cbfcb6","Glaucous-winged Gull","conditional_positive_numeric_count","did_late_egg","Late egg (15 to 28 d)",0.0898334169886707,0.0155825665760441,0.0592921477129267,0.120374686264415,1.09399202803888,1.06108518907381,1.12791938831725,8.16603059340054e-09,1.00033874769157e-07,85053,"completed"
"post_stage4a_staged_refit_v1_s2_detectability","atx_725074cbfcb6","Glaucous-winged Gull","conditional_positive_numeric_count","did_active_0_14_day","Active composite (0 to 14 d)",0.216283284216925,0.0147329503220154,0.187407232199757,0.245159336234093,1.24145401352013,1.20611835528432,1.27782490079254,8.62812702774221e-49,4.22778224359368e-47,85053,"completed"
"post_stage4a_staged_refit_v1_s2_detectability","atx_7571c026ae99","American Herring Gull","checklist_reporting","did_early_pre","Early pre (-14 to -8 d)",0.0139364901499989,0.0929986735698317,-0.168337560656868,0.196210540956866,1.01403405574262,0.845068524646368,1.21678306103771,0.880877540000136,0.999933431101863,217179,"completed"
"post_stage4a_staged_refit_v1_s2_detectability","atx_7571c026ae99","American Herring Gull","checklist_reporting","did_immediate_pre","Immediate pre (-7 to -1 d)",-0.00545773236221075,0.0873881211230083,-0.176735302439931,0.165819837715509,0.994557134001218,0.838001572139858,1.1803604261349,0.950201341861339,0.995910234697689,217179,"completed"
"post_stage4a_staged_refit_v1_s2_detectability","atx_7571c026ae99","American Herring Gull","checklist_reporting","did_pre_14_day","Pre-onset (-14 to -1 d)",0.00423937889389406,0.0769222962245986,-0.146525551314441,0.155004309102229,1.00424837777266,0.863703663288933,1.16766299267349,0.956048849701813,0.997618422710479,217179,"completed"
"post_stage4a_staged_refit_v1_s2_detectability","atx_7571c026ae99","American Herring Gull","checklist_reporting","did_spawn_start","Spawn start (0 to 3 d)",0.387979513740738,0.0849888085138582,0.221404509964605,0.554554517516871,1.47399958724113,1.24782808738329,1.74116515340119,4.99337396689792e-06,4.1271442908994e-05,217179,"completed"
"post_stage4a_staged_refit_v1_s2_detectability","atx_7571c026ae99","American Herring Gull","checklist_reporting","did_early_egg","Early egg (4 to 14 d)",0.332680093442503,0.0763277553136439,0.183080442006975,0.482279744878031,1.39470105308257,1.20091100788711,1.61976284228754,1.30913255806619e-05,0.000213824984484145,217179,"completed"
"post_stage4a_staged_refit_v1_s2_detectability","atx_7571c026ae99","American Herring Gull","checklist_reporting","did_late_egg","Late egg (15 to 28 d)",0.214353902018795,0.080178492658176,0.0572069440740606,0.371500859963529,1.23906108342732,1.05887491561241,1.44990909296982,0.00750734825610839,0.0613100107582185,217179,"completed"
"post_stage4a_staged_refit_v1_s2_detectability","atx_7571c026ae99","American Herring Gull","checklist_reporting","did_active_0_14_day","Active composite (0 to 14 d)",0.347426605522032,0.0715355664009915,0.207219471762416,0.487633739281649,1.4154204227593,1.2302525478485,1.62845830042599,1.19359733328163e-06,1.46215673326999e-05,217179,"completed"
"post_stage4a_staged_refit_v1_s2_detectability","atx_7571c026ae99","American Herring Gull","conditional_positive_numeric_count","did_early_pre","Early pre (-14 to -8 d)",-0.0603447816339855,0.0655184311254498,-0.188758546963435,0.0680689836954642,0.941439886438933,0.827986402392143,1.07043914878011,0.357032047150376,0.795207741380384,1851,"completed"
"post_stage4a_staged_refit_v1_s2_detectability","atx_7571c026ae99","American Herring Gull","conditional_positive_numeric_count","did_immediate_pre","Immediate pre (-7 to -1 d)",-0.138772440908225,0.0587305284961311,-0.253882161553646,-0.0236627202628051,0.870426079291324,0.77578321374908,0.976615046681737,0.0181341652643726,0.296191365984753,1851,"completed"
"post_stage4a_staged_refit_v1_s2_detectability","atx_7571c026ae99","American Herring Gull","conditional_positive_numeric_count","did_pre_14_day","Pre-onset (-14 to -1 d)",-0.0995586112711054,0.0545943464373172,-0.20656156404775,0.00744434150553888,0.90523689122876,0.813376185185225,1.00747211950261,0.0682115658989413,0.427268863174163,1851,"completed"
"post_stage4a_staged_refit_v1_s2_detectability","atx_7571c026ae99","American Herring Gull","conditional_positive_numeric_count","did_spawn_start","Spawn start (0 to 3 d)",-0.0678941245003433,0.0537510112473816,-0.173244170677819,0.037455921677132,0.934359394108201,0.840932258775053,1.03816623544677,0.206545073570252,0.45153310209039,1851,"completed"
"post_stage4a_staged_refit_v1_s2_detectability","atx_7571c026ae99","American Herring Gull","conditional_positive_numeric_count","did_early_egg","Early egg (4 to 14 d)",-0.0234034645669436,0.0532676008483687,-0.127806043772601,0.0809991146387142,0.976868272518955,0.880024048737407,1.08436993650717,0.660403269502115,0.822642022552245,1851,"completed"
"post_stage4a_staged_refit_v1_s2_detectability","atx_7571c026ae99","American Herring Gull","conditional_positive_numeric_count","did_late_egg","Late egg (15 to 28 d)",-0.103711707962361,0.0562080124332629,-0.213877387974136,0.00645397204941381,0.901485150953623,0.807447381712716,1.00647484380477,0.0650170311819267,0.167675501469179,1851,"completed"
"post_stage4a_staged_refit_v1_s2_detectability","atx_7571c026ae99","American Herring Gull","conditional_positive_numeric_count","did_active_0_14_day","Active composite (0 to 14 d)",-0.0352676405491835,0.0498153066393842,-0.132903847441196,0.0623685663428285,0.965347015674444,0.875549274364626,1.06435455771215,0.478965160409891,0.63430521243472,1851,"completed"
"post_stage4a_staged_refit_v1_s2_detectability","atx_7b80ddaff058","Great Blue Heron","checklist_reporting","did_early_pre","Early pre (-14 to -8 d)",0.0262064853848987,0.0370425945017961,-0.046395665732543,0.0988086365023404,1.02655289476038,0.954664159559841,1.10385504178431,0.479275102678354,0.909036536307266,217200,"completed"
"post_stage4a_staged_refit_v1_s2_detectability","atx_7b80ddaff058","Great Blue Heron","checklist_reporting","did_immediate_pre","Immediate pre (-7 to -1 d)",0.0193442252161157,0.0362866792556015,-0.05177635924342,0.0904648096756514,1.01953253702952,0.949541199211114,1.09468298471454,0.593968240888621,0.909513868860701,217200,"completed"
"post_stage4a_staged_refit_v1_s2_detectability","atx_7b80ddaff058","Great Blue Heron","checklist_reporting","did_pre_14_day","Pre-onset (-14 to -1 d)",0.0227753553005072,0.0296871153097655,-0.0354103215115209,0.0809610321125353,1.0230366939607,0.965209288858989,1.08432864174699,0.442974618951684,0.836123145327577,217200,"completed"
"post_stage4a_staged_refit_v1_s2_detectability","atx_7b80ddaff058","Great Blue Heron","checklist_reporting","did_spawn_start","Spawn start (0 to 3 d)",0.104905524902797,0.0400108375805655,0.0264857242536065,0.183325325551987,1.11060568081952,1.0268395882555,1.20120512724299,0.0087433967365921,0.0476029377881126,217200,"completed"
"post_stage4a_staged_refit_v1_s2_detectability","atx_7b80ddaff058","Great Blue Heron","checklist_reporting","did_early_egg","Early egg (4 to 14 d)",0.00949847869637487,0.0307380175253155,-0.0507469286094045,0.0697438860021542,1.00954373241215,0.950519189309959,1.07223353206844,0.757310853730124,0.841563713210244,217200,"completed"
"post_stage4a_staged_refit_v1_s2_detectability","atx_7b80ddaff058","Great Blue Heron","checklist_reporting","did_late_egg","Late egg (15 to 28 d)",0.00555257907530432,0.0291372191582137,-0.0515553210844449,0.0626604792350536,1.0055680232142,0.949751107247647,1.06466530188235,0.848865205993382,0.920256168627032,217200,"completed"
"post_stage4a_staged_refit_v1_s2_detectability","atx_7b80ddaff058","Great Blue Heron","checklist_reporting","did_active_0_14_day","Active composite (0 to 14 d)",0.034940357684754,0.027997773883587,-0.0199342707743725,0.0898149861438806,1.0355579438844,0.980263103123951,1.09397186502742,0.212042360156313,0.324689863989354,217200,"completed"
"post_stage4a_staged_refit_v1_s2_detectability","atx_7b80ddaff058","Great Blue Heron","conditional_positive_numeric_count","did_early_pre","Early pre (-14 to -8 d)",0.002750673105248,0.0181691319719242,-0.0328601711900787,0.0383615174005747,1.00275445967759,0.967673858813517,1.03910682018029,0.879665984144343,0.979628027797109,50285,"completed"
"post_stage4a_staged_refit_v1_s2_detectability","atx_7b80ddaff058","Great Blue Heron","conditional_positive_numeric_count","did_immediate_pre","Immediate pre (-7 to -1 d)",0.0557664948745769,0.0179298549664631,0.0206246248922827,0.0909083648568711,1.05735075808715,1.02083878223929,1.09516864472475,0.00186923288313703,0.0915924112737146,50285,"completed"
"post_stage4a_staged_refit_v1_s2_detectability","atx_7b80ddaff058","Great Blue Heron","conditional_positive_numeric_count","did_pre_14_day","Pre-onset (-14 to -1 d)",0.0292585839899124,0.0146401801936772,0.000564358083128418,0.0579528098966965,1.02969082161364,1.00056451736311,1.05966498883009,0.0456611196859793,0.427268863174163,50285,"completed"
"post_stage4a_staged_refit_v1_s2_detectability","atx_7b80ddaff058","Great Blue Heron","conditional_positive_numeric_count","did_spawn_start","Spawn start (0 to 3 d)",0.0423370933390588,0.0194263427677907,0.00426216116285882,0.0804120255152587,1.0432460907926,1.00427125708993,1.08373350155195,0.0293045570356182,0.095728219649686,50285,"completed"
"post_stage4a_staged_refit_v1_s2_detectability","atx_7b80ddaff058","Great Blue Heron","conditional_positive_numeric_count","did_early_egg","Early egg (4 to 14 d)",0.0434036707801356,0.0150471211695819,0.0139118552167449,0.0728954863435263,1.04435938714138,1.01400907538903,1.07561811425786,0.00392015091926578,0.0120054621902515,50285,"completed"
"post_stage4a_staged_refit_v1_s2_detectability","atx_7b80ddaff058","Great Blue Heron","conditional_positive_numeric_count","did_late_egg","Late egg (15 to 28 d)",0.0412258768736861,0.0143515601968073,0.0130973357659853,0.0693544179813869,1.04208746242176,1.01318348155065,1.07181601270741,0.00407146467941002,0.0181365244810083,50285,"completed"
"post_stage4a_staged_refit_v1_s2_detectability","atx_7b80ddaff058","Great Blue Heron","conditional_positive_numeric_count","did_active_0_14_day","Active composite (0 to 14 d)",0.0431192501291818,0.0136719503126596,0.0163227199179478,0.0699157803404157,1.04406239200243,1.01645666329173,1.07241785878381,0.00161133109111425,0.00464442490968226,50285,"completed"
"post_stage4a_staged_refit_v1_s2_detectability","atx_7d980a7c8c37","Northern Pintail","checklist_reporting","did_early_pre","Early pre (-14 to -8 d)",-0.0257304188509369,0.0651130798167161,-0.153349710214182,0.101888872512309,0.974597787389372,0.857829677549912,1.10726041782227,0.692721022809167,0.999933431101863,217200,"completed"
"post_stage4a_staged_refit_v1_s2_detectability","atx_7d980a7c8c37","Northern Pintail","checklist_reporting","did_immediate_pre","Immediate pre (-7 to -1 d)",0.101299487675458,0.0619651847515427,-0.0201500427329364,0.222749018083852,1.10660800760079,0.980051612651959,1.24950693073455,0.102095029511456,0.364075183359604,217200,"completed"
"post_stage4a_staged_refit_v1_s2_detectability","atx_7d980a7c8c37","Northern Pintail","checklist_reporting","did_pre_14_day","Pre-onset (-14 to -1 d)",0.0377845344122604,0.0524609038495613,-0.0650369477292983,0.140606016553819,1.03850744615294,0.937032841502036,1.15097109508595,0.471376148147287,0.836123145327577,217200,"completed"
"post_stage4a_staged_refit_v1_s2_detectability","atx_7d980a7c8c37","Northern Pintail","checklist_reporting","did_spawn_start","Spawn start (0 to 3 d)",0.124033876549846,0.0672904633616773,-0.00785300814205404,0.255920761241745,1.13205422044082,0.992177746169111,1.29165037511278,0.0652909345985747,0.188191517372362,217200,"completed"
"post_stage4a_staged_refit_v1_s2_detectability","atx_7d980a7c8c37","Northern Pintail","checklist_reporting","did_early_egg","Early egg (4 to 14 d)",0.209115388200117,0.0533302779720471,0.104589964089395,0.313640812310839,1.23258721634535,1.11025527247799,1.36839813649982,8.81317106859406e-05,0.000863690764722218,217200,"completed"
"post_stage4a_staged_refit_v1_s2_detectability","atx_7d980a7c8c37","Northern Pintail","checklist_reporting","did_late_egg","Late egg (15 to 28 d)",0.180170239363875,0.0532726080614411,0.0757578462009325,0.284582632526818,1.19742119399365,1.0787013309027,1.3292071445071,0.000719489395033848,0.00705099607133171,217200,"completed"
"post_stage4a_staged_refit_v1_s2_detectability","atx_7d980a7c8c37","Northern Pintail","checklist_reporting","did_active_0_14_day","Active composite (0 to 14 d)",0.186426985093378,0.0491027781306554,0.0901873084164325,0.282666661770324,1.20493664053746,1.09437925095304,1.32666286065396,0.000146653521972722,0.00119622480118846,217200,"completed"
"post_stage4a_staged_refit_v1_s2_detectability","atx_7d980a7c8c37","Northern Pintail","conditional_positive_numeric_count","did_early_pre","Early pre (-14 to -8 d)",0.00212417545652411,0.0501956554929182,-0.0962575014899757,0.100505852403024,1.00212643311548,0.908230115347164,1.1057301128634,0.96624526438642,1,14278,"completed"
"post_stage4a_staged_refit_v1_s2_detectability","atx_7d980a7c8c37","Northern Pintail","conditional_positive_numeric_count","did_immediate_pre","Immediate pre (-7 to -1 d)",-0.0349777879237858,0.0501459559636813,-0.133262055582933,0.063306479735361,0.96562686459687,0.875235701651559,1.06535329839915,0.485477668010678,0.881052064167526,14278,"completed"
"post_stage4a_staged_refit_v1_s2_detectability","atx_7d980a7c8c37","Northern Pintail","conditional_positive_numeric_count","did_pre_14_day","Pre-onset (-14 to -1 d)",-0.0164268062336308,0.0414062845637486,-0.0975816327121948,0.0647280202449331,0.983707378003717,0.90702829535376,1.06686881820102,0.691572079478534,0.915865726876977,14278,"completed"
"post_stage4a_staged_refit_v1_s2_detectability","atx_7d980a7c8c37","Northern Pintail","conditional_positive_numeric_count","did_spawn_start","Spawn start (0 to 3 d)",0.0269704749763575,0.0517366381249252,-0.0744314724296777,0.128372422382393,1.02733747015261,0.928271084041429,1.13697635930288,0.60215557263762,0.711591345793149,14278,"completed"
"post_stage4a_staged_refit_v1_s2_detectability","atx_7d980a7c8c37","Northern Pintail","conditional_positive_numeric_count","did_early_egg","Early egg (4 to 14 d)",0.0470680111927626,0.0421092889498794,-0.0354646785635915,0.129600700949117,1.04819329553176,0.965156824353336,1.1383737410072,0.263670195511411,0.403744986876848,14278,"completed"
"post_stage4a_staged_refit_v1_s2_detectability","atx_7d980a7c8c37","Northern Pintail","conditional_positive_numeric_count","did_late_egg","Late egg (15 to 28 d)",-0.00826890505063334,0.0426869499071463,-0.0919337894785055,0.0753959793772388,0.991765188308434,0.912165542502002,1.07831105529653,0.84640266807735,0.987469779423575,14278,"completed"
"post_stage4a_staged_refit_v1_s2_detectability","atx_7d980a7c8c37","Northern Pintail","conditional_positive_numeric_count","did_active_0_14_day","Active composite (0 to 14 d)",0.0417086682017212,0.03856953536384,-0.0338862320118492,0.117303568415292,1.04259069467998,0.966681475788473,1.12446072864558,0.279524148119563,0.441828492188986,14278,"completed"
"post_stage4a_staged_refit_v1_s2_detectability","atx_815c98107028","Mallard","checklist_reporting","did_early_pre","Early pre (-14 to -8 d)",-0.00846701117363627,0.0370751272977722,-0.0811329253995075,0.064198903052235,0.99156873301219,0.922071116626583,1.06630446888358,0.819355163847009,0.999933431101863,217200,"completed"
"post_stage4a_staged_refit_v1_s2_detectability","atx_815c98107028","Mallard","checklist_reporting","did_immediate_pre","Immediate pre (-7 to -1 d)",0.0738692734666568,0.0364077360325153,0.00251142208428562,0.145227124849028,1.07666604747606,1.00251457834641,1.1563021654007,0.0424639500203345,0.231192616777376,217200,"completed"
"post_stage4a_staged_refit_v1_s2_detectability","atx_815c98107028","Mallard","checklist_reporting","did_pre_14_day","Pre-onset (-14 to -1 d)",0.0327011311465103,0.0298122668406607,-0.0257298381586824,0.0911321004517029,1.03324168933173,0.974598353330923,1.09541370034573,0.272684292676989,0.836123145327577,217200,"completed"
"post_stage4a_staged_refit_v1_s2_detectability","atx_815c98107028","Mallard","checklist_reporting","did_spawn_start","Spawn start (0 to 3 d)",0.0631998518429395,0.0411433774382191,-0.0174396861383078,0.143839389824187,1.06523970807831,0.98271150500347,1.15469863727988,0.124516778242823,0.252571752166057,217200,"completed"
"post_stage4a_staged_refit_v1_s2_detectability","atx_815c98107028","Mallard","checklist_reporting","did_early_egg","Early egg (4 to 14 d)",0.0319399904601182,0.0302247943360123,-0.0272995178785961,0.0911794987988324,1.03245554626379,0.973069746086395,1.09546562237505,0.290626619703273,0.462093634593937,217200,"completed"
"post_stage4a_staged_refit_v1_s2_detectability","atx_815c98107028","Mallard","checklist_reporting","did_late_egg","Late egg (15 to 28 d)",-0.00139538744364026,0.0289120726000354,-0.0580620084581169,0.0552712335708364,0.998605585656749,0.943591434972708,1.05682722282627,0.961506529327434,0.961506529327434,217200,"completed"
"post_stage4a_staged_refit_v1_s2_detectability","atx_815c98107028","Mallard","checklist_reporting","did_active_0_14_day","Active composite (0 to 14 d)",0.0402759534955372,0.0278313324579202,-0.014272455763747,0.0948243627548214,1.04109802919641,0.985828912900054,1.09946573103454,0.147856519247113,0.249826532520984,217200,"completed"
"post_stage4a_staged_refit_v1_s2_detectability","atx_815c98107028","Mallard","conditional_positive_numeric_count","did_early_pre","Early pre (-14 to -8 d)",0.0246017529866204,0.0183972030859331,-0.0114561024780775,0.0606596084513184,1.02490687313695,0.988609268792455,1.06253717394986,0.181139393558177,0.671636748702114,81526,"completed"
"post_stage4a_staged_refit_v1_s2_detectability","atx_815c98107028","Mallard","conditional_positive_numeric_count","did_immediate_pre","Immediate pre (-7 to -1 d)",0.0278964031233259,0.0176990011301975,-0.00679300165419494,0.0625858079008468,1.02828915135888,0.993230018626446,1.06458580487189,0.114989643757096,0.637110884070194,81526,"completed"
"post_stage4a_staged_refit_v1_s2_detectability","atx_815c98107028","Mallard","conditional_positive_numeric_count","did_pre_14_day","Pre-onset (-14 to -1 d)",0.0262490780549732,0.0146826611702954,-0.00252840903601056,0.0550265651459569,1.0265966193203,0.997474784697861,1.05656868220394,0.0738146959775401,0.427268863174163,81526,"completed"
"post_stage4a_staged_refit_v1_s2_detectability","atx_815c98107028","Mallard","conditional_positive_numeric_count","did_spawn_start","Spawn start (0 to 3 d)",0.0765244638946418,0.0201327295570249,0.0370650390523879,0.115983888736896,1.07952859948805,1.03776051360371,1.12297777939704,0.00014411449105553,0.000706161006172097,81526,"completed"
"post_stage4a_staged_refit_v1_s2_detectability","atx_815c98107028","Mallard","conditional_positive_numeric_count","did_early_egg","Early egg (4 to 14 d)",0.0900371104543839,0.0151943927454552,0.060256647906335,0.119817573002433,1.0942148897635,1.0621090996455,1.12729118447416,3.11007545977474e-09,1.69326330587736e-08,81526,"completed"
"post_stage4a_staged_refit_v1_s2_detectability","atx_815c98107028","Mallard","conditional_positive_numeric_count","did_late_egg","Late egg (15 to 28 d)",0.108557471645693,0.01458897072316,0.0799636144567901,0.137151328834596,1.11466896855753,1.08324765240363,1.14700170981968,9.98771879061078e-14,4.89398220739928e-12,81526,"completed"
"post_stage4a_staged_refit_v1_s2_detectability","atx_815c98107028","Mallard","conditional_positive_numeric_count","did_active_0_14_day","Active composite (0 to 14 d)",0.0864337380384527,0.0138832978858411,0.0592229741955631,0.113644501881342,1.090279121291,1.06101179261764,1.1203537704236,4.79302638281691e-10,2.60953658620032e-09,81526,"completed"
"post_stage4a_staged_refit_v1_s2_detectability","atx_82312e6f2848","Common Goldeneye","checklist_reporting","did_early_pre","Early pre (-14 to -8 d)",0.0449360486799199,0.0419125399485499,-0.0372110201198341,0.127083117479674,1.0459609671852,0.963472801749986,1.13551139470452,0.283657818173305,0.90612521393875,216892,"completed"
"post_stage4a_staged_refit_v1_s2_detectability","atx_82312e6f2848","Common Goldeneye","checklist_reporting","did_immediate_pre","Immediate pre (-7 to -1 d)",0.036487193716249,0.0407753354071661,-0.0434309951393373,0.116405382571835,1.03716102175436,0.957498623870498,1.12345120737431,0.370875343999517,0.674029712209185,216892,"completed"
"post_stage4a_staged_refit_v1_s2_detectability","atx_82312e6f2848","Common Goldeneye","checklist_reporting","did_pre_14_day","Pre-onset (-14 to -1 d)",0.0407116211980845,0.0336442689926188,-0.025229934313626,0.106653176709795,1.04155170080077,0.975085680593376,1.11254832988709,0.226255447848626,0.836123145327577,216892,"completed"
"post_stage4a_staged_refit_v1_s2_detectability","atx_82312e6f2848","Common Goldeneye","checklist_reporting","did_spawn_start","Spawn start (0 to 3 d)",0.12495753549519,0.0467953551425207,0.0332403247720887,0.216674746218292,1.13310033550054,1.03379895688835,1.24194009072704,0.00757839924734766,0.0464176953900044,216892,"completed"
"post_stage4a_staged_refit_v1_s2_detectability","atx_82312e6f2848","Common Goldeneye","checklist_reporting","did_early_egg","Early egg (4 to 14 d)",-0.0047090414635287,0.0377282282555295,-0.078655010044873,0.0692369271178156,0.995302028688805,0.924358763932205,1.07169009151592,0.900670166129798,0.919434127924169,216892,"completed"
"post_stage4a_staged_refit_v1_s2_detectability","atx_82312e6f2848","Common Goldeneye","checklist_reporting","did_late_egg","Late egg (15 to 28 d)",0.0299030270608982,0.0382578965722662,-0.0450810723450019,0.104887126466798,1.03035461259366,0.955919980017101,1.11058524759995,0.434439620627679,0.576096319111638,216892,"completed"
"post_stage4a_staged_refit_v1_s2_detectability","atx_82312e6f2848","Common Goldeneye","checklist_reporting","did_active_0_14_day","Active composite (0 to 14 d)",0.0298687123921297,0.03374787487278,-0.0362759069132834,0.0960133316975428,1.03031925692303,0.964374179270383,1.10077373907871,0.376127176031532,0.526578046444145,216892,"completed"
"post_stage4a_staged_refit_v1_s2_detectability","atx_82312e6f2848","Common Goldeneye","conditional_positive_numeric_count","did_early_pre","Early pre (-14 to -8 d)",0.0129016282644622,0.0241627971773678,-0.0344565839689248,0.0602598404978492,1.01298521334481,0.966130284318397,1.06211249053141,0.593378913379365,0.954276229530258,21195,"completed"
"post_stage4a_staged_refit_v1_s2_detectability","atx_82312e6f2848","Common Goldeneye","conditional_positive_numeric_count","did_immediate_pre","Immediate pre (-7 to -1 d)",-0.00793197802230351,0.0237497921196189,-0.0544807152170697,0.0386167591724627,0.992099397104959,0.946976770923202,1.03937207749718,0.738393937379099,1,21195,"completed"
"post_stage4a_staged_refit_v1_s2_detectability","atx_82312e6f2848","Common Goldeneye","conditional_positive_numeric_count","did_pre_14_day","Pre-onset (-14 to -1 d)",0.00248482512107935,0.0194093929444877,-0.0355568860119024,0.0405265362540611,1.00248791485764,0.965067833808202,1.04135894310136,0.898131733346165,1,21195,"completed"
"post_stage4a_staged_refit_v1_s2_detectability","atx_82312e6f2848","Common Goldeneye","conditional_positive_numeric_count","did_spawn_start","Spawn start (0 to 3 d)",0.103386015065935,0.0265689577026587,0.0513118148619561,0.155460215269914,1.10891938605784,1.05265107436412,1.1681954588017,9.97359438646414e-05,0.00054300680548527,21195,"completed"
"post_stage4a_staged_refit_v1_s2_detectability","atx_82312e6f2848","Common Goldeneye","conditional_positive_numeric_count","did_early_egg","Early egg (4 to 14 d)",0.197634371814979,0.0229593167146924,0.152634937944534,0.242633805685425,1.21851678828192,1.1648996406528,1.27460178671943,7.43300622762274e-18,1.21405768384505e-16,21195,"completed"
"post_stage4a_staged_refit_v1_s2_detectability","atx_82312e6f2848","Common Goldeneye","conditional_positive_numeric_count","did_late_egg","Late egg (15 to 28 d)",0.160672833182976,0.0245647277165256,0.112526851568553,0.208818814797399,1.1743007137328,1.11910230616164,1.23222171796168,6.11929141681005e-11,1.49922639711846e-09,21195,"completed"
"post_stage4a_staged_refit_v1_s2_detectability","atx_82312e6f2848","Common Goldeneye","conditional_positive_numeric_count","did_active_0_14_day","Active composite (0 to 14 d)",0.172501476681901,0.0199857881712423,0.13333005166362,0.211672901700182,1.18827357531577,1.14262706206495,1.23574360932953,6.07078513463385e-18,9.37721256612506e-17,21195,"completed"
"post_stage4a_staged_refit_v1_s2_detectability","atx_8608f2ed61cf","Pigeon Guillemot","checklist_reporting","did_early_pre","Early pre (-14 to -8 d)",-0.0972400193598557,0.0863280014959329,-0.266439793149204,0.0719597544294926,0.907338201261386,0.766102126934164,1.07461209481669,0.259995470131317,0.90612521393875,217200,"completed"
"post_stage4a_staged_refit_v1_s2_detectability","atx_8608f2ed61cf","Pigeon Guillemot","checklist_reporting","did_immediate_pre","Immediate pre (-7 to -1 d)",-0.0521366392700377,0.085781260858843,-0.220264821101805,0.11599154256173,0.949199160101218,0.802306302188107,1.12298637450515,0.543329494207789,0.887438173872722,217200,"completed"
"post_stage4a_staged_refit_v1_s2_detectability","atx_8608f2ed61cf","Pigeon Guillemot","checklist_reporting","did_pre_14_day","Pre-onset (-14 to -1 d)",-0.0746883293149467,0.0712434552577908,-0.214322935754407,0.064946277124514,0.928032681841031,0.807087705456536,1.06710169507276,0.294475745485013,0.836123145327577,217200,"completed"
"post_stage4a_staged_refit_v1_s2_detectability","atx_8608f2ed61cf","Pigeon Guillemot","checklist_reporting","did_spawn_start","Spawn start (0 to 3 d)",-0.105548152041978,0.087589461152966,-0.277220341327062,0.0661240372431051,0.899831143096608,0.757887484777165,1.0683592252808,0.22819073501822,0.360688581157832,217200,"completed"
"post_stage4a_staged_refit_v1_s2_detectability","atx_8608f2ed61cf","Pigeon Guillemot","checklist_reporting","did_early_egg","Early egg (4 to 14 d)",-0.0894381541308227,0.0695522322062807,-0.2257580242995,0.0468817160378543,0.91444481801009,0.797911153418101,1.04799804038751,0.198473252773029,0.335351358133739,217200,"completed"
"post_stage4a_staged_refit_v1_s2_detectability","atx_8608f2ed61cf","Pigeon Guillemot","checklist_reporting","did_late_egg","Late egg (15 to 28 d)",0.0618830718583414,0.0677054447828181,-0.0708171614732474,0.19458330518993,1.06383794486133,0.931632214817975,1.21480467820438,0.360714553700582,0.506703618408908,217200,"completed"
"post_stage4a_staged_refit_v1_s2_detectability","atx_8608f2ed61cf","Pigeon Guillemot","checklist_reporting","did_active_0_14_day","Active composite (0 to 14 d)",-0.0937341535737975,0.0646392779070614,-0.220424810258313,0.0329565031107183,0.910524789829602,0.80217795214714,1.03350558398565,0.147027457490875,0.249826532520984,217200,"completed"
"post_stage4a_staged_refit_v1_s2_detectability","atx_8608f2ed61cf","Pigeon Guillemot","conditional_positive_numeric_count","did_early_pre","Early pre (-14 to -8 d)",-0.0574416983144441,0.0537249159534145,-0.162740598655578,0.0478572020266897,0.944176935888609,0.849811602097641,1.04902084657768,0.284987791798686,0.758838532145091,6342,"completed_with_convergence_warning"
"post_stage4a_staged_refit_v1_s2_detectability","atx_8608f2ed61cf","Pigeon Guillemot","conditional_positive_numeric_count","did_immediate_pre","Immediate pre (-7 to -1 d)",0.0124793963403657,0.0559788505286511,-0.0972371345917414,0.122195927272473,1.01255758893379,0.907340818725473,1.12997547310568,0.823589553562185,1,6342,"completed_with_convergence_warning"
"post_stage4a_staged_refit_v1_s2_detectability","atx_8608f2ed61cf","Pigeon Guillemot","conditional_positive_numeric_count","did_pre_14_day","Pre-onset (-14 to -1 d)",-0.0224811509870392,0.0444299438676301,-0.10956224080273,0.064599938828652,0.97776966701277,0.896226380776752,1.06673218088233,0.612862979459368,0.858008171243115,6342,"completed_with_convergence_warning"
"post_stage4a_staged_refit_v1_s2_detectability","atx_8608f2ed61cf","Pigeon Guillemot","conditional_positive_numeric_count","did_spawn_start","Spawn start (0 to 3 d)",-0.047124371806082,0.0558271889856011,-0.156543651575971,0.0622949079638073,0.953968743396344,0.855094190679197,1.06427616196801,0.398607106365125,0.625894182045782,6342,"completed_with_convergence_warning"
"post_stage4a_staged_refit_v1_s2_detectability","atx_8608f2ed61cf","Pigeon Guillemot","conditional_positive_numeric_count","did_early_egg","Early egg (4 to 14 d)",0.00516721739243396,0.0418951438655497,-0.0769457557111676,0.0872801904960356,1.00518059048419,0.925940079205355,1.09120238142545,0.901840317697677,0.995728888072029,6342,"completed_with_convergence_warning"
"post_stage4a_staged_refit_v1_s2_detectability","atx_8608f2ed61cf","Pigeon Guillemot","conditional_positive_numeric_count","did_late_egg","Late egg (15 to 28 d)",0.0184860515990356,0.0413288589409836,-0.0625170234474286,0.0994891266454997,1.01865797642058,0.939397070900706,1.10460645989703,0.654664528454145,0.887553709581999,6342,"completed_with_convergence_warning"
"post_stage4a_staged_refit_v1_s2_detectability","atx_8608f2ed61cf","Pigeon Guillemot","conditional_positive_numeric_count","did_active_0_14_day","Active composite (0 to 14 d)",-0.00877720639383697,0.0388777469414164,-0.0849761901990754,0.0674217774114015,0.991261200830681,0.918534154256453,1.06974657797857,0.821384763300604,0.874953334820209,6342,"completed_with_convergence_warning"
"post_stage4a_staged_refit_v1_s2_detectability","atx_86eda7ed9025","Red-necked Grebe","checklist_reporting","did_early_pre","Early pre (-14 to -8 d)",-0.0404988871903124,0.0616313240893188,-0.161294062724893,0.0802962883442683,0.960310233153349,0.851041774644275,1.08360808056045,0.511106769537572,0.913821714042808,217200,"completed"
"post_stage4a_staged_refit_v1_s2_detectability","atx_86eda7ed9025","Red-necked Grebe","checklist_reporting","did_immediate_pre","Immediate pre (-7 to -1 d)",0.126677046643635,0.0609603134952023,0.00719702770676732,0.246157065580502,1.1350503902497,1.00722298855361,1.27910046042145,0.0377070699037882,0.230955803160702,217200,"completed"
"post_stage4a_staged_refit_v1_s2_detectability","atx_86eda7ed9025","Red-necked Grebe","checklist_reporting","did_pre_14_day","Pre-onset (-14 to -1 d)",0.0430890797266612,0.0501163063388278,-0.0551370757356177,0.14131523518894,1.04403089269499,0.946355416697284,1.1517876747676,0.389909425415455,0.836123145327577,217200,"completed"
"post_stage4a_staged_refit_v1_s2_detectability","atx_86eda7ed9025","Red-necked Grebe","checklist_reporting","did_spawn_start","Spawn start (0 to 3 d)",0.0835180465930717,0.0649434281677226,-0.0437687336482287,0.210804826834372,1.08710483365441,0.9571752943165,1.23467135682674,0.198438773524758,0.333302977459066,217200,"completed"
"post_stage4a_staged_refit_v1_s2_detectability","atx_86eda7ed9025","Red-necked Grebe","checklist_reporting","did_early_egg","Early egg (4 to 14 d)",0.118353090738456,0.05027142384467,0.0198229105513546,0.216883270925557,1.12564149479364,1.0200206891301,1.24219909292414,0.0185585432832325,0.0649549014913138,217200,"completed"
"post_stage4a_staged_refit_v1_s2_detectability","atx_86eda7ed9025","Red-necked Grebe","checklist_reporting","did_late_egg","Late egg (15 to 28 d)",0.251181793205726,0.0477885918478818,0.157517874311993,0.344845712099459,1.28554376621202,1.17060168149437,1.41177208351254,1.47139364614522e-07,7.20982886611159e-06,217200,"completed"
"post_stage4a_staged_refit_v1_s2_detectability","atx_86eda7ed9025","Red-necked Grebe","checklist_reporting","did_active_0_14_day","Active composite (0 to 14 d)",0.10906374563302,0.04621375401255,0.0184864521780288,0.199641039088011,1.11523343933717,1.01865838447365,1.22096440099345,0.0182756960043899,0.0642348457357552,217200,"completed"
"post_stage4a_staged_refit_v1_s2_detectability","atx_86eda7ed9025","Red-necked Grebe","conditional_positive_numeric_count","did_early_pre","Early pre (-14 to -8 d)",0.0174731966850318,0.0400008533472393,-0.0609270352264258,0.0958734285964893,1.01762674601502,0.940891889235139,1.10061974819121,0.662241459527428,0.954276229530258,8109,"completed"
"post_stage4a_staged_refit_v1_s2_detectability","atx_86eda7ed9025","Red-necked Grebe","conditional_positive_numeric_count","did_immediate_pre","Immediate pre (-7 to -1 d)",-0.0202290012680161,0.0406050872503394,-0.0998135098677878,0.0593555073317555,0.979974232267283,0.905006177021133,1.06115242115682,0.618350948464584,0.911946037467099,8109,"completed"
"post_stage4a_staged_refit_v1_s2_detectability","atx_86eda7ed9025","Red-necked Grebe","conditional_positive_numeric_count","did_pre_14_day","Pre-onset (-14 to -1 d)",-0.00137790229149218,0.0328821651826654,-0.0658257617832132,0.0630699572002289,0.998623046580003,0.936293988274895,1.06510134813333,0.966575032701999,1,8109,"completed"
"post_stage4a_staged_refit_v1_s2_detectability","atx_86eda7ed9025","Red-necked Grebe","conditional_positive_numeric_count","did_spawn_start","Spawn start (0 to 3 d)",0.0272369437820729,0.0425121112085091,-0.0560852630933665,0.110559150657512,1.02761126001796,0.945458519735611,1.11690241261033,0.521726263998669,0.682747692115176,8109,"completed"
"post_stage4a_staged_refit_v1_s2_detectability","atx_86eda7ed9025","Red-necked Grebe","conditional_positive_numeric_count","did_early_egg","Early egg (4 to 14 d)",0.0276352234673691,0.0325038527855934,-0.0360711573511859,0.091341604285924,1.02802061822132,0.964571654677098,1.09564321775756,0.395206243092589,0.537919608653802,8109,"completed"
"post_stage4a_staged_refit_v1_s2_detectability","atx_86eda7ed9025","Red-necked Grebe","conditional_positive_numeric_count","did_late_egg","Late egg (15 to 28 d)",0.0140926596149135,0.03098365655623,-0.0466341913446557,0.0748195105744827,1.01419242926474,0.954436474862216,1.07768962174922,0.649223114008219,0.887553709581999,8109,"completed"
"post_stage4a_staged_refit_v1_s2_detectability","atx_86eda7ed9025","Red-necked Grebe","conditional_positive_numeric_count","did_active_0_14_day","Active composite (0 to 14 d)",0.0275290155512901,0.0300064854332259,-0.0312826152004584,0.0863406463030386,1.02791144009167,0.969201623255617,1.09017763003958,0.358914467155002,0.517259085017503,8109,"completed"
"post_stage4a_staged_refit_v1_s2_detectability","atx_87b306550dba","Harlequin Duck","checklist_reporting","did_early_pre","Early pre (-14 to -8 d)",-0.00314758416703535,0.0599869367753086,-0.120719819789521,0.114424651455451,0.99685736428276,0.886282243554668,1.12122815497147,0.958153274526938,0.999933431101863,217200,"completed"
"post_stage4a_staged_refit_v1_s2_detectability","atx_87b306550dba","Harlequin Duck","checklist_reporting","did_immediate_pre","Immediate pre (-7 to -1 d)",-0.100572217319191,0.0595634355734938,-0.217314405838711,0.0161699712003284,0.904319802502717,0.804676934402808,1.01630141269736,0.0913173615783089,0.364075183359604,217200,"completed"
"post_stage4a_staged_refit_v1_s2_detectability","atx_87b306550dba","Harlequin Duck","checklist_reporting","did_pre_14_day","Pre-onset (-14 to -1 d)",-0.0518599007431133,0.0492016807255031,-0.148293422943938,0.0445736214577112,0.94946187642873,0.862178094988101,1.04558195114434,0.29187054823552,0.836123145327577,217200,"completed"
"post_stage4a_staged_refit_v1_s2_detectability","atx_87b306550dba","Harlequin Duck","checklist_reporting","did_spawn_start","Spawn start (0 to 3 d)",0.0815391174144206,0.0639286580265121,-0.0437587498975205,0.206836984726362,1.08495565741401,0.957184850563726,1.22978208217712,0.202142759184382,0.333302977459066,217200,"completed"
"post_stage4a_staged_refit_v1_s2_detectability","atx_87b306550dba","Harlequin Duck","checklist_reporting","did_early_egg","Early egg (4 to 14 d)",0.0928868681010239,0.0547602177909077,-0.0144411865547247,0.200214922756773,1.09733758436076,0.985662587240336,1.22166529361949,0.0898390682030267,0.183421430914513,217200,"completed"
"post_stage4a_staged_refit_v1_s2_detectability","atx_87b306550dba","Harlequin Duck","checklist_reporting","did_late_egg","Late egg (15 to 28 d)",0.110312125216446,0.0543132962723506,0.00386002064098573,0.216764229791907,1.11662654337399,1.00386748011548,1.24205122893702,0.0422515945710512,0.172527344498459,217200,"completed"
"post_stage4a_staged_refit_v1_s2_detectability","atx_87b306550dba","Harlequin Duck","checklist_reporting","did_active_0_14_day","Active composite (0 to 14 d)",0.0898608012512631,0.0491018549059903,-0.00637706593858933,0.186098668441115,1.09402198661405,0.993643224392566,1.2045411047075,0.0672365197570576,0.143243020351992,217200,"completed"
"post_stage4a_staged_refit_v1_s2_detectability","atx_87b306550dba","Harlequin Duck","conditional_positive_numeric_count","did_early_pre","Early pre (-14 to -8 d)",-0.0138047494622905,0.0275782212776063,-0.067857069924075,0.0402475709994941,0.986290099136223,0.934394017041097,1.04106848065505,0.616675841644369,0.954276229530258,12030,"completed"
"post_stage4a_staged_refit_v1_s2_detectability","atx_87b306550dba","Harlequin Duck","conditional_positive_numeric_count","did_immediate_pre","Immediate pre (-7 to -1 d)",0.0360524521155583,0.0290577960131409,-0.0208997815403094,0.0930046857714261,1.03671022270924,0.979317105303463,1.09746687773497,0.214710939970486,0.770163672250197,12030,"completed"
"post_stage4a_staged_refit_v1_s2_detectability","atx_87b306550dba","Harlequin Duck","conditional_positive_numeric_count","did_pre_14_day","Pre-onset (-14 to -1 d)",0.0111238513266339,0.0232893996557282,-0.0345225332201529,0.0567702358734208,1.01118595141123,0.966066570850508,1.05841259720978,0.632909436822302,0.861460066785911,12030,"completed"
"post_stage4a_staged_refit_v1_s2_detectability","atx_87b306550dba","Harlequin Duck","conditional_positive_numeric_count","did_spawn_start","Spawn start (0 to 3 d)",0.14215357663613,0.0307474539102234,0.0818896743557871,0.202417478916473,1.15275367097448,1.08533606282377,1.22435904551796,3.77749654476262e-06,3.08495551155614e-05,12030,"completed"
"post_stage4a_staged_refit_v1_s2_detectability","atx_87b306550dba","Harlequin Duck","conditional_positive_numeric_count","did_early_egg","Early egg (4 to 14 d)",0.227398805908538,0.0268837155900653,0.174707691581392,0.280089920235683,1.25533040130702,1.1908980562022,1.32324879383134,2.70588460531448e-17,3.31470864151024e-16,12030,"completed"
"post_stage4a_staged_refit_v1_s2_detectability","atx_87b306550dba","Harlequin Duck","conditional_positive_numeric_count","did_late_egg","Late egg (15 to 28 d)",0.112887472968647,0.0266350696517174,0.0606836957255648,0.165091250211728,1.11950595117927,1.0625627678824,1.1795007434935,2.252165336962e-05,0.000183926835851897,12030,"completed"
"post_stage4a_staged_refit_v1_s2_detectability","atx_87b306550dba","Harlequin Duck","conditional_positive_numeric_count","did_active_0_14_day","Active composite (0 to 14 d)",0.204666744769229,0.0237855924511637,0.158047840214,0.251285649324458,1.22711605397069,1.17122222488929,1.28567728473128,7.65486740091842e-18,9.37721256612506e-17,12030,"completed"
"post_stage4a_staged_refit_v1_s2_detectability","atx_98ca0000b734","Brandt's Cormorant","checklist_reporting","did_early_pre","Early pre (-14 to -8 d)",-0.0923797810127377,0.10391567895476,-0.296050769193095,0.111291207167619,0.911758815097459,0.743749667491169,1.11772034764344,0.374009583799797,0.90612521393875,217200,"completed"
"post_stage4a_staged_refit_v1_s2_detectability","atx_98ca0000b734","Brandt's Cormorant","checklist_reporting","did_immediate_pre","Immediate pre (-7 to -1 d)",-0.00516827099598441,0.0983252726646294,-0.197882264188739,0.18754572219677,0.994845061537954,0.820466445734117,1.20628540217864,0.95808010043909,0.995910234697689,217200,"completed"
"post_stage4a_staged_refit_v1_s2_detectability","atx_98ca0000b734","Brandt's Cormorant","checklist_reporting","did_pre_14_day","Pre-onset (-14 to -1 d)",-0.048774026004361,0.0833560444934315,-0.212148871105205,0.114600819096483,0.952396322185992,0.808844275061839,1.12142569649029,0.558461085095307,0.836123145327577,217200,"completed"
"post_stage4a_staged_refit_v1_s2_detectability","atx_98ca0000b734","Brandt's Cormorant","checklist_reporting","did_spawn_start","Spawn start (0 to 3 d)",-0.0113809241414155,0.097253524998779,-0.201994330508588,0.179232482225757,0.988683593586664,0.817099560468045,1.1962988300563,0.90684162456683,0.925734158411972,217200,"completed"
"post_stage4a_staged_refit_v1_s2_detectability","atx_98ca0000b734","Brandt's Cormorant","checklist_reporting","did_early_egg","Early egg (4 to 14 d)",-0.041366003944773,0.0902163375014226,-0.218186776264672,0.135454768375126,0.959477892980909,0.803975264145473,1.14505740185622,0.646578826419895,0.827463852853463,217200,"completed"
"post_stage4a_staged_refit_v1_s2_detectability","atx_98ca0000b734","Brandt's Cormorant","checklist_reporting","did_late_egg","Late egg (15 to 28 d)",0.0966048321338354,0.0885676753365631,-0.0769846217202647,0.270194285987935,1.10142503982898,0.925904092309151,1.31021898319596,0.275384690696776,0.449794994804735,217200,"completed"
"post_stage4a_staged_refit_v1_s2_detectability","atx_98ca0000b734","Brandt's Cormorant","checklist_reporting","did_active_0_14_day","Active composite (0 to 14 d)",-0.0333699826638777,0.08035973611937,-0.190872171264985,0.12413220593723,0.967180653308993,0.826238198384759,1.13216554011171,0.677953413999773,0.788064443187755,217200,"completed"
"post_stage4a_staged_refit_v1_s2_detectability","atx_98ca0000b734","Brandt's Cormorant","conditional_positive_numeric_count","did_early_pre","Early pre (-14 to -8 d)",-0.0263001151150366,0.0942103350760494,-0.210948978835544,0.158348748605471,0.974042720795592,0.809815383551118,1.17157470851502,0.780119123282698,0.977395393873099,2573,"completed"
"post_stage4a_staged_refit_v1_s2_detectability","atx_98ca0000b734","Brandt's Cormorant","conditional_positive_numeric_count","did_immediate_pre","Immediate pre (-7 to -1 d)",0.0519492853995458,0.0825926651729056,-0.109929363726525,0.213827934525616,1.05332232233806,0.895897415916425,1.23840954893338,0.529360954042528,0.894437474071857,2573,"completed"
"post_stage4a_staged_refit_v1_s2_detectability","atx_98ca0000b734","Brandt's Cormorant","conditional_positive_numeric_count","did_pre_14_day","Pre-onset (-14 to -1 d)",0.0128245851422546,0.0702103930011664,-0.124785256480435,0.150434426764944,1.01290717280751,0.882686433424994,1.16233908427015,0.855065308669176,1,2573,"completed"
"post_stage4a_staged_refit_v1_s2_detectability","atx_98ca0000b734","Brandt's Cormorant","conditional_positive_numeric_count","did_spawn_start","Spawn start (0 to 3 d)",0.0505468797633872,0.0831825082928137,-0.112487840634232,0.213581600161006,1.05184617249888,0.893608212751568,1.23810452367466,0.543411428418201,0.682747692115176,2573,"completed"
"post_stage4a_staged_refit_v1_s2_detectability","atx_98ca0000b734","Brandt's Cormorant","conditional_positive_numeric_count","did_early_egg","Early egg (4 to 14 d)",0.0671028802665889,0.0774325174983646,-0.0846620652624732,0.218867825795651,1.06940549323755,0.91882273406211,1.24466675297712,0.386162200258284,0.537919608653802,2573,"completed"
"post_stage4a_staged_refit_v1_s2_detectability","atx_98ca0000b734","Brandt's Cormorant","conditional_positive_numeric_count","did_late_egg","Late egg (15 to 28 d)",0.0502332704016705,0.0713397964174854,-0.0895901612410204,0.190056702044361,1.05151635541166,0.914305826459988,1.20931816652556,0.481345014551054,0.737059553531301,2573,"completed"
"post_stage4a_staged_refit_v1_s2_detectability","atx_98ca0000b734","Brandt's Cormorant","conditional_positive_numeric_count","did_active_0_14_day","Active composite (0 to 14 d)",0.0626879467990684,0.0676071167114103,-0.0698195670538917,0.195195460652029,1.06469454604632,0.932562069648249,1.21554855518448,0.353802523167931,0.517259085017503,2573,"completed"
"post_stage4a_staged_refit_v1_s2_detectability","atx_99238953638b","Bufflehead","checklist_reporting","did_early_pre","Early pre (-14 to -8 d)",0.00937035810561063,0.0389529943587857,-0.0669761079276012,0.0857168241388224,1.00941439735817,0.935217545355155,1.08949776515047,0.80989962195783,0.999933431101863,217200,"completed"
"post_stage4a_staged_refit_v1_s2_detectability","atx_99238953638b","Bufflehead","checklist_reporting","did_immediate_pre","Immediate pre (-7 to -1 d)",0.0283452420008994,0.037742608086442,-0.0456289105311372,0.102319394532936,1.02875079110057,0.95539643397151,1.10773722044436,0.452643992221789,0.79212698638813,217200,"completed"
"post_stage4a_staged_refit_v1_s2_detectability","atx_99238953638b","Bufflehead","checklist_reporting","did_pre_14_day","Pre-onset (-14 to -1 d)",0.018857800053255,0.0311226029058998,-0.0421413807474502,0.0798569808539602,1.01903673134511,0.95873422442894,1.08313214796213,0.54456803790979,0.836123145327577,217200,"completed"
"post_stage4a_staged_refit_v1_s2_detectability","atx_99238953638b","Bufflehead","checklist_reporting","did_spawn_start","Spawn start (0 to 3 d)",0.0683177470897542,0.0428943380744116,-0.0157536106767776,0.152389104856286,1.07070546798,0.984369828394144,1.16461330497347,0.111227848512063,0.252571752166057,217200,"completed"
"post_stage4a_staged_refit_v1_s2_detectability","atx_99238953638b","Bufflehead","checklist_reporting","did_early_egg","Early egg (4 to 14 d)",-0.0990532468943508,0.0324493482061545,-0.162652800700213,-0.0354536930884886,0.905694481321238,0.849886217094225,0.965167427117839,0.00226906181483965,0.0138980036158929,217200,"completed"
"post_stage4a_staged_refit_v1_s2_detectability","atx_99238953638b","Bufflehead","checklist_reporting","did_late_egg","Late egg (15 to 28 d)",-0.0782372497093977,0.0308152840502733,-0.138634096621305,-0.0178404027974905,0.924745005032013,0.870546506096568,0.982317795020587,0.0111198250587136,0.0614459575761671,217200,"completed"
"post_stage4a_staged_refit_v1_s2_detectability","atx_99238953638b","Bufflehead","checklist_reporting","did_active_0_14_day","Active composite (0 to 14 d)",-0.0544209818319228,0.0296765123099358,-0.112585877146156,0.00374391348231095,0.947033338740861,0.893520610813527,1.00375093068092,0.0666827192283751,0.143243020351992,217200,"completed"
"post_stage4a_staged_refit_v1_s2_detectability","atx_99238953638b","Bufflehead","conditional_positive_numeric_count","did_early_pre","Early pre (-14 to -8 d)",-0.00960841432973199,0.0167796771665054,-0.0424959772482916,0.0232791485888277,0.990437598993617,0.958394320895584,1.02355222282991,0.566900578505108,0.954276229530258,50039,"completed"
"post_stage4a_staged_refit_v1_s2_detectability","atx_99238953638b","Bufflehead","conditional_positive_numeric_count","did_immediate_pre","Immediate pre (-7 to -1 d)",-0.0232053734498138,0.0166126577969274,-0.0557655844192799,0.00935483751965243,0.977061800613813,0.945760810977062,1.00939873077682,0.162459001477388,0.723681006581093,50039,"completed"
"post_stage4a_staged_refit_v1_s2_detectability","atx_99238953638b","Bufflehead","conditional_positive_numeric_count","did_pre_14_day","Pre-onset (-14 to -1 d)",-0.0164068938897729,0.0135745993727076,-0.0430126197648398,0.0101988319852941,0.983726966118305,0.957899301526828,1.0102510173312,0.226798630771846,0.63547812944005,50039,"completed"
"post_stage4a_staged_refit_v1_s2_detectability","atx_99238953638b","Bufflehead","conditional_positive_numeric_count","did_spawn_start","Spawn start (0 to 3 d)",0.0539627199598497,0.0191985868514787,0.0163341811768873,0.0915912587428121,1.05544525438018,1.01646831323151,1.09591678411714,0.00494238379804798,0.0201814005086959,50039,"completed"
"post_stage4a_staged_refit_v1_s2_detectability","atx_99238953638b","Bufflehead","conditional_positive_numeric_count","did_early_egg","Early egg (4 to 14 d)",0.0936268711717588,0.0150590470394876,0.0641116813328685,0.123142061010649,1.09814991807047,1.06621146803034,1.13104508694317,5.05726996135743e-10,3.5400889729502e-09,50039,"completed"
"post_stage4a_staged_refit_v1_s2_detectability","atx_99238953638b","Bufflehead","conditional_positive_numeric_count","did_late_egg","Late egg (15 to 28 d)",0.0296458955062564,0.0143521524532713,0.00151619359721649,0.0577755974152963,1.03008970996916,1.00151734359986,1.05947721960598,0.0388656758042595,0.112024594965218,50039,"completed"
"post_stage4a_staged_refit_v1_s2_detectability","atx_99238953638b","Bufflehead","conditional_positive_numeric_count","did_active_0_14_day","Active composite (0 to 14 d)",0.0830497641819164,0.0135234097097018,0.0565443682027215,0.109555160161111,1.08659588075788,1.05817356301787,1.11578161593142,8.19079944426268e-10,4.01349172768871e-09,50039,"completed"
"post_stage4a_staged_refit_v1_s2_detectability","atx_9ae1aa9b7fdf","Common Loon","checklist_reporting","did_early_pre","Early pre (-14 to -8 d)",-0.057710663165164,0.0474875503376644,-0.150784551541019,0.0353632252106911,0.9439230196288,0.860032971478495,1.0359959403108,0.224259373530584,0.90612521393875,217199,"completed"
"post_stage4a_staged_refit_v1_s2_detectability","atx_9ae1aa9b7fdf","Common Loon","checklist_reporting","did_immediate_pre","Immediate pre (-7 to -1 d)",0.0134740454836571,0.0477769672187033,-0.0801670895555521,0.107115180522866,1.0135652295135,0.922962116172083,1.11306245021136,0.777928412422776,0.995910234697689,217199,"completed"
"post_stage4a_staged_refit_v1_s2_detectability","atx_9ae1aa9b7fdf","Common Loon","checklist_reporting","did_pre_14_day","Pre-onset (-14 to -1 d)",-0.0221183088407534,0.0388521420451018,-0.0982671079713872,0.0540304902898804,0.978124507428958,0.906406762944789,1.05551678467719,0.569156332542014,0.836123145327577,217199,"completed"
"post_stage4a_staged_refit_v1_s2_detectability","atx_9ae1aa9b7fdf","Common Loon","checklist_reporting","did_spawn_start","Spawn start (0 to 3 d)",-0.1156983159712,0.0539630712142777,-0.221463992046354,-0.00993263989604558,0.890743905976982,0.801344776414004,0.990116525855058,0.0320306725510859,0.112107353928801,217199,"completed"
"post_stage4a_staged_refit_v1_s2_detectability","atx_9ae1aa9b7fdf","Common Loon","checklist_reporting","did_early_egg","Early egg (4 to 14 d)",-0.0774317605870157,0.0405439978572027,-0.156896536176402,0.00203301500237078,0.92549017714827,0.854792494342515,1.00203508297854,0.0561563214696524,0.137582987600648,217199,"completed"
"post_stage4a_staged_refit_v1_s2_detectability","atx_9ae1aa9b7fdf","Common Loon","checklist_reporting","did_late_egg","Late egg (15 to 28 d)",0.0603661752215277,0.0378699675277731,-0.0138575972286089,0.134589947671664,1.06222543597451,0.986237977284815,1.14406756058775,0.110927477155716,0.319732140037065,217199,"completed"
"post_stage4a_staged_refit_v1_s2_detectability","atx_9ae1aa9b7fdf","Common Loon","checklist_reporting","did_active_0_14_day","Active composite (0 to 14 d)",-0.0876361753561314,0.0371588176203849,-0.160466119600178,-0.0148062311120846,0.916094113714407,0.85174668060119,0.985302842142961,0.0183528130673586,0.0642348457357552,217199,"completed"
"post_stage4a_staged_refit_v1_s2_detectability","atx_9ae1aa9b7fdf","Common Loon","conditional_positive_numeric_count","did_early_pre","Early pre (-14 to -8 d)",-0.0396333656839943,0.0219623684436024,-0.082678816848654,0.00341208548066538,0.96114176211407,0.920646795978092,1.00341791327075,0.0711367591096409,0.588291386496593,15359,"completed"
"post_stage4a_staged_refit_v1_s2_detectability","atx_9ae1aa9b7fdf","Common Loon","conditional_positive_numeric_count","did_immediate_pre","Immediate pre (-7 to -1 d)",-0.0457461871262362,0.0234257846200312,-0.0916598812910896,0.000167507038617225,0.955284394900673,0.912415426333423,1.0001675210687,0.0508417050024228,0.584950014195945,15359,"completed"
"post_stage4a_staged_refit_v1_s2_detectability","atx_9ae1aa9b7fdf","Common Loon","conditional_positive_numeric_count","did_pre_14_day","Pre-onset (-14 to -1 d)",-0.0426897764051153,0.0184797144451251,-0.078909351162145,-0.0064702016480855,0.958208602880869,0.924123691387,0.993550685035302,0.0208832532436252,0.427268863174163,15359,"completed"
"post_stage4a_staged_refit_v1_s2_detectability","atx_9ae1aa9b7fdf","Common Loon","conditional_positive_numeric_count","did_spawn_start","Spawn start (0 to 3 d)",0.0351914930934655,0.0263273666946442,-0.0164091974358164,0.0867921836227473,1.03581804181041,0.983724700060554,1.09066999707734,0.181324277779371,0.423089981485199,15359,"completed"
"post_stage4a_staged_refit_v1_s2_detectability","atx_9ae1aa9b7fdf","Common Loon","conditional_positive_numeric_count","did_early_egg","Early egg (4 to 14 d)",0.001327804636344,0.0189740132634299,-0.0358605780021639,0.0385161872748519,1.00132868655922,0.964774794936046,1.03926755113132,0.944209444553601,1,15359,"completed"
"post_stage4a_staged_refit_v1_s2_detectability","atx_9ae1aa9b7fdf","Common Loon","conditional_positive_numeric_count","did_late_egg","Late egg (15 to 28 d)",-0.0426206169138217,0.0174987549320581,-0.0769175463549482,-0.00832368747269514,0.958274874392022,0.925966199747307,0.991710858497475,0.0148655895589173,0.0489410163881907,15359,"completed"
"post_stage4a_staged_refit_v1_s2_detectability","atx_9ae1aa9b7fdf","Common Loon","conditional_positive_numeric_count","did_active_0_14_day","Active composite (0 to 14 d)",0.0103581215582431,0.0174753608708963,-0.0238929563655542,0.0446091994820403,1.01041195260164,0.976390220522045,1.04561915154619,0.553363741206764,0.713547982082406,15359,"completed"
"post_stage4a_staged_refit_v1_s2_detectability","atx_a113baee5693","American Wigeon","checklist_reporting","did_early_pre","Early pre (-14 to -8 d)",0.0239267958958027,0.040271439158819,-0.0550037744610786,0.102857366252684,1.0242153383799,0.946481575488874,1.10833331206772,0.55241975733914,0.93339890033165,217190,"completed"
"post_stage4a_staged_refit_v1_s2_detectability","atx_a113baee5693","American Wigeon","checklist_reporting","did_immediate_pre","Immediate pre (-7 to -1 d)",0.035058886104222,0.0392224990892428,-0.041815799494349,0.111933571702793,1.03568069420531,0.959046421139061,1.1184385622081,0.371404127135673,0.674029712209185,217190,"completed"
"post_stage4a_staged_refit_v1_s2_detectability","atx_a113baee5693","American Wigeon","checklist_reporting","did_pre_14_day","Pre-onset (-14 to -1 d)",0.0294928410000123,0.0322012366549093,-0.033620423101261,0.0926061051012856,1.02993206216188,0.966938462491603,1.09702953581519,0.359723771914167,0.836123145327577,217190,"completed"
"post_stage4a_staged_refit_v1_s2_detectability","atx_a113baee5693","American Wigeon","checklist_reporting","did_spawn_start","Spawn start (0 to 3 d)",0.113468143802318,0.0445935954471067,0.0260663027848397,0.200869984819797,1.12015620440652,1.0264089999925,1.22246582237644,0.0109436137399838,0.048748824841746,217190,"completed"
"post_stage4a_staged_refit_v1_s2_detectability","atx_a113baee5693","American Wigeon","checklist_reporting","did_early_egg","Early egg (4 to 14 d)",0.113557572784518,0.0337749418465479,0.047359903185349,0.179755242383686,1.12025638331516,1.04849929941928,1.1969243709113,0.000773285464111612,0.00541299824878128,217190,"completed"
"post_stage4a_staged_refit_v1_s2_detectability","atx_a113baee5693","American Wigeon","checklist_reporting","did_late_egg","Late egg (15 to 28 d)",0.0789230234713678,0.0327836233927588,0.0146683023388359,0.1431777446039,1.08212102094449,1.01477640982326,1.15393488913867,0.0160669259850723,0.0787279373268543,217190,"completed"
"post_stage4a_staged_refit_v1_s2_detectability","atx_a113baee5693","American Wigeon","checklist_reporting","did_active_0_14_day","Active composite (0 to 14 d)",0.113533725055931,0.03083402302226,0.0531001504338227,0.173967299678039,1.12022966806354,1.05453525199395,1.19001665125647,0.000231327438252448,0.00141688055929625,217190,"completed"
"post_stage4a_staged_refit_v1_s2_detectability","atx_a113baee5693","American Wigeon","conditional_positive_numeric_count","did_early_pre","Early pre (-14 to -8 d)",0.0120056556121918,0.0286071444275861,-0.0440633171664126,0.0680746283907961,1.01207801277064,0.956893367778276,1.07044519110003,0.674724109540384,0.954276229530258,34665,"completed"
"post_stage4a_staged_refit_v1_s2_detectability","atx_a113baee5693","American Wigeon","conditional_positive_numeric_count","did_immediate_pre","Immediate pre (-7 to -1 d)",0.068914257616498,0.0278388001585153,0.0143512119330001,0.123477303299996,1.07134434559236,1.01445468497026,1.13142432465218,0.0133059026170376,0.296191365984753,34665,"completed"
"post_stage4a_staged_refit_v1_s2_detectability","atx_a113baee5693","American Wigeon","conditional_positive_numeric_count","did_pre_14_day","Pre-onset (-14 to -1 d)",0.0404599566143449,0.0228182455724087,-0.0042629828979668,0.0851828961266566,1.04128961210615,0.995746090715495,1.08891620704337,0.0762054193613159,0.427268863174163,34665,"completed"
"post_stage4a_staged_refit_v1_s2_detectability","atx_a113baee5693","American Wigeon","conditional_positive_numeric_count","did_spawn_start","Spawn start (0 to 3 d)",0.0378170743628113,0.0309101445968428,-0.0227656958039259,0.0983998445295486,1.0385412396837,0.977491487301087,1.10340388692463,0.22115907041162,0.45153310209039,34665,"completed"
"post_stage4a_staged_refit_v1_s2_detectability","atx_a113baee5693","American Wigeon","conditional_positive_numeric_count","did_early_egg","Early egg (4 to 14 d)",0.111323357954567,0.0248836343705963,0.0625523307837352,0.160094385125399,1.11775628380989,1.06455016620477,1.17362163818983,7.68567280172391e-06,3.13831639403726e-05,34665,"completed"
"post_stage4a_staged_refit_v1_s2_detectability","atx_a113baee5693","American Wigeon","conditional_positive_numeric_count","did_late_egg","Late egg (15 to 28 d)",-0.00171937243244048,0.0241971452572462,-0.0491449056653272,0.0457061608004462,0.998282104841558,0.952043163254695,1.0467667846487,0.94335252609996,1,34665,"completed"
"post_stage4a_staged_refit_v1_s2_detectability","atx_a113baee5693","American Wigeon","conditional_positive_numeric_count","did_active_0_14_day","Active composite (0 to 14 d)",0.0917216823300988,0.0222944501151834,0.0480253630492146,0.135418001610983,1.09605972683684,1.0491972658289,1.14501530257473,3.88686487996961e-05,0.000136040270798936,34665,"completed"
"post_stage4a_staged_refit_v1_s2_detectability","atx_a444854c6b66","Double-crested Cormorant","checklist_reporting","did_early_pre","Early pre (-14 to -8 d)",0.0337390199282421,0.0456702889867811,-0.055773101649385,0.123251141505869,1.03431463599324,0.945753701502143,1.13116846863052,0.460057569006906,0.909036536307266,217200,"completed"
"post_stage4a_staged_refit_v1_s2_detectability","atx_a444854c6b66","Double-crested Cormorant","checklist_reporting","did_immediate_pre","Immediate pre (-7 to -1 d)",-0.000230450169245342,0.0449590167941718,-0.0883485038661536,0.0878876035276629,0.999769576382355,0.915441786122699,1.09186539331271,0.995910234697689,0.995910234697689,217200,"completed"
"post_stage4a_staged_refit_v1_s2_detectability","atx_a444854c6b66","Double-crested Cormorant","checklist_reporting","did_pre_14_day","Pre-onset (-14 to -1 d)",0.0167542848794984,0.0364777567277811,-0.0547408045437662,0.088249374302763,1.01689542504283,0.946730504399491,1.09226046976161,0.646017739688467,0.879301923464858,217200,"completed"
"post_stage4a_staged_refit_v1_s2_detectability","atx_a444854c6b66","Double-crested Cormorant","checklist_reporting","did_spawn_start","Spawn start (0 to 3 d)",0.0342786496648054,0.0488196394352354,-0.0614060853664873,0.129963384696098,1.03487293355122,0.940441262788767,1.13878668554067,0.482586391910859,0.606326492400823,217200,"completed"
"post_stage4a_staged_refit_v1_s2_detectability","atx_a444854c6b66","Double-crested Cormorant","checklist_reporting","did_early_egg","Early egg (4 to 14 d)",0.0202689289246931,0.0379483279779553,-0.0541084271856129,0.0946462850349992,1.0204757385713,0.947329384673951,1.09926995811605,0.593259096985667,0.785667452764802,217200,"completed"
"post_stage4a_staged_refit_v1_s2_detectability","atx_a444854c6b66","Double-crested Cormorant","checklist_reporting","did_late_egg","Late egg (15 to 28 d)",0.0191383418667795,0.0370970337212666,-0.0535705081601709,0.0918471918937299,1.0193226538625,0.947839108256043,1.09619730144815,0.605924589793885,0.761289869228215,217200,"completed"
"post_stage4a_staged_refit_v1_s2_detectability","atx_a444854c6b66","Double-crested Cormorant","checklist_reporting","did_active_0_14_day","Active composite (0 to 14 d)",0.0240048544553897,0.03442943956531,-0.0434756071005162,0.0914853160112957,1.02429529027434,0.957455908931866,1.09580068584951,0.485665840455868,0.629532014993949,217200,"completed"
"post_stage4a_staged_refit_v1_s2_detectability","atx_a444854c6b66","Double-crested Cormorant","conditional_positive_numeric_count","did_early_pre","Early pre (-14 to -8 d)",-0.0289171331553702,0.0286857830865387,-0.0851402348733143,0.0273059685625738,0.971496966019245,0.918383485978843,1.02768219310766,0.313423271619268,0.767887015467206,29011,"completed"
"post_stage4a_staged_refit_v1_s2_detectability","atx_a444854c6b66","Double-crested Cormorant","conditional_positive_numeric_count","did_immediate_pre","Immediate pre (-7 to -1 d)",0.054239732542187,0.028803647781848,-0.00221437973361203,0.110693844817986,1.05573766649466,0.997788070196498,1.11705286297529,0.0596887769587699,0.584950014195945,29011,"completed"
"post_stage4a_staged_refit_v1_s2_detectability","atx_a444854c6b66","Double-crested Cormorant","conditional_positive_numeric_count","did_pre_14_day","Pre-onset (-14 to -1 d)",0.0126612996934084,0.0229114220023412,-0.0322442622657791,0.0575668616525958,1.01274179330755,0.968270041357199,1.05925609189992,0.580523952868562,0.836637461487045,29011,"completed"
"post_stage4a_staged_refit_v1_s2_detectability","atx_a444854c6b66","Double-crested Cormorant","conditional_positive_numeric_count","did_spawn_start","Spawn start (0 to 3 d)",0.135454528085969,0.0303327513111178,0.0760034279641675,0.19490562820777,1.14505712671138,1.07896627280867,1.21519630082545,7.98373649597043e-06,5.5886155471793e-05,29011,"completed"
"post_stage4a_staged_refit_v1_s2_detectability","atx_a444854c6b66","Double-crested Cormorant","conditional_positive_numeric_count","did_early_egg","Early egg (4 to 14 d)",0.100540986586482,0.0235692518991277,0.0543461017216394,0.146735871451325,1.10576896247051,1.05584997041669,1.15804804908083,1.99214727364288e-05,7.50886280065395e-05,29011,"completed"
"post_stage4a_staged_refit_v1_s2_detectability","atx_a444854c6b66","Double-crested Cormorant","conditional_positive_numeric_count","did_late_egg","Late egg (15 to 28 d)",0.0821979105550439,0.0230372203289228,0.0370457884064413,0.127350032703647,1.08567065425064,1.03774053623578,1.13581452043539,0.000359650471905196,0.00220285914041933,29011,"completed"
"post_stage4a_staged_refit_v1_s2_detectability","atx_a444854c6b66","Double-crested Cormorant","conditional_positive_numeric_count","did_active_0_14_day","Active composite (0 to 14 d)",0.109851264319678,0.0213950739826438,0.0679176898671267,0.15178483877223,1.11611205242734,1.07027721019375,1.16390978123141,2.83017655289839e-07,1.15565542576684e-06,29011,"completed"
"post_stage4a_staged_refit_v1_s2_detectability","atx_aa5353f6d6d2","Iceland Gull","checklist_reporting","did_early_pre","Early pre (-14 to -8 d)",0.0610542135174816,0.0614739578581043,-0.0594325298715357,0.181540956906499,1.06295653923808,0.942299108488404,1.19906364564165,0.320626142287007,0.90612521393875,217184,"completed"
"post_stage4a_staged_refit_v1_s2_detectability","atx_aa5353f6d6d2","Iceland Gull","checklist_reporting","did_immediate_pre","Immediate pre (-7 to -1 d)",0.0673998318049939,0.0596915727916742,-0.0495935010472386,0.184393164657226,1.06972310199882,0.9516161768675,1.20248850615042,0.258840975112738,0.603962275263055,217184,"completed"
"post_stage4a_staged_refit_v1_s2_detectability","atx_aa5353f6d6d2","Iceland Gull","checklist_reporting","did_pre_14_day","Pre-onset (-14 to -1 d)",0.0642270226612378,0.0498906851421126,-0.0335569233813304,0.162010968703806,1.0663344533699,0.966999864762654,1.17587313905444,0.197970583598166,0.836123145327577,217184,"completed"
"post_stage4a_staged_refit_v1_s2_detectability","atx_aa5353f6d6d2","Iceland Gull","checklist_reporting","did_spawn_start","Spawn start (0 to 3 d)",0.41281321080582,0.0622547328651931,0.290796176522879,0.53483024508876,1.5110627493784,1.33749194390713,1.70715841912955,3.33344866293865e-11,1.63338984483994e-09,217184,"completed"
"post_stage4a_staged_refit_v1_s2_detectability","atx_aa5353f6d6d2","Iceland Gull","checklist_reporting","did_early_egg","Early egg (4 to 14 d)",0.31345296238228,0.0522894000094434,0.210967621590563,0.415938303173998,1.36814110714986,1.23487237121085,1.51579234640893,2.04012715139642e-09,9.99662304184245e-08,217184,"completed"
"post_stage4a_staged_refit_v1_s2_detectability","atx_aa5353f6d6d2","Iceland Gull","checklist_reporting","did_late_egg","Late egg (15 to 28 d)",0.214305787819177,0.0552705368547328,0.105977526177707,0.322634049460647,1.23900146842919,1.11179688990003,1.38075996858358,0.000105580205352238,0.00129335751556492,217184,"completed"
"post_stage4a_staged_refit_v1_s2_detectability","atx_aa5353f6d6d2","Iceland Gull","checklist_reporting","did_active_0_14_day","Active composite (0 to 14 d)",0.339949028628558,0.0476802663619838,0.246497423785793,0.433400633471323,1.40487598028315,1.27953588685483,1.54249407168091,1.00541439336879e-12,4.92653052750708e-11,217184,"completed"
"post_stage4a_staged_refit_v1_s2_detectability","atx_aa5353f6d6d2","Iceland Gull","conditional_positive_numeric_count","did_early_pre","Early pre (-14 to -8 d)",0.132024096326557,0.065979716248041,0.00270622877022408,0.261341963882889,1.14113581611722,1.00270989391279,1.2986716883226,0.0453945391995321,0.588291386496593,4317,"completed"
"post_stage4a_staged_refit_v1_s2_detectability","atx_aa5353f6d6d2","Iceland Gull","conditional_positive_numeric_count","did_immediate_pre","Immediate pre (-7 to -1 d)",0.107478168909494,0.0638293889516452,-0.0176251345909295,0.232581472409918,1.11346655229212,0.982529279572728,1.26185324839627,0.0922135314802199,0.637110884070194,4317,"completed"
"post_stage4a_staged_refit_v1_s2_detectability","atx_aa5353f6d6d2","Iceland Gull","conditional_positive_numeric_count","did_pre_14_day","Pre-onset (-14 to -1 d)",0.119751132618025,0.0540820086885153,0.0137523433769531,0.225749921859098,1.12721628930259,1.0138473418354,1.2532622126018,0.0268115290096419,0.427268863174163,4317,"completed"
"post_stage4a_staged_refit_v1_s2_detectability","atx_aa5353f6d6d2","Iceland Gull","conditional_positive_numeric_count","did_spawn_start","Spawn start (0 to 3 d)",0.289153598832671,0.0609941135441754,0.16960733301714,0.408699864648201,1.33529681280947,1.18483951260818,1.50485999101615,2.13001697220628e-06,2.40306152131984e-05,4317,"completed"
"post_stage4a_staged_refit_v1_s2_detectability","atx_aa5353f6d6d2","Iceland Gull","conditional_positive_numeric_count","did_early_egg","Early egg (4 to 14 d)",0.347201441272855,0.0574602028734345,0.234581513096558,0.459821369449151,1.41510175656,1.26437953172623,1.58379104625746,1.5177439051102e-09,9.29618141879996e-09,4317,"completed"
"post_stage4a_staged_refit_v1_s2_detectability","atx_aa5353f6d6d2","Iceland Gull","conditional_positive_numeric_count","did_late_egg","Late egg (15 to 28 d)",0.0690367770271673,0.0604110270581267,-0.0493666602758358,0.18744021433017,1.07147561411151,0.951832066700522,1.20615813629324,0.253128133030618,0.477049173788473,4317,"completed"
"post_stage4a_staged_refit_v1_s2_detectability","atx_aa5353f6d6d2","Iceland Gull","conditional_positive_numeric_count","did_active_0_14_day","Active composite (0 to 14 d)",0.331722016622139,0.0515332168225336,0.230718767642479,0.432725265601798,1.39336546223375,1.25950497608267,1.54145267244934,1.21815895620489e-10,8.52711269343425e-10,4317,"completed"
"post_stage4a_staged_refit_v1_s2_detectability","atx_acf526bb8010","Marbled Murrelet","checklist_reporting","did_early_pre","Early pre (-14 to -8 d)",-0.126438196189327,0.142647523067113,-0.406022203884714,0.153145811506061,0.881228611146774,0.666295372914993,1.16549490912155,0.375419270400857,0.90612521393875,217200,"completed"
"post_stage4a_staged_refit_v1_s2_detectability","atx_acf526bb8010","Marbled Murrelet","checklist_reporting","did_immediate_pre","Immediate pre (-7 to -1 d)",0.128769519070507,0.132857417959957,-0.131626235209994,0.389165273351007,1.137427938504,0.87666860170747,1.4757484330677,0.332429980993669,0.666606726381995,217200,"completed"
"post_stage4a_staged_refit_v1_s2_detectability","atx_acf526bb8010","Marbled Murrelet","checklist_reporting","did_pre_14_day","Pre-onset (-14 to -1 d)",0.00116566144059002,0.111885165155036,-0.218125232667597,0.220456555548777,1.00116634108794,0.804024745197793,1.24664576372067,0.991687491006317,0.997618422710479,217200,"completed"
"post_stage4a_staged_refit_v1_s2_detectability","atx_acf526bb8010","Marbled Murrelet","checklist_reporting","did_spawn_start","Spawn start (0 to 3 d)",-0.0220661376239326,0.129243001617308,-0.275377766047708,0.231245490799843,0.978175538705883,0.759285236857405,1.26016856126789,0.864433152402739,0.90968333158938,217200,"completed"
"post_stage4a_staged_refit_v1_s2_detectability","atx_acf526bb8010","Marbled Murrelet","checklist_reporting","did_early_egg","Early egg (4 to 14 d)",-0.0476248261880928,0.107783680439227,-0.258876957970151,0.163627305593966,0.953491445001408,0.771917995557828,1.17777528302586,0.658593678801736,0.827463852853463,217200,"completed"
"post_stage4a_staged_refit_v1_s2_detectability","atx_acf526bb8010","Marbled Murrelet","checklist_reporting","did_late_egg","Late egg (15 to 28 d)",-0.031846961692674,0.101411300348945,-0.23060945800198,0.166915534616632,0.968654812029294,0.794049515171879,1.18165445219673,0.753492479190702,0.858930343275496,217200,"completed"
"post_stage4a_staged_refit_v1_s2_detectability","atx_acf526bb8010","Marbled Murrelet","checklist_reporting","did_active_0_14_day","Active composite (0 to 14 d)",-0.0408091759043167,0.0981443642378351,-0.233168595096054,0.151550243287421,0.960012305950173,0.792020031574071,1.16363676527742,0.677550772095301,0.788064443187755,217200,"completed"
"post_stage4a_staged_refit_v1_s2_detectability","atx_acf526bb8010","Marbled Murrelet","conditional_positive_numeric_count","did_early_pre","Early pre (-14 to -8 d)",0.0580229187059969,0.0924554884564656,-0.123186508841734,0.239232346253728,1.05973928328503,0.884098754948171,1.27027364562154,0.530281216966226,0.954276229530258,3103,"completed"
"post_stage4a_staged_refit_v1_s2_detectability","atx_acf526bb8010","Marbled Murrelet","conditional_positive_numeric_count","did_immediate_pre","Immediate pre (-7 to -1 d)",0.0443789632354257,0.0982200571352751,-0.14812881130918,0.236886737780031,1.04537843982869,0.862320031215626,1.26729757270987,0.651390026762214,0.911946037467099,3103,"completed"
"post_stage4a_staged_refit_v1_s2_detectability","atx_acf526bb8010","Marbled Murrelet","conditional_positive_numeric_count","did_pre_14_day","Pre-onset (-14 to -1 d)",0.0512009409707113,0.0756065701782911,-0.0969852135733393,0.199387095514762,1.05253436931327,0.907569425742812,1.22065438429569,0.498277627537974,0.762487637957128,3103,"completed"
"post_stage4a_staged_refit_v1_s2_detectability","atx_acf526bb8010","Marbled Murrelet","conditional_positive_numeric_count","did_spawn_start","Spawn start (0 to 3 d)",-0.00870822624330193,0.0860795459602176,-0.177421036130889,0.160004583644285,0.991329580535928,0.837427123210769,1.17351624996053,0.919419581752237,1,3103,"completed"
"post_stage4a_staged_refit_v1_s2_detectability","atx_acf526bb8010","Marbled Murrelet","conditional_positive_numeric_count","did_early_egg","Early egg (4 to 14 d)",0.151622031741667,0.0731494181824687,0.00825180661396918,0.294992256869365,1.16372030396062,1.00828594661111,1.34311595872369,0.0381935468105875,0.081368860596469,3103,"completed"
"post_stage4a_staged_refit_v1_s2_detectability","atx_acf526bb8010","Marbled Murrelet","conditional_positive_numeric_count","did_late_egg","Late egg (15 to 28 d)",0.0243791823826224,0.0690272938326203,-0.110911827479577,0.159670192244822,1.02467878437903,0.895017661413053,1.173123901822,0.723952167631737,0.887553709581999,3103,"completed"
"post_stage4a_staged_refit_v1_s2_detectability","atx_acf526bb8010","Marbled Murrelet","conditional_positive_numeric_count","did_active_0_14_day","Active composite (0 to 14 d)",0.108867296279009,0.0653868826106764,-0.0192886386992653,0.237023231257283,1.11501437396677,0.980896196776164,1.267470562368,0.0959184411314127,0.174074207979231,3103,"completed"
"post_stage4a_staged_refit_v1_s2_detectability","atx_b3d3ea90f9cb","Canada Goose","checklist_reporting","did_early_pre","Early pre (-14 to -8 d)",0.0721841488752582,0.0364728894622565,0.00069859911712504,0.143669698633391,1.07485325885905,1.00069884319432,1.154502711717,0.0478027321090687,0.585583468336092,217083,"completed"
"post_stage4a_staged_refit_v1_s2_detectability","atx_b3d3ea90f9cb","Canada Goose","checklist_reporting","did_immediate_pre","Immediate pre (-7 to -1 d)",0.0873002676774045,0.0351355817606161,0.0184357928507345,0.156164742504075,1.0912242899135,1.01860678123225,1.16901877430729,0.0129672181672014,0.105898948365478,217083,"completed"
"post_stage4a_staged_refit_v1_s2_detectability","atx_b3d3ea90f9cb","Canada Goose","checklist_reporting","did_pre_14_day","Pre-onset (-14 to -1 d)",0.0797422082763313,0.0290820020073699,0.0227425317435649,0.136741884809098,1.08300784122723,1.02300311480862,1.14653217295345,0.00610704408731226,0.14962258013915,217083,"completed"
"post_stage4a_staged_refit_v1_s2_detectability","atx_b3d3ea90f9cb","Canada Goose","checklist_reporting","did_spawn_start","Spawn start (0 to 3 d)",0.0469295468941234,0.0404586307722671,-0.032367912283324,0.126227006071571,1.04804816822997,0.968150322151391,1.13453968645009,0.24607361074018,0.365382028068752,217083,"completed"
"post_stage4a_staged_refit_v1_s2_detectability","atx_b3d3ea90f9cb","Canada Goose","checklist_reporting","did_early_egg","Early egg (4 to 14 d)",0.0606874669512861,0.0301591825626837,0.00157655532525769,0.119798378577314,1.062566775054,1.00157779874196,1.1272695469756,0.044194806516835,0.123236801407387,217083,"completed"
"post_stage4a_staged_refit_v1_s2_detectability","atx_b3d3ea90f9cb","Canada Goose","checklist_reporting","did_late_egg","Late egg (15 to 28 d)",0.119707627224575,0.028192744609917,0.0644508631638016,0.174964391285348,1.12716725038115,1.06657316892595,1.19120379862098,2.17578157901104e-05,0.000355377657905136,217083,"completed"
"post_stage4a_staged_refit_v1_s2_detectability","atx_b3d3ea90f9cb","Canada Goose","checklist_reporting","did_active_0_14_day","Active composite (0 to 14 d)",0.057018688269376,0.0276892668456401,0.00274872249360234,0.11128865404515,1.05867559502533,1.00275250369497,1.11771749397015,0.0394717980154609,0.0992052183417499,217083,"completed"
"post_stage4a_staged_refit_v1_s2_detectability","atx_b3d3ea90f9cb","Canada Goose","conditional_positive_numeric_count","did_early_pre","Early pre (-14 to -8 d)",-0.0443763158021273,0.0246686862468253,-0.0927260523918234,0.00397342078756884,0.956593908327282,0.911443153770558,1.00398132528978,0.0720356799791747,0.588291386496593,68271,"completed"
"post_stage4a_staged_refit_v1_s2_detectability","atx_b3d3ea90f9cb","Canada Goose","conditional_positive_numeric_count","did_immediate_pre","Immediate pre (-7 to -1 d)",-0.00474767165442094,0.0231327914202627,-0.050087109700013,0.0405917663911711,0.995263580724072,0.951146566799809,1.04142687330352,0.837388079331111,1,68271,"completed"
"post_stage4a_staged_refit_v1_s2_detectability","atx_b3d3ea90f9cb","Canada Goose","conditional_positive_numeric_count","did_pre_14_day","Pre-onset (-14 to -1 d)",-0.0245619937282741,0.0195293789754157,-0.0628388731605226,0.0137148857039744,0.975737197456695,0.93909477487251,1.01380936618447,0.208502239834653,0.63547812944005,68271,"completed"
"post_stage4a_staged_refit_v1_s2_detectability","atx_b3d3ea90f9cb","Canada Goose","conditional_positive_numeric_count","did_spawn_start","Spawn start (0 to 3 d)",0.0275455079518789,0.026585747519581,-0.0245615996885749,0.0796526155923326,1.0279283929587,0.975737581935963,1.08291081599439,0.300155229971669,0.537865670100376,68271,"completed"
"post_stage4a_staged_refit_v1_s2_detectability","atx_b3d3ea90f9cb","Canada Goose","conditional_positive_numeric_count","did_early_egg","Early egg (4 to 14 d)",0.0429320875128909,0.0202853932070595,0.00317344741482072,0.082690727610961,1.04386700083911,1.00317848812981,1.0862058231255,0.0343104613843208,0.0764187549014418,68271,"completed"
"post_stage4a_staged_refit_v1_s2_detectability","atx_b3d3ea90f9cb","Canada Goose","conditional_positive_numeric_count","did_late_egg","Late egg (15 to 28 d)",0.0566966925328145,0.0186699189348318,0.0201043238262617,0.0932890612393672,1.05833476087385,1.02030777688596,1.09777901477183,0.00239109027692241,0.0117163423569198,68271,"completed"
"post_stage4a_staged_refit_v1_s2_detectability","atx_b3d3ea90f9cb","Canada Goose","conditional_positive_numeric_count","did_active_0_14_day","Active composite (0 to 14 d)",0.0388289996299543,0.0186024886680357,0.00236879181778981,0.0752892074421188,1.03959269771385,1.00237159962172,1.07819592808478,0.0368609032268862,0.0820992844598829,68271,"completed"
"post_stage4a_staged_refit_v1_s2_detectability","atx_c12b832d2b03","California Gull","checklist_reporting","did_early_pre","Early pre (-14 to -8 d)",-0.0759654705983316,0.0614939697387187,-0.196491436552616,0.044560495355953,0.92684820952097,0.82160836706515,1.04556822681932,0.216706957008299,0.90612521393875,217200,"completed"
"post_stage4a_staged_refit_v1_s2_detectability","atx_c12b832d2b03","California Gull","checklist_reporting","did_immediate_pre","Immediate pre (-7 to -1 d)",-0.147120159866312,0.0573947821826447,-0.259611865844817,-0.034628453887807,0.863190250359445,0.771350915345677,0.965964249853375,0.0103681820134972,0.105898948365478,217200,"completed"
"post_stage4a_staged_refit_v1_s2_detectability","atx_c12b832d2b03","California Gull","checklist_reporting","did_pre_14_day","Pre-onset (-14 to -1 d)",-0.111542815232322,0.049997951070382,-0.209536998631066,-0.0135486318335771,0.894453094366389,0.810959634481699,0.98654273776886,0.0256845918593224,0.25170900022136,217200,"completed"
"post_stage4a_staged_refit_v1_s2_detectability","atx_c12b832d2b03","California Gull","checklist_reporting","did_spawn_start","Spawn start (0 to 3 d)",0.277666005943759,0.0608576583038302,0.158387187484807,0.396944824402712,1.32004523631114,1.17161974339941,1.48727386656346,5.05364607048906e-06,4.1271442908994e-05,217200,"completed"
"post_stage4a_staged_refit_v1_s2_detectability","atx_c12b832d2b03","California Gull","checklist_reporting","did_early_egg","Early egg (4 to 14 d)",0.118965330437557,0.0498584418774428,0.0212445800324851,0.216686080842628,1.12633086821306,1.02147185270702,1.2419541677312,0.0170298826278588,0.0641895575973138,217200,"completed"
"post_stage4a_staged_refit_v1_s2_detectability","atx_c12b832d2b03","California Gull","checklist_reporting","did_late_egg","Late egg (15 to 28 d)",0.0158523764439245,0.0505348915541619,-0.0831941909648701,0.114898943852719,1.01597869194768,0.920172440694985,1.12176007109289,0.753755199200945,0.858930343275496,217200,"completed"
"post_stage4a_staged_refit_v1_s2_detectability","atx_c12b832d2b03","California Gull","checklist_reporting","did_active_0_14_day","Active composite (0 to 14 d)",0.161285510572544,0.0466743756028654,0.0698054153900329,0.252765605755055,1.17502040167441,1.07229950797104,1.2875814397822,0.000549176913974065,0.00298996319830324,217200,"completed"
"post_stage4a_staged_refit_v1_s2_detectability","atx_c12b832d2b03","California Gull","conditional_positive_numeric_count","did_early_pre","Early pre (-14 to -8 d)",0.0114896417090624,0.0640860888220164,-0.114116784292125,0.137096067710249,1.01155590116501,0.892153760252963,1.14693832696689,0.857714325235577,0.977395393873099,6644,"completed"
"post_stage4a_staged_refit_v1_s2_detectability","atx_c12b832d2b03","California Gull","conditional_positive_numeric_count","did_immediate_pre","Immediate pre (-7 to -1 d)",0.00480675393972198,0.0575237865065028,-0.107937795867395,0.117551303746839,1.00481832491362,0.897683434313129,1.1247393318055,0.933405354087816,1,6644,"completed"
"post_stage4a_staged_refit_v1_s2_detectability","atx_c12b832d2b03","California Gull","conditional_positive_numeric_count","did_pre_14_day","Pre-onset (-14 to -1 d)",0.00814819782439218,0.051503208468757,-0.0927962358626297,0.109092631511414,1.00818148473631,0.911379187771287,1.11526565429996,0.874293233292961,1,6644,"completed"
"post_stage4a_staged_refit_v1_s2_detectability","atx_c12b832d2b03","California Gull","conditional_positive_numeric_count","did_spawn_start","Spawn start (0 to 3 d)",0.165302793010208,0.0540459521599861,0.0593746732664608,0.271230912753956,1.17975028477499,1.06117275932973,1.31157789548403,0.00222403461191856,0.00990706327127359,6644,"completed"
"post_stage4a_staged_refit_v1_s2_detectability","atx_c12b832d2b03","California Gull","conditional_positive_numeric_count","did_early_egg","Early egg (4 to 14 d)",0.176050750651951,0.0491840051998204,0.0796518718448727,0.27244962945903,1.19249857719522,1.08291001058252,1.31317731179498,0.000344343211236452,0.00112485449003908,6644,"completed"
"post_stage4a_staged_refit_v1_s2_detectability","atx_c12b832d2b03","California Gull","conditional_positive_numeric_count","did_late_egg","Late egg (15 to 28 d)",0.124656795736929,0.0512397299954534,0.0242287703682837,0.225084821105575,1.13275961841571,1.02452467196949,1.25242894409431,0.0149819437923033,0.0489410163881907,6644,"completed"
"post_stage4a_staged_refit_v1_s2_detectability","atx_c12b832d2b03","California Gull","conditional_positive_numeric_count","did_active_0_14_day","Active composite (0 to 14 d)",0.173184628614153,0.0462849790386882,0.082467736673133,0.263901520555173,1.18908562404955,1.08596363607409,1.30199996975297,0.000182777705039362,0.000559756721683046,6644,"completed"
"post_stage4a_staged_refit_v1_s2_detectability","atx_c2d1fbbaf6d3","Red-breasted Merganser","checklist_reporting","did_early_pre","Early pre (-14 to -8 d)",0.0383586021135122,0.0480625377419722,-0.0558422408663503,0.132559445093375,1.03910379089003,0.945688315092188,1.14174688532213,0.424813780544723,0.909036536307266,217092,"completed"
"post_stage4a_staged_refit_v1_s2_detectability","atx_c2d1fbbaf6d3","Red-breasted Merganser","checklist_reporting","did_immediate_pre","Immediate pre (-7 to -1 d)",-0.0117741403515277,0.0489849712684475,-0.107782919821414,0.0842346391183587,0.988294903595604,0.897822474740716,1.0878841240359,0.810049401948295,0.995910234697689,217092,"completed"
"post_stage4a_staged_refit_v1_s2_detectability","atx_c2d1fbbaf6d3","Red-breasted Merganser","checklist_reporting","did_pre_14_day","Pre-onset (-14 to -1 d)",0.0132922308809923,0.0395207383330421,-0.0641669928942018,0.0907514546561863,1.01338096530549,0.937848372439252,1.09499681507419,0.736617813921445,0.925494176465406,217092,"completed"
"post_stage4a_staged_refit_v1_s2_detectability","atx_c2d1fbbaf6d3","Red-breasted Merganser","checklist_reporting","did_spawn_start","Spawn start (0 to 3 d)",0.013961322463276,0.0547713491808489,-0.0933885493158553,0.121311194242407,1.01405923686662,0.910839525457783,1.12897618859665,0.798798847711931,0.86980318973077,217092,"completed"
"post_stage4a_staged_refit_v1_s2_detectability","atx_c2d1fbbaf6d3","Red-breasted Merganser","checklist_reporting","did_early_egg","Early egg (4 to 14 d)",-0.0155881145737595,0.0426467182576371,-0.0991741464175551,0.067997917270036,0.984532751245849,0.90558498990914,1.0703630791992,0.714725273238898,0.841563713210244,217092,"completed"
"post_stage4a_staged_refit_v1_s2_detectability","atx_c2d1fbbaf6d3","Red-breasted Merganser","checklist_reporting","did_late_egg","Late egg (15 to 28 d)",0.049002391397037,0.0407293218629619,-0.0308256125691082,0.128830395363182,1.05022286223687,0.969644652172733,1.13749718300773,0.228928655033245,0.41718497440214,217092,"completed"
"post_stage4a_staged_refit_v1_s2_detectability","atx_c2d1fbbaf6d3","Red-breasted Merganser","checklist_reporting","did_active_0_14_day","Active composite (0 to 14 d)",-0.00770826469721672,0.0386294495220741,-0.0834205945030899,0.0680040651086565,0.992321367787875,0.919964133980217,1.0703696596389,0.841837434394446,0.937500779211996,217092,"completed"
"post_stage4a_staged_refit_v1_s2_detectability","atx_c2d1fbbaf6d3","Red-breasted Merganser","conditional_positive_numeric_count","did_early_pre","Early pre (-14 to -8 d)",-0.0315592707079649,0.0324734353220675,-0.0952060343935081,0.0320874929775782,0.968933525375746,0.909185591667399,1.03260784728815,0.331125750431959,0.772626751007904,13364,"completed"
"post_stage4a_staged_refit_v1_s2_detectability","atx_c2d1fbbaf6d3","Red-breasted Merganser","conditional_positive_numeric_count","did_immediate_pre","Immediate pre (-7 to -1 d)",-0.0197814131935291,0.0357623370647362,-0.0898743058433938,0.0503114794563357,0.980412955223207,0.914046068300668,1.05159859672775,0.580170725226655,0.911946037467099,13364,"completed"
"post_stage4a_staged_refit_v1_s2_detectability","atx_c2d1fbbaf6d3","Red-breasted Merganser","conditional_positive_numeric_count","did_pre_14_day","Pre-onset (-14 to -1 d)",-0.025670341950747,0.027541227870346,-0.0796501566666359,0.0283094727651419,0.974656339962182,0.923439348983197,1.0287139941291,0.351300544214002,0.762487637957128,13364,"completed"
"post_stage4a_staged_refit_v1_s2_detectability","atx_c2d1fbbaf6d3","Red-breasted Merganser","conditional_positive_numeric_count","did_spawn_start","Spawn start (0 to 3 d)",0.174919630657753,0.0398589983968372,0.0967974293401122,0.253041831975394,1.19115048078464,1.10163719164385,1.28793715266304,1.14155985901278e-05,6.99205413645329e-05,13364,"completed"
"post_stage4a_staged_refit_v1_s2_detectability","atx_c2d1fbbaf6d3","Red-breasted Merganser","conditional_positive_numeric_count","did_early_egg","Early egg (4 to 14 d)",0.0794406448431882,0.0302149976610739,0.0202203376345213,0.138660952051855,1.0826812949042,1.02042615354328,1.1487345578758,0.00855912325792848,0.0220735284020261,13364,"completed"
"post_stage4a_staged_refit_v1_s2_detectability","atx_c2d1fbbaf6d3","Red-breasted Merganser","conditional_positive_numeric_count","did_late_egg","Late egg (15 to 28 d)",0.0572381817471493,0.0283009393495966,0.00176935989328759,0.112707003601011,1.05890799291749,1.00177092613412,1.11930393287781,0.0431264305890422,0.117399727714615,13364,"completed"
"post_stage4a_staged_refit_v1_s2_detectability","atx_c2d1fbbaf6d3","Red-breasted Merganser","conditional_positive_numeric_count","did_active_0_14_day","Active composite (0 to 14 d)",0.104901707727072,0.0272556008151659,0.0514817117523463,0.158321703701798,1.11060144145057,1.05282993170154,1.17154302381834,0.000118691622755727,0.000387725967668709,13364,"completed"
"post_stage4a_staged_refit_v1_s2_detectability","atx_c34f23342a55","Pacific Loon","checklist_reporting","did_early_pre","Early pre (-14 to -8 d)",-0.0570717040003172,0.0623648620238563,-0.179304587467885,0.065161179467251,0.944526340621314,0.835851270798563,1.06733104236973,0.360125509966695,0.90612521393875,217200,"completed"
"post_stage4a_staged_refit_v1_s2_detectability","atx_c34f23342a55","Pacific Loon","checklist_reporting","did_immediate_pre","Immediate pre (-7 to -1 d)",-0.00109088685364915,0.0658001707257668,-0.130056851652739,0.127875077945441,0.998909707947108,0.878045511163075,1.13641103102873,0.986772649711786,0.995910234697689,217200,"completed"
"post_stage4a_staged_refit_v1_s2_detectability","atx_c34f23342a55","Pacific Loon","checklist_reporting","did_pre_14_day","Pre-onset (-14 to -1 d)",-0.0290812954269832,0.0525748625998651,-0.132126132614861,0.0739635417608942,0.97133749596028,0.876230466868907,1.07676754773187,0.58016708043138,0.836123145327577,217200,"completed"
"post_stage4a_staged_refit_v1_s2_detectability","atx_c34f23342a55","Pacific Loon","checklist_reporting","did_spawn_start","Spawn start (0 to 3 d)",-0.0816704027018099,0.068935969150575,-0.216782419476301,0.0534416140726813,0.921575657491235,0.805105125443855,1.05489539892344,0.236124836827023,0.361566156391379,217200,"completed"
"post_stage4a_staged_refit_v1_s2_detectability","atx_c34f23342a55","Pacific Loon","checklist_reporting","did_early_egg","Early egg (4 to 14 d)",-0.107402975183504,0.0578161574927269,-0.220720561593744,0.00591461122673663,0.898163662387893,0.801940742025874,1.00593213707554,0.0632167910326224,0.147505845742786,217200,"completed"
"post_stage4a_staged_refit_v1_s2_detectability","atx_c34f23342a55","Pacific Loon","checklist_reporting","did_late_egg","Late egg (15 to 28 d)",0.019224061752645,0.0559389029381237,-0.0904141733407593,0.128862296846049,1.0194100338291,0.913552737715854,1.13753347143345,0.731100673650069,0.858930343275496,217200,"completed"
"post_stage4a_staged_refit_v1_s2_detectability","atx_c34f23342a55","Pacific Loon","checklist_reporting","did_active_0_14_day","Active composite (0 to 14 d)",-0.100540955855052,0.0518643286260771,-0.202193172044513,0.00111126033440896,0.904348073305685,0.816937103288591,1.00111187801295,0.0525576570525274,0.122634533122564,217200,"completed"
"post_stage4a_staged_refit_v1_s2_detectability","atx_c34f23342a55","Pacific Loon","conditional_positive_numeric_count","did_early_pre","Early pre (-14 to -8 d)",-0.0671918049942797,0.0640618746671189,-0.192750772123952,0.0583671621353921,0.935015843427955,0.824687483638647,1.06010415436881,0.294243512464423,0.758838532145091,6049,"completed"
"post_stage4a_staged_refit_v1_s2_detectability","atx_c34f23342a55","Pacific Loon","conditional_positive_numeric_count","did_immediate_pre","Immediate pre (-7 to -1 d)",-0.0329555235816044,0.0712569220578529,-0.172616524464174,0.106705477300965,0.967581593195805,0.841460232396195,1.11260651834408,0.643730880447207,0.911946037467099,6049,"completed"
"post_stage4a_staged_refit_v1_s2_detectability","atx_c34f23342a55","Pacific Loon","conditional_positive_numeric_count","did_pre_14_day","Pre-onset (-14 to -1 d)",-0.0500736642879421,0.0554993675138817,-0.158850425779902,0.0587030972040184,0.951159355443314,0.853123954776554,1.06046034035499,0.366930204515876,0.762487637957128,6049,"completed"
"post_stage4a_staged_refit_v1_s2_detectability","atx_c34f23342a55","Pacific Loon","conditional_positive_numeric_count","did_spawn_start","Spawn start (0 to 3 d)",0.142348362141625,0.074479908752073,-0.00362957658426746,0.288326300867518,1.15297823255095,0.996377002366814,1.33419258130058,0.0559748126430088,0.161339165853378,6049,"completed"
"post_stage4a_staged_refit_v1_s2_detectability","atx_c34f23342a55","Pacific Loon","conditional_positive_numeric_count","did_early_egg","Early egg (4 to 14 d)",0.0999719392064787,0.0601923032516841,-0.0180028073133353,0.217946685726293,1.10513990653782,0.982158275128407,1.24352076844512,0.0967383955212649,0.163454530363517,6049,"completed"
"post_stage4a_staged_refit_v1_s2_detectability","atx_c34f23342a55","Pacific Loon","conditional_positive_numeric_count","did_late_egg","Late egg (15 to 28 d)",0.0821024263665839,0.0591199525831914,-0.0337705514641869,0.197975404197355,1.08556699481828,0.966793308499317,1.21893241283188,0.16491088238045,0.336693051526752,6049,"completed"
"post_stage4a_staged_refit_v1_s2_detectability","atx_c34f23342a55","Pacific Loon","conditional_positive_numeric_count","did_active_0_14_day","Active composite (0 to 14 d)",0.111272318655851,0.0538392723905959,0.00574928381644138,0.216795353495261,1.11769923576889,1.00576584266728,1.24208988677261,0.0387577128159627,0.0825707794774859,6049,"completed"
"post_stage4a_staged_refit_v1_s2_detectability","atx_c9db024faf12","American Crow","checklist_reporting","did_early_pre","Early pre (-14 to -8 d)",-0.0594563220232921,0.032947295548836,-0.124031834687007,0.00511919064042328,0.942276689431715,0.883351719209632,1.00513231608449,0.0711390449256369,0.620825464244556,217200,"completed"
"post_stage4a_staged_refit_v1_s2_detectability","atx_c9db024faf12","American Crow","checklist_reporting","did_immediate_pre","Immediate pre (-7 to -1 d)",0.0209251994242452,0.0318590108363391,-0.0415173143980507,0.0833677132465411,1.02114566649695,0.959332724929011,1.08694141783047,0.511305464851005,0.863929923368939,217200,"completed"
"post_stage4a_staged_refit_v1_s2_detectability","atx_c9db024faf12","American Crow","checklist_reporting","did_pre_14_day","Pre-onset (-14 to -1 d)",-0.0192655612995234,0.0263687123794854,-0.0709472878820102,0.0324161652829633,0.980918833571001,0.93151099275084,1.03294729266997,0.465010072206965,0.836123145327577,217200,"completed"
"post_stage4a_staged_refit_v1_s2_detectability","atx_c9db024faf12","American Crow","checklist_reporting","did_spawn_start","Spawn start (0 to 3 d)",-0.00988481070054105,0.0365794696263962,-0.0815792537418543,0.0618096323407722,0.990163883464474,0.921659661982339,1.06375981998465,0.786984562983792,0.86980318973077,217200,"completed"
"post_stage4a_staged_refit_v1_s2_detectability","atx_c9db024faf12","American Crow","checklist_reporting","did_early_egg","Early egg (4 to 14 d)",0.0230162569661773,0.0271554317985362,-0.0302074113435873,0.0762399252759419,1.02328317489196,0.970244273009098,1.07922147560788,0.396674869099205,0.607408393308157,217200,"completed"
"post_stage4a_staged_refit_v1_s2_detectability","atx_c9db024faf12","American Crow","checklist_reporting","did_late_egg","Late egg (15 to 28 d)",-0.0502868364641503,0.0257044538342899,-0.100666640221631,9.29672933302761e-05,0.950956616343528,0.904234418033419,1.00009297161492,0.0504242667019408,0.190060697568854,217200,"completed"
"post_stage4a_staged_refit_v1_s2_detectability","atx_c9db024faf12","American Crow","checklist_reporting","did_active_0_14_day","Active composite (0 to 14 d)",0.0142426389217191,0.0250065445931396,-0.0347692878586293,0.0632545657020675,1.01434454854934,0.965828218851514,1.06529799304812,0.568978569048227,0.714870509829824,217200,"completed"
"post_stage4a_staged_refit_v1_s2_detectability","atx_c9db024faf12","American Crow","conditional_positive_numeric_count","did_early_pre","Early pre (-14 to -8 d)",-0.00439835832858116,0.0163774119655439,-0.0364974959410226,0.0277007792838603,0.995611300283544,0.964160508208077,1.02808801316136,0.788266390517553,0.977395393873099,112180,"completed"
"post_stage4a_staged_refit_v1_s2_detectability","atx_c9db024faf12","American Crow","conditional_positive_numeric_count","did_immediate_pre","Immediate pre (-7 to -1 d)",-0.0275376165492238,0.015333312897628,-0.0575903575922581,0.00251512449381057,0.972838087053372,0.944036585659632,1.00251829007281,0.0725050289858698,0.592124403384603,112180,"completed"
"post_stage4a_staged_refit_v1_s2_detectability","atx_c9db024faf12","American Crow","conditional_positive_numeric_count","did_pre_14_day","Pre-onset (-14 to -1 d)",-0.0159679874389025,0.0128642466201298,-0.041181447502598,0.00924547262479303,0.98415882499552,0.959654987148615,1.00928834402709,0.214506481517133,0.63547812944005,112180,"completed"
"post_stage4a_staged_refit_v1_s2_detectability","atx_c9db024faf12","American Crow","conditional_positive_numeric_count","did_spawn_start","Spawn start (0 to 3 d)",-0.0120574256241096,0.0174856536976936,-0.0463286771177287,0.0222138258695095,0.988014973856306,0.954728113331566,1.02246239000743,0.49047027228194,0.682747692115176,112180,"completed"
"post_stage4a_staged_refit_v1_s2_detectability","atx_c9db024faf12","American Crow","conditional_positive_numeric_count","did_early_egg","Early egg (4 to 14 d)",-0.00141707133050517,0.0131901902626711,-0.0272693691945714,0.024435226533561,0.998583932240973,0.97309908330094,1.02473621324074,0.914444897209006,0.995728888072029,112180,"completed"
"post_stage4a_staged_refit_v1_s2_detectability","atx_c9db024faf12","American Crow","conditional_positive_numeric_count","did_late_egg","Late egg (15 to 28 d)",-0.0202378131586428,0.0125310029098199,-0.0447981275520564,0.00432250123477092,0.979965596879578,0.956190490865933,1.00433185671807,0.106306487558147,0.236773540470419,112180,"completed"
"post_stage4a_staged_refit_v1_s2_detectability","atx_c9db024faf12","American Crow","conditional_positive_numeric_count","did_active_0_14_day","Active composite (0 to 14 d)",-0.00425449914213302,0.0121427616891279,-0.0280538747256765,0.0195448764414105,0.995754538418035,0.972335981055881,1.01973712800733,0.726058582647742,0.827369082552079,112180,"completed"
"post_stage4a_staged_refit_v1_s2_detectability","atx_d002764a39e8","Lesser Scaup","checklist_reporting","did_early_pre","Early pre (-14 to -8 d)",0.00362588914757296,0.0922405932648949,-0.177162351564229,0.184414129859375,1.00363247063581,0.837643780705012,1.2025137168293,0.968643999506754,0.999933431101863,216290,"completed"
"post_stage4a_staged_refit_v1_s2_detectability","atx_d002764a39e8","Lesser Scaup","checklist_reporting","did_immediate_pre","Immediate pre (-7 to -1 d)",-0.15151242946484,0.0974040884606028,-0.342420934794575,0.0393960758648945,0.859407200234962,0.710049257356636,1.04018239321209,0.119826130928496,0.374330754797893,216290,"completed"
"post_stage4a_staged_refit_v1_s2_detectability","atx_d002764a39e8","Lesser Scaup","checklist_reporting","did_pre_14_day","Pre-onset (-14 to -1 d)",-0.0739432701586337,0.0753254890787536,-0.221578515870856,0.0736919755535884,0.928724378733549,0.801253008600365,1.07647517375403,0.326272280959936,0.836123145327577,216290,"completed"
"post_stage4a_staged_refit_v1_s2_detectability","atx_d002764a39e8","Lesser Scaup","checklist_reporting","did_spawn_start","Spawn start (0 to 3 d)",0.169803679318504,0.102063547712184,-0.0302371983317619,0.36984455696877,1.18507217430458,0.970215372784838,1.44750959189597,0.096171309086298,0.248020744485716,216290,"completed"
"post_stage4a_staged_refit_v1_s2_detectability","atx_d002764a39e8","Lesser Scaup","checklist_reporting","did_early_egg","Early egg (4 to 14 d)",0.213873206398732,0.0730901819173941,0.0706190822171585,0.357127330580305,1.23846561532245,1.07317235756565,1.42921784140549,0.00343179829817981,0.018684235178979,216290,"completed"
"post_stage4a_staged_refit_v1_s2_detectability","atx_d002764a39e8","Lesser Scaup","checklist_reporting","did_late_egg","Late egg (15 to 28 d)",0.0859996280384217,0.0726983965717925,-0.0564866109761017,0.228485867052945,1.08980592293912,0.945079138097603,1.25669576419169,0.236823186030614,0.41718497440214,216290,"completed"
"post_stage4a_staged_refit_v1_s2_detectability","atx_d002764a39e8","Lesser Scaup","checklist_reporting","did_active_0_14_day","Active composite (0 to 14 d)",0.202121332510671,0.0672797486369834,0.0702554482932757,0.333987216728066,1.22399650967171,1.07278218663426,1.39652529129784,0.00266286572748992,0.0125110020104775,216290,"completed"
"post_stage4a_staged_refit_v1_s2_detectability","atx_d002764a39e8","Lesser Scaup","conditional_positive_numeric_count","did_early_pre","Early pre (-14 to -8 d)",0.154947144480962,0.0764611011351847,0.00508614003772492,0.304808148924198,1.16759624556855,1.00509909640462,1.35636475800488,0.0427152824606105,0.588291386496593,9378,"completed"
"post_stage4a_staged_refit_v1_s2_detectability","atx_d002764a39e8","Lesser Scaup","conditional_positive_numeric_count","did_immediate_pre","Immediate pre (-7 to -1 d)",-0.000818246623904976,0.0803979079071199,-0.158395250554228,0.156758757306418,0.999182088048576,0.853512364055632,1.16971339505052,0.991879700671517,1,9378,"completed"
"post_stage4a_staged_refit_v1_s2_detectability","atx_d002764a39e8","Lesser Scaup","conditional_positive_numeric_count","did_pre_14_day","Pre-onset (-14 to -1 d)",0.0770644489285283,0.0619254520420768,-0.0443072068003046,0.198436104657361,1.0801116861903,0.956660019861861,1.21949410493115,0.213326149108569,0.63547812944005,9378,"completed"
"post_stage4a_staged_refit_v1_s2_detectability","atx_d002764a39e8","Lesser Scaup","conditional_positive_numeric_count","did_spawn_start","Spawn start (0 to 3 d)",-0.191112259487326,0.0864121065400106,-0.360476876133985,-0.0217476428406672,0.826039852135731,0.697343700198855,0.978487132129885,0.026991718786554,0.0944710157529389,9378,"completed"
"post_stage4a_staged_refit_v1_s2_detectability","atx_d002764a39e8","Lesser Scaup","conditional_positive_numeric_count","did_early_egg","Early egg (4 to 14 d)",0.171216654828921,0.061351228476697,0.0509704566073071,0.291462853050536,1.1867478358205,1.05229180455396,1.33838391568735,0.00525841815826218,0.0143145827641582,9378,"completed"
"post_stage4a_staged_refit_v1_s2_detectability","atx_d002764a39e8","Lesser Scaup","conditional_positive_numeric_count","did_late_egg","Late egg (15 to 28 d)",0.06739449007496,0.0611227910247572,-0.0524039789681322,0.187192959118052,1.06971738784206,0.948945435401178,1.20585994427369,0.270197351373731,0.490358156196771,9378,"completed"
"post_stage4a_staged_refit_v1_s2_detectability","atx_d002764a39e8","Lesser Scaup","conditional_positive_numeric_count","did_active_0_14_day","Active composite (0 to 14 d)",0.0745956110112554,0.0568816720247566,-0.036890417537687,0.186081639560198,1.07744835452444,0.963781743139112,1.20452059289512,0.189716803721911,0.309870779412455,9378,"completed"
"post_stage4a_staged_refit_v1_s2_detectability","atx_d7dd9536145c","Barrow's Goldeneye","checklist_reporting","did_early_pre","Early pre (-14 to -8 d)",-0.00129170507653756,0.0581367160969162,-0.115237574805923,0.112654164652848,0.998709128815379,0.891154402921344,1.11924479159781,0.982273736518886,0.999933431101863,216814,"completed"
"post_stage4a_staged_refit_v1_s2_detectability","atx_d7dd9536145c","Barrow's Goldeneye","checklist_reporting","did_immediate_pre","Immediate pre (-7 to -1 d)",-0.0557196645240015,0.0545852569455562,-0.162704802224156,0.0512654731761534,0.945804241211608,0.849842022864851,1.05260229386906,0.307357588705345,0.654805297676605,216814,"completed"
"post_stage4a_staged_refit_v1_s2_detectability","atx_d7dd9536145c","Barrow's Goldeneye","checklist_reporting","did_pre_14_day","Pre-onset (-14 to -1 d)",-0.0285056848002695,0.0454685041180183,-0.117622315302497,0.0606109457019574,0.971896769091417,0.889031762906751,1.06248546922773,0.530703455833344,0.836123145327577,216814,"completed"
"post_stage4a_staged_refit_v1_s2_detectability","atx_d7dd9536145c","Barrow's Goldeneye","checklist_reporting","did_spawn_start","Spawn start (0 to 3 d)",-0.00976547096691395,0.0608759224399222,-0.129080086474815,0.109549144540987,0.990282056409798,0.878903574437954,1.11577490383326,0.872553399687772,0.90968333158938,216814,"completed"
"post_stage4a_staged_refit_v1_s2_detectability","atx_d7dd9536145c","Barrow's Goldeneye","checklist_reporting","did_early_egg","Early egg (4 to 14 d)",0.00741302068946025,0.0486774789328586,-0.0879930848771499,0.10281912625607,1.00744056514781,0.915767209344185,1.10829093021596,0.878959387686371,0.916361914821961,216814,"completed"
"post_stage4a_staged_refit_v1_s2_detectability","atx_d7dd9536145c","Barrow's Goldeneye","checklist_reporting","did_late_egg","Late egg (15 to 28 d)",-0.0122829178458872,0.0519992263232599,-0.114199528663424,0.0896336929716493,0.987792209281485,0.892079942605008,1.0937735533745,0.813267025321098,0.90568373274395,216814,"completed"
"post_stage4a_staged_refit_v1_s2_detectability","atx_d7dd9536145c","Barrow's Goldeneye","checklist_reporting","did_active_0_14_day","Active composite (0 to 14 d)",0.00283208958109379,0.043573329602558,-0.0825700671264128,0.0882342462886004,1.00283610373538,0.92074692150565,1.09224394615473,0.948177231650713,0.979767697271878,216814,"completed"
"post_stage4a_staged_refit_v1_s2_detectability","atx_d7dd9536145c","Barrow's Goldeneye","conditional_positive_numeric_count","did_early_pre","Early pre (-14 to -8 d)",0.0216417574210077,0.0496008339351112,-0.0755740906949623,0.118857605536978,1.02187763880913,0.927211030279395,1.12620954086737,0.662605720284852,0.954276229530258,10960,"completed"
"post_stage4a_staged_refit_v1_s2_detectability","atx_d7dd9536145c","Barrow's Goldeneye","conditional_positive_numeric_count","did_immediate_pre","Immediate pre (-7 to -1 d)",0.0403628071147499,0.0464449608245733,-0.0506676433647875,0.131393257594287,1.0411884562551,0.950594554444029,1.14041617045967,0.384821974568057,0.82767075383902,10960,"completed"
"post_stage4a_staged_refit_v1_s2_detectability","atx_d7dd9536145c","Barrow's Goldeneye","conditional_positive_numeric_count","did_pre_14_day","Pre-onset (-14 to -1 d)",0.0310022822678788,0.0381191088144777,-0.0437097981312607,0.105714362667018,1.03148785801544,0.957231707599656,1.1115043440227,0.416045910607306,0.762487637957128,10960,"completed"
"post_stage4a_staged_refit_v1_s2_detectability","atx_d7dd9536145c","Barrow's Goldeneye","conditional_positive_numeric_count","did_spawn_start","Spawn start (0 to 3 d)",0.0313192472765287,0.0552318280349445,-0.0769331464722722,0.139571641025329,1.03181485539391,0.925951754678626,1.14978117426977,0.570679729725112,0.699082668913263,10960,"completed"
"post_stage4a_staged_refit_v1_s2_detectability","atx_d7dd9536145c","Barrow's Goldeneye","conditional_positive_numeric_count","did_early_egg","Early egg (4 to 14 d)",0.0681645725443762,0.042018858450249,-0.0141908766895984,0.150520021778351,1.07054147571675,0.985909339190544,1.16243857895772,0.104752481441815,0.171095719688297,10960,"completed"
"post_stage4a_staged_refit_v1_s2_detectability","atx_d7dd9536145c","Barrow's Goldeneye","conditional_positive_numeric_count","did_late_egg","Late egg (15 to 28 d)",0.114513991177926,0.0454572550513876,0.0254194084411544,0.203608573914697,1.12132832965838,1.02574523653166,1.22581824230159,0.0117635978398017,0.0480346911791903,10960,"completed"
"post_stage4a_staged_refit_v1_s2_detectability","atx_d7dd9536145c","Barrow's Goldeneye","conditional_positive_numeric_count","did_active_0_14_day","Active composite (0 to 14 d)",0.0583391524729501,0.0373275808513623,-0.014821561625727,0.131499866571627,1.06007446162514,0.985287737060082,1.14053775554226,0.118076896884243,0.206634569547425,10960,"completed"
"post_stage4a_staged_refit_v1_s2_detectability","atx_e0e678a61ad7","Short-billed Gull","checklist_reporting","did_early_pre","Early pre (-14 to -8 d)",-0.0869997725381395,0.0435687047779733,-0.172392864756025,-0.00160668032025371,0.916677304142254,0.841648454194223,0.998394609699596,0.0458424667858684,0.585583468336092,217200,"completed"
"post_stage4a_staged_refit_v1_s2_detectability","atx_e0e678a61ad7","Short-billed Gull","checklist_reporting","did_immediate_pre","Immediate pre (-7 to -1 d)",0.0455617325918873,0.0419480285713987,-0.0366548926305113,0.127778357814286,1.0466156129142,0.964008764478243,1.13630112252003,0.277413885329983,0.617876380962236,217200,"completed"
"post_stage4a_staged_refit_v1_s2_detectability","atx_e0e678a61ad7","Short-billed Gull","checklist_reporting","did_pre_14_day","Pre-onset (-14 to -1 d)",-0.0207190199731261,0.0348903822501766,-0.0891029125903079,0.0476648726440556,0.979494144198619,0.914751429291143,1.0488191084466,0.55262458924951,0.836123145327577,217200,"completed"
"post_stage4a_staged_refit_v1_s2_detectability","atx_e0e678a61ad7","Short-billed Gull","checklist_reporting","did_spawn_start","Spawn start (0 to 3 d)",0.222546510901526,0.0479701985355292,0.128526649440652,0.316566372362399,1.2492539222256,1.13715172534484,1.37240732912997,3.49648787293049e-06,4.1271442908994e-05,217200,"completed"
"post_stage4a_staged_refit_v1_s2_detectability","atx_e0e678a61ad7","Short-billed Gull","checklist_reporting","did_early_egg","Early egg (4 to 14 d)",0.199972382818685,0.0366858151868236,0.128069506309018,0.271875259328352,1.22136902692452,1.13663200304676,1.31242327853862,5.01026965203844e-08,1.22751606474942e-06,217200,"completed"
"post_stage4a_staged_refit_v1_s2_detectability","atx_e0e678a61ad7","Short-billed Gull","checklist_reporting","did_late_egg","Late egg (15 to 28 d)",0.0249477095600436,0.0356341370558912,-0.0448939156896673,0.0947893348097544,1.02526150774741,0.956098903546171,1.0994272196838,0.483860471143889,0.623925344369751,217200,"completed"
"post_stage4a_staged_refit_v1_s2_detectability","atx_e0e678a61ad7","Short-billed Gull","checklist_reporting","did_active_0_14_day","Active composite (0 to 14 d)",0.205992150307443,0.0335235248441494,0.140287248978076,0.271697051636809,1.22874355869829,1.15060426129068,1.31218941545455,8.0112570964581e-10,1.96275798863223e-08,217200,"completed"
"post_stage4a_staged_refit_v1_s2_detectability","atx_e0e678a61ad7","Short-billed Gull","conditional_positive_numeric_count","did_early_pre","Early pre (-14 to -8 d)",0.0527324022558167,0.0374488771482771,-0.0206660482162715,0.126130852727905,1.05414751987465,0.979546031098524,1.13443060191022,0.159096414406698,0.671636748702114,22003,"completed"
"post_stage4a_staged_refit_v1_s2_detectability","atx_e0e678a61ad7","Short-billed Gull","conditional_positive_numeric_count","did_immediate_pre","Immediate pre (-7 to -1 d)",-0.00958664313257634,0.0357566656309693,-0.0796684199765172,0.0604951337113646,0.990459162240583,0.923422484078215,1.06236242779554,0.788616295213776,1,22003,"completed"
"post_stage4a_staged_refit_v1_s2_detectability","atx_e0e678a61ad7","Short-billed Gull","conditional_positive_numeric_count","did_pre_14_day","Pre-onset (-14 to -1 d)",0.0215728795616202,0.0299542853693644,-0.037136440944969,0.0802822000682094,1.02180725648873,0.963544659436055,1.0835928144982,0.471405907727123,0.762487637957128,22003,"completed"
"post_stage4a_staged_refit_v1_s2_detectability","atx_e0e678a61ad7","Short-billed Gull","conditional_positive_numeric_count","did_spawn_start","Spawn start (0 to 3 d)",0.270884047614629,0.0376356994889437,0.197119432083327,0.344648663145931,1.31112303372698,1.21788948709896,1.41149392270741,6.13134029538834e-13,1.00145224824676e-11,22003,"completed"
"post_stage4a_staged_refit_v1_s2_detectability","atx_e0e678a61ad7","Short-billed Gull","conditional_positive_numeric_count","did_early_egg","Early egg (4 to 14 d)",0.299399875368165,0.0307996663267449,0.239033638631894,0.359766112104436,1.349048967083,1.27002125764288,1.43299421536096,2.4564805081895e-22,6.01837724506429e-21,22003,"completed"
"post_stage4a_staged_refit_v1_s2_detectability","atx_e0e678a61ad7","Short-billed Gull","conditional_positive_numeric_count","did_late_egg","Late egg (15 to 28 d)",0.178937723206831,0.0305653553713558,0.119030727504306,0.238844718909356,1.19594626215065,1.12640452935662,1.26978134824179,4.79121032092383e-09,7.82564352417559e-08,22003,"completed"
"post_stage4a_staged_refit_v1_s2_detectability","atx_e0e678a61ad7","Short-billed Gull","conditional_positive_numeric_count","did_active_0_14_day","Active composite (0 to 14 d)",0.291795654633888,0.02818714969914,0.236549856396735,0.347041452871042,1.33882940609947,1.26687071565467,1.41487537480128,4.09487274392573e-25,1.0032438222618e-23,22003,"completed"
"post_stage4a_staged_refit_v1_s2_detectability","atx_ebf17f77fb66","Western Grebe","checklist_reporting","did_early_pre","Early pre (-14 to -8 d)",0.0464576208139084,0.128792789995731,-0.205971609046156,0.298886850673972,1.04755368365532,0.813856182108223,1.34835704914988,0.718311758109348,0.999933431101863,217186,"completed"
"post_stage4a_staged_refit_v1_s2_detectability","atx_ebf17f77fb66","Western Grebe","checklist_reporting","did_immediate_pre","Immediate pre (-7 to -1 d)",-0.188089606115367,0.137605624909839,-0.457791675008779,0.0816124627780457,0.82854046161411,0.632679265381804,1.08503523679957,0.171664677109127,0.442714167281431,217186,"completed"
"post_stage4a_staged_refit_v1_s2_detectability","atx_ebf17f77fb66","Western Grebe","checklist_reporting","did_pre_14_day","Pre-onset (-14 to -1 d)",-0.0708159926507292,0.107110058112108,-0.280747848932454,0.139115863630995,0.931633303731323,0.755218740685456,1.14925724940773,0.50851505872915,0.836123145327577,217186,"completed"
"post_stage4a_staged_refit_v1_s2_detectability","atx_ebf17f77fb66","Western Grebe","checklist_reporting","did_spawn_start","Spawn start (0 to 3 d)",-0.280165781267937,0.160939689818669,-0.595601776995576,0.0352702144597026,0.755658457053972,0.551230748054247,1.03589958603143,0.0817164964795666,0.22245046263882,217186,"completed"
"post_stage4a_staged_refit_v1_s2_detectability","atx_ebf17f77fb66","Western Grebe","checklist_reporting","did_early_egg","Early egg (4 to 14 d)",-0.340444883292256,0.1266214953709,-0.588618453887826,-0.0922713126966865,0.711453738464843,0.555093642697142,0.911857717404564,0.00717348078223783,0.0351500558329654,217186,"completed"
"post_stage4a_staged_refit_v1_s2_detectability","atx_ebf17f77fb66","Western Grebe","checklist_reporting","did_late_egg","Late egg (15 to 28 d)",-0.019535207743858,0.118286514586317,-0.25137251618981,0.212302100702094,0.980654367953057,0.77773259960524,1.23652138263657,0.86882465564939,0.920256168627032,217186,"completed"
"post_stage4a_staged_refit_v1_s2_detectability","atx_ebf17f77fb66","Western Grebe","checklist_reporting","did_active_0_14_day","Active composite (0 to 14 d)",-0.324370456085771,0.112010963259427,-0.543907909947888,-0.104833002223654,0.722982359548494,0.580475368686387,0.900474887334467,0.00378095361854662,0.0154388939423987,217186,"completed"
"post_stage4a_staged_refit_v1_s2_detectability","atx_ebf17f77fb66","Western Grebe","conditional_positive_numeric_count","did_early_pre","Early pre (-14 to -8 d)",-0.261948615593971,0.170085022386666,-0.595309133781526,0.0714119025935842,0.769550565590371,0.551392085598058,1.07402352784613,0.123535015993451,0.671636748702114,1346,"completed"
"post_stage4a_staged_refit_v1_s2_detectability","atx_ebf17f77fb66","Western Grebe","conditional_positive_numeric_count","did_immediate_pre","Immediate pre (-7 to -1 d)",-0.274839316012636,0.231806663041845,-0.729172026951065,0.179493394925792,0.759694184108771,0.482308162975428,1.19661100033692,0.235764389464346,0.770163672250197,1346,"completed"
"post_stage4a_staged_refit_v1_s2_detectability","atx_ebf17f77fb66","Western Grebe","conditional_positive_numeric_count","did_pre_14_day","Pre-onset (-14 to -1 d)",-0.268393965803303,0.163834725670466,-0.589504127534416,0.0527161959278089,0.764606492946941,0.554602228534825,1.0541304361526,0.101380083746759,0.496762410359121,1346,"completed"
"post_stage4a_staged_refit_v1_s2_detectability","atx_ebf17f77fb66","Western Grebe","conditional_positive_numeric_count","did_spawn_start","Spawn start (0 to 3 d)",-0.187229820126792,0.222398617954257,-0.62312310152862,0.248663461275035,0.829253135423548,0.536267003261616,1.28231041333399,0.399863000751671,0.625894182045782,1346,"completed"
"post_stage4a_staged_refit_v1_s2_detectability","atx_ebf17f77fb66","Western Grebe","conditional_positive_numeric_count","did_early_egg","Early egg (4 to 14 d)",-0.212048775664166,0.16418347733394,-0.533842478095236,0.109744926766905,0.808925240738364,0.586347607685052,1.11599337411316,0.196518082653305,0.310625356451998,1346,"completed"
"post_stage4a_staged_refit_v1_s2_detectability","atx_ebf17f77fb66","Western Grebe","conditional_positive_numeric_count","did_late_egg","Late egg (15 to 28 d)",0.172918493978826,0.165700993478667,-0.151849485441868,0.49768647339952,1.18876920928695,0.85911758071316,1.64491131909515,0.2966902220152,0.5192078885266,1346,"completed"
"post_stage4a_staged_refit_v1_s2_detectability","atx_ebf17f77fb66","Western Grebe","conditional_positive_numeric_count","did_active_0_14_day","Active composite (0 to 14 d)",-0.205430387520866,0.14338096579869,-0.486451916554867,0.0755911415131349,0.814296777811654,0.614803904461385,1.07852152132207,0.151926685424452,0.256703709855109,1346,"completed"
"post_stage4a_staged_refit_v1_s2_detectability","atx_fadb8da1a816","Bonaparte's Gull","checklist_reporting","did_early_pre","Early pre (-14 to -8 d)",-1.64355855895026e-05,0.196994397404939,-0.38611835965544,0.386085488484261,0.999983564549474,0.679690073036391,1.47121043698917,0.999933431101863,0.999933431101863,217200,"completed"
"post_stage4a_staged_refit_v1_s2_detectability","atx_fadb8da1a816","Bonaparte's Gull","checklist_reporting","did_immediate_pre","Immediate pre (-7 to -1 d)",-0.0582703218122359,0.169945646141829,-0.391357667579609,0.274817023955137,0.943394892747867,0.676138280044163,1.31628980332933,0.731691577538975,0.995910234697689,217200,"completed"
"post_stage4a_staged_refit_v1_s2_detectability","atx_fadb8da1a816","Bonaparte's Gull","checklist_reporting","did_pre_14_day","Pre-onset (-14 to -1 d)",-0.0291433786989127,0.160886816154142,-0.344475743948347,0.286188986550522,0.971277194022273,0.708591739616221,1.33134403759593,0.856256025702741,0.997618422710479,217200,"completed"
"post_stage4a_staged_refit_v1_s2_detectability","atx_fadb8da1a816","Bonaparte's Gull","checklist_reporting","did_spawn_start","Spawn start (0 to 3 d)",0.144995596165985,0.151993361242693,-0.15290591775888,0.442897110090849,1.15603447927285,0.858210460376766,1.55721210468693,0.340103859352382,0.476145403093335,217200,"completed"
"post_stage4a_staged_refit_v1_s2_detectability","atx_fadb8da1a816","Bonaparte's Gull","checklist_reporting","did_early_egg","Early egg (4 to 14 d)",0.366227948056789,0.138774404394839,0.0942351134669073,0.638220782646671,1.44228397101513,1.0988180624733,1.89310962759835,0.00831469249395225,0.0370381756548782,217200,"completed"
"post_stage4a_staged_refit_v1_s2_detectability","atx_fadb8da1a816","Bonaparte's Gull","checklist_reporting","did_late_egg","Late egg (15 to 28 d)",0.249939316894798,0.136206874853806,-0.017021252265416,0.516899886055012,1.28394750040242,0.983122790826403,1.67682124671721,0.0665060141306469,0.217252979493447,217200,"completed"
"post_stage4a_staged_refit_v1_s2_detectability","atx_fadb8da1a816","Bonaparte's Gull","checklist_reporting","did_active_0_14_day","Active composite (0 to 14 d)",0.307232654219241,0.136495850187996,0.0397057038115949,0.574759604626888,1.35965726127564,1.04050451261671,1.77670336430397,0.0243945893078625,0.0714676070069428,217200,"completed"
"post_stage4a_staged_refit_v1_s2_detectability","atx_fadb8da1a816","Bonaparte's Gull","conditional_positive_numeric_count","did_early_pre","Early pre (-14 to -8 d)",-0.00139162567474685,0.301776925680318,-0.59286353137339,0.590080280023896,0.998609342187243,0.55274222168553,1.80413324544436,0.996320617613654,1,4025,"completed"
"post_stage4a_staged_refit_v1_s2_detectability","atx_fadb8da1a816","Bonaparte's Gull","conditional_positive_numeric_count","did_immediate_pre","Immediate pre (-7 to -1 d)",0.321608593375196,0.26099519900651,-0.189932596815428,0.83314978356582,1.37934478559927,0.827014875501059,2.30055358606116,0.217859632304452,0.770163672250197,4025,"completed"
"post_stage4a_staged_refit_v1_s2_detectability","atx_fadb8da1a816","Bonaparte's Gull","conditional_positive_numeric_count","did_pre_14_day","Pre-onset (-14 to -1 d)",0.160108483850225,0.245046941031183,-0.320174695092604,0.640391662793053,1.173638184875,0.726022193480215,1.89722380578194,0.513512082705821,0.762487637957128,4025,"completed"
"post_stage4a_staged_refit_v1_s2_detectability","atx_fadb8da1a816","Bonaparte's Gull","conditional_positive_numeric_count","did_spawn_start","Spawn start (0 to 3 d)",0.343038529644013,0.221725866306602,-0.0915361827578707,0.777613242045896,1.40922305774319,0.912528297764219,2.17627182777865,0.121832129395343,0.314198649493253,4025,"completed"
"post_stage4a_staged_refit_v1_s2_detectability","atx_fadb8da1a816","Bonaparte's Gull","conditional_positive_numeric_count","did_early_egg","Early egg (4 to 14 d)",0.398999277809065,0.205119922899677,-0.00302838358593349,0.801026939204064,1.49033254230236,0.996976197342202,2.22782759765633,0.0517509096336264,0.0975305604633728,4025,"completed"
"post_stage4a_staged_refit_v1_s2_detectability","atx_fadb8da1a816","Bonaparte's Gull","conditional_positive_numeric_count","did_late_egg","Late egg (15 to 28 d)",0.295270991499859,0.201714925861726,-0.100082998333292,0.69062498133301,1.34349038383435,0.904762321154863,1.99496195769013,0.143247677006563,0.305179833622677,4025,"completed"
"post_stage4a_staged_refit_v1_s2_detectability","atx_fadb8da1a816","Bonaparte's Gull","conditional_positive_numeric_count","did_active_0_14_day","Active composite (0 to 14 d)",0.384076411631718,0.203471593084344,-0.0147205826905843,0.78287340595402,1.46825762935695,0.985387235390113,2.1877495351474,0.0590774036750604,0.115791711203118,4025,"completed"
"post_stage4a_staged_refit_v1_s2_detectability","atx_fc0a9b777dcd","Bald Eagle","checklist_reporting","did_early_pre","Early pre (-14 to -8 d)",-0.0242875971795976,0.030755295749268,-0.0845668691820407,0.0359916748228454,0.97600497311277,0.918910206548457,1.03664721618328,0.429700329891114,0.909036536307266,217199,"completed"
"post_stage4a_staged_refit_v1_s2_detectability","atx_fc0a9b777dcd","Bald Eagle","checklist_reporting","did_immediate_pre","Immediate pre (-7 to -1 d)",0.0761346136685538,0.0304099464706801,0.01653221381423,0.135737013522878,1.07910782704392,1.01666962706505,1.14538063436505,0.0122933829893042,0.105898948365478,217199,"completed"
"post_stage4a_staged_refit_v1_s2_detectability","atx_fc0a9b777dcd","Bald Eagle","checklist_reporting","did_pre_14_day","Pre-onset (-14 to -1 d)",0.0259235082444781,0.0247360626940027,-0.0225582837550921,0.0744053002440483,1.02626244485501,0.977694251840363,1.07724332401184,0.294636473461848,0.836123145327577,217199,"completed"
"post_stage4a_staged_refit_v1_s2_detectability","atx_fc0a9b777dcd","Bald Eagle","checklist_reporting","did_spawn_start","Spawn start (0 to 3 d)",0.19293324933568,0.036427508664862,0.12153664430603,0.26432985436533,1.21280183548894,1.129230745044,1.30255777981677,1.18132952451936e-07,2.89425733507244e-06,217199,"completed"
"post_stage4a_staged_refit_v1_s2_detectability","atx_fc0a9b777dcd","Bald Eagle","checklist_reporting","did_early_egg","Early egg (4 to 14 d)",0.0504007849974252,0.0254643397866657,0.000491596125470062,0.10030997386938,1.05169251450307,1.00049171697865,1.10551354528145,0.0477856985049053,0.123236801407387,217199,"completed"
"post_stage4a_staged_refit_v1_s2_detectability","atx_fc0a9b777dcd","Bald Eagle","checklist_reporting","did_late_egg","Late egg (15 to 28 d)",0.0222304518688682,0.0238829180592222,-0.0245792073729285,0.069040111110665,1.02247938960779,0.975720401607861,1.07147918650663,0.351952009558686,0.506703618408908,217199,"completed"
"post_stage4a_staged_refit_v1_s2_detectability","atx_fc0a9b777dcd","Bald Eagle","checklist_reporting","did_active_0_14_day","Active composite (0 to 14 d)",0.0884094421542932,0.0235221139742198,0.0423069459245761,0.13451193838401,1.09243531954185,1.04321464009437,1.14397831617331,0.000170889257312637,0.00119622480118846,217199,"completed"
"post_stage4a_staged_refit_v1_s2_detectability","atx_fc0a9b777dcd","Bald Eagle","conditional_positive_numeric_count","did_early_pre","Early pre (-14 to -8 d)",-0.0173062881382681,0.0110995966650977,-0.0390610978447804,0.00444852156824425,0.982842605496931,0.961691950045867,1.00445843092887,0.118953377877962,0.671636748702114,83359,"completed"
"post_stage4a_staged_refit_v1_s2_detectability","atx_fc0a9b777dcd","Bald Eagle","conditional_positive_numeric_count","did_immediate_pre","Immediate pre (-7 to -1 d)",0.00172568266582262,0.0107659371381324,-0.0193751663847392,0.0228265317163844,1.00172717251303,0.980811325770466,1.02308905065171,0.872651860168535,1,83359,"completed"
"post_stage4a_staged_refit_v1_s2_detectability","atx_fc0a9b777dcd","Bald Eagle","conditional_positive_numeric_count","did_pre_14_day","Pre-onset (-14 to -1 d)",-0.00779030273622274,0.00895290973669143,-0.0253376833769759,0.00975707790453043,0.992239963027987,0.974980621684708,1.00980483338075,0.384222810504865,0.762487637957128,83359,"completed"
"post_stage4a_staged_refit_v1_s2_detectability","atx_fc0a9b777dcd","Bald Eagle","conditional_positive_numeric_count","did_spawn_start","Spawn start (0 to 3 d)",0.16243498013297,0.0117134014815584,0.139477135092657,0.185392825173283,1.17637182842217,1.14967251826193,1.20369118746738,9.97641997447671e-44,4.88844578749359e-42,83359,"completed"
"post_stage4a_staged_refit_v1_s2_detectability","atx_fc0a9b777dcd","Bald Eagle","conditional_positive_numeric_count","did_early_egg","Early egg (4 to 14 d)",0.0335757998918686,0.00908239140944673,0.0157746398358571,0.0513769599478802,1.03414582889745,1.01589971627999,1.05271965164252,0.000218332762816322,0.000764164669857126,83359,"completed"
"post_stage4a_staged_refit_v1_s2_detectability","atx_fc0a9b777dcd","Bald Eagle","conditional_positive_numeric_count","did_late_egg","Late egg (15 to 28 d)",-0.0148270088458133,0.00879899205008489,-0.0320727163642339,0.00241869867260733,0.985282369995548,0.968436158362322,1.00242162608394,0.0919730649383126,0.214603818189396,83359,"completed"
"post_stage4a_staged_refit_v1_s2_detectability","atx_fc0a9b777dcd","Bald Eagle","conditional_positive_numeric_count","did_active_0_14_day","Active composite (0 to 14 d)",0.0679382479561624,0.00833531018238406,0.0516013401987196,0.0842751557136051,1.0702992132741,1.05295588764437,1.08792820228957,3.61954665106119e-16,3.54715571803997e-15,83359,"completed"
"post_stage4a_staged_refit_v1_s2_detectability","atx_v2_000002","Black Oystercatcher","checklist_reporting","did_early_pre","Early pre (-14 to -8 d)",-0.00415336175591627,0.0534623236145928,-0.108937590570343,0.100630867058511,0.995855251522209,0.896786383678538,1.10586835397342,0.938076526160906,0.999933431101863,217200,"completed"
"post_stage4a_staged_refit_v1_s2_detectability","atx_v2_000002","Black Oystercatcher","checklist_reporting","did_immediate_pre","Immediate pre (-7 to -1 d)",-0.00522720066097118,0.052931795986408,-0.108971614431353,0.0985172131094103,0.994786437379132,0.896755872062329,1.10353339947205,0.921333981379377,0.995910234697689,217200,"completed"
"post_stage4a_staged_refit_v1_s2_detectability","atx_v2_000002","Black Oystercatcher","checklist_reporting","did_pre_14_day","Pre-onset (-14 to -1 d)",-0.00469028120844373,0.043469660360746,-0.0898892499356942,0.0805086875188068,0.995320700983898,0.914032408813921,1.08383826246664,0.914076753361217,0.997618422710479,217200,"completed"
"post_stage4a_staged_refit_v1_s2_detectability","atx_v2_000002","Black Oystercatcher","checklist_reporting","did_spawn_start","Spawn start (0 to 3 d)",-0.0884515082686844,0.0582454178525005,-0.202610429524072,0.0257074129867028,0.915347496444677,0.816596301277954,1.02604069836749,0.128863138860233,0.252571752166057,217200,"completed"
"post_stage4a_staged_refit_v1_s2_detectability","atx_v2_000002","Black Oystercatcher","checklist_reporting","did_early_egg","Early egg (4 to 14 d)",-0.0379499507065356,0.0473166992909022,-0.130688977184016,0.0547890757709447,0.962761125199485,0.87749065156678,1.05631778816146,0.42252902324497,0.608202869364654,217200,"completed"
"post_stage4a_staged_refit_v1_s2_detectability","atx_v2_000002","Black Oystercatcher","checklist_reporting","did_late_egg","Late egg (15 to 28 d)",0.0505730707310111,0.0463098082207258,-0.0401924855125683,0.14133862697459,1.0518737217287,0.960604518902463,1.15181461745312,0.274806904515701,0.449794994804735,217200,"completed"
"post_stage4a_staged_refit_v1_s2_detectability","atx_v2_000002","Black Oystercatcher","checklist_reporting","did_active_0_14_day","Active composite (0 to 14 d)",-0.0514170327231086,0.0427908927726554,-0.135285641423828,0.0324515759776112,0.949882455853728,0.873466377871292,1.03298387069876,0.229523107364064,0.332758572206399,217200,"completed"
"post_stage4a_staged_refit_v1_s2_detectability","atx_v2_000002","Black Oystercatcher","conditional_positive_numeric_count","did_early_pre","Early pre (-14 to -8 d)",0.00928457578028094,0.0266934194730199,-0.0430335650110582,0.0616027165716201,1.00932781115778,0.95787923830022,1.06353973407372,0.727973381620509,0.977395393873099,13626,"completed"
"post_stage4a_staged_refit_v1_s2_detectability","atx_v2_000002","Black Oystercatcher","conditional_positive_numeric_count","did_immediate_pre","Immediate pre (-7 to -1 d)",0.0248906775351359,0.026344719350677,-0.0267440235750065,0.0765253786452783,1.02520303667494,0.973610430947118,1.07952958698797,0.344757373316818,0.82767075383902,13626,"completed"
"post_stage4a_staged_refit_v1_s2_detectability","atx_v2_000002","Black Oystercatcher","conditional_positive_numeric_count","did_pre_14_day","Pre-onset (-14 to -1 d)",0.0170876266577084,0.0214582089915176,-0.0249696901383996,0.0591449434538164,1.01723445527539,0.975339473984791,1.06092900431052,0.425845368510207,0.762487637957128,13626,"completed"
"post_stage4a_staged_refit_v1_s2_detectability","atx_v2_000002","Black Oystercatcher","conditional_positive_numeric_count","did_spawn_start","Spawn start (0 to 3 d)",-0.00756408724982653,0.0292762004061961,-0.0649443856501477,0.0498162111504947,0.992464448463929,0.937119579224328,1.05107790222471,0.796121489834929,0.886589840952534,13626,"completed"
"post_stage4a_staged_refit_v1_s2_detectability","atx_v2_000002","Black Oystercatcher","conditional_positive_numeric_count","did_early_egg","Early egg (4 to 14 d)",0.015091410063379,0.0240605930838377,-0.0320664858276164,0.0622493059543745,1.01520586040646,0.968442192258065,1.06422762994302,0.530511633509242,0.701275098269952,13626,"completed"
"post_stage4a_staged_refit_v1_s2_detectability","atx_v2_000002","Black Oystercatcher","conditional_positive_numeric_count","did_late_egg","Late egg (15 to 28 d)",0.0178726565119087,0.0233735001948881,-0.0279385620627118,0.0636838750865293,1.01803332822004,0.972448110171982,1.06575543365853,0.444477194475124,0.702560726751003,13626,"completed"
"post_stage4a_staged_refit_v1_s2_detectability","atx_v2_000002","Black Oystercatcher","conditional_positive_numeric_count","did_active_0_14_day","Active composite (0 to 14 d)",0.00904994411319089,0.0215861750677215,-0.0332581815835198,0.0513580698099016,1.0090910186714,0.967288791195788,1.05269976581087,0.675035457819568,0.787541367456163,13626,"completed"
"post_stage4a_staged_refit_v1_s2_detectability","atx_v2_000003","Dunlin","checklist_reporting","did_early_pre","Early pre (-14 to -8 d)",-0.00975272385600617,0.0680826711483231,-0.143192307278004,0.123686859565991,0.990294679725456,0.866587401805962,1.13166144655323,0.886094120570208,0.999933431101863,217200,"completed"
"post_stage4a_staged_refit_v1_s2_detectability","atx_v2_000003","Dunlin","checklist_reporting","did_immediate_pre","Immediate pre (-7 to -1 d)",-0.103509296800762,0.0683403213848088,-0.23745386540688,0.0304352718053554,0.901667640078486,0.788633273417016,1.03090315938877,0.129869853705392,0.374330754797893,217200,"completed"
"post_stage4a_staged_refit_v1_s2_detectability","atx_v2_000003","Dunlin","checklist_reporting","did_pre_14_day","Pre-onset (-14 to -1 d)",-0.0566310103283843,0.0559461984943014,-0.166283544449144,0.0530215237923755,0.944942679134736,0.84680609297849,1.05445234068836,0.311423055655035,0.836123145327577,217200,"completed"
"post_stage4a_staged_refit_v1_s2_detectability","atx_v2_000003","Dunlin","checklist_reporting","did_spawn_start","Spawn start (0 to 3 d)",-0.114894973642139,0.0748587101832096,-0.261615349530351,0.031825402246074,0.891459765762742,0.769807073418425,1.03233724580471,0.124826971827419,0.252571752166057,217200,"completed"
"post_stage4a_staged_refit_v1_s2_detectability","atx_v2_000003","Dunlin","checklist_reporting","did_early_egg","Early egg (4 to 14 d)",-0.0205966205425623,0.0631912898850985,-0.144449272853986,0.103256031768861,0.979614041061614,0.865498815574349,1.1087752544274,0.744469134340635,0.841563713210244,217200,"completed"
"post_stage4a_staged_refit_v1_s2_detectability","atx_v2_000003","Dunlin","checklist_reporting","did_late_egg","Late egg (15 to 28 d)",-0.115936935742851,0.0610364670331689,-0.235566212871428,0.00369234138572647,0.890531382226731,0.790123344941312,1.00369916647578,0.0575027123582487,0.201259493253871,217200,"completed"
"post_stage4a_staged_refit_v1_s2_detectability","atx_v2_000003","Dunlin","checklist_reporting","did_active_0_14_day","Active composite (0 to 14 d)",-0.0457428480357827,0.0565622228371422,-0.15660276768211,0.065117071610545,0.955287584687002,0.855043642334387,1.06728396572328,0.418677775828619,0.56986697265562,217200,"completed"
"post_stage4a_staged_refit_v1_s2_detectability","atx_v2_000003","Dunlin","conditional_positive_numeric_count","did_early_pre","Early pre (-14 to -8 d)",-0.0169265468574376,0.0806445876019988,-0.174987034105441,0.141133940390565,0.98321590228041,0.839467905150989,1.15157888058056,0.833753001073041,0.977395393873099,5908,"completed"
"post_stage4a_staged_refit_v1_s2_detectability","atx_v2_000003","Dunlin","conditional_positive_numeric_count","did_immediate_pre","Immediate pre (-7 to -1 d)",-0.0171656686685753,0.0811435136641999,-0.176204033029441,0.14187269569229,0.982980822020647,0.838446895023817,1.15242992990384,0.83246044410286,1,5908,"completed"
"post_stage4a_staged_refit_v1_s2_detectability","atx_v2_000003","Dunlin","conditional_positive_numeric_count","did_pre_14_day","Pre-onset (-14 to -1 d)",-0.0170461077630065,0.065252195101451,-0.144938060074031,0.110845844548018,0.983098355123926,0.865075874186925,1.1172226676137,0.793911872918824,1,5908,"completed"
"post_stage4a_staged_refit_v1_s2_detectability","atx_v2_000003","Dunlin","conditional_positive_numeric_count","did_spawn_start","Spawn start (0 to 3 d)",-0.0814124364570128,0.0863923265830128,-0.25073828510034,0.0879134121863146,0.921813423569387,0.778226018253388,1.09189357325759,0.346009759642094,0.584637180084918,5908,"completed"
"post_stage4a_staged_refit_v1_s2_detectability","atx_v2_000003","Dunlin","conditional_positive_numeric_count","did_early_egg","Early egg (4 to 14 d)",-0.0129985254283326,0.0801343663882795,-0.170058997473297,0.144061946616632,0.98708559054766,0.843615043972138,1.15495565190395,0.871141174509482,0.995728888072029,5908,"completed"
"post_stage4a_staged_refit_v1_s2_detectability","atx_v2_000003","Dunlin","conditional_positive_numeric_count","did_late_egg","Late egg (15 to 28 d)",-0.00101101199576056,0.0780364278396605,-0.153959600043654,0.151937576052133,0.998989498904677,0.857306655463294,1.16408756722238,0.989663182712651,1,5908,"completed"
"post_stage4a_staged_refit_v1_s2_detectability","atx_v2_000003","Dunlin","conditional_positive_numeric_count","did_active_0_14_day","Active composite (0 to 14 d)",-0.0312422350359806,0.0690592293400997,-0.166595837342668,0.104111367270707,0.969240760566756,0.846541682742327,1.10972403497108,0.650982519044715,0.787541367456163,5908,"completed"
"post_stage4a_staged_refit_v1_s2_detectability","atx_v2_000006","Black-bellied Plover","checklist_reporting","did_early_pre","Early pre (-14 to -8 d)",-0.104323549107326,0.079308109297321,-0.259764587012041,0.0511174887973891,0.900933753947583,0.771233122728487,1.05244653669762,0.188368465762306,0.90612521393875,217200,"completed"
"post_stage4a_staged_refit_v1_s2_detectability","atx_v2_000006","Black-bellied Plover","checklist_reporting","did_immediate_pre","Immediate pre (-7 to -1 d)",-0.134488418645897,0.0770557935501811,-0.285514998804406,0.0165381615126119,0.874163002809227,0.751627067586422,1.01667567392732,0.0809260193068814,0.364075183359604,217200,"completed"
"post_stage4a_staged_refit_v1_s2_detectability","atx_v2_000006","Black-bellied Plover","checklist_reporting","did_pre_14_day","Pre-onset (-14 to -1 d)",-0.119405983876611,0.0640796285438919,-0.244999747965344,0.00618778021212152,0.887447438264942,0.782704735510562,1.00620696407219,0.0624060011578004,0.396368186318887,217200,"completed"
"post_stage4a_staged_refit_v1_s2_detectability","atx_v2_000006","Black-bellied Plover","checklist_reporting","did_spawn_start","Spawn start (0 to 3 d)",-0.216127423527709,0.0840872736145753,-0.380935451370441,-0.0513193956849759,0.805632638779901,0.683221989239689,0.94997520409105,0.0101617791020524,0.048748824841746,217200,"completed"
"post_stage4a_staged_refit_v1_s2_detectability","atx_v2_000006","Black-bellied Plover","checklist_reporting","did_early_egg","Early egg (4 to 14 d)",-0.112831444448346,0.0730245315803989,-0.255956896333835,0.0302940074371438,0.893301218306595,0.774175337868395,1.03075753979094,0.122317968053715,0.239743217385282,217200,"completed"
"post_stage4a_staged_refit_v1_s2_detectability","atx_v2_000006","Black-bellied Plover","checklist_reporting","did_late_egg","Late egg (15 to 28 d)",-0.177730099477725,0.0701460020593864,-0.315213737173595,-0.0402464617818552,0.837168345172801,0.729632907926246,0.960552670453578,0.0112859922078674,0.0614459575761671,217200,"completed"
"post_stage4a_staged_refit_v1_s2_detectability","atx_v2_000006","Black-bellied Plover","checklist_reporting","did_active_0_14_day","Active composite (0 to 14 d)",-0.140377038869509,0.065135532372419,-0.268040336433293,-0.0127137413057253,0.869030515338015,0.764876928073431,0.987366736882608,0.0311498623868089,0.0847968476085352,217200,"completed"
"post_stage4a_staged_refit_v1_s2_detectability","atx_v2_000006","Black-bellied Plover","conditional_positive_numeric_count","did_early_pre","Early pre (-14 to -8 d)",0.0760631727822603,0.0668628036019966,-0.054985514183028,0.207111859747549,1.07903073737806,0.946498858663409,1.23012016501615,0.255287250454682,0.758838532145091,3973,"completed"
"post_stage4a_staged_refit_v1_s2_detectability","atx_v2_000006","Black-bellied Plover","conditional_positive_numeric_count","did_immediate_pre","Immediate pre (-7 to -1 d)",0.0581467794797294,0.0632093535648452,-0.0657412769934256,0.182034835952884,1.05987055154194,0.936373094217252,1.19965598431131,0.357620925082852,0.82767075383902,3973,"completed"
"post_stage4a_staged_refit_v1_s2_detectability","atx_v2_000006","Black-bellied Plover","conditional_positive_numeric_count","did_pre_14_day","Pre-onset (-14 to -1 d)",0.0671049761309949,0.0516637140101745,-0.0341540426365244,0.168363994898514,1.06940773456881,0.966422622881906,1.18336727191385,0.193985039403294,0.63547812944005,3973,"completed"
"post_stage4a_staged_refit_v1_s2_detectability","atx_v2_000006","Black-bellied Plover","conditional_positive_numeric_count","did_spawn_start","Spawn start (0 to 3 d)",0.0543029727172988,0.0675589922453116,-0.0781102189153327,0.18671616434993,1.05580443364072,0.924862483585849,1.20528513360542,0.421520571581853,0.625894182045782,3973,"completed"
"post_stage4a_staged_refit_v1_s2_detectability","atx_v2_000006","Black-bellied Plover","conditional_positive_numeric_count","did_early_egg","Early egg (4 to 14 d)",0.0168967459014815,0.0619880726532612,-0.104597643969963,0.138391135772926,1.01704030332384,0.900686846473631,1.14842465240256,0.785175628042917,0.938380628636657,3973,"completed"
"post_stage4a_staged_refit_v1_s2_detectability","atx_v2_000006","Black-bellied Plover","conditional_positive_numeric_count","did_late_egg","Late egg (15 to 28 d)",-0.0214337987975432,0.0608212846066752,-0.140641326120087,0.0977737285250006,0.978794272682173,0.868800871999688,1.1027132443253,0.724533640475101,0.887553709581999,3973,"completed"
"post_stage4a_staged_refit_v1_s2_detectability","atx_v2_000006","Black-bellied Plover","conditional_positive_numeric_count","did_active_0_14_day","Active composite (0 to 14 d)",0.0268717397190328,0.0540595875342163,-0.0790831048671216,0.132826584305187,1.02723604073055,0.923963135420766,1.14205193142823,0.619135247189514,0.777887874674005,3973,"completed"
"post_stage4a_staged_refit_v1_s2_detectability","atx_v2_000007","Common Raven","checklist_reporting","did_early_pre","Early pre (-14 to -8 d)",0.0167719330914162,0.0317331810898362,-0.0454239589595503,0.0789678251423827,1.01691337158715,0.955592264039296,1.08216950286049,0.597131642391624,0.975315015906318,217200,"completed"
"post_stage4a_staged_refit_v1_s2_detectability","atx_v2_000007","Common Raven","checklist_reporting","did_immediate_pre","Immediate pre (-7 to -1 d)",-0.0149669966309496,0.0313146590130457,-0.0763426004846718,0.0464086072227727,0.98514445215247,0.926498733264171,1.04750234054564,0.632682261655331,0.93943729760943,217200,"completed"
"post_stage4a_staged_refit_v1_s2_detectability","atx_v2_000007","Common Raven","checklist_reporting","did_pre_14_day","Pre-onset (-14 to -1 d)",0.000902468230233309,0.0255928970685947,-0.0492586882842531,0.0510636247447197,1.00090287557722,0.951934843452822,1.05238984918866,0.971870465972953,0.997618422710479,217200,"completed"
"post_stage4a_staged_refit_v1_s2_detectability","atx_v2_000007","Common Raven","checklist_reporting","did_spawn_start","Spawn start (0 to 3 d)",-0.0853052424943265,0.0362739454576245,-0.156400869168441,-0.0142096158202123,0.918231958206607,0.855216291803146,0.985890864279766,0.0186881103124301,0.0763097837757561,217200,"completed"
"post_stage4a_staged_refit_v1_s2_detectability","atx_v2_000007","Common Raven","checklist_reporting","did_early_egg","Early egg (4 to 14 d)",-0.0680537046804792,0.0264658142012893,-0.119925747336535,-0.0161816620244234,0.934210300764265,0.886986295366925,0.983948557731688,0.0101293677944147,0.0413615851605266,217200,"completed"
"post_stage4a_staged_refit_v1_s2_detectability","atx_v2_000007","Common Raven","checklist_reporting","did_late_egg","Late egg (15 to 28 d)",-0.0295743289522328,0.0249075902315537,-0.0783923087477598,0.0192436508432941,0.970858712048398,0.924601626077191,1.01943000334025,0.235084817816757,0.41718497440214,217200,"completed"
"post_stage4a_staged_refit_v1_s2_detectability","atx_v2_000007","Common Raven","checklist_reporting","did_active_0_14_day","Active composite (0 to 14 d)",-0.0726541147641719,0.0243157393852474,-0.120312088216719,-0.0249961413116248,0.929922420841664,0.886643682487804,0.975313675452613,0.00280859228806638,0.0125110020104775,217200,"completed"
"post_stage4a_staged_refit_v1_s2_detectability","atx_v2_000007","Common Raven","conditional_positive_numeric_count","did_early_pre","Early pre (-14 to -8 d)",0.00825491522149041,0.0118555870100762,-0.0149816083338399,0.0314914387768207,1.00828908098126,0.985130057619596,1.03199254043937,0.486247839555537,0.953045765528852,60940,"completed"
"post_stage4a_staged_refit_v1_s2_detectability","atx_v2_000007","Common Raven","conditional_positive_numeric_count","did_immediate_pre","Immediate pre (-7 to -1 d)",0.0121450564117224,0.0116461971486655,-0.0106810705565151,0.0349711833799599,1.01221910708891,0.989375769526622,1.03558986616995,0.297024940615475,0.82767075383902,60940,"completed"
"post_stage4a_staged_refit_v1_s2_detectability","atx_v2_000007","Common Raven","conditional_positive_numeric_count","did_pre_14_day","Pre-onset (-14 to -1 d)",0.0101999858166064,0.00957389413172369,-0.00856450187337142,0.0289644735065842,1.01025218299113,0.991472068994571,1.02938802327868,0.286696893499334,0.705069612060036,60940,"completed"
"post_stage4a_staged_refit_v1_s2_detectability","atx_v2_000007","Common Raven","conditional_positive_numeric_count","did_spawn_start","Spawn start (0 to 3 d)",0.00670508971157657,0.0139295692267422,-0.0205963642929957,0.0340065437161488,1.00672761915142,0.979614292087319,1.03459137677827,0.63026309539171,0.718206783120786,60940,"completed"
"post_stage4a_staged_refit_v1_s2_detectability","atx_v2_000007","Common Raven","conditional_positive_numeric_count","did_early_egg","Early egg (4 to 14 d)",0.0101891342254508,0.00981832155907024,-0.00905442241896007,0.0294326908698616,1.01024122020696,0.990986445425789,1.02987011347742,0.299378348566069,0.44453148726477,60940,"completed"
"post_stage4a_staged_refit_v1_s2_detectability","atx_v2_000007","Common Raven","conditional_positive_numeric_count","did_late_egg","Late egg (15 to 28 d)",0.0111904273236125,0.00930173983735164,-0.0070406477511582,0.0294215023983831,1.0112532743651,0.992984079543131,1.02985859086949,0.228958253164676,0.448758176202764,60940,"completed"
"post_stage4a_staged_refit_v1_s2_detectability","atx_v2_000007","Common Raven","conditional_positive_numeric_count","did_active_0_14_day","Active composite (0 to 14 d)",0.00926005568841764,0.00908966243454508,-0.00855535531491738,0.0270754666917527,1.00930306265055,0.991481137593279,1.02744533773839,0.308323649440033,0.47212058820505,60940,"completed"
"post_stage4a_staged_refit_v1_s2_detectability","atx_v2_000011","Glaucous Gull","checklist_reporting","did_early_pre","Early pre (-14 to -8 d)",-0.226810481365431,0.322846057085159,-0.859577125803104,0.405956163072243,0.79707182794119,0.423341064484269,1.50073676332696,0.482345917224264,0.909036536307266,217200,"completed"
"post_stage4a_staged_refit_v1_s2_detectability","atx_v2_000011","Glaucous Gull","checklist_reporting","did_immediate_pre","Immediate pre (-7 to -1 d)",-1.03385078406629,0.291873122994933,-1.60591159319158,-0.461789974940989,0.355634847405124,0.200706508804184,0.630154674317318,0.000396918892023102,0.019449025709132,217200,"completed"
"post_stage4a_staged_refit_v1_s2_detectability","atx_v2_000011","Glaucous Gull","checklist_reporting","did_pre_14_day","Pre-onset (-14 to -1 d)",-0.630330632715859,0.251382358895571,-1.1230310024999,-0.137630262931817,0.532415737841011,0.325292336999113,0.871420828771512,0.012160313371034,0.175831256675902,217200,"completed"
"post_stage4a_staged_refit_v1_s2_detectability","atx_v2_000011","Glaucous Gull","checklist_reporting","did_spawn_start","Spawn start (0 to 3 d)",-0.476969458765121,0.246450151161548,-0.960002879026208,0.00606396149596605,0.620661484772161,0.382891783618045,1.00608238453051,0.0529462864014902,0.162148002104564,217200,"completed"
"post_stage4a_staged_refit_v1_s2_detectability","atx_v2_000011","Glaucous Gull","checklist_reporting","did_early_egg","Early egg (4 to 14 d)",-0.170590254168122,0.218248689677794,-0.598349825609658,0.257169317273414,0.843166986859382,0.549718018639984,1.29326408017039,0.434430620974753,0.608202869364654,217200,"completed"
"post_stage4a_staged_refit_v1_s2_detectability","atx_v2_000011","Glaucous Gull","checklist_reporting","did_late_egg","Late egg (15 to 28 d)",-0.252864377486374,0.239303082161518,-0.721889799912379,0.21616104493963,0.776573195490911,0.485833260221845,1.24130226835353,0.290662240881836,0.459433864619677,217200,"completed"
"post_stage4a_staged_refit_v1_s2_detectability","atx_v2_000011","Glaucous Gull","checklist_reporting","did_active_0_14_day","Active composite (0 to 14 d)",-0.252291375393988,0.210583275451059,-0.665027011024541,0.160444260236564,0.777018301067853,0.514259636839358,1.17403233103237,0.230893703163624,0.332758572206399,217200,"completed"
"post_stage4a_staged_refit_v1_s2_detectability","atx_v2_000011","Glaucous Gull","conditional_positive_numeric_count","did_early_pre","Early pre (-14 to -8 d)",,,,,,,,,,185,"failed_insufficient_support"
"post_stage4a_staged_refit_v1_s2_detectability","atx_v2_000011","Glaucous Gull","conditional_positive_numeric_count","did_immediate_pre","Immediate pre (-7 to -1 d)",,,,,,,,,,185,"failed_insufficient_support"
"post_stage4a_staged_refit_v1_s2_detectability","atx_v2_000011","Glaucous Gull","conditional_positive_numeric_count","did_pre_14_day","Pre-onset (-14 to -1 d)",,,,,,,,,,185,"failed_insufficient_support"
"post_stage4a_staged_refit_v1_s2_detectability","atx_v2_000011","Glaucous Gull","conditional_positive_numeric_count","did_spawn_start","Spawn start (0 to 3 d)",,,,,,,,,,185,"failed_insufficient_support"
"post_stage4a_staged_refit_v1_s2_detectability","atx_v2_000011","Glaucous Gull","conditional_positive_numeric_count","did_early_egg","Early egg (4 to 14 d)",,,,,,,,,,185,"failed_insufficient_support"
"post_stage4a_staged_refit_v1_s2_detectability","atx_v2_000011","Glaucous Gull","conditional_positive_numeric_count","did_late_egg","Late egg (15 to 28 d)",,,,,,,,,,185,"failed_insufficient_support"
"post_stage4a_staged_refit_v1_s2_detectability","atx_v2_000011","Glaucous Gull","conditional_positive_numeric_count","did_active_0_14_day","Active composite (0 to 14 d)",,,,,,,,,,185,"failed_insufficient_support"
