"model_version_id","analysis_taxon_id","unit_label","region","outcome","band","band_label","contrast","contrast_type","period","minimum_day","maximum_day","estimate","standard_error","conf_low","conf_high","ratio","ratio_conf_low","ratio_conf_high","p_value","n","status","stage","bh_family_id","bh_family_size","p_value_bh_13","significant_nominal_0_05","significant_bh_0_05"
"SOG_STAGED_REFIT_S1_DISTANCE_BALD_EAGLE_v1","atx_fc0a9b777dcd","Bald Eagle","SoG","detection","band_0_2","0–<2 km","within_band_0_2_early_pre_minus_baseline","within_band_period_minus_baseline","early_pre",-14,-8,0.00206967209258811,0.0610725081510841,-0.117630244329066,0.121769588514242,1.00207181534223,0.889024713778229,1.1294938234459,0.972965849455802,217199,"completed","s1_anchor","bald_eagle__detection__early_pre__13_bands",13,0.972965849455802,FALSE,FALSE
"SOG_STAGED_REFIT_S1_DISTANCE_BALD_EAGLE_v1","atx_fc0a9b777dcd","Bald Eagle","SoG","detection","band_0_2","0–<2 km","within_band_0_2_immediate_pre_minus_baseline","within_band_period_minus_baseline","immediate_pre",-7,-1,0.00498292568815372,0.0600197956116401,-0.112653712070116,0.122619563446424,1.00499536110871,0.893460000966592,1.13045427300308,0.93383454707869,217199,"completed","s1_anchor","bald_eagle__detection__immediate_pre__13_bands",13,0.93383454707869,FALSE,FALSE
"SOG_STAGED_REFIT_S1_DISTANCE_BALD_EAGLE_v1","atx_fc0a9b777dcd","Bald Eagle","SoG","detection","band_0_2","0–<2 km","within_band_0_2_spawn_start_minus_baseline","within_band_period_minus_baseline","spawn_start",0,3,0.266788826294181,0.0705725162406262,0.128469236164186,0.405108416424177,1.30576467404861,1.1370864396126,1.49946505788439,0.000156607919312335,217199,"completed","s1_anchor","bald_eagle__detection__spawn_start__13_bands",13,0.00203590295106035,TRUE,TRUE
"SOG_STAGED_REFIT_S1_DISTANCE_BALD_EAGLE_v1","atx_fc0a9b777dcd","Bald Eagle","SoG","detection","band_0_2","0–<2 km","within_band_0_2_early_egg_minus_baseline","within_band_period_minus_baseline","early_egg",4,14,0.040232472097227,0.0500167279155859,-0.0577985132418605,0.138263457436315,1.04105276178247,0.94384009956145,1.14827803281349,0.421177357694252,217199,"completed","s1_anchor","bald_eagle__detection__early_egg__13_bands",13,0.91255094167088,FALSE,FALSE
"SOG_STAGED_REFIT_S1_DISTANCE_BALD_EAGLE_v1","atx_fc0a9b777dcd","Bald Eagle","SoG","detection","band_0_2","0–<2 km","within_band_0_2_late_egg_minus_baseline","within_band_period_minus_baseline","late_egg",15,28,-0.0215100486903989,0.0481892811593793,-0.115959304203657,0.072939206822859,0.978719642569058,0.890511462633198,1.07566514182542,0.655333008082236,217199,"completed","s1_anchor","bald_eagle__detection__late_egg__13_bands",13,0.709944092089089,FALSE,FALSE
"SOG_STAGED_REFIT_S1_DISTANCE_BALD_EAGLE_v1","atx_fc0a9b777dcd","Bald Eagle","SoG","detection","band_0_2","0–<2 km","within_band_0_2_active_0_14_minus_baseline","within_band_duration_weighted_active_minus_baseline","active_0_14",0,14,0.100647499883082,0.0463685103370289,0.00976688960573166,0.191528110160431,1.10588674784072,1.00981474133265,1.21109887684523,0.029961403584838,217199,"completed","s1_anchor","bald_eagle__detection__active_0_14__13_bands",13,0.0973745616507234,TRUE,FALSE
"SOG_STAGED_REFIT_S1_DISTANCE_BALD_EAGLE_v1","atx_fc0a9b777dcd","Bald Eagle","SoG","detection","band_2_4","2–<4 km","within_band_2_4_early_pre_minus_baseline","within_band_period_minus_baseline","early_pre",-14,-8,0.0099988271056126,0.0475126552506743,-0.083124265995577,0.103121920206802,1.01004898240269,0.920236785974289,1.10862656481678,0.833319940844838,217199,"completed","s1_anchor","bald_eagle__detection__early_pre__13_bands",13,0.902763269248575,FALSE,FALSE
"SOG_STAGED_REFIT_S1_DISTANCE_BALD_EAGLE_v1","atx_fc0a9b777dcd","Bald Eagle","SoG","detection","band_2_4","2–<4 km","within_band_2_4_immediate_pre_minus_baseline","within_band_period_minus_baseline","immediate_pre",-7,-1,0.139026479896083,0.0482277450780814,0.0445018364874645,0.233551123304701,1.14915452909324,1.045506896769,1.26307739893108,0.00394273429142731,217199,"completed","s1_anchor","bald_eagle__detection__immediate_pre__13_bands",13,0.0256277728942775,TRUE,TRUE
"SOG_STAGED_REFIT_S1_DISTANCE_BALD_EAGLE_v1","atx_fc0a9b777dcd","Bald Eagle","SoG","detection","band_2_4","2–<4 km","within_band_2_4_spawn_start_minus_baseline","within_band_period_minus_baseline","spawn_start",0,3,0.187832303745059,0.057641316109993,0.0748574001479847,0.300807207342134,1.2066311508571,1.07773045572294,1.35094886340767,0.00111947588503736,217199,"completed","s1_anchor","bald_eagle__detection__spawn_start__13_bands",13,0.00727659325274285,TRUE,TRUE
"SOG_STAGED_REFIT_S1_DISTANCE_BALD_EAGLE_v1","atx_fc0a9b777dcd","Bald Eagle","SoG","detection","band_2_4","2–<4 km","within_band_2_4_early_egg_minus_baseline","within_band_period_minus_baseline","early_egg",4,14,0.0819093422041,0.0391018395912187,0.00527114487604896,0.158547539532151,1.08535740925874,1.00528506180217,1.17180763008758,0.0361914848262265,217199,"completed","s1_anchor","bald_eagle__detection__early_egg__13_bands",13,0.156829767580315,TRUE,FALSE
"SOG_STAGED_REFIT_S1_DISTANCE_BALD_EAGLE_v1","atx_fc0a9b777dcd","Bald Eagle","SoG","detection","band_2_4","2–<4 km","within_band_2_4_late_egg_minus_baseline","within_band_period_minus_baseline","late_egg",15,28,0.0652752061859107,0.0360789985852187,-0.00543833163938948,0.135988744011211,1.06745275356524,0.994576429315675,1.14566899788489,0.070415280585129,217199,"completed","s1_anchor","bald_eagle__detection__late_egg__13_bands",13,0.228849661901669,FALSE,FALSE
"SOG_STAGED_REFIT_S1_DISTANCE_BALD_EAGLE_v1","atx_fc0a9b777dcd","Bald Eagle","SoG","detection","band_2_4","2–<4 km","within_band_2_4_active_0_14_minus_baseline","within_band_duration_weighted_active_minus_baseline","active_0_14",0,14,0.110155465281689,0.0363373520732721,0.0389355639245239,0.181375366638854,1.11645162643415,1.03970348707932,1.19886510880999,0.00243368929331289,217199,"completed","s1_anchor","bald_eagle__detection__active_0_14__13_bands",13,0.0105459869376892,TRUE,TRUE
"SOG_STAGED_REFIT_S1_DISTANCE_BALD_EAGLE_v1","atx_fc0a9b777dcd","Bald Eagle","SoG","detection","band_4_6","4–<6 km","within_band_4_6_early_pre_minus_baseline","within_band_period_minus_baseline","early_pre",-14,-8,0.0115985472079279,0.0390339544762945,-0.0649065977397853,0.088103692155641,1.011666071164,0.937154991684064,1.09210135850127,0.766359666706358,217199,"completed","s1_anchor","bald_eagle__detection__early_pre__13_bands",13,0.902763269248575,FALSE,FALSE
"SOG_STAGED_REFIT_S1_DISTANCE_BALD_EAGLE_v1","atx_fc0a9b777dcd","Bald Eagle","SoG","detection","band_4_6","4–<6 km","within_band_4_6_immediate_pre_minus_baseline","within_band_period_minus_baseline","immediate_pre",-7,-1,-0.0250963950679314,0.0403901641840567,-0.104259662198342,0.0540668720624794,0.975215901494257,0.900991313658958,1.05555518694739,0.534369907121339,217199,"completed","s1_anchor","bald_eagle__detection__immediate_pre__13_bands",13,0.93383454707869,FALSE,FALSE
"SOG_STAGED_REFIT_S1_DISTANCE_BALD_EAGLE_v1","atx_fc0a9b777dcd","Bald Eagle","SoG","detection","band_4_6","4–<6 km","within_band_4_6_spawn_start_minus_baseline","within_band_period_minus_baseline","spawn_start",0,3,0.0781323914027048,0.0490616474408405,-0.0180266706035443,0.174291453408954,1.08126579949046,0.982134837880103,1.19040246212146,0.111264542171065,217199,"completed","s1_anchor","bald_eagle__detection__spawn_start__13_bands",13,0.241073174703975,FALSE,FALSE
"SOG_STAGED_REFIT_S1_DISTANCE_BALD_EAGLE_v1","atx_fc0a9b777dcd","Bald Eagle","SoG","detection","band_4_6","4–<6 km","within_band_4_6_early_egg_minus_baseline","within_band_period_minus_baseline","early_egg",4,14,-0.0123572392730321,0.0344784122952038,-0.0799336856157546,0.0552192070696904,0.987718797882823,0.923177564308525,1.05677224123381,0.720040165450841,217199,"completed","s1_anchor","bald_eagle__detection__early_egg__13_bands",13,0.998837111074633,FALSE,FALSE
"SOG_STAGED_REFIT_S1_DISTANCE_BALD_EAGLE_v1","atx_fc0a9b777dcd","Bald Eagle","SoG","detection","band_4_6","4–<6 km","within_band_4_6_late_egg_minus_baseline","within_band_period_minus_baseline","late_egg",15,28,-0.0680747484476331,0.0315968446701688,-0.13000342602627,-0.00614607086899597,0.934190641667075,0.878092422547701,0.993872777590143,0.031202601959491,217199,"completed","s1_anchor","bald_eagle__detection__late_egg__13_bands",13,0.202816912736692,TRUE,FALSE
"SOG_STAGED_REFIT_S1_DISTANCE_BALD_EAGLE_v1","atx_fc0a9b777dcd","Bald Eagle","SoG","detection","band_4_6","4–<6 km","within_band_4_6_active_0_14_minus_baseline","within_band_duration_weighted_active_minus_baseline","active_0_14",0,14,0.0117733289071644,0.0317247554066335,-0.0504060491081796,0.0739527069225085,1.0118429073324,0.950843257048002,1.07675588119272,0.710556661246587,217199,"completed","s1_anchor","bald_eagle__detection__active_0_14__13_bands",13,0.923723659620564,FALSE,FALSE
"SOG_STAGED_REFIT_S1_DISTANCE_BALD_EAGLE_v1","atx_fc0a9b777dcd","Bald Eagle","SoG","detection","band_6_8","6–<8 km","within_band_6_8_early_pre_minus_baseline","within_band_period_minus_baseline","early_pre",-14,-8,0.0210026354569644,0.0361329545183715,-0.0498166540540677,0.0918219249679964,1.02122474302784,0.951403844548463,1.09616960426226,0.561065341014816,217199,"completed","s1_anchor","bald_eagle__detection__early_pre__13_bands",13,0.869832431348716,FALSE,FALSE
"SOG_STAGED_REFIT_S1_DISTANCE_BALD_EAGLE_v1","atx_fc0a9b777dcd","Bald Eagle","SoG","detection","band_6_8","6–<8 km","within_band_6_8_immediate_pre_minus_baseline","within_band_period_minus_baseline","immediate_pre",-7,-1,0.0219395701353207,0.0370184222975434,-0.0506152043323588,0.0944943446030002,1.02218201228333,0.950644404009716,1.0991029472519,0.553404521411312,217199,"completed","s1_anchor","bald_eagle__detection__immediate_pre__13_bands",13,0.93383454707869,FALSE,FALSE
"SOG_STAGED_REFIT_S1_DISTANCE_BALD_EAGLE_v1","atx_fc0a9b777dcd","Bald Eagle","SoG","detection","band_6_8","6–<8 km","within_band_6_8_spawn_start_minus_baseline","within_band_period_minus_baseline","spawn_start",0,3,-0.0539236379798877,0.0447280541447511,-0.141589013202157,0.0337417372423819,0.947504457093754,0.867977910652914,1.03431744655484,0.227976106908605,217199,"completed","s1_anchor","bald_eagle__detection__spawn_start__13_bands",13,0.348693111588201,FALSE,FALSE
"SOG_STAGED_REFIT_S1_DISTANCE_BALD_EAGLE_v1","atx_fc0a9b777dcd","Bald Eagle","SoG","detection","band_6_8","6–<8 km","within_band_6_8_early_egg_minus_baseline","within_band_period_minus_baseline","early_egg",4,14,-4.64636529215272e-05,0.0318797585658448,-0.0625296422778096,0.0624367149719665,0.999953537426497,0.9393852168832,1.06442709448779,0.998837111074633,217199,"completed","s1_anchor","bald_eagle__detection__early_egg__13_bands",13,0.998837111074633,FALSE,FALSE
"SOG_STAGED_REFIT_S1_DISTANCE_BALD_EAGLE_v1","atx_fc0a9b777dcd","Bald Eagle","SoG","detection","band_6_8","6–<8 km","within_band_6_8_late_egg_minus_baseline","within_band_period_minus_baseline","late_egg",15,28,0.0138653649728626,0.0292729123529639,-0.0435084889615443,0.0712392189072695,1.01396193495561,0.957424426517331,1.07383807751674,0.635743421964884,217199,"completed","s1_anchor","bald_eagle__detection__late_egg__13_bands",13,0.709944092089089,FALSE,FALSE
"SOG_STAGED_REFIT_S1_DISTANCE_BALD_EAGLE_v1","atx_fc0a9b777dcd","Bald Eagle","SoG","detection","band_6_8","6–<8 km","within_band_6_8_active_0_14_minus_baseline","within_band_duration_weighted_active_minus_baseline","active_0_14",0,14,-0.0144137101401125,0.029250553160771,-0.0717437408630979,0.0429163205828728,0.985689670086319,0.930769383411435,1.04385054239091,0.622177162524142,217199,"completed","s1_anchor","bald_eagle__detection__active_0_14__13_bands",13,0.898700345868205,FALSE,FALSE
"SOG_STAGED_REFIT_S1_DISTANCE_BALD_EAGLE_v1","atx_fc0a9b777dcd","Bald Eagle","SoG","detection","band_8_10","8–<10 km","within_band_8_10_early_pre_minus_baseline","within_band_period_minus_baseline","early_pre",-14,-8,-0.0669499691485677,0.0350848010980076,-0.135714915705414,0.00181497740827852,0.935241991119411,0.873091501687552,1.00181662547669,0.0563611307000564,217199,"completed","s1_anchor","bald_eagle__detection__early_pre__13_bands",13,0.244231566366911,FALSE,FALSE
"SOG_STAGED_REFIT_S1_DISTANCE_BALD_EAGLE_v1","atx_fc0a9b777dcd","Bald Eagle","SoG","detection","band_8_10","8–<10 km","within_band_8_10_immediate_pre_minus_baseline","within_band_period_minus_baseline","immediate_pre",-7,-1,-0.142221211263009,0.0354697677825607,-0.211740678656827,-0.0727017438691907,0.867429350118661,0.809174506581254,0.929878130523784,6.08098535259956e-05,217199,"completed","s1_anchor","bald_eagle__detection__immediate_pre__13_bands",13,0.000790528095837943,TRUE,TRUE
"SOG_STAGED_REFIT_S1_DISTANCE_BALD_EAGLE_v1","atx_fc0a9b777dcd","Bald Eagle","SoG","detection","band_8_10","8–<10 km","within_band_8_10_spawn_start_minus_baseline","within_band_period_minus_baseline","spawn_start",0,3,-0.104918043303152,0.0440681570893764,-0.191290044063384,-0.0185460425429212,0.900398313234005,0.825893008044506,0.981624877045761,0.0172744764949937,217199,"completed","s1_anchor","bald_eagle__detection__spawn_start__13_bands",13,0.0748560648116392,TRUE,FALSE
"SOG_STAGED_REFIT_S1_DISTANCE_BALD_EAGLE_v1","atx_fc0a9b777dcd","Bald Eagle","SoG","detection","band_8_10","8–<10 km","within_band_8_10_early_egg_minus_baseline","within_band_period_minus_baseline","early_egg",4,14,-0.0970935990485488,0.030105471480378,-0.156099238887687,-0.0380879592094102,0.90747106372992,0.855474289841402,0.96262826514609,0.00125922201531852,217199,"completed","s1_anchor","bald_eagle__detection__early_egg__13_bands",13,0.0108797879199143,TRUE,TRUE
"SOG_STAGED_REFIT_S1_DISTANCE_BALD_EAGLE_v1","atx_fc0a9b777dcd","Bald Eagle","SoG","detection","band_8_10","8–<10 km","within_band_8_10_late_egg_minus_baseline","within_band_period_minus_baseline","late_egg",15,28,-0.0442339773862515,0.0277246664068025,-0.0985733250269719,0.0101053702544689,0.956730078079693,0.906129248226716,1.01015660193474,0.110606336238248,217199,"completed","s1_anchor","bald_eagle__detection__late_egg__13_bands",13,0.287576474219446,FALSE,FALSE
"SOG_STAGED_REFIT_S1_DISTANCE_BALD_EAGLE_v1","atx_fc0a9b777dcd","Bald Eagle","SoG","detection","band_8_10","8–<10 km","within_band_8_10_active_0_14_minus_baseline","within_band_duration_weighted_active_minus_baseline","active_0_14",0,14,-0.0991801175164431,0.0277318027906558,-0.153533452212496,-0.0448267828203904,0.905579582587758,0.857672072690506,0.956163091363411,0.000348353780324192,217199,"completed","s1_anchor","bald_eagle__detection__active_0_14__13_bands",13,0.0045285991442145,TRUE,TRUE
"SOG_STAGED_REFIT_S1_DISTANCE_BALD_EAGLE_v1","atx_fc0a9b777dcd","Bald Eagle","SoG","detection","band_10_12","10–<12 km","within_band_10_12_early_pre_minus_baseline","within_band_period_minus_baseline","early_pre",-14,-8,0.0179706875986962,0.0338022717700367,-0.0482805476662106,0.084221922863603,1.01813313202544,0.952866425123593,1.08787029031219,0.594974374889603,217199,"completed","s1_anchor","bald_eagle__detection__early_pre__13_bands",13,0.869832431348716,FALSE,FALSE
"SOG_STAGED_REFIT_S1_DISTANCE_BALD_EAGLE_v1","atx_fc0a9b777dcd","Bald Eagle","SoG","detection","band_10_12","10–<12 km","within_band_10_12_immediate_pre_minus_baseline","within_band_period_minus_baseline","immediate_pre",-7,-1,0.0551063106797963,0.0344593396548042,-0.0124327539746528,0.122645375334245,1.05665294219717,0.987644213408663,1.13048345253855,0.109783037441687,217199,"completed","s1_anchor","bald_eagle__detection__immediate_pre__13_bands",13,0.475726495580643,FALSE,FALSE
"SOG_STAGED_REFIT_S1_DISTANCE_BALD_EAGLE_v1","atx_fc0a9b777dcd","Bald Eagle","SoG","detection","band_10_12","10–<12 km","within_band_10_12_spawn_start_minus_baseline","within_band_period_minus_baseline","spawn_start",0,3,0.0567948386187887,0.0421078506879528,-0.0257350321959889,0.139324709433566,1.05843863738573,0.974593291243863,1.14949729202542,0.177402972616659,217199,"completed","s1_anchor","bald_eagle__detection__spawn_start__13_bands",13,0.329462663430937,FALSE,FALSE
"SOG_STAGED_REFIT_S1_DISTANCE_BALD_EAGLE_v1","atx_fc0a9b777dcd","Bald Eagle","SoG","detection","band_10_12","10–<12 km","within_band_10_12_early_egg_minus_baseline","within_band_period_minus_baseline","early_egg",4,14,0.0908501431887987,0.0289080524579059,0.0341914015081086,0.147508884869489,1.09510488403558,1.03478264673408,1.15894358184648,0.00167381352614065,217199,"completed","s1_anchor","bald_eagle__detection__early_egg__13_bands",13,0.0108797879199143,TRUE,TRUE
"SOG_STAGED_REFIT_S1_DISTANCE_BALD_EAGLE_v1","atx_fc0a9b777dcd","Bald Eagle","SoG","detection","band_10_12","10–<12 km","within_band_10_12_late_egg_minus_baseline","within_band_period_minus_baseline","late_egg",15,28,0.0216182447085442,0.0261527485444914,-0.0296402005353912,0.0728766899524797,1.0218536119765,0.970794762154276,1.07559789670918,0.408455519268959,217199,"completed","s1_anchor","bald_eagle__detection__late_egg__13_bands",13,0.709944092089089,FALSE,FALSE
"SOG_STAGED_REFIT_S1_DISTANCE_BALD_EAGLE_v1","atx_fc0a9b777dcd","Bald Eagle","SoG","detection","band_10_12","10–<12 km","within_band_10_12_active_0_14_minus_baseline","within_band_duration_weighted_active_minus_baseline","active_0_14",0,14,0.0817687286367961,0.0269262634953034,0.0289942219477658,0.134543235325826,1.08520480401106,1.02941864642324,1.14401411975638,0.00239131982246478,217199,"completed","s1_anchor","bald_eagle__detection__active_0_14__13_bands",13,0.0105459869376892,TRUE,TRUE
"SOG_STAGED_REFIT_S1_DISTANCE_BALD_EAGLE_v1","atx_fc0a9b777dcd","Bald Eagle","SoG","detection","band_12_14","12–<14 km","within_band_12_14_early_pre_minus_baseline","within_band_period_minus_baseline","early_pre",-14,-8,-0.0188729815823536,0.0441596214501452,-0.105424249195561,0.0676782860308535,0.981303998008177,0.899942641643884,1.07002101239235,0.669101870268243,217199,"completed","s1_anchor","bald_eagle__detection__early_pre__13_bands",13,0.869832431348716,FALSE,FALSE
"SOG_STAGED_REFIT_S1_DISTANCE_BALD_EAGLE_v1","atx_fc0a9b777dcd","Bald Eagle","SoG","detection","band_12_14","12–<14 km","within_band_12_14_immediate_pre_minus_baseline","within_band_period_minus_baseline","immediate_pre",-7,-1,-0.0102624881983661,0.0426258088339755,-0.0938075383248475,0.0732825619281152,0.989789991456274,0.91045797364625,1.07603454035722,0.809742979437776,217199,"completed","s1_anchor","bald_eagle__detection__immediate_pre__13_bands",13,0.93383454707869,FALSE,FALSE
"SOG_STAGED_REFIT_S1_DISTANCE_BALD_EAGLE_v1","atx_fc0a9b777dcd","Bald Eagle","SoG","detection","band_12_14","12–<14 km","within_band_12_14_spawn_start_minus_baseline","within_band_period_minus_baseline","spawn_start",0,3,-0.0157101414205302,0.0500280699278555,-0.113763356695178,0.082343073854118,0.984412619148491,0.892469127739059,1.0858282652239,0.753500885884372,217199,"completed","s1_anchor","bald_eagle__detection__spawn_start__13_bands",13,0.890501046954258,FALSE,FALSE
"SOG_STAGED_REFIT_S1_DISTANCE_BALD_EAGLE_v1","atx_fc0a9b777dcd","Bald Eagle","SoG","detection","band_12_14","12–<14 km","within_band_12_14_early_egg_minus_baseline","within_band_period_minus_baseline","early_egg",4,14,-0.0318604903834221,0.035986993477844,-0.102393701511874,0.0386727207450299,0.968641707486544,0.902674097545122,1.03943024402065,0.375976794663941,217199,"completed","s1_anchor","bald_eagle__detection__early_egg__13_bands",13,0.91255094167088,FALSE,FALSE
"SOG_STAGED_REFIT_S1_DISTANCE_BALD_EAGLE_v1","atx_fc0a9b777dcd","Bald Eagle","SoG","detection","band_12_14","12–<14 km","within_band_12_14_late_egg_minus_baseline","within_band_period_minus_baseline","late_egg",15,28,-0.0163110399825305,0.0335132359105615,-0.0819957753726254,0.0493736954075644,0.983821264711039,0.921275850735306,1.05061288660189,0.626467813836284,217199,"completed","s1_anchor","bald_eagle__detection__late_egg__13_bands",13,0.709944092089089,FALSE,FALSE
"SOG_STAGED_REFIT_S1_DISTANCE_BALD_EAGLE_v1","atx_fc0a9b777dcd","Bald Eagle","SoG","detection","band_12_14","12–<14 km","within_band_12_14_active_0_14_minus_baseline","within_band_duration_weighted_active_minus_baseline","active_0_14",0,14,-0.0275537306599842,0.0331140778120482,-0.0924561305528556,0.0373486692328871,0.97282241075899,0.911689205388597,1.03805489555133,0.405360913001269,217199,"completed","s1_anchor","bald_eagle__detection__active_0_14__13_bands",13,0.658711483627063,FALSE,FALSE
"SOG_STAGED_REFIT_S1_DISTANCE_BALD_EAGLE_v1","atx_fc0a9b777dcd","Bald Eagle","SoG","detection","band_14_16","14–<16 km","within_band_14_16_early_pre_minus_baseline","within_band_period_minus_baseline","early_pre",-14,-8,0.0783991198538606,0.0395992849849385,0.000785947469843354,0.156012292237878,1.08155424230869,1.00078625640749,1.1688405706679,0.0477247135417665,217199,"completed","s1_anchor","bald_eagle__detection__early_pre__13_bands",13,0.244231566366911,TRUE,FALSE
"SOG_STAGED_REFIT_S1_DISTANCE_BALD_EAGLE_v1","atx_fc0a9b777dcd","Bald Eagle","SoG","detection","band_14_16","14–<16 km","within_band_14_16_immediate_pre_minus_baseline","within_band_period_minus_baseline","immediate_pre",-7,-1,0.0198783205808829,0.0384174691371017,-0.0554185353050154,0.0951751764667812,1.0200772100725,0.946089093390583,1.0998515063525,0.604856575705624,217199,"completed","s1_anchor","bald_eagle__detection__immediate_pre__13_bands",13,0.93383454707869,FALSE,FALSE
"SOG_STAGED_REFIT_S1_DISTANCE_BALD_EAGLE_v1","atx_fc0a9b777dcd","Bald Eagle","SoG","detection","band_14_16","14–<16 km","within_band_14_16_spawn_start_minus_baseline","within_band_period_minus_baseline","spawn_start",0,3,0.0538222034243896,0.0459434765289824,-0.0362253558969772,0.143869762745756,1.05529695728901,0.964422930597449,1.15473370938365,0.241402923407216,217199,"completed","s1_anchor","bald_eagle__detection__spawn_start__13_bands",13,0.348693111588201,FALSE,FALSE
"SOG_STAGED_REFIT_S1_DISTANCE_BALD_EAGLE_v1","atx_fc0a9b777dcd","Bald Eagle","SoG","detection","band_14_16","14–<16 km","within_band_14_16_early_egg_minus_baseline","within_band_period_minus_baseline","early_egg",4,14,0.021343508492498,0.0318282800882694,-0.0410387741703634,0.0837257911553594,1.02157291034301,0.959791914091106,1.08733069723239,0.502486116259553,217199,"completed","s1_anchor","bald_eagle__detection__early_egg__13_bands",13,0.933188501624885,FALSE,FALSE
"SOG_STAGED_REFIT_S1_DISTANCE_BALD_EAGLE_v1","atx_fc0a9b777dcd","Bald Eagle","SoG","detection","band_14_16","14–<16 km","within_band_14_16_late_egg_minus_baseline","within_band_period_minus_baseline","late_egg",15,28,0.00863069640591498,0.030507858098144,-0.0511636067119059,0.0684249995237359,1.00866804824627,0.950123211281182,1.07082030990595,0.777252907856116,217199,"completed","s1_anchor","bald_eagle__detection__late_egg__13_bands",13,0.777252907856116,FALSE,FALSE
"SOG_STAGED_REFIT_S1_DISTANCE_BALD_EAGLE_v1","atx_fc0a9b777dcd","Bald Eagle","SoG","detection","band_14_16","14–<16 km","within_band_14_16_active_0_14_minus_baseline","within_band_duration_weighted_active_minus_baseline","active_0_14",0,14,0.0300044938076691,0.0296725720964403,-0.0281526788300222,0.0881616664453603,1.03045916462841,0.972239915016087,1.09216467413715,0.311927345492527,217199,"completed","s1_anchor","bald_eagle__detection__active_0_14__13_bands",13,0.579293641628978,FALSE,FALSE
"SOG_STAGED_REFIT_S1_DISTANCE_BALD_EAGLE_v1","atx_fc0a9b777dcd","Bald Eagle","SoG","detection","band_16_18","16–<18 km","within_band_16_18_early_pre_minus_baseline","within_band_period_minus_baseline","early_pre",-14,-8,0.0803463699954742,0.0338079102295049,0.0140840835530813,0.146608656437867,1.08366235080134,1.01418373152506,1.15790073735301,0.017475139286048,217199,"completed","s1_anchor","bald_eagle__detection__early_pre__13_bands",13,0.227176810718624,TRUE,FALSE
"SOG_STAGED_REFIT_S1_DISTANCE_BALD_EAGLE_v1","atx_fc0a9b777dcd","Bald Eagle","SoG","detection","band_16_18","16–<18 km","within_band_16_18_immediate_pre_minus_baseline","within_band_period_minus_baseline","immediate_pre",-7,-1,-0.010743445828539,0.0345987843316053,-0.0785558170273541,0.057068925370276,0.989314058868494,0.92445045841492,1.05872878115397,0.756169259733436,217199,"completed","s1_anchor","bald_eagle__detection__immediate_pre__13_bands",13,0.93383454707869,FALSE,FALSE
"SOG_STAGED_REFIT_S1_DISTANCE_BALD_EAGLE_v1","atx_fc0a9b777dcd","Bald Eagle","SoG","detection","band_16_18","16–<18 km","within_band_16_18_spawn_start_minus_baseline","within_band_period_minus_baseline","spawn_start",0,3,0.0772535142321068,0.0416536754109769,-0.00438618939712952,0.158893217861343,1.08031591714004,0.995623415882927,1.17221276861105,0.0636444216729725,217199,"completed","s1_anchor","bald_eagle__detection__spawn_start__13_bands",13,0.165475496349729,FALSE,FALSE
"SOG_STAGED_REFIT_S1_DISTANCE_BALD_EAGLE_v1","atx_fc0a9b777dcd","Bald Eagle","SoG","detection","band_16_18","16–<18 km","within_band_16_18_early_egg_minus_baseline","within_band_period_minus_baseline","early_egg",4,14,0.00884145414513578,0.0288394011275846,-0.0476827334006339,0.0653656416909055,1.00888065524725,0.953436232568261,1.06754929355933,0.75916649576991,217199,"completed","s1_anchor","bald_eagle__detection__early_egg__13_bands",13,0.998837111074633,FALSE,FALSE
"SOG_STAGED_REFIT_S1_DISTANCE_BALD_EAGLE_v1","atx_fc0a9b777dcd","Bald Eagle","SoG","detection","band_16_18","16–<18 km","within_band_16_18_late_egg_minus_baseline","within_band_period_minus_baseline","late_egg",15,28,0.0126562289799228,0.0272718972242044,-0.0407957073695957,0.0661081653294413,1.01273665799711,0.960025235996323,1.06834226850999,0.642593400967355,217199,"completed","s1_anchor","bald_eagle__detection__late_egg__13_bands",13,0.709944092089089,FALSE,FALSE
"SOG_STAGED_REFIT_S1_DISTANCE_BALD_EAGLE_v1","atx_fc0a9b777dcd","Bald Eagle","SoG","detection","band_16_18","16–<18 km","within_band_16_18_active_0_14_minus_baseline","within_band_duration_weighted_active_minus_baseline","active_0_14",0,14,0.027084670168328,0.0267167573819858,-0.0252792120840588,0.0794485524207149,1.02745479385101,0.975037631728936,1.08268985632433,0.310692101889829,217199,"completed","s1_anchor","bald_eagle__detection__active_0_14__13_bands",13,0.579293641628978,FALSE,FALSE
"SOG_STAGED_REFIT_S1_DISTANCE_BALD_EAGLE_v1","atx_fc0a9b777dcd","Bald Eagle","SoG","detection","band_18_20","18–<20 km","within_band_18_20_early_pre_minus_baseline","within_band_period_minus_baseline","early_pre",-14,-8,0.0238767214885674,0.0390296160463004,-0.0526199202926079,0.100373363269743,1.02416405268801,0.948740540990384,1.10558362534332,0.540697175651374,217199,"completed","s1_anchor","bald_eagle__detection__early_pre__13_bands",13,0.869832431348716,FALSE,FALSE
"SOG_STAGED_REFIT_S1_DISTANCE_BALD_EAGLE_v1","atx_fc0a9b777dcd","Bald Eagle","SoG","detection","band_18_20","18–<20 km","within_band_18_20_immediate_pre_minus_baseline","within_band_period_minus_baseline","immediate_pre",-7,-1,-0.0147272582671428,0.039434155603932,-0.0920167830115979,0.0625622664773122,0.985380657384139,0.912089841802243,1.06456074330156,0.708802742008668,217199,"completed","s1_anchor","bald_eagle__detection__immediate_pre__13_bands",13,0.93383454707869,FALSE,FALSE
"SOG_STAGED_REFIT_S1_DISTANCE_BALD_EAGLE_v1","atx_fc0a9b777dcd","Bald Eagle","SoG","detection","band_18_20","18–<20 km","within_band_18_20_spawn_start_minus_baseline","within_band_period_minus_baseline","spawn_start",0,3,-0.0982050021975129,0.0478224940252641,-0.191935368137912,-0.00447463625711338,0.906463057786346,0.825360211335192,0.995535360012256,0.0400210492084137,217199,"completed","s1_anchor","bald_eagle__detection__spawn_start__13_bands",13,0.130068409927345,TRUE,FALSE
"SOG_STAGED_REFIT_S1_DISTANCE_BALD_EAGLE_v1","atx_fc0a9b777dcd","Bald Eagle","SoG","detection","band_18_20","18–<20 km","within_band_18_20_early_egg_minus_baseline","within_band_period_minus_baseline","early_egg",4,14,-0.0377031578994129,0.032582681786805,-0.10156404072128,0.026157724922454,0.962998757041871,0.903423321608478,1.02650284078684,0.247209731771888,217199,"completed","s1_anchor","bald_eagle__detection__early_egg__13_bands",13,0.803431628258637,FALSE,FALSE
"SOG_STAGED_REFIT_S1_DISTANCE_BALD_EAGLE_v1","atx_fc0a9b777dcd","Bald Eagle","SoG","detection","band_18_20","18–<20 km","within_band_18_20_late_egg_minus_baseline","within_band_period_minus_baseline","late_egg",15,28,-0.0705892145250234,0.0308398529331616,-0.131034215562532,-0.0101442134875147,0.931844601743766,0.877187760404905,0.98990706550463,0.0220853985493002,217199,"completed","s1_anchor","bald_eagle__detection__late_egg__13_bands",13,0.202816912736692,TRUE,FALSE
"SOG_STAGED_REFIT_S1_DISTANCE_BALD_EAGLE_v1","atx_fc0a9b777dcd","Bald Eagle","SoG","detection","band_18_20","18–<20 km","within_band_18_20_active_0_14_minus_baseline","within_band_duration_weighted_active_minus_baseline","active_0_14",0,14,-0.0538369830455729,0.0301613340983303,-0.11295211160398,0.00527814551283429,0.947586566587791,0.893193432692679,1.00529209946238,0.0742666858654878,217199,"completed","s1_anchor","bald_eagle__detection__active_0_14__13_bands",13,0.193093383250268,FALSE,FALSE
"SOG_STAGED_REFIT_S1_DISTANCE_BALD_EAGLE_v1","atx_fc0a9b777dcd","Bald Eagle","SoG","detection","band_20_22","20–<22 km","within_band_20_22_early_pre_minus_baseline","within_band_period_minus_baseline","early_pre",-14,-8,-0.0398473565870498,0.036357525536635,-0.11110679720585,0.0314120840317502,0.960936108525214,0.894843177074733,1.03191065018364,0.273084689332479,217199,"completed","s1_anchor","bald_eagle__detection__early_pre__13_bands",13,0.745633323384758,FALSE,FALSE
"SOG_STAGED_REFIT_S1_DISTANCE_BALD_EAGLE_v1","atx_fc0a9b777dcd","Bald Eagle","SoG","detection","band_20_22","20–<22 km","within_band_20_22_immediate_pre_minus_baseline","within_band_period_minus_baseline","immediate_pre",-7,-1,0.0192276221602307,0.0371144756959354,-0.0535154135088897,0.0919706578293512,1.01941366335078,0.947891330559754,1.09633265282907,0.604414586253311,217199,"completed","s1_anchor","bald_eagle__detection__immediate_pre__13_bands",13,0.93383454707869,FALSE,FALSE
"SOG_STAGED_REFIT_S1_DISTANCE_BALD_EAGLE_v1","atx_fc0a9b777dcd","Bald Eagle","SoG","detection","band_20_22","20–<22 km","within_band_20_22_spawn_start_minus_baseline","within_band_period_minus_baseline","spawn_start",0,3,0.0303837372531885,0.0429229651086989,-0.0537437284695306,0.114511202975908,1.03085003362504,0.947674937491753,1.12132520317283,0.479028046724581,217199,"completed","s1_anchor","bald_eagle__detection__spawn_start__13_bands",13,0.622736460741956,FALSE,FALSE
"SOG_STAGED_REFIT_S1_DISTANCE_BALD_EAGLE_v1","atx_fc0a9b777dcd","Bald Eagle","SoG","detection","band_20_22","20–<22 km","within_band_20_22_early_egg_minus_baseline","within_band_period_minus_baseline","early_egg",4,14,-0.00193472455517391,0.0308717534754443,-0.062442249506644,0.0585728003962962,0.998067145817965,0.939467315947876,1.06032217475939,0.950029499370596,217199,"completed","s1_anchor","bald_eagle__detection__early_egg__13_bands",13,0.998837111074633,FALSE,FALSE
"SOG_STAGED_REFIT_S1_DISTANCE_BALD_EAGLE_v1","atx_fc0a9b777dcd","Bald Eagle","SoG","detection","band_20_22","20–<22 km","within_band_20_22_late_egg_minus_baseline","within_band_period_minus_baseline","late_egg",15,28,-0.0516928983871936,0.0285065363594795,-0.107564682975755,0.00417888620136771,0.949620452039831,0.89801843406756,1.00418762992174,0.0697747704246202,217199,"completed","s1_anchor","bald_eagle__detection__late_egg__13_bands",13,0.228849661901669,FALSE,FALSE
"SOG_STAGED_REFIT_S1_DISTANCE_BALD_EAGLE_v1","atx_fc0a9b777dcd","Bald Eagle","SoG","detection","band_20_22","20–<22 km","within_band_20_22_active_0_14_minus_baseline","within_band_duration_weighted_active_minus_baseline","active_0_14",0,14,0.00668353192705608,0.0283465394828752,-0.048874664545722,0.0622417283998342,1.00670591656827,0.952300479232158,1.06421956573067,0.813603803163278,217199,"completed","s1_anchor","bald_eagle__detection__active_0_14__13_bands",13,0.945056612684747,FALSE,FALSE
"SOG_STAGED_REFIT_S1_DISTANCE_BALD_EAGLE_v1","atx_fc0a9b777dcd","Bald Eagle","SoG","detection","band_22_24","22–<24 km","within_band_22_24_early_pre_minus_baseline","within_band_period_minus_baseline","early_pre",-14,-8,0.0174162127173098,0.0361435696384705,-0.0534238820468078,0.0882563074814274,1.01756875925755,0.947978096409977,1.09226804262484,0.629903982859255,217199,"completed","s1_anchor","bald_eagle__detection__early_pre__13_bands",13,0.869832431348716,FALSE,FALSE
"SOG_STAGED_REFIT_S1_DISTANCE_BALD_EAGLE_v1","atx_fc0a9b777dcd","Bald Eagle","SoG","detection","band_22_24","22–<24 km","within_band_22_24_immediate_pre_minus_baseline","within_band_period_minus_baseline","immediate_pre",-7,-1,0.00291187332099146,0.0349838277491219,-0.0656551691086404,0.0714789157506233,1.00291611694207,0.936453726795265,1.07409550396511,0.933664810173115,217199,"completed","s1_anchor","bald_eagle__detection__immediate_pre__13_bands",13,0.93383454707869,FALSE,FALSE
"SOG_STAGED_REFIT_S1_DISTANCE_BALD_EAGLE_v1","atx_fc0a9b777dcd","Bald Eagle","SoG","detection","band_22_24","22–<24 km","within_band_22_24_spawn_start_minus_baseline","within_band_period_minus_baseline","spawn_start",0,3,-0.00187733616953899,0.0434886306865352,-0.0871134860521114,0.0833588137130334,0.998124424923781,0.916573071471265,1.08693174460195,0.965567266064416,217199,"completed","s1_anchor","bald_eagle__detection__spawn_start__13_bands",13,0.965567266064416,FALSE,FALSE
"SOG_STAGED_REFIT_S1_DISTANCE_BALD_EAGLE_v1","atx_fc0a9b777dcd","Bald Eagle","SoG","detection","band_22_24","22–<24 km","within_band_22_24_early_egg_minus_baseline","within_band_period_minus_baseline","early_egg",4,14,0.00636170681055291,0.0294544883147824,-0.0513680294694764,0.0640914430905822,1.00638198544676,0.949929004325137,1.06618989000268,0.828999991616569,217199,"completed","s1_anchor","bald_eagle__detection__early_egg__13_bands",13,0.998837111074633,FALSE,FALSE
"SOG_STAGED_REFIT_S1_DISTANCE_BALD_EAGLE_v1","atx_fc0a9b777dcd","Bald Eagle","SoG","detection","band_22_24","22–<24 km","within_band_22_24_late_egg_minus_baseline","within_band_period_minus_baseline","late_egg",15,28,0.0187817059250877,0.0281745516207933,-0.0364394005322317,0.0740028123824071,1.01895919158367,0.964216523134031,1.07680983389299,0.505015200844572,217199,"completed","s1_anchor","bald_eagle__detection__late_egg__13_bands",13,0.709944092089089,FALSE,FALSE
"SOG_STAGED_REFIT_S1_DISTANCE_BALD_EAGLE_v1","atx_fc0a9b777dcd","Bald Eagle","SoG","detection","band_22_24","22–<24 km","within_band_22_24_active_0_14_minus_baseline","within_band_duration_weighted_active_minus_baseline","active_0_14",0,14,0.0041646286825284,0.0277695406163248,-0.0502626707926904,0.0585919281577472,1.00417331279975,0.950979597126364,1.06034245654298,0.880787412526404,217199,"completed","s1_anchor","bald_eagle__detection__active_0_14__13_bands",13,0.945056612684747,FALSE,FALSE
"SOG_STAGED_REFIT_S1_DISTANCE_BALD_EAGLE_v1","atx_fc0a9b777dcd","Bald Eagle","SoG","detection","band_24_26","24–26 km","within_band_24_26_early_pre_minus_baseline","within_band_period_minus_baseline","early_pre",-14,-8,-0.0421318535122661,0.0395527201310632,-0.119653760459742,0.0353900534352102,0.958743358558887,0.887227576810365,1.03602373461532,0.286782047455676,217199,"completed","s1_anchor","bald_eagle__detection__early_pre__13_bands",13,0.745633323384758,FALSE,FALSE
"SOG_STAGED_REFIT_S1_DISTANCE_BALD_EAGLE_v1","atx_fc0a9b777dcd","Bald Eagle","SoG","detection","band_24_26","24–26 km","within_band_24_26_immediate_pre_minus_baseline","within_band_period_minus_baseline","immediate_pre",-7,-1,0.0551719736193921,0.0392617373076243,-0.0217796174740241,0.132123564712808,1.05672232741349,0.978455845862777,1.1412493287007,0.159951362759458,217199,"completed","s1_anchor","bald_eagle__detection__immediate_pre__13_bands",13,0.519841928968237,FALSE,FALSE
"SOG_STAGED_REFIT_S1_DISTANCE_BALD_EAGLE_v1","atx_fc0a9b777dcd","Bald Eagle","SoG","detection","band_24_26","24–26 km","within_band_24_26_spawn_start_minus_baseline","within_band_period_minus_baseline","spawn_start",0,3,-0.0021067335335805,0.0472605089683723,-0.0947356290026225,0.0905221619354615,0.997895484071936,0.909613378079663,1.09474576905789,0.964444444987488,217199,"completed","s1_anchor","bald_eagle__detection__spawn_start__13_bands",13,0.965567266064416,FALSE,FALSE
"SOG_STAGED_REFIT_S1_DISTANCE_BALD_EAGLE_v1","atx_fc0a9b777dcd","Bald Eagle","SoG","detection","band_24_26","24–26 km","within_band_24_26_early_egg_minus_baseline","within_band_period_minus_baseline","early_egg",4,14,-0.00212684535884202,0.0330569817116966,-0.0669173389513666,0.0626636482336826,0.997875414774146,0.935272508747908,1.06466867581058,0.94870048783431,217199,"completed","s1_anchor","bald_eagle__detection__early_egg__13_bands",13,0.998837111074633,FALSE,FALSE
"SOG_STAGED_REFIT_S1_DISTANCE_BALD_EAGLE_v1","atx_fc0a9b777dcd","Bald Eagle","SoG","detection","band_24_26","24–26 km","within_band_24_26_late_egg_minus_baseline","within_band_period_minus_baseline","late_egg",15,28,0.0341904889173428,0.0308110646006035,-0.026198088025177,0.0945790658598626,1.03478170240143,0.974142104609628,1.09919606857964,0.26713601030026,217199,"completed","s1_anchor","bald_eagle__detection__late_egg__13_bands",13,0.578794688983896,FALSE,FALSE
"SOG_STAGED_REFIT_S1_DISTANCE_BALD_EAGLE_v1","atx_fc0a9b777dcd","Bald Eagle","SoG","detection","band_24_26","24–26 km","within_band_24_26_active_0_14_minus_baseline","within_band_duration_weighted_active_minus_baseline","active_0_14",0,14,-0.00212148220543895,0.0307836675760353,-0.0624563619665216,0.0582133975556437,0.997880766547424,0.939454057846626,1.05994116043069,0.945056612684747,217199,"completed","s1_anchor","bald_eagle__detection__active_0_14__13_bands",13,0.945056612684747,FALSE,FALSE
"SOG_STAGED_REFIT_S1_DISTANCE_BALD_EAGLE_v1","atx_fc0a9b777dcd","Bald Eagle","SoG","positive_numeric_count_given_detection","band_0_2","0–<2 km","within_band_0_2_early_pre_minus_baseline","within_band_period_minus_baseline","early_pre",-14,-8,-0.036553455701914,0.0201044399555385,-0.0759574339441174,0.00285052254028949,0.964106555526181,0.92685565830947,1.00285458914273,0.0690368913104309,83359,"completed","s1_anchor","bald_eagle__positive_numeric_count_given_detection__early_pre__13_bands",13,0.299159862345201,FALSE,FALSE
"SOG_STAGED_REFIT_S1_DISTANCE_BALD_EAGLE_v1","atx_fc0a9b777dcd","Bald Eagle","SoG","positive_numeric_count_given_detection","band_0_2","0–<2 km","within_band_0_2_immediate_pre_minus_baseline","within_band_period_minus_baseline","immediate_pre",-7,-1,-0.0431163582061091,0.0201199544513358,-0.0825507443013135,-0.00368197211090458,0.957799935700512,0.920764713109266,0.996324798036694,0.0321159088288841,83359,"completed","s1_anchor","bald_eagle__positive_numeric_count_given_detection__immediate_pre__13_bands",13,0.0835013629550987,TRUE,FALSE
"SOG_STAGED_REFIT_S1_DISTANCE_BALD_EAGLE_v1","atx_fc0a9b777dcd","Bald Eagle","SoG","positive_numeric_count_given_detection","band_0_2","0–<2 km","within_band_0_2_spawn_start_minus_baseline","within_band_period_minus_baseline","spawn_start",0,3,0.229455866103501,0.0199205521186704,0.190412301398754,0.268499430808248,1.25791534929236,1.20974827575358,1.30800023252742,1.06386770535178e-30,83359,"completed","s1_anchor","bald_eagle__positive_numeric_count_given_detection__spawn_start__13_bands",13,1.38302801695731e-29,TRUE,TRUE
"SOG_STAGED_REFIT_S1_DISTANCE_BALD_EAGLE_v1","atx_fc0a9b777dcd","Bald Eagle","SoG","positive_numeric_count_given_detection","band_0_2","0–<2 km","within_band_0_2_early_egg_minus_baseline","within_band_period_minus_baseline","early_egg",4,14,0.0284153650189967,0.0167078067434435,-0.00433133445880796,0.0611620644968013,1.02882293274028,0.995678032241971,1.0630711863241,0.0889948588115286,83359,"completed","s1_anchor","bald_eagle__positive_numeric_count_given_detection__early_egg__13_bands",13,0.144616645568734,FALSE,FALSE
"SOG_STAGED_REFIT_S1_DISTANCE_BALD_EAGLE_v1","atx_fc0a9b777dcd","Bald Eagle","SoG","positive_numeric_count_given_detection","band_0_2","0–<2 km","within_band_0_2_late_egg_minus_baseline","within_band_period_minus_baseline","late_egg",15,28,-0.0385102672644959,0.0168334737313505,-0.0715032695126439,-0.00551726501634785,0.962221825303116,0.930993233695737,0.994497927137728,0.0221538573634014,83359,"completed","s1_anchor","bald_eagle__positive_numeric_count_given_detection__late_egg__13_bands",13,0.0960000485747393,TRUE,FALSE
"SOG_STAGED_REFIT_S1_DISTANCE_BALD_EAGLE_v1","atx_fc0a9b777dcd","Bald Eagle","SoG","positive_numeric_count_given_detection","band_0_2","0–<2 km","within_band_0_2_active_0_14_minus_baseline","within_band_duration_weighted_active_minus_baseline","active_0_14",0,14,0.0820261653081978,0.0153106145661815,0.0520179121773078,0.112034418439088,1.08548421148692,1.05339461093542,1.11855135877433,8.43951591626669e-08,83359,"completed","s1_anchor","bald_eagle__positive_numeric_count_given_detection__active_0_14__13_bands",13,1.09713706911467e-06,TRUE,TRUE
"SOG_STAGED_REFIT_S1_DISTANCE_BALD_EAGLE_v1","atx_fc0a9b777dcd","Bald Eagle","SoG","positive_numeric_count_given_detection","band_2_4","2–<4 km","within_band_2_4_early_pre_minus_baseline","within_band_period_minus_baseline","early_pre",-14,-8,-0.00968465939288186,0.0180774872437458,-0.0451158833216058,0.0257465645358421,0.990362085895123,0.955886704088229,1.0260808702367,0.592144893347814,83359,"completed","s1_anchor","bald_eagle__positive_numeric_count_given_detection__early_pre__13_bands",13,0.705189681838179,FALSE,FALSE
"SOG_STAGED_REFIT_S1_DISTANCE_BALD_EAGLE_v1","atx_fc0a9b777dcd","Bald Eagle","SoG","positive_numeric_count_given_detection","band_2_4","2–<4 km","within_band_2_4_immediate_pre_minus_baseline","within_band_period_minus_baseline","immediate_pre",-7,-1,0.00291265938736301,0.0173860329450197,-0.0311633390189024,0.0369886577936284,1.00291690530102,0.969317232818993,1.03768125117651,0.866954072268713,83359,"completed","s1_anchor","bald_eagle__positive_numeric_count_given_detection__immediate_pre__13_bands",13,0.915646259510841,FALSE,FALSE
"SOG_STAGED_REFIT_S1_DISTANCE_BALD_EAGLE_v1","atx_fc0a9b777dcd","Bald Eagle","SoG","positive_numeric_count_given_detection","band_2_4","2–<4 km","within_band_2_4_spawn_start_minus_baseline","within_band_period_minus_baseline","spawn_start",0,3,0.112491163891206,0.0191753985871758,0.0749080732711413,0.150074254511271,1.11906236871226,1.07778506907476,1.16192051736526,4.45273874363413e-09,83359,"completed","s1_anchor","bald_eagle__positive_numeric_count_given_detection__spawn_start__13_bands",13,2.89428018336219e-08,TRUE,TRUE
"SOG_STAGED_REFIT_S1_DISTANCE_BALD_EAGLE_v1","atx_fc0a9b777dcd","Bald Eagle","SoG","positive_numeric_count_given_detection","band_2_4","2–<4 km","within_band_2_4_early_egg_minus_baseline","within_band_period_minus_baseline","early_egg",4,14,0.00648448639596253,0.0146142567341514,-0.0221589304637962,0.0351279032557213,1.00650555619553,0.978084775230927,1.03575217640341,0.657252534747333,83359,"completed","s1_anchor","bald_eagle__positive_numeric_count_given_detection__early_egg__13_bands",13,0.712023579309611,FALSE,FALSE
"SOG_STAGED_REFIT_S1_DISTANCE_BALD_EAGLE_v1","atx_fc0a9b777dcd","Bald Eagle","SoG","positive_numeric_count_given_detection","band_2_4","2–<4 km","within_band_2_4_late_egg_minus_baseline","within_band_period_minus_baseline","late_egg",15,28,-0.00772902684051269,0.0138114075573884,-0.0347988882287982,0.0193408345477728,0.992300765283319,0.965799630401833,1.01952908013868,0.575744244704418,83359,"completed","s1_anchor","bald_eagle__positive_numeric_count_given_detection__late_egg__13_bands",13,0.821553873513449,FALSE,FALSE
"SOG_STAGED_REFIT_S1_DISTANCE_BALD_EAGLE_v1","atx_fc0a9b777dcd","Bald Eagle","SoG","positive_numeric_count_given_detection","band_2_4","2–<4 km","within_band_2_4_active_0_14_minus_baseline","within_band_duration_weighted_active_minus_baseline","active_0_14",0,14,0.0347529337280275,0.0134680289073658,0.00835608212684611,0.0611497853292088,1.0353638737044,1.00839109162725,1.06305813277498,0.00986852556125856,83359,"completed","s1_anchor","bald_eagle__positive_numeric_count_given_detection__active_0_14__13_bands",13,0.0320727080740903,TRUE,TRUE
"SOG_STAGED_REFIT_S1_DISTANCE_BALD_EAGLE_v1","atx_fc0a9b777dcd","Bald Eagle","SoG","positive_numeric_count_given_detection","band_4_6","4–<6 km","within_band_4_6_early_pre_minus_baseline","within_band_period_minus_baseline","early_pre",-14,-8,0.00148444773497588,0.0143988319562813,-0.0267367443187798,0.0297056397887316,1.0014855500729,0.973617518132704,1.0301512537782,0.917887564788768,83359,"completed","s1_anchor","bald_eagle__positive_numeric_count_given_detection__early_pre__13_bands",13,0.917887564788768,FALSE,FALSE
"SOG_STAGED_REFIT_S1_DISTANCE_BALD_EAGLE_v1","atx_fc0a9b777dcd","Bald Eagle","SoG","positive_numeric_count_given_detection","band_4_6","4–<6 km","within_band_4_6_immediate_pre_minus_baseline","within_band_period_minus_baseline","immediate_pre",-7,-1,0.0273678679091637,0.0149244868231187,-0.00188358875189156,0.0566193245702191,1.02774580793276,0.998118184088126,1.05825288283706,0.0666902153286502,83359,"completed","s1_anchor","bald_eagle__positive_numeric_count_given_detection__immediate_pre__13_bands",13,0.144495466545409,FALSE,FALSE
"SOG_STAGED_REFIT_S1_DISTANCE_BALD_EAGLE_v1","atx_fc0a9b777dcd","Bald Eagle","SoG","positive_numeric_count_given_detection","band_4_6","4–<6 km","within_band_4_6_spawn_start_minus_baseline","within_band_period_minus_baseline","spawn_start",0,3,0.0559723890461344,0.017245332469255,0.0221721585049754,0.0897726195872934,1.05756848285889,1.02241978758187,1.09392551818828,0.00117181004854147,83359,"completed","s1_anchor","bald_eagle__positive_numeric_count_given_detection__spawn_start__13_bands",13,0.00507784354367969,TRUE,TRUE
"SOG_STAGED_REFIT_S1_DISTANCE_BALD_EAGLE_v1","atx_fc0a9b777dcd","Bald Eagle","SoG","positive_numeric_count_given_detection","band_4_6","4–<6 km","within_band_4_6_early_egg_minus_baseline","within_band_period_minus_baseline","early_egg",4,14,0.0348213406027341,0.012733648140629,0.00986384885529597,0.0597788323501723,1.03543470213373,1.009912656959,1.06160172861988,0.0062457515721931,83359,"completed","s1_anchor","bald_eagle__positive_numeric_count_given_detection__early_egg__13_bands",13,0.0405973852192552,TRUE,TRUE
"SOG_STAGED_REFIT_S1_DISTANCE_BALD_EAGLE_v1","atx_fc0a9b777dcd","Bald Eagle","SoG","positive_numeric_count_given_detection","band_4_6","4–<6 km","within_band_4_6_late_egg_minus_baseline","within_band_period_minus_baseline","late_egg",15,28,-0.00705913604681775,0.0120038061899828,-0.030586163856583,0.0164678917629475,0.992965721129591,0.969876860136142,1.01660423489226,0.556482080080857,83359,"completed","s1_anchor","bald_eagle__positive_numeric_count_given_detection__late_egg__13_bands",13,0.821553873513449,FALSE,FALSE
"SOG_STAGED_REFIT_S1_DISTANCE_BALD_EAGLE_v1","atx_fc0a9b777dcd","Bald Eagle","SoG","positive_numeric_count_given_detection","band_4_6","4–<6 km","within_band_4_6_active_0_14_minus_baseline","within_band_duration_weighted_active_minus_baseline","active_0_14",0,14,0.0404616201876409,0.0116798935616677,0.0175694494635108,0.0633537909117709,1.04129134436918,1.01772470013089,1.06540370270932,0.000531788459057239,83359,"completed","s1_anchor","bald_eagle__positive_numeric_count_given_detection__active_0_14__13_bands",13,0.0023044166559147,TRUE,TRUE
"SOG_STAGED_REFIT_S1_DISTANCE_BALD_EAGLE_v1","atx_fc0a9b777dcd","Bald Eagle","SoG","positive_numeric_count_given_detection","band_6_8","6–<8 km","within_band_6_8_early_pre_minus_baseline","within_band_period_minus_baseline","early_pre",-14,-8,0.00652525999440494,0.0133738464908315,-0.0196869974623921,0.032737517451202,1.00654659588557,0.980505525999191,1.03327928586265,0.625612184626342,83359,"completed","s1_anchor","bald_eagle__positive_numeric_count_given_detection__early_pre__13_bands",13,0.705189681838179,FALSE,FALSE
"SOG_STAGED_REFIT_S1_DISTANCE_BALD_EAGLE_v1","atx_fc0a9b777dcd","Bald Eagle","SoG","positive_numeric_count_given_detection","band_6_8","6–<8 km","within_band_6_8_immediate_pre_minus_baseline","within_band_period_minus_baseline","immediate_pre",-7,-1,0.00364494735634113,0.013295307276907,-0.0224133760697899,0.0297032707824721,1.00365159825523,0.977835937516754,1.03014881334632,0.783967104272348,83359,"completed","s1_anchor","bald_eagle__positive_numeric_count_given_detection__immediate_pre__13_bands",13,0.915646259510841,FALSE,FALSE
"SOG_STAGED_REFIT_S1_DISTANCE_BALD_EAGLE_v1","atx_fc0a9b777dcd","Bald Eagle","SoG","positive_numeric_count_given_detection","band_6_8","6–<8 km","within_band_6_8_spawn_start_minus_baseline","within_band_period_minus_baseline","spawn_start",0,3,-0.0223814030992626,0.0156374836277029,-0.0530303078183951,0.00826750161986997,0.977867202336177,0.94835126958868,1.00830177178918,0.152353912691788,83359,"completed","s1_anchor","bald_eagle__positive_numeric_count_given_detection__spawn_start__13_bands",13,0.39612017299865,FALSE,FALSE
"SOG_STAGED_REFIT_S1_DISTANCE_BALD_EAGLE_v1","atx_fc0a9b777dcd","Bald Eagle","SoG","positive_numeric_count_given_detection","band_6_8","6–<8 km","within_band_6_8_early_egg_minus_baseline","within_band_period_minus_baseline","early_egg",4,14,-0.0239400185401361,0.0117304065090758,-0.0469311928219389,-0.000948844258333421,0.976344270556288,0.954153047910404,0.999051605752039,0.0412655828555635,83359,"completed","s1_anchor","bald_eagle__positive_numeric_count_given_detection__early_egg__13_bands",13,0.107290515424465,TRUE,FALSE
"SOG_STAGED_REFIT_S1_DISTANCE_BALD_EAGLE_v1","atx_fc0a9b777dcd","Bald Eagle","SoG","positive_numeric_count_given_detection","band_6_8","6–<8 km","within_band_6_8_late_egg_minus_baseline","within_band_period_minus_baseline","late_egg",15,28,-0.023215108816706,0.0111378115589764,-0.0450448183388936,-0.00138539929451827,0.977052288605009,0.955954636574112,0.998615559928065,0.0371282501936835,83359,"completed","s1_anchor","bald_eagle__positive_numeric_count_given_detection__late_egg__13_bands",13,0.0965334505035772,TRUE,FALSE
"SOG_STAGED_REFIT_S1_DISTANCE_BALD_EAGLE_v1","atx_fc0a9b777dcd","Bald Eagle","SoG","positive_numeric_count_given_detection","band_6_8","6–<8 km","within_band_6_8_active_0_14_minus_baseline","within_band_duration_weighted_active_minus_baseline","active_0_14",0,14,-0.0235243877559032,0.0107446561153136,-0.044583526768186,-0.00246524874362039,0.976750153634049,0.956395712114335,0.99753778748653,0.0285675251540513,83359,"completed","s1_anchor","bald_eagle__positive_numeric_count_given_detection__active_0_14__13_bands",13,0.0742755654005334,TRUE,FALSE
"SOG_STAGED_REFIT_S1_DISTANCE_BALD_EAGLE_v1","atx_fc0a9b777dcd","Bald Eagle","SoG","positive_numeric_count_given_detection","band_8_10","8–<10 km","within_band_8_10_early_pre_minus_baseline","within_band_period_minus_baseline","early_pre",-14,-8,-0.0397483584209114,0.0129671309226934,-0.0651634680122061,-0.0143332488296167,0.961031244146782,0.93691429534124,0.985768983159691,0.0021743987077016,83359,"completed","s1_anchor","bald_eagle__positive_numeric_count_given_detection__early_pre__13_bands",13,0.0282671832001208,TRUE,TRUE
"SOG_STAGED_REFIT_S1_DISTANCE_BALD_EAGLE_v1","atx_fc0a9b777dcd","Bald Eagle","SoG","positive_numeric_count_given_detection","band_8_10","8–<10 km","within_band_8_10_immediate_pre_minus_baseline","within_band_period_minus_baseline","immediate_pre",-7,-1,-0.0365746312807396,0.0131806698287475,-0.0624082694371984,-0.0107409931242808,0.964086140227972,0.939499239654896,0.989316485366274,0.00552239577548723,83359,"completed","s1_anchor","bald_eagle__positive_numeric_count_given_detection__immediate_pre__13_bands",13,0.0331987626786189,TRUE,TRUE
"SOG_STAGED_REFIT_S1_DISTANCE_BALD_EAGLE_v1","atx_fc0a9b777dcd","Bald Eagle","SoG","positive_numeric_count_given_detection","band_8_10","8–<10 km","within_band_8_10_spawn_start_minus_baseline","within_band_period_minus_baseline","spawn_start",0,3,-0.0402079710983512,0.0161365318100649,-0.0718349922814634,-0.00858094991523899,0.96058964349396,0.930684453260085,0.991455761354585,0.0127120620410158,83359,"completed","s1_anchor","bald_eagle__positive_numeric_count_given_detection__spawn_start__13_bands",13,0.0413142016333013,TRUE,TRUE
"SOG_STAGED_REFIT_S1_DISTANCE_BALD_EAGLE_v1","atx_fc0a9b777dcd","Bald Eagle","SoG","positive_numeric_count_given_detection","band_8_10","8–<10 km","within_band_8_10_early_egg_minus_baseline","within_band_period_minus_baseline","early_egg",4,14,-0.0353868802502739,0.0111893812039668,-0.0573176644193383,-0.0134560960812096,0.965231914847277,0.944294053094738,0.986634032467289,0.00156398545933723,83359,"completed","s1_anchor","bald_eagle__positive_numeric_count_given_detection__early_egg__13_bands",13,0.020331810971384,TRUE,TRUE
"SOG_STAGED_REFIT_S1_DISTANCE_BALD_EAGLE_v1","atx_fc0a9b777dcd","Bald Eagle","SoG","positive_numeric_count_given_detection","band_8_10","8–<10 km","within_band_8_10_late_egg_minus_baseline","within_band_period_minus_baseline","late_egg",15,28,-0.047662289060814,0.0103576873393914,-0.0679629832091477,-0.0273615949124803,0.953455725141852,0.934295057541855,0.973009342677647,4.19188783502366e-06,83359,"completed","s1_anchor","bald_eagle__positive_numeric_count_given_detection__late_egg__13_bands",13,5.44945418553076e-05,TRUE,TRUE
"SOG_STAGED_REFIT_S1_DISTANCE_BALD_EAGLE_v1","atx_fc0a9b777dcd","Bald Eagle","SoG","positive_numeric_count_given_detection","band_8_10","8–<10 km","within_band_8_10_active_0_14_minus_baseline","within_band_duration_weighted_active_minus_baseline","active_0_14",0,14,-0.0366725044764279,0.0103364964699135,-0.0569316652837838,-0.016413343669072,0.963991786653927,0.944658620139697,0.983720621316944,0.000388365738146089,83359,"completed","s1_anchor","bald_eagle__positive_numeric_count_given_detection__active_0_14__13_bands",13,0.0023044166559147,TRUE,TRUE
"SOG_STAGED_REFIT_S1_DISTANCE_BALD_EAGLE_v1","atx_fc0a9b777dcd","Bald Eagle","SoG","positive_numeric_count_given_detection","band_10_12","10–<12 km","within_band_10_12_early_pre_minus_baseline","within_band_period_minus_baseline","early_pre",-14,-8,0.0129219003526976,0.0122433324344453,-0.0110745902695663,0.0369183909749616,1.01300574887858,0.98898650725391,1.03760833917788,0.291231695379242,83359,"completed","s1_anchor","bald_eagle__positive_numeric_count_given_detection__early_pre__13_bands",13,0.705189681838179,FALSE,FALSE
"SOG_STAGED_REFIT_S1_DISTANCE_BALD_EAGLE_v1","atx_fc0a9b777dcd","Bald Eagle","SoG","positive_numeric_count_given_detection","band_10_12","10–<12 km","within_band_10_12_immediate_pre_minus_baseline","within_band_period_minus_baseline","immediate_pre",-7,-1,0.0115182706710994,0.0121549743405979,-0.0123050412694809,0.0353415826116798,1.01158486137505,0.98777035617775,1.03597351890871,0.34332403485181,83359,"completed","s1_anchor","bald_eagle__positive_numeric_count_given_detection__immediate_pre__13_bands",13,0.582967612226509,FALSE,FALSE
"SOG_STAGED_REFIT_S1_DISTANCE_BALD_EAGLE_v1","atx_fc0a9b777dcd","Bald Eagle","SoG","positive_numeric_count_given_detection","band_10_12","10–<12 km","within_band_10_12_spawn_start_minus_baseline","within_band_period_minus_baseline","spawn_start",0,3,0.00258639412531311,0.0149015447671467,-0.0266200969323057,0.0317928851829319,1.00258974172805,0.973731094695696,1.03230367777508,0.86220694443026,83359,"completed","s1_anchor","bald_eagle__positive_numeric_count_given_detection__spawn_start__13_bands",13,0.86220694443026,FALSE,FALSE
"SOG_STAGED_REFIT_S1_DISTANCE_BALD_EAGLE_v1","atx_fc0a9b777dcd","Bald Eagle","SoG","positive_numeric_count_given_detection","band_10_12","10–<12 km","within_band_10_12_early_egg_minus_baseline","within_band_period_minus_baseline","early_egg",4,14,0.0253824339383779,0.0102318759261572,0.00532832562882737,0.0454365422479283,1.02570731081271,1.00534254640225,1.04648459494689,0.0131116795679781,83359,"completed","s1_anchor","bald_eagle__positive_numeric_count_given_detection__early_egg__13_bands",13,0.0568172781279053,TRUE,FALSE
"SOG_STAGED_REFIT_S1_DISTANCE_BALD_EAGLE_v1","atx_fc0a9b777dcd","Bald Eagle","SoG","positive_numeric_count_given_detection","band_10_12","10–<12 km","within_band_10_12_late_egg_minus_baseline","within_band_period_minus_baseline","late_egg",15,28,0.0204672807666181,0.00950444074817029,0.00183891920700945,0.0390956423262268,1.02067817188953,1.00184061105583,1.03986993447373,0.0312838018521329,83359,"completed","s1_anchor","bald_eagle__positive_numeric_count_given_detection__late_egg__13_bands",13,0.0965334505035772,TRUE,FALSE
"SOG_STAGED_REFIT_S1_DISTANCE_BALD_EAGLE_v1","atx_fc0a9b777dcd","Bald Eagle","SoG","positive_numeric_count_given_detection","band_10_12","10–<12 km","within_band_10_12_active_0_14_minus_baseline","within_band_duration_weighted_active_minus_baseline","active_0_14",0,14,0.0193034899882273,0.00962014295913779,0.000448356262190596,0.0381586237142639,1.01949100698516,1.00044845678888,1.03889601335348,0.0447954713141953,83359,"completed","s1_anchor","bald_eagle__positive_numeric_count_given_detection__active_0_14__13_bands",13,0.0970568545140898,TRUE,FALSE
"SOG_STAGED_REFIT_S1_DISTANCE_BALD_EAGLE_v1","atx_fc0a9b777dcd","Bald Eagle","SoG","positive_numeric_count_given_detection","band_12_14","12–<14 km","within_band_12_14_early_pre_minus_baseline","within_band_period_minus_baseline","early_pre",-14,-8,0.00936357891750341,0.01579731825466,-0.0215985959139473,0.0403257537489541,1.00940755437129,0.978632983498843,1.04114987743311,0.553360400467211,83359,"completed","s1_anchor","bald_eagle__positive_numeric_count_given_detection__early_pre__13_bands",13,0.705189681838179,FALSE,FALSE
"SOG_STAGED_REFIT_S1_DISTANCE_BALD_EAGLE_v1","atx_fc0a9b777dcd","Bald Eagle","SoG","positive_numeric_count_given_detection","band_12_14","12–<14 km","within_band_12_14_immediate_pre_minus_baseline","within_band_period_minus_baseline","immediate_pre",-7,-1,-0.0455641040526577,0.0156474886507835,-0.0762326182566926,-0.0148955898486229,0.955458351856266,0.926600637262787,0.985214800659576,0.00359224257661932,83359,"completed","s1_anchor","bald_eagle__positive_numeric_count_given_detection__immediate_pre__13_bands",13,0.0331987626786189,TRUE,TRUE
"SOG_STAGED_REFIT_S1_DISTANCE_BALD_EAGLE_v1","atx_fc0a9b777dcd","Bald Eagle","SoG","positive_numeric_count_given_detection","band_12_14","12–<14 km","within_band_12_14_spawn_start_minus_baseline","within_band_period_minus_baseline","spawn_start",0,3,-0.00583739115158844,0.0179893027623373,-0.0410957766727565,0.0294209943695796,0.994179613312814,0.959737205109516,1.0298580676718,0.745565312045054,83359,"completed","s1_anchor","bald_eagle__positive_numeric_count_given_detection__spawn_start__13_bands",13,0.807695754715475,FALSE,FALSE
"SOG_STAGED_REFIT_S1_DISTANCE_BALD_EAGLE_v1","atx_fc0a9b777dcd","Bald Eagle","SoG","positive_numeric_count_given_detection","band_12_14","12–<14 km","within_band_12_14_early_egg_minus_baseline","within_band_period_minus_baseline","early_egg",4,14,-0.0278222190358502,0.0130826384475809,-0.0534637192158677,-0.00218071885583267,0.972561254310224,0.947940332398496,0.997821657184059,0.0334490096649844,83359,"completed","s1_anchor","bald_eagle__positive_numeric_count_given_detection__early_egg__13_bands",13,0.107290515424465,TRUE,FALSE
"SOG_STAGED_REFIT_S1_DISTANCE_BALD_EAGLE_v1","atx_fc0a9b777dcd","Bald Eagle","SoG","positive_numeric_count_given_detection","band_12_14","12–<14 km","within_band_12_14_late_egg_minus_baseline","within_band_period_minus_baseline","late_egg",15,28,0.00588684506995793,0.0122907982292305,-0.0182026768005826,0.0299763669404985,1.00590420659388,0.981961991273792,1.03043018144797,0.631964518087268,83359,"completed","s1_anchor","bald_eagle__positive_numeric_count_given_detection__late_egg__13_bands",13,0.821553873513449,FALSE,FALSE
"SOG_STAGED_REFIT_S1_DISTANCE_BALD_EAGLE_v1","atx_fc0a9b777dcd","Bald Eagle","SoG","positive_numeric_count_given_detection","band_12_14","12–<14 km","within_band_12_14_active_0_14_minus_baseline","within_band_duration_weighted_active_minus_baseline","active_0_14",0,14,-0.0219595982667137,0.0120525289834682,-0.0455821209969366,0.00166292446350914,0.978279758450678,0.955441137571455,1.00166430788913,0.0684563647087981,83359,"completed","s1_anchor","bald_eagle__positive_numeric_count_given_detection__active_0_14__13_bands",13,0.127133248744911,FALSE,FALSE
"SOG_STAGED_REFIT_S1_DISTANCE_BALD_EAGLE_v1","atx_fc0a9b777dcd","Bald Eagle","SoG","positive_numeric_count_given_detection","band_14_16","14–<16 km","within_band_14_16_early_pre_minus_baseline","within_band_period_minus_baseline","early_pre",-14,-8,-0.0117511423331857,0.0147205450261234,-0.0406028804171879,0.0171005957508165,0.988317632681286,0.960210372585903,1.01724764796931,0.424707010619035,83359,"completed","s1_anchor","bald_eagle__positive_numeric_count_given_detection__early_pre__13_bands",13,0.705189681838179,FALSE,FALSE
"SOG_STAGED_REFIT_S1_DISTANCE_BALD_EAGLE_v1","atx_fc0a9b777dcd","Bald Eagle","SoG","positive_numeric_count_given_detection","band_14_16","14–<16 km","within_band_14_16_immediate_pre_minus_baseline","within_band_period_minus_baseline","immediate_pre",-7,-1,0.00151566634475358,0.0143096126323678,-0.0265306590474068,0.029561991736914,1.00151681554752,0.973818187039885,1.03000328518547,0.915646259510841,83359,"completed","s1_anchor","bald_eagle__positive_numeric_count_given_detection__immediate_pre__13_bands",13,0.915646259510841,FALSE,FALSE
"SOG_STAGED_REFIT_S1_DISTANCE_BALD_EAGLE_v1","atx_fc0a9b777dcd","Bald Eagle","SoG","positive_numeric_count_given_detection","band_14_16","14–<16 km","within_band_14_16_spawn_start_minus_baseline","within_band_period_minus_baseline","spawn_start",0,3,0.0184552879591145,0.016283863211229,-0.0134604974640712,0.0503710733823001,1.01862663927542,0.986629689922724,1.05166126748405,0.257068034748681,83359,"completed","s1_anchor","bald_eagle__positive_numeric_count_given_detection__spawn_start__13_bands",13,0.556980741955476,FALSE,FALSE
"SOG_STAGED_REFIT_S1_DISTANCE_BALD_EAGLE_v1","atx_fc0a9b777dcd","Bald Eagle","SoG","positive_numeric_count_given_detection","band_14_16","14–<16 km","within_band_14_16_early_egg_minus_baseline","within_band_period_minus_baseline","early_egg",4,14,-0.0224400046025044,0.0122900329396105,-0.0465280265329518,0.00164801732794313,0.977809899527181,0.954537807809754,1.0016493760548,0.0678698195869757,83359,"completed","s1_anchor","bald_eagle__positive_numeric_count_given_detection__early_egg__13_bands",13,0.137292832700503,FALSE,FALSE
"SOG_STAGED_REFIT_S1_DISTANCE_BALD_EAGLE_v1","atx_fc0a9b777dcd","Bald Eagle","SoG","positive_numeric_count_given_detection","band_14_16","14–<16 km","within_band_14_16_late_egg_minus_baseline","within_band_period_minus_baseline","late_egg",15,28,-0.00225446433423913,0.0118387767894664,-0.0254580404626021,0.0209491117941238,0.997748075061794,0.974863282919957,1.02117008480178,0.848971789412992,83359,"completed","s1_anchor","bald_eagle__positive_numeric_count_given_detection__late_egg__13_bands",13,0.890447573321586,FALSE,FALSE
"SOG_STAGED_REFIT_S1_DISTANCE_BALD_EAGLE_v1","atx_fc0a9b777dcd","Bald Eagle","SoG","positive_numeric_count_given_detection","band_14_16","14–<16 km","within_band_14_16_active_0_14_minus_baseline","within_band_duration_weighted_active_minus_baseline","active_0_14",0,14,-0.0115345932527393,0.0113069424633442,-0.0336957932561606,0.0106266067506819,0.988531675130343,0.966865586936262,1.01068326966985,0.307665047516853,83359,"completed","s1_anchor","bald_eagle__positive_numeric_count_given_detection__active_0_14__13_bands",13,0.378760404722792,FALSE,FALSE
"SOG_STAGED_REFIT_S1_DISTANCE_BALD_EAGLE_v1","atx_fc0a9b777dcd","Bald Eagle","SoG","positive_numeric_count_given_detection","band_16_18","16–<18 km","within_band_16_18_early_pre_minus_baseline","within_band_period_minus_baseline","early_pre",-14,-8,0.0362021930148372,0.0132809075026496,0.0101720926276362,0.0622322934020382,1.03686547225359,1.01022400422908,1.06420952486878,0.00641298281371386,83359,"completed","s1_anchor","bald_eagle__positive_numeric_count_given_detection__early_pre__13_bands",13,0.0416843882891401,TRUE,TRUE
"SOG_STAGED_REFIT_S1_DISTANCE_BALD_EAGLE_v1","atx_fc0a9b777dcd","Bald Eagle","SoG","positive_numeric_count_given_detection","band_16_18","16–<18 km","within_band_16_18_immediate_pre_minus_baseline","within_band_period_minus_baseline","immediate_pre",-7,-1,0.012314336724934,0.0134179513175664,-0.0139843646038079,0.038613038053676,1.0123904703602,0.986112962409185,1.03936820987742,0.358749299831698,83359,"completed","s1_anchor","bald_eagle__positive_numeric_count_given_detection__immediate_pre__13_bands",13,0.582967612226509,FALSE,FALSE
"SOG_STAGED_REFIT_S1_DISTANCE_BALD_EAGLE_v1","atx_fc0a9b777dcd","Bald Eagle","SoG","positive_numeric_count_given_detection","band_16_18","16–<18 km","within_band_16_18_spawn_start_minus_baseline","within_band_period_minus_baseline","spawn_start",0,3,0.00572153345462981,0.0153600821450397,-0.0243836743492247,0.0358267412584843,1.0057379326885,0.975911205821932,1.03647625236215,0.70952531996977,83359,"completed","s1_anchor","bald_eagle__positive_numeric_count_given_detection__spawn_start__13_bands",13,0.807695754715475,FALSE,FALSE
"SOG_STAGED_REFIT_S1_DISTANCE_BALD_EAGLE_v1","atx_fc0a9b777dcd","Bald Eagle","SoG","positive_numeric_count_given_detection","band_16_18","16–<18 km","within_band_16_18_early_egg_minus_baseline","within_band_period_minus_baseline","early_egg",4,14,0.00178565154037023,0.0113418618466938,-0.0204439891967785,0.0240152922775189,1.00178724676545,0.979763572282335,1.02430598174219,0.874898868502324,83359,"completed","s1_anchor","bald_eagle__positive_numeric_count_given_detection__early_egg__13_bands",13,0.874898868502324,FALSE,FALSE
"SOG_STAGED_REFIT_S1_DISTANCE_BALD_EAGLE_v1","atx_fc0a9b777dcd","Bald Eagle","SoG","positive_numeric_count_given_detection","band_16_18","16–<18 km","within_band_16_18_late_egg_minus_baseline","within_band_period_minus_baseline","late_egg",15,28,0.00149495273728594,0.0108536056646417,-0.0197777234678118,0.0227676289423837,1.00149607073618,0.980416572684775,1.02302878964337,0.890447573321586,83359,"completed","s1_anchor","bald_eagle__positive_numeric_count_given_detection__late_egg__13_bands",13,0.890447573321586,FALSE,FALSE
"SOG_STAGED_REFIT_S1_DISTANCE_BALD_EAGLE_v1","atx_fc0a9b777dcd","Bald Eagle","SoG","positive_numeric_count_given_detection","band_16_18","16–<18 km","within_band_16_18_active_0_14_minus_baseline","within_band_duration_weighted_active_minus_baseline","active_0_14",0,14,0.00283522005083945,0.0104066251264217,-0.0175613903975567,0.0232318304992356,1.00283924308837,0.982591912105328,1.02350379143998,0.785280831161742,83359,"completed","s1_anchor","bald_eagle__positive_numeric_count_given_detection__active_0_14__13_bands",13,0.785280831161742,FALSE,FALSE
"SOG_STAGED_REFIT_S1_DISTANCE_BALD_EAGLE_v1","atx_fc0a9b777dcd","Bald Eagle","SoG","positive_numeric_count_given_detection","band_18_20","18–<20 km","within_band_18_20_early_pre_minus_baseline","within_band_period_minus_baseline","early_pre",-14,-8,-0.00818529995705266,0.0135869899156581,-0.0348153108500514,0.018444710935946,0.991848108396035,0.965783769570535,1.01861586529483,0.546883555954201,83359,"completed","s1_anchor","bald_eagle__positive_numeric_count_given_detection__early_pre__13_bands",13,0.705189681838179,FALSE,FALSE
"SOG_STAGED_REFIT_S1_DISTANCE_BALD_EAGLE_v1","atx_fc0a9b777dcd","Bald Eagle","SoG","positive_numeric_count_given_detection","band_18_20","18–<20 km","within_band_18_20_immediate_pre_minus_baseline","within_band_period_minus_baseline","immediate_pre",-7,-1,0.00342992338952023,0.0136376478539126,-0.0232993752379884,0.0301592220170288,1.00343581230767,0.976969959374086,1.03061861806542,0.801424447130278,83359,"completed","s1_anchor","bald_eagle__positive_numeric_count_given_detection__immediate_pre__13_bands",13,0.915646259510841,FALSE,FALSE
"SOG_STAGED_REFIT_S1_DISTANCE_BALD_EAGLE_v1","atx_fc0a9b777dcd","Bald Eagle","SoG","positive_numeric_count_given_detection","band_18_20","18–<20 km","within_band_18_20_spawn_start_minus_baseline","within_band_period_minus_baseline","spawn_start",0,3,-0.00745758825529496,0.0168908389541871,-0.0405630242741678,0.0256478477635779,0.992570150558283,0.960248643630505,1.02597958384452,0.658838940825098,83359,"completed","s1_anchor","bald_eagle__positive_numeric_count_given_detection__spawn_start__13_bands",13,0.807695754715475,FALSE,FALSE
"SOG_STAGED_REFIT_S1_DISTANCE_BALD_EAGLE_v1","atx_fc0a9b777dcd","Bald Eagle","SoG","positive_numeric_count_given_detection","band_18_20","18–<20 km","within_band_18_20_early_egg_minus_baseline","within_band_period_minus_baseline","early_egg",4,14,-0.0114824865301255,0.0112738531364429,-0.0335788326445475,0.0106138595842965,0.988583185618144,0.966978678740172,1.01067038640416,0.308437573334814,83359,"completed","s1_anchor","bald_eagle__positive_numeric_count_given_detection__early_egg__13_bands",13,0.422625042587632,FALSE,FALSE
"SOG_STAGED_REFIT_S1_DISTANCE_BALD_EAGLE_v1","atx_fc0a9b777dcd","Bald Eagle","SoG","positive_numeric_count_given_detection","band_18_20","18–<20 km","within_band_18_20_late_egg_minus_baseline","within_band_period_minus_baseline","late_egg",15,28,-0.0317572685162412,0.0112080933751178,-0.053724727866834,-0.00978980916564844,0.968741697652717,0.947692944057793,0.990257955021599,0.00460524146928501,83359,"completed","s1_anchor","bald_eagle__positive_numeric_count_given_detection__late_egg__13_bands",13,0.0299340695503525,TRUE,TRUE
"SOG_STAGED_REFIT_S1_DISTANCE_BALD_EAGLE_v1","atx_fc0a9b777dcd","Bald Eagle","SoG","positive_numeric_count_given_detection","band_18_20","18–<20 km","within_band_18_20_active_0_14_minus_baseline","within_band_duration_weighted_active_minus_baseline","active_0_14",0,14,-0.0104091803235041,0.0104777854645539,-0.030945262471767,0.0101269018247589,0.989644807707904,0.969528641224975,1.01017835242677,0.320489573226978,83359,"completed","s1_anchor","bald_eagle__positive_numeric_count_given_detection__active_0_14__13_bands",13,0.378760404722792,FALSE,FALSE
"SOG_STAGED_REFIT_S1_DISTANCE_BALD_EAGLE_v1","atx_fc0a9b777dcd","Bald Eagle","SoG","positive_numeric_count_given_detection","band_20_22","20–<22 km","within_band_20_22_early_pre_minus_baseline","within_band_period_minus_baseline","early_pre",-14,-8,0.00697257280765972,0.0133290762345966,-0.0191519365593384,0.0330970821746578,1.00699693778939,0.981030296550964,1.03365088344601,0.600897720598071,83359,"completed","s1_anchor","bald_eagle__positive_numeric_count_given_detection__early_pre__13_bands",13,0.705189681838179,FALSE,FALSE
"SOG_STAGED_REFIT_S1_DISTANCE_BALD_EAGLE_v1","atx_fc0a9b777dcd","Bald Eagle","SoG","positive_numeric_count_given_detection","band_20_22","20–<22 km","within_band_20_22_immediate_pre_minus_baseline","within_band_period_minus_baseline","immediate_pre",-7,-1,0.0300142746579526,0.013162280080791,0.00421667974517334,0.0558118695707319,1.03046924344451,1.00422558244809,1.05739873614501,0.0225884276442739,83359,"completed","s1_anchor","bald_eagle__positive_numeric_count_given_detection__immediate_pre__13_bands",13,0.0734123898438902,TRUE,FALSE
"SOG_STAGED_REFIT_S1_DISTANCE_BALD_EAGLE_v1","atx_fc0a9b777dcd","Bald Eagle","SoG","positive_numeric_count_given_detection","band_20_22","20–<22 km","within_band_20_22_spawn_start_minus_baseline","within_band_period_minus_baseline","spawn_start",0,3,0.00524673290810574,0.01577959193843,-0.0256806989819557,0.0361741647981672,1.00526052111501,0.974646245468325,1.03683641117075,0.739510850330323,83359,"completed","s1_anchor","bald_eagle__positive_numeric_count_given_detection__spawn_start__13_bands",13,0.807695754715475,FALSE,FALSE
"SOG_STAGED_REFIT_S1_DISTANCE_BALD_EAGLE_v1","atx_fc0a9b777dcd","Bald Eagle","SoG","positive_numeric_count_given_detection","band_20_22","20–<22 km","within_band_20_22_early_egg_minus_baseline","within_band_period_minus_baseline","early_egg",4,14,0.020128974929106,0.0112637032211918,-0.00194747771697785,0.0422054275751898,1.02033292890791,0.998054417387327,1.04310874004155,0.0739269099156553,83359,"completed","s1_anchor","bald_eagle__positive_numeric_count_given_detection__early_egg__13_bands",13,0.137292832700503,FALSE,FALSE
"SOG_STAGED_REFIT_S1_DISTANCE_BALD_EAGLE_v1","atx_fc0a9b777dcd","Bald Eagle","SoG","positive_numeric_count_given_detection","band_20_22","20–<22 km","within_band_20_22_late_egg_minus_baseline","within_band_period_minus_baseline","late_egg",15,28,-0.00333974859270912,0.0107848969786133,-0.0244777582477661,0.0177982610623478,0.996665822164254,0.975819392610198,1.01795759399009,0.756812655824797,83359,"completed","s1_anchor","bald_eagle__positive_numeric_count_given_detection__late_egg__13_bands",13,0.890447573321586,FALSE,FALSE
"SOG_STAGED_REFIT_S1_DISTANCE_BALD_EAGLE_v1","atx_fc0a9b777dcd","Bald Eagle","SoG","positive_numeric_count_given_detection","band_20_22","20–<22 km","within_band_20_22_active_0_14_minus_baseline","within_band_duration_weighted_active_minus_baseline","active_0_14",0,14,0.0161603770568392,0.0104595408204168,-0.00433994624600431,0.0366607003596828,1.01629166220255,0.995669457711563,1.03734099169449,0.12233732585539,83359,"completed","s1_anchor","bald_eagle__positive_numeric_count_given_detection__active_0_14__13_bands",13,0.198798154515008,FALSE,FALSE
"SOG_STAGED_REFIT_S1_DISTANCE_BALD_EAGLE_v1","atx_fc0a9b777dcd","Bald Eagle","SoG","positive_numeric_count_given_detection","band_22_24","22–<24 km","within_band_22_24_early_pre_minus_baseline","within_band_period_minus_baseline","early_pre",-14,-8,-0.0060701458885641,0.0134161484177428,-0.032365313598584,0.0202250218214558,0.993948240226047,0.968152838072128,1.02043093342133,0.650944321696781,83359,"completed","s1_anchor","bald_eagle__positive_numeric_count_given_detection__early_pre__13_bands",13,0.705189681838179,FALSE,FALSE
"SOG_STAGED_REFIT_S1_DISTANCE_BALD_EAGLE_v1","atx_fc0a9b777dcd","Bald Eagle","SoG","positive_numeric_count_given_detection","band_22_24","22–<24 km","within_band_22_24_immediate_pre_minus_baseline","within_band_period_minus_baseline","immediate_pre",-7,-1,-0.0056257565969341,0.0129555462494352,-0.0310181606458701,0.0197666474520019,0.994390038338342,0.969457966933334,1.01996330121915,0.664117520884139,83359,"completed","s1_anchor","bald_eagle__positive_numeric_count_given_detection__immediate_pre__13_bands",13,0.915646259510841,FALSE,FALSE
"SOG_STAGED_REFIT_S1_DISTANCE_BALD_EAGLE_v1","atx_fc0a9b777dcd","Bald Eagle","SoG","positive_numeric_count_given_detection","band_22_24","22–<24 km","within_band_22_24_spawn_start_minus_baseline","within_band_period_minus_baseline","spawn_start",0,3,0.00564807409920686,0.0158308087473502,-0.0253797408917411,0.0366758890901548,1.0056640545418,0.974939617285093,1.03735674770687,0.721258488908748,83359,"completed","s1_anchor","bald_eagle__positive_numeric_count_given_detection__spawn_start__13_bands",13,0.807695754715475,FALSE,FALSE
"SOG_STAGED_REFIT_S1_DISTANCE_BALD_EAGLE_v1","atx_fc0a9b777dcd","Bald Eagle","SoG","positive_numeric_count_given_detection","band_22_24","22–<24 km","within_band_22_24_early_egg_minus_baseline","within_band_period_minus_baseline","early_egg",4,14,-0.0101441507821996,0.0110270087818234,-0.0317566908517803,0.0114683892873811,0.989907127577067,0.96874225726053,1.01153440338088,0.357605805266458,83359,"completed","s1_anchor","bald_eagle__positive_numeric_count_given_detection__early_egg__13_bands",13,0.422625042587632,FALSE,FALSE
"SOG_STAGED_REFIT_S1_DISTANCE_BALD_EAGLE_v1","atx_fc0a9b777dcd","Bald Eagle","SoG","positive_numeric_count_given_detection","band_22_24","22–<24 km","within_band_22_24_late_egg_minus_baseline","within_band_period_minus_baseline","late_egg",15,28,-0.00793711514467423,0.0107180681346486,-0.0289441426724318,0.0130699123830834,0.992094300582042,0.971470726709723,1.01315569701306,0.458974834550048,83359,"completed","s1_anchor","bald_eagle__positive_numeric_count_given_detection__late_egg__13_bands",13,0.821553873513449,FALSE,FALSE
"SOG_STAGED_REFIT_S1_DISTANCE_BALD_EAGLE_v1","atx_fc0a9b777dcd","Bald Eagle","SoG","positive_numeric_count_given_detection","band_22_24","22–<24 km","within_band_22_24_active_0_14_minus_baseline","within_band_duration_weighted_active_minus_baseline","active_0_14",0,14,-0.00593289081382457,0.0103896658964635,-0.0262962617822971,0.014430480154648,0.994084674028948,0.974046474113529,1.01453510217631,0.567974094478739,83359,"completed","s1_anchor","bald_eagle__positive_numeric_count_given_detection__active_0_14__13_bands",13,0.615305269018634,FALSE,FALSE
"SOG_STAGED_REFIT_S1_DISTANCE_BALD_EAGLE_v1","atx_fc0a9b777dcd","Bald Eagle","SoG","positive_numeric_count_given_detection","band_24_26","24–26 km","within_band_24_26_early_pre_minus_baseline","within_band_period_minus_baseline","early_pre",-14,-8,0.0223856633494857,0.0143467583539916,-0.00573346631923709,0.0505047930182084,1.02263810246446,0.994282938631395,1.0518019046486,0.118682149790552,83359,"completed","s1_anchor","bald_eagle__positive_numeric_count_given_detection__early_pre__13_bands",13,0.385716986819293,FALSE,FALSE
"SOG_STAGED_REFIT_S1_DISTANCE_BALD_EAGLE_v1","atx_fc0a9b777dcd","Bald Eagle","SoG","positive_numeric_count_given_detection","band_24_26","24–26 km","within_band_24_26_immediate_pre_minus_baseline","within_band_period_minus_baseline","immediate_pre",-7,-1,0.0369342123629888,0.0138504417039001,0.00978784545337303,0.0640805792726046,1.0376247557119,1.00983590307825,1.0661783071727,0.00766125292583513,83359,"completed","s1_anchor","bald_eagle__positive_numeric_count_given_detection__immediate_pre__13_bands",13,0.0331987626786189,TRUE,TRUE
"SOG_STAGED_REFIT_S1_DISTANCE_BALD_EAGLE_v1","atx_fc0a9b777dcd","Bald Eagle","SoG","positive_numeric_count_given_detection","band_24_26","24–26 km","within_band_24_26_spawn_start_minus_baseline","within_band_period_minus_baseline","spawn_start",0,3,0.0119614712871599,0.0164167702303298,-0.0202148071067559,0.0441377496810758,1.01203329577467,0.979988142278286,1.04512631078927,0.466238458432917,83359,"completed","s1_anchor","bald_eagle__positive_numeric_count_given_detection__spawn_start__13_bands",13,0.807695754715475,FALSE,FALSE
"SOG_STAGED_REFIT_S1_DISTANCE_BALD_EAGLE_v1","atx_fc0a9b777dcd","Bald Eagle","SoG","positive_numeric_count_given_detection","band_24_26","24–26 km","within_band_24_26_early_egg_minus_baseline","within_band_period_minus_baseline","early_egg",4,14,0.0113294399694266,0.0118576585197572,-0.0119111436702721,0.0345700236091253,1.0113938611298,0.988159513188593,1.03517451249372,0.339348468072893,83359,"completed","s1_anchor","bald_eagle__positive_numeric_count_given_detection__early_egg__13_bands",13,0.422625042587632,FALSE,FALSE
"SOG_STAGED_REFIT_S1_DISTANCE_BALD_EAGLE_v1","atx_fc0a9b777dcd","Bald Eagle","SoG","positive_numeric_count_given_detection","band_24_26","24–26 km","within_band_24_26_late_egg_minus_baseline","within_band_period_minus_baseline","late_egg",15,28,0.0120535387539006,0.0113695692513251,-0.0102304074984305,0.0343374850062317,1.01212647540581,0.989821745121326,1.03493382244479,0.289072766728396,83359,"completed","s1_anchor","bald_eagle__positive_numeric_count_given_detection__late_egg__13_bands",13,0.626324327911525,FALSE,FALSE
"SOG_STAGED_REFIT_S1_DISTANCE_BALD_EAGLE_v1","atx_fc0a9b777dcd","Bald Eagle","SoG","positive_numeric_count_given_detection","band_24_26","24–26 km","within_band_24_26_active_0_14_minus_baseline","within_band_duration_weighted_active_minus_baseline","active_0_14",0,14,0.0114979816541555,0.0110698105043839,-0.0101984482501201,0.0331944115584311,1.01156433752086,0.989853379585766,1.03375149294559,0.298953969023138,83359,"completed","s1_anchor","bald_eagle__positive_numeric_count_given_detection__active_0_14__13_bands",13,0.378760404722792,FALSE,FALSE
"SOG_STAGED_REFIT_S1_DISTANCE_GLAUCOUS_WINGED_GULL_v1","atx_725074cbfcb6","Glaucous-winged Gull","SoG","detection","band_0_2","0–<2 km","within_band_0_2_early_pre_minus_baseline","within_band_period_minus_baseline","early_pre",-14,-8,-0.0099220004405265,0.0724658139604208,-0.151952385913331,0.132108385032278,0.990127060211833,0.859029181657292,1.14123200503197,0.891094235146726,217037,"completed","s1_anchor","glaucous_winged_gull__detection__early_pre__13_bands",13,0.938174158149975,FALSE,FALSE
"SOG_STAGED_REFIT_S1_DISTANCE_GLAUCOUS_WINGED_GULL_v1","atx_725074cbfcb6","Glaucous-winged Gull","SoG","detection","band_0_2","0–<2 km","within_band_0_2_immediate_pre_minus_baseline","within_band_period_minus_baseline","immediate_pre",-7,-1,-0.00619347346333657,0.0710738609120014,-0.145495681093068,0.133108734166395,0.993825666558642,0.864593624165286,1.142374206685,0.930559143584984,217037,"completed","s1_anchor","glaucous_winged_gull__detection__immediate_pre__13_bands",13,0.976675859272025,FALSE,FALSE
"SOG_STAGED_REFIT_S1_DISTANCE_GLAUCOUS_WINGED_GULL_v1","atx_725074cbfcb6","Glaucous-winged Gull","SoG","detection","band_0_2","0–<2 km","within_band_0_2_spawn_start_minus_baseline","within_band_period_minus_baseline","spawn_start",0,3,0.287196749547385,0.0820629225663813,0.126356376851178,0.448037122243591,1.33268639312762,1.13468647222851,1.5652367996768,0.000465757783443685,217037,"completed","s1_anchor","glaucous_winged_gull__detection__spawn_start__13_bands",13,0.00605485118476791,TRUE,TRUE
"SOG_STAGED_REFIT_S1_DISTANCE_GLAUCOUS_WINGED_GULL_v1","atx_725074cbfcb6","Glaucous-winged Gull","SoG","detection","band_0_2","0–<2 km","within_band_0_2_early_egg_minus_baseline","within_band_period_minus_baseline","early_egg",4,14,0.175864319199986,0.0603194678431077,0.0576403346608731,0.294088303739099,1.19227627867637,1.05933392149068,1.3419023934342,0.00355064194893723,217037,"completed","s1_anchor","glaucous_winged_gull__detection__early_egg__13_bands",13,0.0092316690672368,TRUE,TRUE
"SOG_STAGED_REFIT_S1_DISTANCE_GLAUCOUS_WINGED_GULL_v1","atx_725074cbfcb6","Glaucous-winged Gull","SoG","detection","band_0_2","0–<2 km","within_band_0_2_late_egg_minus_baseline","within_band_period_minus_baseline","late_egg",15,28,0.0537220251117679,0.0584935699896642,-0.0609232653951469,0.168367315618683,1.05519124471566,0.940895436245499,1.18337120155194,0.358395798103698,217037,"completed","s1_anchor","glaucous_winged_gull__detection__late_egg__13_bands",13,0.515088772220382,FALSE,FALSE
"SOG_STAGED_REFIT_S1_DISTANCE_GLAUCOUS_WINGED_GULL_v1","atx_725074cbfcb6","Glaucous-winged Gull","SoG","detection","band_0_2","0–<2 km","within_band_0_2_active_0_14_minus_baseline","within_band_duration_weighted_active_minus_baseline","active_0_14",0,14,0.205552967292626,0.0553477646733369,0.0970733419080871,0.314032592677164,1.22820403388148,1.1019411891268,1.36893435305571,0.000204134606427277,217037,"completed","s1_anchor","glaucous_winged_gull__detection__active_0_14__13_bands",13,0.00053074997671092,TRUE,TRUE
"SOG_STAGED_REFIT_S1_DISTANCE_GLAUCOUS_WINGED_GULL_v1","atx_725074cbfcb6","Glaucous-winged Gull","SoG","detection","band_2_4","2–<4 km","within_band_2_4_early_pre_minus_baseline","within_band_period_minus_baseline","early_pre",-14,-8,-0.0733710561935433,0.0554722154168338,-0.182094600553185,0.0353524881660984,0.92925595986735,0.833522484997738,1.0359848168359,0.185947417217637,217037,"completed","s1_anchor","glaucous_winged_gull__detection__early_pre__13_bands",13,0.913149184501262,FALSE,FALSE
"SOG_STAGED_REFIT_S1_DISTANCE_GLAUCOUS_WINGED_GULL_v1","atx_725074cbfcb6","Glaucous-winged Gull","SoG","detection","band_2_4","2–<4 km","within_band_2_4_immediate_pre_minus_baseline","within_band_period_minus_baseline","immediate_pre",-7,-1,-0.025752148514493,0.0549157168210998,-0.133384975669049,0.0818806786400629,0.97457660993744,0.875128124215589,1.085326299493,0.639112884758119,217037,"completed","s1_anchor","glaucous_winged_gull__detection__immediate_pre__13_bands",13,0.832705930167402,FALSE,FALSE
"SOG_STAGED_REFIT_S1_DISTANCE_GLAUCOUS_WINGED_GULL_v1","atx_725074cbfcb6","Glaucous-winged Gull","SoG","detection","band_2_4","2–<4 km","within_band_2_4_spawn_start_minus_baseline","within_band_period_minus_baseline","spawn_start",0,3,-0.0328982847746643,0.0654373530540963,-0.161153140004325,0.0953565704549966,0.967636977996882,0.851161714217382,1.10005103089941,0.615143752790414,217037,"completed","s1_anchor","glaucous_winged_gull__detection__spawn_start__13_bands",13,0.726988071479581,FALSE,FALSE
"SOG_STAGED_REFIT_S1_DISTANCE_GLAUCOUS_WINGED_GULL_v1","atx_725074cbfcb6","Glaucous-winged Gull","SoG","detection","band_2_4","2–<4 km","within_band_2_4_early_egg_minus_baseline","within_band_period_minus_baseline","early_egg",4,14,-0.0719069014720064,0.0462127067098228,-0.162482142251372,0.0186683393073587,0.930617530900595,0.850031269734603,1.01884368217409,0.119708453426607,217037,"completed","s1_anchor","glaucous_winged_gull__detection__early_egg__13_bands",13,0.172912210505099,FALSE,FALSE
"SOG_STAGED_REFIT_S1_DISTANCE_GLAUCOUS_WINGED_GULL_v1","atx_725074cbfcb6","Glaucous-winged Gull","SoG","detection","band_2_4","2–<4 km","within_band_2_4_late_egg_minus_baseline","within_band_period_minus_baseline","late_egg",15,28,-0.0974419758232571,0.0429140458472629,-0.181551960114793,-0.0133319915317212,0.90715497694944,0.833974910745558,0.986756485837751,0.0231693068746218,217037,"completed","s1_anchor","glaucous_winged_gull__detection__late_egg__13_bands",13,0.0602401978740168,TRUE,FALSE
"SOG_STAGED_REFIT_S1_DISTANCE_GLAUCOUS_WINGED_GULL_v1","atx_725074cbfcb6","Glaucous-winged Gull","SoG","detection","band_2_4","2–<4 km","within_band_2_4_active_0_14_minus_baseline","within_band_duration_weighted_active_minus_baseline","active_0_14",0,14,-0.0615046036860485,0.0425808612711237,-0.144961558208147,0.0219523508360504,0.940348616659657,0.865055546756842,1.02219507656921,0.148621158378658,217037,"completed","s1_anchor","glaucous_winged_gull__detection__active_0_14__13_bands",13,0.21467500654695,FALSE,FALSE
"SOG_STAGED_REFIT_S1_DISTANCE_GLAUCOUS_WINGED_GULL_v1","atx_725074cbfcb6","Glaucous-winged Gull","SoG","detection","band_4_6","4–<6 km","within_band_4_6_early_pre_minus_baseline","within_band_period_minus_baseline","early_pre",-14,-8,0.0211105683267143,0.0460731190481246,-0.0691910856630362,0.111412222316465,1.02133497269361,0.933148351769244,1.11785561692233,0.646810862026221,217037,"completed","s1_anchor","glaucous_winged_gull__detection__early_pre__13_bands",13,0.913149184501262,FALSE,FALSE
"SOG_STAGED_REFIT_S1_DISTANCE_GLAUCOUS_WINGED_GULL_v1","atx_725074cbfcb6","Glaucous-winged Gull","SoG","detection","band_4_6","4–<6 km","within_band_4_6_immediate_pre_minus_baseline","within_band_period_minus_baseline","immediate_pre",-7,-1,0.0221817274605755,0.0475044799799233,-0.0709253424043782,0.115288797325529,1.02242957111824,0.931531435428807,1.1221974784091,0.640543023205694,217037,"completed","s1_anchor","glaucous_winged_gull__detection__immediate_pre__13_bands",13,0.832705930167402,FALSE,FALSE
"SOG_STAGED_REFIT_S1_DISTANCE_GLAUCOUS_WINGED_GULL_v1","atx_725074cbfcb6","Glaucous-winged Gull","SoG","detection","band_4_6","4–<6 km","within_band_4_6_spawn_start_minus_baseline","within_band_period_minus_baseline","spawn_start",0,3,-0.0128440578995372,0.0588090342834135,-0.128107647060609,0.102419531261535,0.987238074996186,0.879758670612251,1.10784815117979,0.82711528216864,217037,"completed","s1_anchor","glaucous_winged_gull__detection__spawn_start__13_bands",13,0.891864416187003,FALSE,FALSE
"SOG_STAGED_REFIT_S1_DISTANCE_GLAUCOUS_WINGED_GULL_v1","atx_725074cbfcb6","Glaucous-winged Gull","SoG","detection","band_4_6","4–<6 km","within_band_4_6_early_egg_minus_baseline","within_band_period_minus_baseline","early_egg",4,14,0.0261432278185632,0.0419451194556545,-0.05606769564175,0.108354151278876,1.02648795957638,0.945475129178305,1.11444235669215,0.533105648417199,217037,"completed","s1_anchor","glaucous_winged_gull__detection__early_egg__13_bands",13,0.577531119118632,FALSE,FALSE
"SOG_STAGED_REFIT_S1_DISTANCE_GLAUCOUS_WINGED_GULL_v1","atx_725074cbfcb6","Glaucous-winged Gull","SoG","detection","band_4_6","4–<6 km","within_band_4_6_late_egg_minus_baseline","within_band_period_minus_baseline","late_egg",15,28,0.00126967552944711,0.0386176291014758,-0.0744194866777712,0.0769588377366655,1.00127048190867,0.928282210135022,1.0799976203312,0.973771771041522,217037,"completed","s1_anchor","glaucous_winged_gull__detection__late_egg__13_bands",13,0.973771771041522,FALSE,FALSE
"SOG_STAGED_REFIT_S1_DISTANCE_GLAUCOUS_WINGED_GULL_v1","atx_725074cbfcb6","Glaucous-winged Gull","SoG","detection","band_4_6","4–<6 km","within_band_4_6_active_0_14_minus_baseline","within_band_duration_weighted_active_minus_baseline","active_0_14",0,14,0.0157466182937364,0.0382106200020003,-0.0591448207371299,0.0906380573246027,1.01587124960214,0.942570255553132,1.09487265239726,0.680265710703012,217037,"completed","s1_anchor","glaucous_winged_gull__detection__active_0_14__13_bands",13,0.680265710703012,FALSE,FALSE
"SOG_STAGED_REFIT_S1_DISTANCE_GLAUCOUS_WINGED_GULL_v1","atx_725074cbfcb6","Glaucous-winged Gull","SoG","detection","band_6_8","6–<8 km","within_band_6_8_early_pre_minus_baseline","within_band_period_minus_baseline","early_pre",-14,-8,-0.0144489457349482,0.0413389986312041,-0.0954718942090588,0.0665740027391625,0.985654939336353,0.908943907882123,1.06884005824058,0.726696435968598,217037,"completed","s1_anchor","glaucous_winged_gull__detection__early_pre__13_bands",13,0.913149184501262,FALSE,FALSE
"SOG_STAGED_REFIT_S1_DISTANCE_GLAUCOUS_WINGED_GULL_v1","atx_725074cbfcb6","Glaucous-winged Gull","SoG","detection","band_6_8","6–<8 km","within_band_6_8_immediate_pre_minus_baseline","within_band_period_minus_baseline","immediate_pre",-7,-1,-0.0398089276752016,0.0414926321834803,-0.121132992378591,0.0415151370281874,0.960973036963776,0.885916131664359,1.04238894040283,0.337346396499254,217037,"completed","s1_anchor","glaucous_winged_gull__detection__immediate_pre__13_bands",13,0.702430528733887,FALSE,FALSE
"SOG_STAGED_REFIT_S1_DISTANCE_GLAUCOUS_WINGED_GULL_v1","atx_725074cbfcb6","Glaucous-winged Gull","SoG","detection","band_6_8","6–<8 km","within_band_6_8_spawn_start_minus_baseline","within_band_period_minus_baseline","spawn_start",0,3,-0.139695679934688,0.0525591587103029,-0.242709738064606,-0.0366816218047696,0.869622838813804,0.784499190980433,0.963982997664355,0.00786350263181647,217037,"completed","s1_anchor","glaucous_winged_gull__detection__spawn_start__13_bands",13,0.0204451068427228,TRUE,TRUE
"SOG_STAGED_REFIT_S1_DISTANCE_GLAUCOUS_WINGED_GULL_v1","atx_725074cbfcb6","Glaucous-winged Gull","SoG","detection","band_6_8","6–<8 km","within_band_6_8_early_egg_minus_baseline","within_band_period_minus_baseline","early_egg",4,14,-0.100062486914963,0.0373303199317548,-0.17322856951256,-0.0268964043173656,0.904780879303648,0.840945378400535,0.973462082769871,0.00735207120543227,217037,"completed","s1_anchor","glaucous_winged_gull__detection__early_egg__13_bands",13,0.0159294876117699,TRUE,TRUE
"SOG_STAGED_REFIT_S1_DISTANCE_GLAUCOUS_WINGED_GULL_v1","atx_725074cbfcb6","Glaucous-winged Gull","SoG","detection","band_6_8","6–<8 km","within_band_6_8_late_egg_minus_baseline","within_band_period_minus_baseline","late_egg",15,28,-0.121835258521499,0.0346347017726436,-0.189718026611166,-0.0539524904318324,0.885294201165561,0.827192347291221,0.947477119661316,0.000435267807494852,217037,"completed","s1_anchor","glaucous_winged_gull__detection__late_egg__13_bands",13,0.00188616049914436,TRUE,TRUE
"SOG_STAGED_REFIT_S1_DISTANCE_GLAUCOUS_WINGED_GULL_v1","atx_725074cbfcb6","Glaucous-winged Gull","SoG","detection","band_6_8","6–<8 km","within_band_6_8_active_0_14_minus_baseline","within_band_duration_weighted_active_minus_baseline","active_0_14",0,14,-0.110631338386889,0.0341220760023567,-0.177509378429247,-0.0437532983445319,0.895268739315503,0.837353146241692,0.957190068721883,0.00118601682624227,217037,"completed","s1_anchor","glaucous_winged_gull__detection__active_0_14__13_bands",13,0.00256970312352492,TRUE,TRUE
"SOG_STAGED_REFIT_S1_DISTANCE_GLAUCOUS_WINGED_GULL_v1","atx_725074cbfcb6","Glaucous-winged Gull","SoG","detection","band_8_10","8–<10 km","within_band_8_10_early_pre_minus_baseline","within_band_period_minus_baseline","early_pre",-14,-8,-0.0273476549861751,0.0429105565878483,-0.111450800454926,0.0567554904825756,0.973022906450717,0.894535401055416,1.05839699061742,0.52391795802011,217037,"completed","s1_anchor","glaucous_winged_gull__detection__early_pre__13_bands",13,0.913149184501262,FALSE,FALSE
"SOG_STAGED_REFIT_S1_DISTANCE_GLAUCOUS_WINGED_GULL_v1","atx_725074cbfcb6","Glaucous-winged Gull","SoG","detection","band_8_10","8–<10 km","within_band_8_10_immediate_pre_minus_baseline","within_band_period_minus_baseline","immediate_pre",-7,-1,-0.129232013646755,0.042607187470916,-0.212740566572297,-0.0457234607212133,0.878770055246335,0.808365827132397,0.955306105327443,0.00242052487084176,217037,"completed","s1_anchor","glaucous_winged_gull__detection__immediate_pre__13_bands",13,0.0157334116604714,TRUE,TRUE
"SOG_STAGED_REFIT_S1_DISTANCE_GLAUCOUS_WINGED_GULL_v1","atx_725074cbfcb6","Glaucous-winged Gull","SoG","detection","band_8_10","8–<10 km","within_band_8_10_spawn_start_minus_baseline","within_band_period_minus_baseline","spawn_start",0,3,-0.162370041345542,0.053770638152616,-0.267758555550405,-0.0569815271406794,0.85012656435113,0.765092486138169,0.944611518881053,0.00253043113264614,217037,"completed","s1_anchor","glaucous_winged_gull__detection__spawn_start__13_bands",13,0.0154022768867395,TRUE,TRUE
"SOG_STAGED_REFIT_S1_DISTANCE_GLAUCOUS_WINGED_GULL_v1","atx_725074cbfcb6","Glaucous-winged Gull","SoG","detection","band_8_10","8–<10 km","within_band_8_10_early_egg_minus_baseline","within_band_period_minus_baseline","early_egg",4,14,-0.122470712009487,0.0372995355455238,-0.195576458318785,-0.0493649657001889,0.884731816581082,0.822360464861834,0.951833679653329,0.0010254920284266,217037,"completed","s1_anchor","glaucous_winged_gull__detection__early_egg__13_bands",13,0.00333284909238646,TRUE,TRUE
"SOG_STAGED_REFIT_S1_DISTANCE_GLAUCOUS_WINGED_GULL_v1","atx_725074cbfcb6","Glaucous-winged Gull","SoG","detection","band_8_10","8–<10 km","within_band_8_10_late_egg_minus_baseline","within_band_period_minus_baseline","late_egg",15,28,-0.0555058851732393,0.0343281211217861,-0.122787766228869,0.0117759958823902,0.946006456242172,0.88445135308903,1.01184560589596,0.105895176020953,217037,"completed","s1_anchor","glaucous_winged_gull__detection__late_egg__13_bands",13,0.229439548045398,FALSE,FALSE
"SOG_STAGED_REFIT_S1_DISTANCE_GLAUCOUS_WINGED_GULL_v1","atx_725074cbfcb6","Glaucous-winged Gull","SoG","detection","band_8_10","8–<10 km","within_band_8_10_active_0_14_minus_baseline","within_band_duration_weighted_active_minus_baseline","active_0_14",0,14,-0.133110533165768,0.0342070336389008,-0.200155087115964,-0.0660659792155728,0.875368329528456,0.818603788332288,0.936069101149084,9.97001102980667e-05,217037,"completed","s1_anchor","glaucous_winged_gull__detection__active_0_14__13_bands",13,0.000324025358468717,TRUE,TRUE
"SOG_STAGED_REFIT_S1_DISTANCE_GLAUCOUS_WINGED_GULL_v1","atx_725074cbfcb6","Glaucous-winged Gull","SoG","detection","band_10_12","10–<12 km","within_band_10_12_early_pre_minus_baseline","within_band_period_minus_baseline","early_pre",-14,-8,-0.0149661612645541,0.0404318648303613,-0.094211160159854,0.0642788376307458,0.985145275109384,0.910090567079874,1.06638970688855,0.711265081050469,217037,"completed","s1_anchor","glaucous_winged_gull__detection__early_pre__13_bands",13,0.913149184501262,FALSE,FALSE
"SOG_STAGED_REFIT_S1_DISTANCE_GLAUCOUS_WINGED_GULL_v1","atx_725074cbfcb6","Glaucous-winged Gull","SoG","detection","band_10_12","10–<12 km","within_band_10_12_immediate_pre_minus_baseline","within_band_period_minus_baseline","immediate_pre",-7,-1,0.0321277107201027,0.0409102515097637,-0.0480549088375095,0.112310330277715,1.03264937727979,0.953081453046079,1.11886002291641,0.432264940759315,217037,"completed","s1_anchor","glaucous_winged_gull__detection__immediate_pre__13_bands",13,0.702430528733887,FALSE,FALSE
"SOG_STAGED_REFIT_S1_DISTANCE_GLAUCOUS_WINGED_GULL_v1","atx_725074cbfcb6","Glaucous-winged Gull","SoG","detection","band_10_12","10–<12 km","within_band_10_12_spawn_start_minus_baseline","within_band_period_minus_baseline","spawn_start",0,3,-0.0266499129408738,0.0500955939402603,-0.124835472847927,0.0715356469661793,0.973702062353849,0.882642109231581,1.07415644043716,0.594739033558689,217037,"completed","s1_anchor","glaucous_winged_gull__detection__spawn_start__13_bands",13,0.726988071479581,FALSE,FALSE
"SOG_STAGED_REFIT_S1_DISTANCE_GLAUCOUS_WINGED_GULL_v1","atx_725074cbfcb6","Glaucous-winged Gull","SoG","detection","band_10_12","10–<12 km","within_band_10_12_early_egg_minus_baseline","within_band_period_minus_baseline","early_egg",4,14,0.0352472933794793,0.0346946638160817,-0.0327529981557658,0.103247584914724,1.03587584236603,0.967777572914769,1.10876588880411,0.309663496265656,217037,"completed","s1_anchor","glaucous_winged_gull__detection__early_egg__13_bands",13,0.402562545145353,FALSE,FALSE
"SOG_STAGED_REFIT_S1_DISTANCE_GLAUCOUS_WINGED_GULL_v1","atx_725074cbfcb6","Glaucous-winged Gull","SoG","detection","band_10_12","10–<12 km","within_band_10_12_late_egg_minus_baseline","within_band_period_minus_baseline","late_egg",15,28,-0.0446351189883851,0.0317571629721966,-0.106878014665059,0.0176077766882891,0.956346370808983,0.89863528663097,1.01776370744175,0.159868659215777,217037,"completed","s1_anchor","glaucous_winged_gull__detection__late_egg__13_bands",13,0.259786571225638,FALSE,FALSE
"SOG_STAGED_REFIT_S1_DISTANCE_GLAUCOUS_WINGED_GULL_v1","atx_725074cbfcb6","Glaucous-winged Gull","SoG","detection","band_10_12","10–<12 km","within_band_10_12_active_0_14_minus_baseline","within_band_duration_weighted_active_minus_baseline","active_0_14",0,14,0.0187413716940518,0.0322587063843392,-0.0444845310071053,0.0819672743952089,1.01891809347705,0.956490395922321,1.08542028821293,0.561260024138806,217037,"completed","s1_anchor","glaucous_winged_gull__detection__active_0_14__13_bands",13,0.663307301254953,FALSE,FALSE
"SOG_STAGED_REFIT_S1_DISTANCE_GLAUCOUS_WINGED_GULL_v1","atx_725074cbfcb6","Glaucous-winged Gull","SoG","detection","band_12_14","12–<14 km","within_band_12_14_early_pre_minus_baseline","within_band_period_minus_baseline","early_pre",-14,-8,0.00416775976295403,0.0537325435806396,-0.101146090452828,0.109481609978737,1.00417645695208,0.903800986545353,1.11569955300798,0.938174158149975,217037,"completed","s1_anchor","glaucous_winged_gull__detection__early_pre__13_bands",13,0.938174158149975,FALSE,FALSE
"SOG_STAGED_REFIT_S1_DISTANCE_GLAUCOUS_WINGED_GULL_v1","atx_725074cbfcb6","Glaucous-winged Gull","SoG","detection","band_12_14","12–<14 km","within_band_12_14_immediate_pre_minus_baseline","within_band_period_minus_baseline","immediate_pre",-7,-1,0.0608923574286269,0.0522203727568602,-0.0414576924340756,0.163242407291329,1.06278450717261,0.959389923935318,1.1773220465491,0.243588100644637,217037,"completed","s1_anchor","glaucous_winged_gull__detection__immediate_pre__13_bands",13,0.702430528733887,FALSE,FALSE
"SOG_STAGED_REFIT_S1_DISTANCE_GLAUCOUS_WINGED_GULL_v1","atx_725074cbfcb6","Glaucous-winged Gull","SoG","detection","band_12_14","12–<14 km","within_band_12_14_spawn_start_minus_baseline","within_band_period_minus_baseline","spawn_start",0,3,0.00856552595388655,0.0630070873289817,-0.114926095981688,0.132057147889461,1.00860231503558,0.891432021880947,1.14117353306272,0.891864416187003,217037,"completed","s1_anchor","glaucous_winged_gull__detection__spawn_start__13_bands",13,0.891864416187003,FALSE,FALSE
"SOG_STAGED_REFIT_S1_DISTANCE_GLAUCOUS_WINGED_GULL_v1","atx_725074cbfcb6","Glaucous-winged Gull","SoG","detection","band_12_14","12–<14 km","within_band_12_14_early_egg_minus_baseline","within_band_period_minus_baseline","early_egg",4,14,-0.0371541232071946,0.0451927971968587,-0.12573037807366,0.0514221316592711,0.963527621937352,0.881852581524505,1.05276720586484,0.411005823714016,217037,"completed","s1_anchor","glaucous_winged_gull__detection__early_egg__13_bands",13,0.485734155298382,FALSE,FALSE
"SOG_STAGED_REFIT_S1_DISTANCE_GLAUCOUS_WINGED_GULL_v1","atx_725074cbfcb6","Glaucous-winged Gull","SoG","detection","band_12_14","12–<14 km","within_band_12_14_late_egg_minus_baseline","within_band_period_minus_baseline","late_egg",15,28,0.0122080401895457,0.0421637260646613,-0.0704313443512032,0.0948474247302946,1.01228286248002,0.931991723825806,1.09949108717864,0.772168992070673,217037,"completed","s1_anchor","glaucous_winged_gull__detection__late_egg__13_bands",13,0.87820878128396,FALSE,FALSE
"SOG_STAGED_REFIT_S1_DISTANCE_GLAUCOUS_WINGED_GULL_v1","atx_725074cbfcb6","Glaucous-winged Gull","SoG","detection","band_12_14","12–<14 km","within_band_12_14_active_0_14_minus_baseline","within_band_duration_weighted_active_minus_baseline","active_0_14",0,14,-0.0249622167642396,0.0413121779798064,-0.105932597727569,0.0560081641990897,0.97534676308885,0.899485273384204,1.0576063182099,0.545688172215676,217037,"completed","s1_anchor","glaucous_winged_gull__detection__active_0_14__13_bands",13,0.663307301254953,FALSE,FALSE
"SOG_STAGED_REFIT_S1_DISTANCE_GLAUCOUS_WINGED_GULL_v1","atx_725074cbfcb6","Glaucous-winged Gull","SoG","detection","band_14_16","14–<16 km","within_band_14_16_early_pre_minus_baseline","within_band_period_minus_baseline","early_pre",-14,-8,0.013906053323756,0.0481359656299859,-0.0804387056720742,0.108250812319586,1.01400319223396,0.922711458829219,1.11432719732915,0.772664694577991,217037,"completed","s1_anchor","glaucous_winged_gull__detection__early_pre__13_bands",13,0.913149184501262,FALSE,FALSE
"SOG_STAGED_REFIT_S1_DISTANCE_GLAUCOUS_WINGED_GULL_v1","atx_725074cbfcb6","Glaucous-winged Gull","SoG","detection","band_14_16","14–<16 km","within_band_14_16_immediate_pre_minus_baseline","within_band_period_minus_baseline","immediate_pre",-7,-1,-0.0455897654256462,0.0457616422350837,-0.135280936079817,0.0441014052285247,0.955433833797709,0.873470487840752,1.04508832693591,0.319131563950203,217037,"completed","s1_anchor","glaucous_winged_gull__detection__immediate_pre__13_bands",13,0.702430528733887,FALSE,FALSE
"SOG_STAGED_REFIT_S1_DISTANCE_GLAUCOUS_WINGED_GULL_v1","atx_725074cbfcb6","Glaucous-winged Gull","SoG","detection","band_14_16","14–<16 km","within_band_14_16_spawn_start_minus_baseline","within_band_period_minus_baseline","spawn_start",0,3,-0.1242983262079,0.0541046285855624,-0.230341449632518,-0.018255202783281,0.883116344830529,0.794262355607948,0.98191041410981,0.0215976973190896,217037,"completed","s1_anchor","glaucous_winged_gull__detection__spawn_start__13_bands",13,0.0467950108580274,TRUE,TRUE
"SOG_STAGED_REFIT_S1_DISTANCE_GLAUCOUS_WINGED_GULL_v1","atx_725074cbfcb6","Glaucous-winged Gull","SoG","detection","band_14_16","14–<16 km","within_band_14_16_early_egg_minus_baseline","within_band_period_minus_baseline","early_egg",4,14,-0.15911109181013,0.0378967298645791,-0.233387317476548,-0.0848348661437112,0.852901603322965,0.791846818010898,0.918663974401262,2.68636534946312e-05,217037,"completed","s1_anchor","glaucous_winged_gull__detection__early_egg__13_bands",13,0.000349227495430206,TRUE,TRUE
"SOG_STAGED_REFIT_S1_DISTANCE_GLAUCOUS_WINGED_GULL_v1","atx_725074cbfcb6","Glaucous-winged Gull","SoG","detection","band_14_16","14–<16 km","within_band_14_16_late_egg_minus_baseline","within_band_period_minus_baseline","late_egg",15,28,-0.168691149570327,0.0365952923731842,-0.240416604625481,-0.0969656945151722,0.844769770606111,0.786300216514957,0.907587140816114,4.03365450371961e-06,217037,"completed","s1_anchor","glaucous_winged_gull__detection__late_egg__13_bands",13,5.2437508548355e-05,TRUE,TRUE
"SOG_STAGED_REFIT_S1_DISTANCE_GLAUCOUS_WINGED_GULL_v1","atx_725074cbfcb6","Glaucous-winged Gull","SoG","detection","band_14_16","14–<16 km","within_band_14_16_active_0_14_minus_baseline","within_band_duration_weighted_active_minus_baseline","active_0_14",0,14,-0.149827687649535,0.0353031576545305,-0.219020605192954,-0.0806347701061158,0.860856299818149,0.803305165725153,0.922530565663198,2.19540221012829e-05,217037,"completed","s1_anchor","glaucous_winged_gull__detection__active_0_14__13_bands",13,0.000142701143658339,TRUE,TRUE
"SOG_STAGED_REFIT_S1_DISTANCE_GLAUCOUS_WINGED_GULL_v1","atx_725074cbfcb6","Glaucous-winged Gull","SoG","detection","band_16_18","16–<18 km","within_band_16_18_early_pre_minus_baseline","within_band_period_minus_baseline","early_pre",-14,-8,-0.0524491095332888,0.0402133000207766,-0.131265729273515,0.0263675102069372,0.948902609923752,0.876984702917469,1.02671820856703,0.192140618790496,217037,"completed","s1_anchor","glaucous_winged_gull__detection__early_pre__13_bands",13,0.913149184501262,FALSE,FALSE
"SOG_STAGED_REFIT_S1_DISTANCE_GLAUCOUS_WINGED_GULL_v1","atx_725074cbfcb6","Glaucous-winged Gull","SoG","detection","band_16_18","16–<18 km","within_band_16_18_immediate_pre_minus_baseline","within_band_period_minus_baseline","immediate_pre",-7,-1,-0.139461955713588,0.0413069699243308,-0.220422129075756,-0.0585017823514206,0.869826114488755,0.802180102935557,0.943176559326088,0.000734856535070802,217037,"completed","s1_anchor","glaucous_winged_gull__detection__immediate_pre__13_bands",13,0.00955313495592043,TRUE,TRUE
"SOG_STAGED_REFIT_S1_DISTANCE_GLAUCOUS_WINGED_GULL_v1","atx_725074cbfcb6","Glaucous-winged Gull","SoG","detection","band_16_18","16–<18 km","within_band_16_18_spawn_start_minus_baseline","within_band_period_minus_baseline","spawn_start",0,3,-0.147558361466546,0.0506165328984847,-0.246764942969863,-0.0483517799632296,0.862812081873499,0.781324327724325,0.952798552676763,0.00355437158924758,217037,"completed","s1_anchor","glaucous_winged_gull__detection__spawn_start__13_bands",13,0.0154022768867395,TRUE,TRUE
"SOG_STAGED_REFIT_S1_DISTANCE_GLAUCOUS_WINGED_GULL_v1","atx_725074cbfcb6","Glaucous-winged Gull","SoG","detection","band_16_18","16–<18 km","within_band_16_18_early_egg_minus_baseline","within_band_period_minus_baseline","early_egg",4,14,-0.136520363911497,0.0352741216924653,-0.205656372015012,-0.0673843558079819,0.872388554835414,0.814112780157328,0.934835822698604,0.000108715021452647,217037,"completed","s1_anchor","glaucous_winged_gull__detection__early_egg__13_bands",13,0.000706647639442209,TRUE,TRUE
"SOG_STAGED_REFIT_S1_DISTANCE_GLAUCOUS_WINGED_GULL_v1","atx_725074cbfcb6","Glaucous-winged Gull","SoG","detection","band_16_18","16–<18 km","within_band_16_18_late_egg_minus_baseline","within_band_period_minus_baseline","late_egg",15,28,-0.134491027938176,0.0333330692663363,-0.199822643194374,-0.0691594126819774,0.874160721865429,0.818875973426544,0.933177907827376,5.46574845561896e-05,217037,"completed","s1_anchor","glaucous_winged_gull__detection__late_egg__13_bands",13,0.000355273649615232,TRUE,TRUE
"SOG_STAGED_REFIT_S1_DISTANCE_GLAUCOUS_WINGED_GULL_v1","atx_725074cbfcb6","Glaucous-winged Gull","SoG","detection","band_16_18","16–<18 km","within_band_16_18_active_0_14_minus_baseline","within_band_duration_weighted_active_minus_baseline","active_0_14",0,14,-0.139463829926177,0.0321471056338018,-0.202470999175633,-0.0764566606767206,0.86982448425123,0.816710167522795,0.926393062667241,1.43588223606455e-05,217037,"completed","s1_anchor","glaucous_winged_gull__detection__active_0_14__13_bands",13,0.000142701143658339,TRUE,TRUE
"SOG_STAGED_REFIT_S1_DISTANCE_GLAUCOUS_WINGED_GULL_v1","atx_725074cbfcb6","Glaucous-winged Gull","SoG","detection","band_18_20","18–<20 km","within_band_18_20_early_pre_minus_baseline","within_band_period_minus_baseline","early_pre",-14,-8,-0.0308203767021629,0.0452625735221951,-0.119533390653261,0.0578926372489357,0.969649729116407,0.88733437864982,1.05960122790033,0.495919523894369,217037,"completed","s1_anchor","glaucous_winged_gull__detection__early_pre__13_bands",13,0.913149184501262,FALSE,FALSE
"SOG_STAGED_REFIT_S1_DISTANCE_GLAUCOUS_WINGED_GULL_v1","atx_725074cbfcb6","Glaucous-winged Gull","SoG","detection","band_18_20","18–<20 km","within_band_18_20_immediate_pre_minus_baseline","within_band_period_minus_baseline","immediate_pre",-7,-1,-0.00130062302990571,0.0444860638146119,-0.0884917059204955,0.0858904598606841,0.998700222413653,0.915310702364251,1.08968695730618,0.976675859272025,217037,"completed","s1_anchor","glaucous_winged_gull__detection__immediate_pre__13_bands",13,0.976675859272025,FALSE,FALSE
"SOG_STAGED_REFIT_S1_DISTANCE_GLAUCOUS_WINGED_GULL_v1","atx_725074cbfcb6","Glaucous-winged Gull","SoG","detection","band_18_20","18–<20 km","within_band_18_20_spawn_start_minus_baseline","within_band_period_minus_baseline","spawn_start",0,3,-0.0481493375243519,0.0544605573219666,-0.154890068453386,0.0585913934046818,0.952991459065088,0.856509329703673,1.06034188952175,0.376634712639612,217037,"completed","s1_anchor","glaucous_winged_gull__detection__spawn_start__13_bands",13,0.544027918257218,FALSE,FALSE
"SOG_STAGED_REFIT_S1_DISTANCE_GLAUCOUS_WINGED_GULL_v1","atx_725074cbfcb6","Glaucous-winged Gull","SoG","detection","band_18_20","18–<20 km","within_band_18_20_early_egg_minus_baseline","within_band_period_minus_baseline","early_egg",4,14,-0.0880901680308152,0.0366696698254283,-0.15996140021363,-0.0162189358480005,0.915678308090955,0.852176682169253,0.983911882890248,0.0162940169966927,217037,"completed","s1_anchor","glaucous_winged_gull__detection__early_egg__13_bands",13,0.0302603172795722,TRUE,TRUE
"SOG_STAGED_REFIT_S1_DISTANCE_GLAUCOUS_WINGED_GULL_v1","atx_725074cbfcb6","Glaucous-winged Gull","SoG","detection","band_18_20","18–<20 km","within_band_18_20_late_egg_minus_baseline","within_band_period_minus_baseline","late_egg",15,28,-0.0526787216727173,0.0352704659583402,-0.12180756466901,0.0164501213235755,0.948684755377359,0.885318718712069,1.01658616954885,0.135289440810209,217037,"completed","s1_anchor","glaucous_winged_gull__detection__late_egg__13_bands",13,0.251251818647531,FALSE,FALSE
"SOG_STAGED_REFIT_S1_DISTANCE_GLAUCOUS_WINGED_GULL_v1","atx_725074cbfcb6","Glaucous-winged Gull","SoG","detection","band_18_20","18–<20 km","within_band_18_20_active_0_14_minus_baseline","within_band_duration_weighted_active_minus_baseline","active_0_14",0,14,-0.0774392798957583,0.0336698576900568,-0.143430988332859,-0.0114475714586581,0.925483218128054,0.866380588492967,0.9886177026733,0.0214505637141227,217037,"completed","s1_anchor","glaucous_winged_gull__detection__active_0_14__13_bands",13,0.0348571660354493,TRUE,TRUE
"SOG_STAGED_REFIT_S1_DISTANCE_GLAUCOUS_WINGED_GULL_v1","atx_725074cbfcb6","Glaucous-winged Gull","SoG","detection","band_20_22","20–<22 km","within_band_20_22_early_pre_minus_baseline","within_band_period_minus_baseline","early_pre",-14,-8,-0.0388510877660499,0.0417938631947953,-0.120765554402643,0.043063378870543,0.961893936256839,0.886241710706026,1.04400406055204,0.352584268598415,217037,"completed","s1_anchor","glaucous_winged_gull__detection__early_pre__13_bands",13,0.913149184501262,FALSE,FALSE
"SOG_STAGED_REFIT_S1_DISTANCE_GLAUCOUS_WINGED_GULL_v1","atx_725074cbfcb6","Glaucous-winged Gull","SoG","detection","band_20_22","20–<22 km","within_band_20_22_immediate_pre_minus_baseline","within_band_period_minus_baseline","immediate_pre",-7,-1,0.0346666386367217,0.0431513498232176,-0.0499084529010736,0.119241730174517,1.03527453073937,0.951316510781128,1.12664222879678,0.421759051766978,217037,"completed","s1_anchor","glaucous_winged_gull__detection__immediate_pre__13_bands",13,0.702430528733887,FALSE,FALSE
"SOG_STAGED_REFIT_S1_DISTANCE_GLAUCOUS_WINGED_GULL_v1","atx_725074cbfcb6","Glaucous-winged Gull","SoG","detection","band_20_22","20–<22 km","within_band_20_22_spawn_start_minus_baseline","within_band_period_minus_baseline","spawn_start",0,3,0.0492702766727001,0.0495939575936835,-0.0479320940617263,0.146472647407127,1.05050423916451,0.953198512719219,1.15774326310523,0.32047931695449,217037,"completed","s1_anchor","glaucous_winged_gull__detection__spawn_start__13_bands",13,0.520778890051046,FALSE,FALSE
"SOG_STAGED_REFIT_S1_DISTANCE_GLAUCOUS_WINGED_GULL_v1","atx_725074cbfcb6","Glaucous-winged Gull","SoG","detection","band_20_22","20–<22 km","within_band_20_22_early_egg_minus_baseline","within_band_period_minus_baseline","early_egg",4,14,0.000469739073337194,0.0356768001193272,-0.0694555042441783,0.0703949823908527,1.00046984941801,0.932901642624753,1.07293188677246,0.989494945615039,217037,"completed","s1_anchor","glaucous_winged_gull__detection__early_egg__13_bands",13,0.989494945615039,FALSE,FALSE
"SOG_STAGED_REFIT_S1_DISTANCE_GLAUCOUS_WINGED_GULL_v1","atx_725074cbfcb6","Glaucous-winged Gull","SoG","detection","band_20_22","20–<22 km","within_band_20_22_late_egg_minus_baseline","within_band_period_minus_baseline","late_egg",15,28,0.0280154397186674,0.0330219806493223,-0.0367064530521828,0.0927373324895176,1.02841156268405,0.963959061061227,1.09717350558217,0.396222132477217,217037,"completed","s1_anchor","glaucous_winged_gull__detection__late_egg__13_bands",13,0.515088772220382,FALSE,FALSE
"SOG_STAGED_REFIT_S1_DISTANCE_GLAUCOUS_WINGED_GULL_v1","atx_725074cbfcb6","Glaucous-winged Gull","SoG","detection","band_20_22","20–<22 km","within_band_20_22_active_0_14_minus_baseline","within_band_duration_weighted_active_minus_baseline","active_0_14",0,14,0.0134832157665006,0.032637002889661,-0.0504841344605645,0.0774505659935658,1.01357452423595,0.950769013015936,1.08052881626983,0.679513822821289,217037,"completed","s1_anchor","glaucous_winged_gull__detection__active_0_14__13_bands",13,0.680265710703012,FALSE,FALSE
"SOG_STAGED_REFIT_S1_DISTANCE_GLAUCOUS_WINGED_GULL_v1","atx_725074cbfcb6","Glaucous-winged Gull","SoG","detection","band_22_24","22–<24 km","within_band_22_24_early_pre_minus_baseline","within_band_period_minus_baseline","early_pre",-14,-8,-0.0135068466958092,0.0420788069771941,-0.0959797928835224,0.0689660994919039,0.986583961454334,0.908482373692371,1.07139988753213,0.748218501384544,217037,"completed","s1_anchor","glaucous_winged_gull__detection__early_pre__13_bands",13,0.913149184501262,FALSE,FALSE
"SOG_STAGED_REFIT_S1_DISTANCE_GLAUCOUS_WINGED_GULL_v1","atx_725074cbfcb6","Glaucous-winged Gull","SoG","detection","band_22_24","22–<24 km","within_band_22_24_immediate_pre_minus_baseline","within_band_period_minus_baseline","immediate_pre",-7,-1,0.00705179972351384,0.0405588269264776,-0.0724420403075755,0.0865456397546032,1.00707672221154,0.930119654547117,1.09040113222224,0.861970798456725,217037,"completed","s1_anchor","glaucous_winged_gull__detection__immediate_pre__13_bands",13,0.976675859272025,FALSE,FALSE
"SOG_STAGED_REFIT_S1_DISTANCE_GLAUCOUS_WINGED_GULL_v1","atx_725074cbfcb6","Glaucous-winged Gull","SoG","detection","band_22_24","22–<24 km","within_band_22_24_spawn_start_minus_baseline","within_band_period_minus_baseline","spawn_start",0,3,-0.10071413397507,0.0523020033514782,-0.20322417686326,0.00179590891312065,0.904191473566723,0.816095271239507,1.00179752252335,0.0541510027114509,217037,"completed","s1_anchor","glaucous_winged_gull__detection__spawn_start__13_bands",13,0.100566147892695,FALSE,FALSE
"SOG_STAGED_REFIT_S1_DISTANCE_GLAUCOUS_WINGED_GULL_v1","atx_725074cbfcb6","Glaucous-winged Gull","SoG","detection","band_22_24","22–<24 km","within_band_22_24_early_egg_minus_baseline","within_band_period_minus_baseline","early_egg",4,14,-0.0729609777747844,0.0352114115664424,-0.141974076289829,-0.0039478792597402,0.929637105826519,0.867643748739446,0.996059903370588,0.0382576737268611,217037,"completed","s1_anchor","glaucous_winged_gull__detection__early_egg__13_bands",13,0.0621687198061494,TRUE,FALSE
"SOG_STAGED_REFIT_S1_DISTANCE_GLAUCOUS_WINGED_GULL_v1","atx_725074cbfcb6","Glaucous-winged Gull","SoG","detection","band_22_24","22–<24 km","within_band_22_24_late_egg_minus_baseline","within_band_period_minus_baseline","late_egg",15,28,-0.00794806295405132,0.0331746974190645,-0.0729692750934317,0.057073149185329,0.992083439382209,0.929629392363226,1.05873325303797,0.810654259646732,217037,"completed","s1_anchor","glaucous_winged_gull__detection__late_egg__13_bands",13,0.87820878128396,FALSE,FALSE
"SOG_STAGED_REFIT_S1_DISTANCE_GLAUCOUS_WINGED_GULL_v1","atx_725074cbfcb6","Glaucous-winged Gull","SoG","detection","band_22_24","22–<24 km","within_band_22_24_active_0_14_minus_baseline","within_band_duration_weighted_active_minus_baseline","active_0_14",0,14,-0.0803618194281938,0.0329422853558923,-0.144927512294184,-0.0157961265622037,0.922782405374846,0.865084998864919,0.984327977928964,0.0147086971512864,217037,"completed","s1_anchor","glaucous_winged_gull__detection__active_0_14__13_bands",13,0.027316151852389,TRUE,TRUE
"SOG_STAGED_REFIT_S1_DISTANCE_GLAUCOUS_WINGED_GULL_v1","atx_725074cbfcb6","Glaucous-winged Gull","SoG","detection","band_24_26","24–26 km","within_band_24_26_early_pre_minus_baseline","within_band_period_minus_baseline","early_pre",-14,-8,0.0168753451470732,0.048648181777993,-0.0784733390511509,0.112224029345297,1.01701853812698,0.924526708362258,1.11876346841962,0.728677397749016,217037,"completed","s1_anchor","glaucous_winged_gull__detection__early_pre__13_bands",13,0.913149184501262,FALSE,FALSE
"SOG_STAGED_REFIT_S1_DISTANCE_GLAUCOUS_WINGED_GULL_v1","atx_725074cbfcb6","Glaucous-winged Gull","SoG","detection","band_24_26","24–26 km","within_band_24_26_immediate_pre_minus_baseline","within_band_period_minus_baseline","immediate_pre",-7,-1,-0.0807049811405685,0.047938813101933,-0.174663328281954,0.013253366000817,0.922465796111664,0.839739689787278,1.01334158114104,0.0922783826160311,217037,"completed","s1_anchor","glaucous_winged_gull__detection__immediate_pre__13_bands",13,0.399872991336135,FALSE,FALSE
"SOG_STAGED_REFIT_S1_DISTANCE_GLAUCOUS_WINGED_GULL_v1","atx_725074cbfcb6","Glaucous-winged Gull","SoG","detection","band_24_26","24–26 km","within_band_24_26_spawn_start_minus_baseline","within_band_period_minus_baseline","spawn_start",0,3,-0.159670715933506,0.0590000262444566,-0.275308642459559,-0.0440327894074531,0.852424432541473,0.759337723191406,0.956922580034248,0.00680412154708329,217037,"completed","s1_anchor","glaucous_winged_gull__detection__spawn_start__13_bands",13,0.0204451068427228,TRUE,TRUE
"SOG_STAGED_REFIT_S1_DISTANCE_GLAUCOUS_WINGED_GULL_v1","atx_725074cbfcb6","Glaucous-winged Gull","SoG","detection","band_24_26","24–26 km","within_band_24_26_early_egg_minus_baseline","within_band_period_minus_baseline","early_egg",4,14,-0.149892782811431,0.0413797631963325,-0.230995628365038,-0.0687899372578229,0.860800264061791,0.793742935982028,0.933522757833561,0.000291916992725759,217037,"completed","s1_anchor","glaucous_winged_gull__detection__early_egg__13_bands",13,0.00126497363514496,TRUE,TRUE
"SOG_STAGED_REFIT_S1_DISTANCE_GLAUCOUS_WINGED_GULL_v1","atx_725074cbfcb6","Glaucous-winged Gull","SoG","detection","band_24_26","24–26 km","within_band_24_26_late_egg_minus_baseline","within_band_period_minus_baseline","late_egg",15,28,-0.113703265538123,0.0387458030963794,-0.189643644159107,-0.0377628869171393,0.892522758852943,0.827253878174718,0.962941239789782,0.00333982589833776,217037,"completed","s1_anchor","glaucous_winged_gull__detection__late_egg__13_bands",13,0.0108544341695977,TRUE,TRUE
"SOG_STAGED_REFIT_S1_DISTANCE_GLAUCOUS_WINGED_GULL_v1","atx_725074cbfcb6","Glaucous-winged Gull","SoG","detection","band_24_26","24–26 km","within_band_24_26_active_0_14_minus_baseline","within_band_duration_weighted_active_minus_baseline","active_0_14",0,14,-0.152500231643984,0.0384408587909215,-0.22784293040898,-0.077157532878988,0.858558695076415,0.796249316568395,0.925744007000351,7.27405603767661e-05,217037,"completed","s1_anchor","glaucous_winged_gull__detection__active_0_14__13_bands",13,0.000315209094965986,TRUE,TRUE
"SOG_STAGED_REFIT_S1_DISTANCE_GLAUCOUS_WINGED_GULL_v1","atx_725074cbfcb6","Glaucous-winged Gull","SoG","positive_numeric_count_given_detection","band_0_2","0–<2 km","within_band_0_2_early_pre_minus_baseline","within_band_period_minus_baseline","early_pre",-14,-8,0.101018407695435,0.0337491400934438,0.034871308603089,0.167165506787782,1.10629700595434,1.03548644202796,1.18194986984725,0.0027605586406642,85053,"completed","s1_anchor","glaucous_winged_gull__positive_numeric_count_given_detection__early_pre__13_bands",13,0.0179436311643173,TRUE,TRUE
"SOG_STAGED_REFIT_S1_DISTANCE_GLAUCOUS_WINGED_GULL_v1","atx_725074cbfcb6","Glaucous-winged Gull","SoG","positive_numeric_count_given_detection","band_0_2","0–<2 km","within_band_0_2_immediate_pre_minus_baseline","within_band_period_minus_baseline","immediate_pre",-7,-1,-0.00561701764065699,0.0330368870164758,-0.0703681263542686,0.0591340910729546,0.99439872830738,0.932050644338145,1.06091749076737,0.864992358085401,85053,"completed","s1_anchor","glaucous_winged_gull__positive_numeric_count_given_detection__immediate_pre__13_bands",13,0.864992358085401,FALSE,FALSE
"SOG_STAGED_REFIT_S1_DISTANCE_GLAUCOUS_WINGED_GULL_v1","atx_725074cbfcb6","Glaucous-winged Gull","SoG","positive_numeric_count_given_detection","band_0_2","0–<2 km","within_band_0_2_spawn_start_minus_baseline","within_band_period_minus_baseline","spawn_start",0,3,0.38499463503522,0.0339701577236463,0.318414349347728,0.451574920722712,1.46960643703322,1.37494585113139,1.57078409887365,8.9738505848142e-30,85053,"completed","s1_anchor","glaucous_winged_gull__positive_numeric_count_given_detection__spawn_start__13_bands",13,1.16660057602585e-28,TRUE,TRUE
"SOG_STAGED_REFIT_S1_DISTANCE_GLAUCOUS_WINGED_GULL_v1","atx_725074cbfcb6","Glaucous-winged Gull","SoG","positive_numeric_count_given_detection","band_0_2","0–<2 km","within_band_0_2_early_egg_minus_baseline","within_band_period_minus_baseline","early_egg",4,14,0.256667767140973,0.0276258906712168,0.202522016384547,0.310813517897399,1.29261560603444,1.22448704360277,1.36453473615178,1.53073486841394e-20,85053,"completed","s1_anchor","glaucous_winged_gull__positive_numeric_count_given_detection__early_egg__13_bands",13,1.98995532893812e-19,TRUE,TRUE
"SOG_STAGED_REFIT_S1_DISTANCE_GLAUCOUS_WINGED_GULL_v1","atx_725074cbfcb6","Glaucous-winged Gull","SoG","positive_numeric_count_given_detection","band_0_2","0–<2 km","within_band_0_2_late_egg_minus_baseline","within_band_period_minus_baseline","late_egg",15,28,0.0651945992916232,0.0275207871390143,0.0112548476729621,0.119134350910284,1.06736671298176,1.0113184217527,1.12652125727823,0.0178400133081308,85053,"completed","s1_anchor","glaucous_winged_gull__positive_numeric_count_given_detection__late_egg__13_bands",13,0.0463840346011401,TRUE,TRUE
"SOG_STAGED_REFIT_S1_DISTANCE_GLAUCOUS_WINGED_GULL_v1","atx_725074cbfcb6","Glaucous-winged Gull","SoG","positive_numeric_count_given_detection","band_0_2","0–<2 km","within_band_0_2_active_0_14_minus_baseline","within_band_duration_weighted_active_minus_baseline","active_0_14",0,14,0.290888265246106,0.0252107806524221,0.241476043145219,0.340300487346992,1.33761511750393,1.27312695443462,1.40536982297232,8.46304000221597e-31,85053,"completed","s1_anchor","glaucous_winged_gull__positive_numeric_count_given_detection__active_0_14__13_bands",13,1.10019520028808e-29,TRUE,TRUE
"SOG_STAGED_REFIT_S1_DISTANCE_GLAUCOUS_WINGED_GULL_v1","atx_725074cbfcb6","Glaucous-winged Gull","SoG","positive_numeric_count_given_detection","band_2_4","2–<4 km","within_band_2_4_early_pre_minus_baseline","within_band_period_minus_baseline","early_pre",-14,-8,0.0402519987130657,0.029700858577904,-0.0179606144095436,0.098464611835675,1.04107309021829,0.98219971611227,1.10347535373628,0.175338883093935,85053,"completed","s1_anchor","glaucous_winged_gull__positive_numeric_count_given_detection__early_pre__13_bands",13,0.379900913370193,FALSE,FALSE
"SOG_STAGED_REFIT_S1_DISTANCE_GLAUCOUS_WINGED_GULL_v1","atx_725074cbfcb6","Glaucous-winged Gull","SoG","positive_numeric_count_given_detection","band_2_4","2–<4 km","within_band_2_4_immediate_pre_minus_baseline","within_band_period_minus_baseline","immediate_pre",-7,-1,0.0106144690371848,0.029517079329589,-0.0472379433776213,0.0684668814519909,1.01067100236034,0.953860405819108,1.07086515886451,0.71914305768543,85053,"completed","s1_anchor","glaucous_winged_gull__positive_numeric_count_given_detection__immediate_pre__13_bands",13,0.779071645825882,FALSE,FALSE
"SOG_STAGED_REFIT_S1_DISTANCE_GLAUCOUS_WINGED_GULL_v1","atx_725074cbfcb6","Glaucous-winged Gull","SoG","positive_numeric_count_given_detection","band_2_4","2–<4 km","within_band_2_4_spawn_start_minus_baseline","within_band_period_minus_baseline","spawn_start",0,3,0.173224885822231,0.0343014828288217,0.105995214861422,0.240454556783041,1.18913349428049,1.11181655629751,1.27182713659946,4.41648435917439e-07,85053,"completed","s1_anchor","glaucous_winged_gull__positive_numeric_count_given_detection__spawn_start__13_bands",13,2.87071483346336e-06,TRUE,TRUE
"SOG_STAGED_REFIT_S1_DISTANCE_GLAUCOUS_WINGED_GULL_v1","atx_725074cbfcb6","Glaucous-winged Gull","SoG","positive_numeric_count_given_detection","band_2_4","2–<4 km","within_band_2_4_early_egg_minus_baseline","within_band_period_minus_baseline","early_egg",4,14,0.071380100443755,0.0251490805179477,0.0220888083842796,0.12067139250323,1.07398937213209,1.02233457232058,1.12825409868951,0.00453575545387044,85053,"completed","s1_anchor","glaucous_winged_gull__positive_numeric_count_given_detection__early_egg__13_bands",13,0.00842354584290225,TRUE,TRUE
"SOG_STAGED_REFIT_S1_DISTANCE_GLAUCOUS_WINGED_GULL_v1","atx_725074cbfcb6","Glaucous-winged Gull","SoG","positive_numeric_count_given_detection","band_2_4","2–<4 km","within_band_2_4_late_egg_minus_baseline","within_band_period_minus_baseline","late_egg",15,28,0.0372393695748787,0.0235143427059929,-0.00884789524899948,0.0833266343987569,1.03794144270654,0.991191132187793,1.0868967684465,0.113264860826702,85053,"completed","s1_anchor","glaucous_winged_gull__positive_numeric_count_given_detection__late_egg__13_bands",13,0.231382912059929,FALSE,FALSE
"SOG_STAGED_REFIT_S1_DISTANCE_GLAUCOUS_WINGED_GULL_v1","atx_725074cbfcb6","Glaucous-winged Gull","SoG","positive_numeric_count_given_detection","band_2_4","2–<4 km","within_band_2_4_active_0_14_minus_baseline","within_band_duration_weighted_active_minus_baseline","active_0_14",0,14,0.0985387098780153,0.0228138586181293,0.0538243686380931,0.143253051117938,1.10355712212917,1.05529924223492,1.1540217912247,1.56561872012254e-05,85053,"completed","s1_anchor","glaucous_winged_gull__positive_numeric_count_given_detection__active_0_14__13_bands",13,5.08826084039825e-05,TRUE,TRUE
"SOG_STAGED_REFIT_S1_DISTANCE_GLAUCOUS_WINGED_GULL_v1","atx_725074cbfcb6","Glaucous-winged Gull","SoG","positive_numeric_count_given_detection","band_4_6","4–<6 km","within_band_4_6_early_pre_minus_baseline","within_band_period_minus_baseline","early_pre",-14,-8,-0.0436970867829031,0.025526786481116,-0.0937286689269343,0.00633449536112822,0.957243875382685,0.910529783750229,1.00635460070686,0.0869311223024424,85053,"completed","s1_anchor","glaucous_winged_gull__positive_numeric_count_given_detection__early_pre__13_bands",13,0.282526147482938,FALSE,FALSE
"SOG_STAGED_REFIT_S1_DISTANCE_GLAUCOUS_WINGED_GULL_v1","atx_725074cbfcb6","Glaucous-winged Gull","SoG","positive_numeric_count_given_detection","band_4_6","4–<6 km","within_band_4_6_immediate_pre_minus_baseline","within_band_period_minus_baseline","immediate_pre",-7,-1,0.0177529684753136,0.0259374391406813,-0.0330834780916212,0.0685894150422484,1.01791148910128,0.967457794687604,1.07099638385668,0.493688904192396,85053,"completed","s1_anchor","glaucous_winged_gull__positive_numeric_count_given_detection__immediate_pre__13_bands",13,0.641795575450115,FALSE,FALSE
"SOG_STAGED_REFIT_S1_DISTANCE_GLAUCOUS_WINGED_GULL_v1","atx_725074cbfcb6","Glaucous-winged Gull","SoG","positive_numeric_count_given_detection","band_4_6","4–<6 km","within_band_4_6_spawn_start_minus_baseline","within_band_period_minus_baseline","spawn_start",0,3,0.104422435825542,0.0316402864025281,0.0424086140160547,0.16643625763503,1.11006928891894,1.04332070712756,1.18108824811272,0.000965815405914452,85053,"completed","s1_anchor","glaucous_winged_gull__positive_numeric_count_given_detection__spawn_start__13_bands",13,0.00209260004614798,TRUE,TRUE
"SOG_STAGED_REFIT_S1_DISTANCE_GLAUCOUS_WINGED_GULL_v1","atx_725074cbfcb6","Glaucous-winged Gull","SoG","positive_numeric_count_given_detection","band_4_6","4–<6 km","within_band_4_6_early_egg_minus_baseline","within_band_period_minus_baseline","early_egg",4,14,0.0823139478888371,0.0228280820840934,0.03757172916789,0.127056166609784,1.08579663988811,1.03828646983537,1.13548079209704,0.000311169148936965,85053,"completed","s1_anchor","glaucous_winged_gull__positive_numeric_count_given_detection__early_egg__13_bands",13,0.000809039787236109,TRUE,TRUE
"SOG_STAGED_REFIT_S1_DISTANCE_GLAUCOUS_WINGED_GULL_v1","atx_725074cbfcb6","Glaucous-winged Gull","SoG","positive_numeric_count_given_detection","band_4_6","4–<6 km","within_band_4_6_late_egg_minus_baseline","within_band_period_minus_baseline","late_egg",15,28,0.00570567608336564,0.0212918763890691,-0.0360256348024885,0.0474369869692198,1.00572198445516,0.964615565436678,1.04858012482779,0.788719086196181,85053,"completed","s1_anchor","glaucous_winged_gull__positive_numeric_count_given_detection__late_egg__13_bands",13,0.827194012020509,FALSE,FALSE
"SOG_STAGED_REFIT_S1_DISTANCE_GLAUCOUS_WINGED_GULL_v1","atx_725074cbfcb6","Glaucous-winged Gull","SoG","positive_numeric_count_given_detection","band_4_6","4–<6 km","within_band_4_6_active_0_14_minus_baseline","within_band_duration_weighted_active_minus_baseline","active_0_14",0,14,0.0882095446719585,0.0207257845043224,0.0475877534921483,0.128831335851769,1.09221696629672,1.04873822752522,1.13749825281135,2.08089513609668e-05,85053,"completed","s1_anchor","glaucous_winged_gull__positive_numeric_count_given_detection__active_0_14__13_bands",13,5.41032735385138e-05,TRUE,TRUE
"SOG_STAGED_REFIT_S1_DISTANCE_GLAUCOUS_WINGED_GULL_v1","atx_725074cbfcb6","Glaucous-winged Gull","SoG","positive_numeric_count_given_detection","band_6_8","6–<8 km","within_band_6_8_early_pre_minus_baseline","within_band_period_minus_baseline","early_pre",-14,-8,0.0100486377218467,0.0241338250911139,-0.0372527902659257,0.0573500657096192,1.01009929481797,0.963432558190797,1.0590264743676,0.677138156637023,85053,"completed","s1_anchor","glaucous_winged_gull__positive_numeric_count_given_detection__early_pre__13_bands",13,0.93759422145783,FALSE,FALSE
"SOG_STAGED_REFIT_S1_DISTANCE_GLAUCOUS_WINGED_GULL_v1","atx_725074cbfcb6","Glaucous-winged Gull","SoG","positive_numeric_count_given_detection","band_6_8","6–<8 km","within_band_6_8_immediate_pre_minus_baseline","within_band_period_minus_baseline","immediate_pre",-7,-1,0.0719208997028564,0.0238062805130598,0.0252614472914014,0.118580352114311,1.07457034186866,1.02558322143112,1.12589733869909,0.00251867053421825,85053,"completed","s1_anchor","glaucous_winged_gull__positive_numeric_count_given_detection__immediate_pre__13_bands",13,0.0327427169448373,TRUE,TRUE
"SOG_STAGED_REFIT_S1_DISTANCE_GLAUCOUS_WINGED_GULL_v1","atx_725074cbfcb6","Glaucous-winged Gull","SoG","positive_numeric_count_given_detection","band_6_8","6–<8 km","within_band_6_8_spawn_start_minus_baseline","within_band_period_minus_baseline","spawn_start",0,3,-0.0220291643067445,0.0316956421025823,-0.0841514812946772,0.0400931526811881,0.978211705768946,0.919291990006455,1.04090773302253,0.487041598694725,85053,"completed","s1_anchor","glaucous_winged_gull__positive_numeric_count_given_detection__spawn_start__13_bands",13,0.575594616639221,FALSE,FALSE
"SOG_STAGED_REFIT_S1_DISTANCE_GLAUCOUS_WINGED_GULL_v1","atx_725074cbfcb6","Glaucous-winged Gull","SoG","positive_numeric_count_given_detection","band_6_8","6–<8 km","within_band_6_8_early_egg_minus_baseline","within_band_period_minus_baseline","early_egg",4,14,-0.00571444979952123,0.0219640782217726,-0.0487632520678161,0.0373343524687737,0.994301846612282,0.952406583298809,1.03804003407064,0.794730692698146,85053,"completed","s1_anchor","glaucous_winged_gull__positive_numeric_count_given_detection__early_egg__13_bands",13,0.794730692698146,FALSE,FALSE
"SOG_STAGED_REFIT_S1_DISTANCE_GLAUCOUS_WINGED_GULL_v1","atx_725074cbfcb6","Glaucous-winged Gull","SoG","positive_numeric_count_given_detection","band_6_8","6–<8 km","within_band_6_8_late_egg_minus_baseline","within_band_period_minus_baseline","late_egg",15,28,-0.0229952391090945,0.0205769796658664,-0.0633253781648057,0.0173348999466167,0.977267136424424,0.938638011682836,1.01748602128624,0.263770956694667,85053,"completed","s1_anchor","glaucous_winged_gull__positive_numeric_count_given_detection__late_egg__13_bands",13,0.381002493003408,FALSE,FALSE
"SOG_STAGED_REFIT_S1_DISTANCE_GLAUCOUS_WINGED_GULL_v1","atx_725074cbfcb6","Glaucous-winged Gull","SoG","positive_numeric_count_given_detection","band_6_8","6–<8 km","within_band_6_8_active_0_14_minus_baseline","within_band_duration_weighted_active_minus_baseline","active_0_14",0,14,-0.0100650403347808,0.0200478603504064,-0.049358124588666,0.0292280439191044,0.989985442670563,0.951840191275956,1.02965937526323,0.615631927500957,85053,"completed","s1_anchor","glaucous_winged_gull__positive_numeric_count_given_detection__active_0_14__13_bands",13,0.615631927500957,FALSE,FALSE
"SOG_STAGED_REFIT_S1_DISTANCE_GLAUCOUS_WINGED_GULL_v1","atx_725074cbfcb6","Glaucous-winged Gull","SoG","positive_numeric_count_given_detection","band_8_10","8–<10 km","within_band_8_10_early_pre_minus_baseline","within_band_period_minus_baseline","early_pre",-14,-8,0.0264320375624189,0.0243833549764561,-0.0213584600136905,0.0742225351385283,1.02678446211541,0.978868016630173,1.07704645951258,0.278356056709596,85053,"completed","s1_anchor","glaucous_winged_gull__positive_numeric_count_given_detection__early_pre__13_bands",13,0.516946962460678,FALSE,FALSE
"SOG_STAGED_REFIT_S1_DISTANCE_GLAUCOUS_WINGED_GULL_v1","atx_725074cbfcb6","Glaucous-winged Gull","SoG","positive_numeric_count_given_detection","band_8_10","8–<10 km","within_band_8_10_immediate_pre_minus_baseline","within_band_period_minus_baseline","immediate_pre",-7,-1,0.0576830935072823,0.0244478624928427,0.00976616352232294,0.105600023492242,1.05937921835554,1.00981400812319,1.11137726279856,0.0183028856917241,85053,"completed","s1_anchor","glaucous_winged_gull__positive_numeric_count_given_detection__immediate_pre__13_bands",13,0.0481890994885325,TRUE,TRUE
"SOG_STAGED_REFIT_S1_DISTANCE_GLAUCOUS_WINGED_GULL_v1","atx_725074cbfcb6","Glaucous-winged Gull","SoG","positive_numeric_count_given_detection","band_8_10","8–<10 km","within_band_8_10_spawn_start_minus_baseline","within_band_period_minus_baseline","spawn_start",0,3,0.131603782103136,0.031328379295946,0.0702012869890711,0.1930062772172,1.14065628128756,1.07272408492535,1.21289040707175,2.6599123753526e-05,85053,"completed","s1_anchor","glaucous_winged_gull__positive_numeric_count_given_detection__spawn_start__13_bands",13,0.000115262869598613,TRUE,TRUE
"SOG_STAGED_REFIT_S1_DISTANCE_GLAUCOUS_WINGED_GULL_v1","atx_725074cbfcb6","Glaucous-winged Gull","SoG","positive_numeric_count_given_detection","band_8_10","8–<10 km","within_band_8_10_early_egg_minus_baseline","within_band_period_minus_baseline","early_egg",4,14,0.0260414345938664,0.0217618534494493,-0.016611014403893,0.0686938835916258,1.02638347537485,0.983526187756416,1.07110827513975,0.231440984454389,85053,"completed","s1_anchor","glaucous_winged_gull__positive_numeric_count_given_detection__early_egg__13_bands",13,0.300873279790705,FALSE,FALSE
"SOG_STAGED_REFIT_S1_DISTANCE_GLAUCOUS_WINGED_GULL_v1","atx_725074cbfcb6","Glaucous-winged Gull","SoG","positive_numeric_count_given_detection","band_8_10","8–<10 km","within_band_8_10_late_egg_minus_baseline","within_band_period_minus_baseline","late_egg",15,28,0.0042963609268755,0.0196808360522809,-0.0342773689212325,0.0428700907749835,1.00430560351724,0.966303444919407,1.04380228649631,0.827194012020509,85053,"completed","s1_anchor","glaucous_winged_gull__positive_numeric_count_given_detection__late_egg__13_bands",13,0.827194012020509,FALSE,FALSE
"SOG_STAGED_REFIT_S1_DISTANCE_GLAUCOUS_WINGED_GULL_v1","atx_725074cbfcb6","Glaucous-winged Gull","SoG","positive_numeric_count_given_detection","band_8_10","8–<10 km","within_band_8_10_active_0_14_minus_baseline","within_band_duration_weighted_active_minus_baseline","active_0_14",0,14,0.0541913939296715,0.0197004568056175,0.0155792081116742,0.0928035797476689,1.05568663483409,1.01570119664599,1.09724619272627,0.00594556634709472,85053,"completed","s1_anchor","glaucous_winged_gull__positive_numeric_count_given_detection__active_0_14__13_bands",13,0.00858804027913682,TRUE,TRUE
"SOG_STAGED_REFIT_S1_DISTANCE_GLAUCOUS_WINGED_GULL_v1","atx_725074cbfcb6","Glaucous-winged Gull","SoG","positive_numeric_count_given_detection","band_10_12","10–<12 km","within_band_10_12_early_pre_minus_baseline","within_band_period_minus_baseline","early_pre",-14,-8,-0.0374522779100184,0.0212896760138888,-0.0791792761397667,0.00427472031972977,0.9632403844683,0.923874280982846,1.00428386996939,0.0785476925865941,85053,"completed","s1_anchor","glaucous_winged_gull__positive_numeric_count_given_detection__early_pre__13_bands",13,0.282526147482938,FALSE,FALSE
"SOG_STAGED_REFIT_S1_DISTANCE_GLAUCOUS_WINGED_GULL_v1","atx_725074cbfcb6","Glaucous-winged Gull","SoG","positive_numeric_count_given_detection","band_10_12","10–<12 km","within_band_10_12_immediate_pre_minus_baseline","within_band_period_minus_baseline","immediate_pre",-7,-1,-0.0108881979157672,0.0217302078598426,-0.053478622697628,0.0317022268660936,0.989170863957679,0.947926204892317,1.03221009510327,0.616326954805174,85053,"completed","s1_anchor","glaucous_winged_gull__positive_numeric_count_given_detection__immediate_pre__13_bands",13,0.728386401133387,FALSE,FALSE
"SOG_STAGED_REFIT_S1_DISTANCE_GLAUCOUS_WINGED_GULL_v1","atx_725074cbfcb6","Glaucous-winged Gull","SoG","positive_numeric_count_given_detection","band_10_12","10–<12 km","within_band_10_12_spawn_start_minus_baseline","within_band_period_minus_baseline","spawn_start",0,3,0.0299133642437973,0.027383458572306,-0.0237572283300671,0.0835839568176617,1.03036526361279,0.976522753042532,1.08717648733948,0.274662551906994,85053,"completed","s1_anchor","glaucous_winged_gull__positive_numeric_count_given_detection__spawn_start__13_bands",13,0.396734797198992,FALSE,FALSE
"SOG_STAGED_REFIT_S1_DISTANCE_GLAUCOUS_WINGED_GULL_v1","atx_725074cbfcb6","Glaucous-winged Gull","SoG","positive_numeric_count_given_detection","band_10_12","10–<12 km","within_band_10_12_early_egg_minus_baseline","within_band_period_minus_baseline","early_egg",4,14,0.008517232067976,0.0187673502455463,-0.0282660984985437,0.0453005626344957,1.00855360688661,0.972129650140424,1.04634230405076,0.649949443912541,85053,"completed","s1_anchor","glaucous_winged_gull__positive_numeric_count_given_detection__early_egg__13_bands",13,0.768122070078458,FALSE,FALSE
"SOG_STAGED_REFIT_S1_DISTANCE_GLAUCOUS_WINGED_GULL_v1","atx_725074cbfcb6","Glaucous-winged Gull","SoG","positive_numeric_count_given_detection","band_10_12","10–<12 km","within_band_10_12_late_egg_minus_baseline","within_band_period_minus_baseline","late_egg",15,28,-0.0122080806644679,0.0174970975035672,-0.0465017616054453,0.0220856002765095,0.987866135632441,0.954562879005324,1.02233129256635,0.485352110866834,85053,"completed","s1_anchor","glaucous_winged_gull__positive_numeric_count_given_detection__late_egg__13_bands",13,0.573597949206259,FALSE,FALSE
"SOG_STAGED_REFIT_S1_DISTANCE_GLAUCOUS_WINGED_GULL_v1","atx_725074cbfcb6","Glaucous-winged Gull","SoG","positive_numeric_count_given_detection","band_10_12","10–<12 km","within_band_10_12_active_0_14_minus_baseline","within_band_duration_weighted_active_minus_baseline","active_0_14",0,14,0.0142228673148617,0.0174645061914328,-0.0200069358281234,0.0484526704578468,1.01432449352597,0.980191874840807,1.04964569139466,0.415423266858953,85053,"completed","s1_anchor","glaucous_winged_gull__positive_numeric_count_given_detection__active_0_14__13_bands",13,0.450041872430532,FALSE,FALSE
"SOG_STAGED_REFIT_S1_DISTANCE_GLAUCOUS_WINGED_GULL_v1","atx_725074cbfcb6","Glaucous-winged Gull","SoG","positive_numeric_count_given_detection","band_12_14","12–<14 km","within_band_12_14_early_pre_minus_baseline","within_band_period_minus_baseline","early_pre",-14,-8,0.0107573177914367,0.030147716457009,-0.0483311206804264,0.0698457562632997,1.01081538576623,0.952818237014849,1.07234276634213,0.721226324198331,85053,"completed","s1_anchor","glaucous_winged_gull__positive_numeric_count_given_detection__early_pre__13_bands",13,0.93759422145783,FALSE,FALSE
"SOG_STAGED_REFIT_S1_DISTANCE_GLAUCOUS_WINGED_GULL_v1","atx_725074cbfcb6","Glaucous-winged Gull","SoG","positive_numeric_count_given_detection","band_12_14","12–<14 km","within_band_12_14_immediate_pre_minus_baseline","within_band_period_minus_baseline","immediate_pre",-7,-1,0.0272653581716027,0.0292370949828031,-0.0300382950072682,0.0845690113504736,1.02764045937942,0.970408371041321,1.08824794310084,0.351046966671482,85053,"completed","s1_anchor","glaucous_winged_gull__positive_numeric_count_given_detection__immediate_pre__13_bands",13,0.564439463383369,FALSE,FALSE
"SOG_STAGED_REFIT_S1_DISTANCE_GLAUCOUS_WINGED_GULL_v1","atx_725074cbfcb6","Glaucous-winged Gull","SoG","positive_numeric_count_given_detection","band_12_14","12–<14 km","within_band_12_14_spawn_start_minus_baseline","within_band_period_minus_baseline","spawn_start",0,3,0.00151967061189066,0.0349329064871427,-0.0669475679782146,0.0699869092019959,1.00152082589642,0.93524423679745,1.07249414135815,0.965300929546252,85053,"completed","s1_anchor","glaucous_winged_gull__positive_numeric_count_given_detection__spawn_start__13_bands",13,0.965300929546252,FALSE,FALSE
"SOG_STAGED_REFIT_S1_DISTANCE_GLAUCOUS_WINGED_GULL_v1","atx_725074cbfcb6","Glaucous-winged Gull","SoG","positive_numeric_count_given_detection","band_12_14","12–<14 km","within_band_12_14_early_egg_minus_baseline","within_band_period_minus_baseline","early_egg",4,14,-0.0591164584309273,0.0261583637525428,-0.110385909280409,-0.00784700758144534,0.942596989398452,0.895488491287915,0.992183699809674,0.0238246762835548,85053,"completed","s1_anchor","glaucous_winged_gull__positive_numeric_count_given_detection__early_egg__13_bands",13,0.0387150989607766,TRUE,TRUE
"SOG_STAGED_REFIT_S1_DISTANCE_GLAUCOUS_WINGED_GULL_v1","atx_725074cbfcb6","Glaucous-winged Gull","SoG","positive_numeric_count_given_detection","band_12_14","12–<14 km","within_band_12_14_late_egg_minus_baseline","within_band_period_minus_baseline","late_egg",15,28,-0.0692393593361984,0.0241209260495846,-0.116515505667138,-0.0219632130052585,0.933103306357961,0.890016296573243,0.978276222231519,0.00409810239596627,85053,"completed","s1_anchor","glaucous_winged_gull__positive_numeric_count_given_detection__late_egg__13_bands",13,0.0133188327868904,TRUE,TRUE
"SOG_STAGED_REFIT_S1_DISTANCE_GLAUCOUS_WINGED_GULL_v1","atx_725074cbfcb6","Glaucous-winged Gull","SoG","positive_numeric_count_given_detection","band_12_14","12–<14 km","within_band_12_14_active_0_14_minus_baseline","within_band_duration_weighted_active_minus_baseline","active_0_14",0,14,-0.0429468240195092,0.023546361388567,-0.089096844308065,0.00320319626904669,0.957962329298781,0.91475698027784,1.00320833198432,0.0681632393209254,85053,"completed","s1_anchor","glaucous_winged_gull__positive_numeric_count_given_detection__active_0_14__13_bands",13,0.088612211117203,FALSE,FALSE
"SOG_STAGED_REFIT_S1_DISTANCE_GLAUCOUS_WINGED_GULL_v1","atx_725074cbfcb6","Glaucous-winged Gull","SoG","positive_numeric_count_given_detection","band_14_16","14–<16 km","within_band_14_16_early_pre_minus_baseline","within_band_period_minus_baseline","early_pre",-14,-8,-0.094330546902557,0.02462189840641,-0.142588581010125,-0.0460725127949894,0.909981920817097,0.867110741344863,0.954972711939499,0.000127538116449318,85053,"completed","s1_anchor","glaucous_winged_gull__positive_numeric_count_given_detection__early_pre__13_bands",13,0.00165799551384114,TRUE,TRUE
"SOG_STAGED_REFIT_S1_DISTANCE_GLAUCOUS_WINGED_GULL_v1","atx_725074cbfcb6","Glaucous-winged Gull","SoG","positive_numeric_count_given_detection","band_14_16","14–<16 km","within_band_14_16_immediate_pre_minus_baseline","within_band_period_minus_baseline","immediate_pre",-7,-1,-0.0690828103505987,0.0247306650900195,-0.117554023240759,-0.0206115974604385,0.933249394168682,0.889092478791973,0.979599369572438,0.00521560409196993,85053,"completed","s1_anchor","glaucous_winged_gull__positive_numeric_count_given_detection__immediate_pre__13_bands",13,0.0339014265978046,TRUE,TRUE
"SOG_STAGED_REFIT_S1_DISTANCE_GLAUCOUS_WINGED_GULL_v1","atx_725074cbfcb6","Glaucous-winged Gull","SoG","positive_numeric_count_given_detection","band_14_16","14–<16 km","within_band_14_16_spawn_start_minus_baseline","within_band_period_minus_baseline","spawn_start",0,3,-0.0709960375532827,0.0292118543797634,-0.128250220059248,-0.0137418550473179,0.931465583003021,0.879633249721532,0.98635213322578,0.0150828132644709,85053,"completed","s1_anchor","glaucous_winged_gull__positive_numeric_count_given_detection__spawn_start__13_bands",13,0.0245095715547653,TRUE,TRUE
"SOG_STAGED_REFIT_S1_DISTANCE_GLAUCOUS_WINGED_GULL_v1","atx_725074cbfcb6","Glaucous-winged Gull","SoG","positive_numeric_count_given_detection","band_14_16","14–<16 km","within_band_14_16_early_egg_minus_baseline","within_band_period_minus_baseline","early_egg",4,14,-0.138838786256344,0.0213284473664093,-0.180641774940665,-0.0970357975720238,0.870368332485718,0.834734327897603,0.907523518413272,7.53717541178316e-11,85053,"completed","s1_anchor","glaucous_winged_gull__positive_numeric_count_given_detection__early_egg__13_bands",13,4.89916401765905e-10,TRUE,TRUE
"SOG_STAGED_REFIT_S1_DISTANCE_GLAUCOUS_WINGED_GULL_v1","atx_725074cbfcb6","Glaucous-winged Gull","SoG","positive_numeric_count_given_detection","band_14_16","14–<16 km","within_band_14_16_late_egg_minus_baseline","within_band_period_minus_baseline","late_egg",15,28,-0.102957297238447,0.0201021055710724,-0.14235670017117,-0.0635578943057227,0.902165497617094,0.867311831024553,0.938419788565824,3.02765939006118e-07,85053,"completed","s1_anchor","glaucous_winged_gull__positive_numeric_count_given_detection__late_egg__13_bands",13,2.68945922237465e-06,TRUE,TRUE
"SOG_STAGED_REFIT_S1_DISTANCE_GLAUCOUS_WINGED_GULL_v1","atx_725074cbfcb6","Glaucous-winged Gull","SoG","positive_numeric_count_given_detection","band_14_16","14–<16 km","within_band_14_16_active_0_14_minus_baseline","within_band_duration_weighted_active_minus_baseline","active_0_14",0,14,-0.120747386602194,0.0193687078712358,-0.158709356456894,-0.0827854167474949,0.886257811914837,0.853244312884516,0.920548660353489,4.54244207227654e-10,85053,"completed","s1_anchor","glaucous_winged_gull__positive_numeric_count_given_detection__active_0_14__13_bands",13,2.95258734697975e-09,TRUE,TRUE
"SOG_STAGED_REFIT_S1_DISTANCE_GLAUCOUS_WINGED_GULL_v1","atx_725074cbfcb6","Glaucous-winged Gull","SoG","positive_numeric_count_given_detection","band_16_18","16–<18 km","within_band_16_18_early_pre_minus_baseline","within_band_period_minus_baseline","early_pre",-14,-8,-0.000177780745152331,0.0245539747927758,-0.0483026870162972,0.0479471255259926,0.999822235056908,0.952845329513744,1.04911518244449,0.994223042354383,85053,"completed","s1_anchor","glaucous_winged_gull__positive_numeric_count_given_detection__early_pre__13_bands",13,0.994223042354383,FALSE,FALSE
"SOG_STAGED_REFIT_S1_DISTANCE_GLAUCOUS_WINGED_GULL_v1","atx_725074cbfcb6","Glaucous-winged Gull","SoG","positive_numeric_count_given_detection","band_16_18","16–<18 km","within_band_16_18_immediate_pre_minus_baseline","within_band_period_minus_baseline","immediate_pre",-7,-1,-0.0574120525426936,0.0243811918909674,-0.10519831054915,-0.00962579453623749,0.944204927157452,0.900145996438173,0.990420385133206,0.0185342690340509,85053,"completed","s1_anchor","glaucous_winged_gull__positive_numeric_count_given_detection__immediate_pre__13_bands",13,0.0481890994885325,TRUE,TRUE
"SOG_STAGED_REFIT_S1_DISTANCE_GLAUCOUS_WINGED_GULL_v1","atx_725074cbfcb6","Glaucous-winged Gull","SoG","positive_numeric_count_given_detection","band_16_18","16–<18 km","within_band_16_18_spawn_start_minus_baseline","within_band_period_minus_baseline","spawn_start",0,3,-0.01257970091171,0.0301252084178048,-0.0716240244373703,0.0464646226139503,0.987499092779377,0.930880818465364,1.04756101844242,0.676253824415395,85053,"completed","s1_anchor","glaucous_winged_gull__positive_numeric_count_given_detection__spawn_start__13_bands",13,0.732608309783344,FALSE,FALSE
"SOG_STAGED_REFIT_S1_DISTANCE_GLAUCOUS_WINGED_GULL_v1","atx_725074cbfcb6","Glaucous-winged Gull","SoG","positive_numeric_count_given_detection","band_16_18","16–<18 km","within_band_16_18_early_egg_minus_baseline","within_band_period_minus_baseline","early_egg",4,14,-0.0743019482483031,0.0214108300375593,-0.116266404001028,-0.0323374924955786,0.928391325380596,0.890238028731364,0.968179773526646,0.000519882343571253,85053,"completed","s1_anchor","glaucous_winged_gull__positive_numeric_count_given_detection__early_egg__13_bands",13,0.00112641174440438,TRUE,TRUE
"SOG_STAGED_REFIT_S1_DISTANCE_GLAUCOUS_WINGED_GULL_v1","atx_725074cbfcb6","Glaucous-winged Gull","SoG","positive_numeric_count_given_detection","band_16_18","16–<18 km","within_band_16_18_late_egg_minus_baseline","within_band_period_minus_baseline","late_egg",15,28,-0.103362797227018,0.0204172848753309,-0.143379940244761,-0.0633456542092752,0.901799743679741,0.866424816694447,0.938618980009715,4.13762957288408e-07,85053,"completed","s1_anchor","glaucous_winged_gull__positive_numeric_count_given_detection__late_egg__13_bands",13,2.68945922237465e-06,TRUE,TRUE
"SOG_STAGED_REFIT_S1_DISTANCE_GLAUCOUS_WINGED_GULL_v1","atx_725074cbfcb6","Glaucous-winged Gull","SoG","positive_numeric_count_given_detection","band_16_18","16–<18 km","within_band_16_18_active_0_14_minus_baseline","within_band_duration_weighted_active_minus_baseline","active_0_14",0,14,-0.0578426822918783,0.019347379745101,-0.095762849787496,-0.0199225147962605,0.943798411961542,0.908679484051298,0.980274627143273,0.00279260019829907,85053,"completed","s1_anchor","glaucous_winged_gull__positive_numeric_count_given_detection__active_0_14__13_bands",13,0.004537975322236,TRUE,TRUE
"SOG_STAGED_REFIT_S1_DISTANCE_GLAUCOUS_WINGED_GULL_v1","atx_725074cbfcb6","Glaucous-winged Gull","SoG","positive_numeric_count_given_detection","band_18_20","18–<20 km","within_band_18_20_early_pre_minus_baseline","within_band_period_minus_baseline","early_pre",-14,-8,0.00320762835885335,0.0247821812897486,-0.0453645544273963,0.051779811145103,1.0032127783036,0.955649032236799,1.05314382644845,0.8970151555824,85053,"completed","s1_anchor","glaucous_winged_gull__positive_numeric_count_given_detection__early_pre__13_bands",13,0.987603646921824,FALSE,FALSE
"SOG_STAGED_REFIT_S1_DISTANCE_GLAUCOUS_WINGED_GULL_v1","atx_725074cbfcb6","Glaucous-winged Gull","SoG","positive_numeric_count_given_detection","band_18_20","18–<20 km","within_band_18_20_immediate_pre_minus_baseline","within_band_period_minus_baseline","immediate_pre",-7,-1,-0.0205147717580901,0.0239035982517118,-0.0673649634323598,0.0263354199161796,0.979694224561543,0.934853951561803,1.02668526140983,0.390765782342333,85053,"completed","s1_anchor","glaucous_winged_gull__positive_numeric_count_given_detection__immediate_pre__13_bands",13,0.564439463383369,FALSE,FALSE
"SOG_STAGED_REFIT_S1_DISTANCE_GLAUCOUS_WINGED_GULL_v1","atx_725074cbfcb6","Glaucous-winged Gull","SoG","positive_numeric_count_given_detection","band_18_20","18–<20 km","within_band_18_20_spawn_start_minus_baseline","within_band_period_minus_baseline","spawn_start",0,3,-0.0234132004820275,0.0304806722766961,-0.0831542203689202,0.0363278194048653,0.976858761858704,0.920209221270882,1.03699573810206,0.442408363426325,85053,"completed","s1_anchor","glaucous_winged_gull__positive_numeric_count_given_detection__spawn_start__13_bands",13,0.575130872454223,FALSE,FALSE
"SOG_STAGED_REFIT_S1_DISTANCE_GLAUCOUS_WINGED_GULL_v1","atx_725074cbfcb6","Glaucous-winged Gull","SoG","positive_numeric_count_given_detection","band_18_20","18–<20 km","within_band_18_20_early_egg_minus_baseline","within_band_period_minus_baseline","early_egg",4,14,-0.0797174781261293,0.0206885362792176,-0.120266264126246,-0.0391686921260124,0.923377183791019,0.88668431305905,0.961588483058064,0.000116574641744027,85053,"completed","s1_anchor","glaucous_winged_gull__positive_numeric_count_given_detection__early_egg__13_bands",13,0.000378867585668088,TRUE,TRUE
"SOG_STAGED_REFIT_S1_DISTANCE_GLAUCOUS_WINGED_GULL_v1","atx_725074cbfcb6","Glaucous-winged Gull","SoG","positive_numeric_count_given_detection","band_18_20","18–<20 km","within_band_18_20_late_egg_minus_baseline","within_band_period_minus_baseline","late_egg",15,28,-0.0268494471036009,0.0193453517274184,-0.0647656397576007,0.011066745550399,0.973507794910233,0.937287100471361,1.0111282085013,0.165166971407509,85053,"completed","s1_anchor","glaucous_winged_gull__positive_numeric_count_given_detection__late_egg__13_bands",13,0.268396328537203,FALSE,FALSE
"SOG_STAGED_REFIT_S1_DISTANCE_GLAUCOUS_WINGED_GULL_v1","atx_725074cbfcb6","Glaucous-winged Gull","SoG","positive_numeric_count_given_detection","band_18_20","18–<20 km","within_band_18_20_active_0_14_minus_baseline","within_band_duration_weighted_active_minus_baseline","active_0_14",0,14,-0.0647030040877021,0.018756915495694,-0.101465882920324,-0.0279401252550806,0.93734580991542,0.903512004007423,0.972446590049705,0.00056151217024736,85053,"completed","s1_anchor","glaucous_winged_gull__positive_numeric_count_given_detection__active_0_14__13_bands",13,0.00121660970220261,TRUE,TRUE
"SOG_STAGED_REFIT_S1_DISTANCE_GLAUCOUS_WINGED_GULL_v1","atx_725074cbfcb6","Glaucous-winged Gull","SoG","positive_numeric_count_given_detection","band_20_22","20–<22 km","within_band_20_22_early_pre_minus_baseline","within_band_period_minus_baseline","early_pre",-14,-8,-0.00241201480537861,0.0217342555475373,-0.0450103729093415,0.0401863432985843,0.997590891764966,0.955987565409321,1.04100474037684,0.911634135620145,85053,"completed","s1_anchor","glaucous_winged_gull__positive_numeric_count_given_detection__early_pre__13_bands",13,0.987603646921824,FALSE,FALSE
"SOG_STAGED_REFIT_S1_DISTANCE_GLAUCOUS_WINGED_GULL_v1","atx_725074cbfcb6","Glaucous-winged Gull","SoG","positive_numeric_count_given_detection","band_20_22","20–<22 km","within_band_20_22_immediate_pre_minus_baseline","within_band_period_minus_baseline","immediate_pre",-7,-1,0.0194575543445503,0.0216883851692499,-0.0230508994700121,0.0619660081591127,1.01964808631078,0.977212742896693,1.06392617930397,0.369643319485125,85053,"completed","s1_anchor","glaucous_winged_gull__positive_numeric_count_given_detection__immediate_pre__13_bands",13,0.564439463383369,FALSE,FALSE
"SOG_STAGED_REFIT_S1_DISTANCE_GLAUCOUS_WINGED_GULL_v1","atx_725074cbfcb6","Glaucous-winged Gull","SoG","positive_numeric_count_given_detection","band_20_22","20–<22 km","within_band_20_22_spawn_start_minus_baseline","within_band_period_minus_baseline","spawn_start",0,3,0.0682908073459093,0.0254367534399849,0.0184356867199135,0.118145927971905,1.07067662383749,1.01860667312668,1.12540832794002,0.00725884856255289,85053,"completed","s1_anchor","glaucous_winged_gull__positive_numeric_count_given_detection__spawn_start__13_bands",13,0.0134807187590268,TRUE,TRUE
"SOG_STAGED_REFIT_S1_DISTANCE_GLAUCOUS_WINGED_GULL_v1","atx_725074cbfcb6","Glaucous-winged Gull","SoG","positive_numeric_count_given_detection","band_20_22","20–<22 km","within_band_20_22_early_egg_minus_baseline","within_band_period_minus_baseline","early_egg",4,14,0.0799424256661013,0.0184864338036946,0.043709681208276,0.116175170123927,1.08322469993902,1.04467902090771,1.12319260468968,1.52959146283153e-05,85053,"completed","s1_anchor","glaucous_winged_gull__positive_numeric_count_given_detection__early_egg__13_bands",13,6.62822967226994e-05,TRUE,TRUE
"SOG_STAGED_REFIT_S1_DISTANCE_GLAUCOUS_WINGED_GULL_v1","atx_725074cbfcb6","Glaucous-winged Gull","SoG","positive_numeric_count_given_detection","band_20_22","20–<22 km","within_band_20_22_late_egg_minus_baseline","within_band_period_minus_baseline","late_egg",15,28,0.0260383953233482,0.0169544390266788,-0.00719169454702259,0.059268485193719,1.02638035592255,0.992834103806534,1.0610600814222,0.1245907988015,85053,"completed","s1_anchor","glaucous_winged_gull__positive_numeric_count_given_detection__late_egg__13_bands",13,0.231382912059929,FALSE,FALSE
"SOG_STAGED_REFIT_S1_DISTANCE_GLAUCOUS_WINGED_GULL_v1","atx_725074cbfcb6","Glaucous-winged Gull","SoG","positive_numeric_count_given_detection","band_20_22","20–<22 km","within_band_20_22_active_0_14_minus_baseline","within_band_duration_weighted_active_minus_baseline","active_0_14",0,14,0.0768353274473834,0.0166955720911851,0.0441126074473685,0.109558047447398,1.07986423774992,1.04510003430964,1.11578483751703,4.18175885097152e-06,85053,"completed","s1_anchor","glaucous_winged_gull__positive_numeric_count_given_detection__active_0_14__13_bands",13,1.81209550208766e-05,TRUE,TRUE
"SOG_STAGED_REFIT_S1_DISTANCE_GLAUCOUS_WINGED_GULL_v1","atx_725074cbfcb6","Glaucous-winged Gull","SoG","positive_numeric_count_given_detection","band_22_24","22–<24 km","within_band_22_24_early_pre_minus_baseline","within_band_period_minus_baseline","early_pre",-14,-8,-0.0133294926234214,0.0240449727139143,-0.0604567731519418,0.033797787905099,0.986758951654804,0.941334459060582,1.03437542235796,0.579334727758771,85053,"completed","s1_anchor","glaucous_winged_gull__positive_numeric_count_given_detection__early_pre__13_bands",13,0.93759422145783,FALSE,FALSE
"SOG_STAGED_REFIT_S1_DISTANCE_GLAUCOUS_WINGED_GULL_v1","atx_725074cbfcb6","Glaucous-winged Gull","SoG","positive_numeric_count_given_detection","band_22_24","22–<24 km","within_band_22_24_immediate_pre_minus_baseline","within_band_period_minus_baseline","immediate_pre",-7,-1,0.0241142834954494,0.0224574235449978,-0.0199014578383082,0.068130024829207,1.02440738405774,0.980295268962205,1.07050449159363,0.282922269187521,85053,"completed","s1_anchor","glaucous_winged_gull__positive_numeric_count_given_detection__immediate_pre__13_bands",13,0.564439463383369,FALSE,FALSE
"SOG_STAGED_REFIT_S1_DISTANCE_GLAUCOUS_WINGED_GULL_v1","atx_725074cbfcb6","Glaucous-winged Gull","SoG","positive_numeric_count_given_detection","band_22_24","22–<24 km","within_band_22_24_spawn_start_minus_baseline","within_band_period_minus_baseline","spawn_start",0,3,0.113945159180974,0.0297821357105202,0.05557324580567,0.172317072556277,1.12069066360501,1.05714644577986,1.18805447296843,0.000130265231424941,85053,"completed","s1_anchor","glaucous_winged_gull__positive_numeric_count_given_detection__spawn_start__13_bands",13,0.000423362002131057,TRUE,TRUE
"SOG_STAGED_REFIT_S1_DISTANCE_GLAUCOUS_WINGED_GULL_v1","atx_725074cbfcb6","Glaucous-winged Gull","SoG","positive_numeric_count_given_detection","band_22_24","22–<24 km","within_band_22_24_early_egg_minus_baseline","within_band_period_minus_baseline","early_egg",4,14,0.037571632437545,0.0198088874187103,-0.0012530734769358,0.0763963383520257,1.03828636940157,0.998747711291808,1.07939029316095,0.057866772603455,85053,"completed","s1_anchor","glaucous_winged_gull__positive_numeric_count_given_detection__early_egg__13_bands",13,0.0835853382049905,FALSE,FALSE
"SOG_STAGED_REFIT_S1_DISTANCE_GLAUCOUS_WINGED_GULL_v1","atx_725074cbfcb6","Glaucous-winged Gull","SoG","positive_numeric_count_given_detection","band_22_24","22–<24 km","within_band_22_24_late_egg_minus_baseline","within_band_period_minus_baseline","late_egg",15,28,0.0172833509370953,0.0187950057253696,-0.0195541833738533,0.0541208852480439,1.0174335722415,0.98063575959517,1.05561220238536,0.357796744369193,85053,"completed","s1_anchor","glaucous_winged_gull__positive_numeric_count_given_detection__late_egg__13_bands",13,0.465135767679951,FALSE,FALSE
"SOG_STAGED_REFIT_S1_DISTANCE_GLAUCOUS_WINGED_GULL_v1","atx_725074cbfcb6","Glaucous-winged Gull","SoG","positive_numeric_count_given_detection","band_22_24","22–<24 km","within_band_22_24_active_0_14_minus_baseline","within_band_duration_weighted_active_minus_baseline","active_0_14",0,14,0.0579379062357926,0.0185079888712024,0.0216629146219678,0.0942128978496174,1.05964919606011,1.0218992591084,1.0987936518229,0.00174552435837576,85053,"completed","s1_anchor","glaucous_winged_gull__positive_numeric_count_given_detection__active_0_14__13_bands",13,0.00324168809412641,TRUE,TRUE
"SOG_STAGED_REFIT_S1_DISTANCE_GLAUCOUS_WINGED_GULL_v1","atx_725074cbfcb6","Glaucous-winged Gull","SoG","positive_numeric_count_given_detection","band_24_26","24–26 km","within_band_24_26_early_pre_minus_baseline","within_band_period_minus_baseline","early_pre",-14,-8,0.0408862689742547,0.0257150479432813,-0.00951429885529735,0.0912868368038068,1.04173362137463,0.990530818884793,1.09558321378037,0.111840566410416,85053,"completed","s1_anchor","glaucous_winged_gull__positive_numeric_count_given_detection__early_pre__13_bands",13,0.290785472667082,FALSE,FALSE
"SOG_STAGED_REFIT_S1_DISTANCE_GLAUCOUS_WINGED_GULL_v1","atx_725074cbfcb6","Glaucous-winged Gull","SoG","positive_numeric_count_given_detection","band_24_26","24–26 km","within_band_24_26_immediate_pre_minus_baseline","within_band_period_minus_baseline","immediate_pre",-7,-1,-0.0597395597840049,0.0252390385175514,-0.109207166282825,-0.010271953285185,0.942009838885088,0.896544664432497,0.989780623052409,0.0179353219410245,85053,"completed","s1_anchor","glaucous_winged_gull__positive_numeric_count_given_detection__immediate_pre__13_bands",13,0.0481890994885325,TRUE,TRUE
"SOG_STAGED_REFIT_S1_DISTANCE_GLAUCOUS_WINGED_GULL_v1","atx_725074cbfcb6","Glaucous-winged Gull","SoG","positive_numeric_count_given_detection","band_24_26","24–26 km","within_band_24_26_spawn_start_minus_baseline","within_band_period_minus_baseline","spawn_start",0,3,-0.111819386172351,0.0309285211715148,-0.172438173763605,-0.0512005985810978,0.894205748839137,0.841610320801932,0.9500880650977,0.000299868847199574,85053,"completed","s1_anchor","glaucous_winged_gull__positive_numeric_count_given_detection__spawn_start__13_bands",13,0.000779659002718892,TRUE,TRUE
"SOG_STAGED_REFIT_S1_DISTANCE_GLAUCOUS_WINGED_GULL_v1","atx_725074cbfcb6","Glaucous-winged Gull","SoG","positive_numeric_count_given_detection","band_24_26","24–26 km","within_band_24_26_early_egg_minus_baseline","within_band_period_minus_baseline","early_egg",4,14,-0.00751632515031918,0.0220782375965226,-0.0507888756816215,0.0357562253809832,0.992511851781706,0.950479318649116,1.03640316690658,0.733524860923093,85053,"completed","s1_anchor","glaucous_winged_gull__positive_numeric_count_given_detection__early_egg__13_bands",13,0.794651932666684,FALSE,FALSE
"SOG_STAGED_REFIT_S1_DISTANCE_GLAUCOUS_WINGED_GULL_v1","atx_725074cbfcb6","Glaucous-winged Gull","SoG","positive_numeric_count_given_detection","band_24_26","24–26 km","within_band_24_26_late_egg_minus_baseline","within_band_period_minus_baseline","late_egg",15,28,-0.0666601266986816,0.0208032855072419,-0.10743381705298,-0.0258864363443833,0.935513103237356,0.898135961768621,0.974445744946414,0.00135387726408954,85053,"completed","s1_anchor","glaucous_winged_gull__positive_numeric_count_given_detection__late_egg__13_bands",13,0.00586680147772135,TRUE,TRUE
"SOG_STAGED_REFIT_S1_DISTANCE_GLAUCOUS_WINGED_GULL_v1","atx_725074cbfcb6","Glaucous-winged Gull","SoG","positive_numeric_count_given_detection","band_24_26","24–26 km","within_band_24_26_active_0_14_minus_baseline","within_band_duration_weighted_active_minus_baseline","active_0_14",0,14,-0.0353304747561944,0.0202713768699127,-0.0750616433382616,0.0044006938258727,0.965286360765845,0.927686298885636,1.00441039109864,0.0813554622349761,85053,"completed","s1_anchor","glaucous_winged_gull__positive_numeric_count_given_detection__active_0_14__13_bands",13,0.0961473644595172,FALSE,FALSE
"SOG_STAGED_REFIT_S1_DISTANCE_AMERICAN_ROBIN_v1","ctl_c7322190c88f","American Robin","SoG","detection","band_0_2","0–<2 km","within_band_0_2_early_pre_minus_baseline","within_band_period_minus_baseline","early_pre",-14,-8,0.110992957525251,0.0614654499491949,-0.00947711066872027,0.231463025719222,1.11738703765675,0.990567655614637,1.26044272175293,0.0709530225929279,217176,"completed","s1_anchor","american_robin__detection__early_pre__13_bands",13,0.115298661713508,FALSE,FALSE
"SOG_STAGED_REFIT_S1_DISTANCE_AMERICAN_ROBIN_v1","ctl_c7322190c88f","American Robin","SoG","detection","band_0_2","0–<2 km","within_band_0_2_immediate_pre_minus_baseline","within_band_period_minus_baseline","immediate_pre",-7,-1,0.128799125821402,0.0595690253042861,0.0120459816308459,0.245552270011958,1.13746161454815,1.01211882667039,1.27832710001731,0.0306040837404766,217176,"completed","s1_anchor","american_robin__detection__immediate_pre__13_bands",13,0.0497316360782744,TRUE,TRUE
"SOG_STAGED_REFIT_S1_DISTANCE_AMERICAN_ROBIN_v1","ctl_c7322190c88f","American Robin","SoG","detection","band_0_2","0–<2 km","within_band_0_2_spawn_start_minus_baseline","within_band_period_minus_baseline","spawn_start",0,3,0.0389796152718961,0.0635735786426047,-0.0856223092359339,0.163581539779726,1.03974928842759,0.917940863542236,1.17772138241445,0.539782616436794,217176,"completed","s1_anchor","american_robin__detection__spawn_start__13_bands",13,0.637924910334393,FALSE,FALSE
"SOG_STAGED_REFIT_S1_DISTANCE_AMERICAN_ROBIN_v1","ctl_c7322190c88f","American Robin","SoG","detection","band_0_2","0–<2 km","within_band_0_2_early_egg_minus_baseline","within_band_period_minus_baseline","early_egg",4,14,0.0523526897020506,0.0497624627979077,-0.0451799451638628,0.149885324567964,1.05374732281256,0.955825470186375,1.16170101652358,0.292775773958221,217176,"completed","s1_anchor","american_robin__detection__early_egg__13_bands",13,0.317173755121406,FALSE,FALSE
"SOG_STAGED_REFIT_S1_DISTANCE_AMERICAN_ROBIN_v1","ctl_c7322190c88f","American Robin","SoG","detection","band_0_2","0–<2 km","within_band_0_2_late_egg_minus_baseline","within_band_period_minus_baseline","late_egg",15,28,0.0980738936754962,0.0496283263969591,0.000804161324457958,0.195343626026534,1.10304429009395,1.00080448474887,1.2157286707345,0.0481357913005324,217176,"completed","s1_anchor","american_robin__detection__late_egg__13_bands",13,0.0568877533551746,TRUE,FALSE
"SOG_STAGED_REFIT_S1_DISTANCE_AMERICAN_ROBIN_v1","ctl_c7322190c88f","American Robin","SoG","detection","band_0_2","0–<2 km","within_band_0_2_active_0_14_minus_baseline","within_band_duration_weighted_active_minus_baseline","active_0_14",0,14,0.0487865365206761,0.0456798742403695,-0.0407443718087672,0.138317444850119,1.04999619097572,0.96007452069524,1.14834002704825,0.285516257403608,217176,"completed","s1_anchor","american_robin__detection__active_0_14__13_bands",13,0.31391056047486,FALSE,FALSE
"SOG_STAGED_REFIT_S1_DISTANCE_AMERICAN_ROBIN_v1","ctl_c7322190c88f","American Robin","SoG","detection","band_2_4","2–<4 km","within_band_2_4_early_pre_minus_baseline","within_band_period_minus_baseline","early_pre",-14,-8,0.0100881809436094,0.046433232036563,-0.0809192815338455,0.101095643421064,1.01013923818812,0.922268132509223,1.10638245490617,0.828004100823893,217176,"completed","s1_anchor","american_robin__detection__early_pre__13_bands",13,0.939528524448715,FALSE,FALSE
"SOG_STAGED_REFIT_S1_DISTANCE_AMERICAN_ROBIN_v1","ctl_c7322190c88f","American Robin","SoG","detection","band_2_4","2–<4 km","within_band_2_4_immediate_pre_minus_baseline","within_band_period_minus_baseline","immediate_pre",-7,-1,0.044789027276713,0.0461628099034408,-0.0456884175591999,0.135266472112626,1.04580719983992,0.95533958286064,1.14484181212511,0.331926632849293,217176,"completed","s1_anchor","american_robin__detection__immediate_pre__13_bands",13,0.392276929730983,FALSE,FALSE
"SOG_STAGED_REFIT_S1_DISTANCE_AMERICAN_ROBIN_v1","ctl_c7322190c88f","American Robin","SoG","detection","band_2_4","2–<4 km","within_band_2_4_spawn_start_minus_baseline","within_band_period_minus_baseline","spawn_start",0,3,0.0116623918899771,0.0536626651686936,-0.0935144991550944,0.116839282935049,1.01173066272455,0.910724812590164,1.12393877903235,0.827952851025165,217176,"completed","s1_anchor","american_robin__detection__spawn_start__13_bands",13,0.827952851025165,FALSE,FALSE
"SOG_STAGED_REFIT_S1_DISTANCE_AMERICAN_ROBIN_v1","ctl_c7322190c88f","American Robin","SoG","detection","band_2_4","2–<4 km","within_band_2_4_early_egg_minus_baseline","within_band_period_minus_baseline","early_egg",4,14,0.0501139450249004,0.0388745134010733,-0.0260787011577231,0.126306591207524,1.05139089031211,0.974258411326561,1.13462998253834,0.19735608260948,217176,"completed","s1_anchor","american_robin__detection__early_egg__13_bands",13,0.256562907392324,FALSE,FALSE
"SOG_STAGED_REFIT_S1_DISTANCE_AMERICAN_ROBIN_v1","ctl_c7322190c88f","American Robin","SoG","detection","band_2_4","2–<4 km","within_band_2_4_late_egg_minus_baseline","within_band_period_minus_baseline","late_egg",15,28,0.125051313104521,0.0370164277625651,0.0525004478535653,0.197602178355478,1.13320659992367,1.05390303407266,1.21847756064248,0.00072944672032574,217176,"completed","s1_anchor","american_robin__detection__late_egg__13_bands",13,0.000997553620622412,TRUE,TRUE
"SOG_STAGED_REFIT_S1_DISTANCE_AMERICAN_ROBIN_v1","ctl_c7322190c88f","American Robin","SoG","detection","band_2_4","2–<4 km","within_band_2_4_active_0_14_minus_baseline","within_band_duration_weighted_active_minus_baseline","active_0_14",0,14,0.0398601975222542,0.0357409568715316,-0.0301907907189472,0.109911185763456,1.040665276438,0.970260399208982,1.11617893347673,0.264742161996217,217176,"completed","s1_anchor","american_robin__detection__active_0_14__13_bands",13,0.31391056047486,FALSE,FALSE
"SOG_STAGED_REFIT_S1_DISTANCE_AMERICAN_ROBIN_v1","ctl_c7322190c88f","American Robin","SoG","detection","band_4_6","4–<6 km","within_band_4_6_early_pre_minus_baseline","within_band_period_minus_baseline","early_pre",-14,-8,0.0931050386487164,0.0391417917247327,0.0163885365778724,0.16982154071956,1.0975770172202,1.01652356527587,1.185093341543,0.0173756650547357,217176,"completed","s1_anchor","american_robin__detection__early_pre__13_bands",13,0.0459454657275269,TRUE,TRUE
"SOG_STAGED_REFIT_S1_DISTANCE_AMERICAN_ROBIN_v1","ctl_c7322190c88f","American Robin","SoG","detection","band_4_6","4–<6 km","within_band_4_6_immediate_pre_minus_baseline","within_band_period_minus_baseline","immediate_pre",-7,-1,0.0522557636143858,0.0400653573660898,-0.0262708938508768,0.130782421079648,1.05364519215681,0.974071183971102,1.13971977533431,0.192143922524227,217176,"completed","s1_anchor","american_robin__detection__immediate_pre__13_bands",13,0.277541221423884,FALSE,FALSE
"SOG_STAGED_REFIT_S1_DISTANCE_AMERICAN_ROBIN_v1","ctl_c7322190c88f","American Robin","SoG","detection","band_4_6","4–<6 km","within_band_4_6_spawn_start_minus_baseline","within_band_period_minus_baseline","spawn_start",0,3,0.0550196867325236,0.0482749781960774,-0.0395975318862446,0.149636905351292,1.05656141471272,0.961176204090672,1.16141246350958,0.254405315205223,217176,"completed","s1_anchor","american_robin__detection__spawn_start__13_bands",13,0.367474344185322,FALSE,FALSE
"SOG_STAGED_REFIT_S1_DISTANCE_AMERICAN_ROBIN_v1","ctl_c7322190c88f","American Robin","SoG","detection","band_4_6","4–<6 km","within_band_4_6_early_egg_minus_baseline","within_band_period_minus_baseline","early_egg",4,14,0.113444082373916,0.0347420506315125,0.0453509143870848,0.181537250360748,1.12012925217246,1.04639499054599,1.19905920126563,0.00109338590114542,217176,"completed","s1_anchor","american_robin__detection__early_egg__13_bands",13,0.00203057381641292,TRUE,TRUE
"SOG_STAGED_REFIT_S1_DISTANCE_AMERICAN_ROBIN_v1","ctl_c7322190c88f","American Robin","SoG","detection","band_4_6","4–<6 km","within_band_4_6_late_egg_minus_baseline","within_band_period_minus_baseline","late_egg",15,28,0.116359757017635,0.0322182035585302,0.0532132383963359,0.179506275638935,1.12339995045968,1.05465451398042,1.19662641363923,0.000304295735225458,217176,"completed","s1_anchor","american_robin__detection__late_egg__13_bands",13,0.000494480569741369,TRUE,TRUE
"SOG_STAGED_REFIT_S1_DISTANCE_AMERICAN_ROBIN_v1","ctl_c7322190c88f","American Robin","SoG","detection","band_4_6","4–<6 km","within_band_4_6_active_0_14_minus_baseline","within_band_duration_weighted_active_minus_baseline","active_0_14",0,14,0.0978642435362116,0.0317688409034593,0.0355984595348485,0.160130027537575,1.10281306094435,1.03623967078141,1.17366346964148,0.00206646165343356,217176,"completed","s1_anchor","american_robin__detection__active_0_14__13_bands",13,0.00383771449923375,TRUE,TRUE
"SOG_STAGED_REFIT_S1_DISTANCE_AMERICAN_ROBIN_v1","ctl_c7322190c88f","American Robin","SoG","detection","band_6_8","6–<8 km","within_band_6_8_early_pre_minus_baseline","within_band_period_minus_baseline","early_pre",-14,-8,-0.0995847857696202,0.0364494743782143,-0.171024442806336,-0.0281451287329047,0.905213197417183,0.842800972798894,0.972247255549578,0.00629258696617544,217176,"completed","s1_anchor","american_robin__detection__early_pre__13_bands",13,0.0272678768534269,TRUE,TRUE
"SOG_STAGED_REFIT_S1_DISTANCE_AMERICAN_ROBIN_v1","ctl_c7322190c88f","American Robin","SoG","detection","band_6_8","6–<8 km","within_band_6_8_immediate_pre_minus_baseline","within_band_period_minus_baseline","immediate_pre",-7,-1,0.0254024206314959,0.0373318783762774,-0.0477667164612375,0.0985715577242293,1.02572781151483,0.953356163437632,1.10359337219917,0.49622052057923,217176,"completed","s1_anchor","american_robin__detection__immediate_pre__13_bands",13,0.537572230627499,FALSE,FALSE
"SOG_STAGED_REFIT_S1_DISTANCE_AMERICAN_ROBIN_v1","ctl_c7322190c88f","American Robin","SoG","detection","band_6_8","6–<8 km","within_band_6_8_spawn_start_minus_baseline","within_band_period_minus_baseline","spawn_start",0,3,0.0179407180958112,0.0450066161105977,-0.0702706285469805,0.106152064738603,1.01810261953883,0.932141521662347,1.11199095826492,0.690170262478179,217176,"completed","s1_anchor","american_robin__detection__spawn_start__13_bands",13,0.747684451018027,FALSE,FALSE
"SOG_STAGED_REFIT_S1_DISTANCE_AMERICAN_ROBIN_v1","ctl_c7322190c88f","American Robin","SoG","detection","band_6_8","6–<8 km","within_band_6_8_early_egg_minus_baseline","within_band_period_minus_baseline","early_egg",4,14,0.036765949362346,0.0330705241126146,-0.028051086848242,0.101582985572934,1.03745017654498,0.9723386918132,1.10692177311811,0.266248331932097,217176,"completed","s1_anchor","american_robin__detection__early_egg__13_bands",13,0.314657119556114,FALSE,FALSE
"SOG_STAGED_REFIT_S1_DISTANCE_AMERICAN_ROBIN_v1","ctl_c7322190c88f","American Robin","SoG","detection","band_6_8","6–<8 km","within_band_6_8_late_egg_minus_baseline","within_band_period_minus_baseline","late_egg",15,28,0.0461572510323977,0.0309060261211597,-0.0144174470703295,0.106731949135125,1.0472390774357,0.985685986639689,1.11263597146916,0.135313962775058,217176,"completed","s1_anchor","american_robin__detection__late_egg__13_bands",13,0.146590126339646,FALSE,FALSE
"SOG_STAGED_REFIT_S1_DISTANCE_AMERICAN_ROBIN_v1","ctl_c7322190c88f","American Robin","SoG","detection","band_6_8","6–<8 km","within_band_6_8_active_0_14_minus_baseline","within_band_duration_weighted_active_minus_baseline","active_0_14",0,14,0.03174588769127,0.0299874146117559,-0.0270283649372418,0.0905201403197818,1.03225516323163,0.973333632585372,1.09474355590491,0.289763594284487,217176,"completed","s1_anchor","american_robin__detection__active_0_14__13_bands",13,0.31391056047486,FALSE,FALSE
"SOG_STAGED_REFIT_S1_DISTANCE_AMERICAN_ROBIN_v1","ctl_c7322190c88f","American Robin","SoG","detection","band_8_10","8–<10 km","within_band_8_10_early_pre_minus_baseline","within_band_period_minus_baseline","early_pre",-14,-8,0.0961168943784508,0.0346659101601433,0.0281729589732688,0.164060829783633,1.10088774406143,1.02857357006613,1.17828598779448,0.00555996274228658,217176,"completed","s1_anchor","american_robin__detection__early_pre__13_bands",13,0.0272678768534269,TRUE,TRUE
"SOG_STAGED_REFIT_S1_DISTANCE_AMERICAN_ROBIN_v1","ctl_c7322190c88f","American Robin","SoG","detection","band_8_10","8–<10 km","within_band_8_10_immediate_pre_minus_baseline","within_band_period_minus_baseline","immediate_pre",-7,-1,0.17195355311,0.035479251909865,0.102415497168241,0.241491609051759,1.18762267055331,1.10784368202601,1.27314677196404,1.25598669101119e-06,217176,"completed","s1_anchor","american_robin__detection__immediate_pre__13_bands",13,1.63278269831455e-05,TRUE,TRUE
"SOG_STAGED_REFIT_S1_DISTANCE_AMERICAN_ROBIN_v1","ctl_c7322190c88f","American Robin","SoG","detection","band_8_10","8–<10 km","within_band_8_10_spawn_start_minus_baseline","within_band_period_minus_baseline","spawn_start",0,3,0.235557174441393,0.0440965667799628,0.149129491710801,0.321984857171986,1.26561373994726,1.1608232964717,1.37986388075761,9.20035874292094e-08,217176,"completed","s1_anchor","american_robin__detection__spawn_start__13_bands",13,1.19604663657972e-06,TRUE,TRUE
"SOG_STAGED_REFIT_S1_DISTANCE_AMERICAN_ROBIN_v1","ctl_c7322190c88f","American Robin","SoG","detection","band_8_10","8–<10 km","within_band_8_10_early_egg_minus_baseline","within_band_period_minus_baseline","early_egg",4,14,0.152058590353587,0.0310278194573346,0.0912451816983997,0.212871999008774,1.16422844699022,1.09553757809661,1.23722627491809,9.54870823591433e-07,217176,"completed","s1_anchor","american_robin__detection__early_egg__13_bands",13,3.10333017667216e-06,TRUE,TRUE
"SOG_STAGED_REFIT_S1_DISTANCE_AMERICAN_ROBIN_v1","ctl_c7322190c88f","American Robin","SoG","detection","band_8_10","8–<10 km","within_band_8_10_late_egg_minus_baseline","within_band_period_minus_baseline","late_egg",15,28,0.213107416662319,0.0293624993708188,0.155557975399434,0.270656857925204,1.23751757411178,1.16830966732349,1.31082519392649,3.93410081580397e-13,217176,"completed","s1_anchor","american_robin__detection__late_egg__13_bands",13,1.70477702018172e-12,TRUE,TRUE
"SOG_STAGED_REFIT_S1_DISTANCE_AMERICAN_ROBIN_v1","ctl_c7322190c88f","American Robin","SoG","detection","band_8_10","8–<10 km","within_band_8_10_active_0_14_minus_baseline","within_band_duration_weighted_active_minus_baseline","active_0_14",0,14,0.174324879443668,0.028387969805881,0.118685481029931,0.229964277857406,1.19044225322051,1.12601570928738,1.25855505084348,8.21062816087735e-10,217176,"completed","s1_anchor","american_robin__detection__active_0_14__13_bands",13,3.55793886971352e-09,TRUE,TRUE
"SOG_STAGED_REFIT_S1_DISTANCE_AMERICAN_ROBIN_v1","ctl_c7322190c88f","American Robin","SoG","detection","band_10_12","10–<12 km","within_band_10_12_early_pre_minus_baseline","within_band_period_minus_baseline","early_pre",-14,-8,0.11311643334503,0.0336593497265102,0.0471453201380317,0.179087546552028,1.11976230302931,1.04827433338232,1.19612545624371,0.000777664897498715,217176,"completed","s1_anchor","american_robin__detection__early_pre__13_bands",13,0.0101096436674833,TRUE,TRUE
"SOG_STAGED_REFIT_S1_DISTANCE_AMERICAN_ROBIN_v1","ctl_c7322190c88f","American Robin","SoG","detection","band_10_12","10–<12 km","within_band_10_12_immediate_pre_minus_baseline","within_band_period_minus_baseline","immediate_pre",-7,-1,0.136367594114946,0.0343396266127964,0.0690631627113123,0.203672025518581,1.14610311693141,1.07150388610162,1.22589602490282,7.15283966889614e-05,217176,"completed","s1_anchor","american_robin__detection__immediate_pre__13_bands",13,0.000464934578478249,TRUE,TRUE
"SOG_STAGED_REFIT_S1_DISTANCE_AMERICAN_ROBIN_v1","ctl_c7322190c88f","American Robin","SoG","detection","band_10_12","10–<12 km","within_band_10_12_spawn_start_minus_baseline","within_band_period_minus_baseline","spawn_start",0,3,0.12523122912457,0.0428436345904902,0.0412592483604148,0.209203209888725,1.13341050028694,1.04212223900995,1.23269546898944,0.00346695092231669,217176,"completed","s1_anchor","american_robin__detection__spawn_start__13_bands",13,0.0112675904975293,TRUE,TRUE
"SOG_STAGED_REFIT_S1_DISTANCE_AMERICAN_ROBIN_v1","ctl_c7322190c88f","American Robin","SoG","detection","band_10_12","10–<12 km","within_band_10_12_early_egg_minus_baseline","within_band_period_minus_baseline","early_egg",4,14,0.202695129654712,0.0293476286815218,0.145174834407274,0.260215424902149,1.22469903690806,1.15624170343048,1.29720950779884,4.96073770653203e-12,217176,"completed","s1_anchor","american_robin__detection__early_egg__13_bands",13,6.44895901849164e-11,TRUE,TRUE
"SOG_STAGED_REFIT_S1_DISTANCE_AMERICAN_ROBIN_v1","ctl_c7322190c88f","American Robin","SoG","detection","band_10_12","10–<12 km","within_band_10_12_late_egg_minus_baseline","within_band_period_minus_baseline","late_egg",15,28,0.267987319094584,0.0272853921802495,0.214508933117244,0.321465705071924,1.30733056177462,1.2392531913191,1.37914770744364,9.08526316877924e-23,217176,"completed","s1_anchor","american_robin__detection__late_egg__13_bands",13,1.1810842119413e-21,TRUE,TRUE
"SOG_STAGED_REFIT_S1_DISTANCE_AMERICAN_ROBIN_v1","ctl_c7322190c88f","American Robin","SoG","detection","band_10_12","10–<12 km","within_band_10_12_active_0_14_minus_baseline","within_band_duration_weighted_active_minus_baseline","active_0_14",0,14,0.18203808951334,0.0271693745310496,0.128787093950004,0.235289085076677,1.19965988747093,1.13744792883862,1.26527448784071,2.08247416506746e-11,217176,"completed","s1_anchor","american_robin__detection__active_0_14__13_bands",13,2.7072164145877e-10,TRUE,TRUE
"SOG_STAGED_REFIT_S1_DISTANCE_AMERICAN_ROBIN_v1","ctl_c7322190c88f","American Robin","SoG","detection","band_12_14","12–<14 km","within_band_12_14_early_pre_minus_baseline","within_band_period_minus_baseline","early_pre",-14,-8,0.106852435704815,0.0450391656696558,0.0185772930985567,0.195127578311073,1.11277003723707,1.01875092454215,1.21546604370357,0.0176713329721257,217176,"completed","s1_anchor","american_robin__detection__early_pre__13_bands",13,0.0459454657275269,TRUE,TRUE
"SOG_STAGED_REFIT_S1_DISTANCE_AMERICAN_ROBIN_v1","ctl_c7322190c88f","American Robin","SoG","detection","band_12_14","12–<14 km","within_band_12_14_immediate_pre_minus_baseline","within_band_period_minus_baseline","immediate_pre",-7,-1,0.0964332451579526,0.0436588336143459,0.010863503666808,0.182002986649097,1.10123606585044,1.0109227257817,1.19961777671187,0.0271891711365608,217176,"completed","s1_anchor","american_robin__detection__immediate_pre__13_bands",13,0.0497316360782744,TRUE,TRUE
"SOG_STAGED_REFIT_S1_DISTANCE_AMERICAN_ROBIN_v1","ctl_c7322190c88f","American Robin","SoG","detection","band_12_14","12–<14 km","within_band_12_14_spawn_start_minus_baseline","within_band_period_minus_baseline","spawn_start",0,3,0.172116690764534,0.0519521630922784,0.0702923221847167,0.27394105934435,1.18781643233474,1.07282174501748,1.31513728490044,0.000923062242945708,217176,"completed","s1_anchor","american_robin__detection__spawn_start__13_bands",13,0.00399993638609807,TRUE,TRUE
"SOG_STAGED_REFIT_S1_DISTANCE_AMERICAN_ROBIN_v1","ctl_c7322190c88f","American Robin","SoG","detection","band_12_14","12–<14 km","within_band_12_14_early_egg_minus_baseline","within_band_period_minus_baseline","early_egg",4,14,0.173199655380301,0.0379144900194946,0.0988886204498882,0.247510690310714,1.1891034922954,1.10394333599908,1.28083305481386,4.9201209658254e-06,217176,"completed","s1_anchor","american_robin__detection__early_egg__13_bands",13,1.2792314511146e-05,TRUE,TRUE
"SOG_STAGED_REFIT_S1_DISTANCE_AMERICAN_ROBIN_v1","ctl_c7322190c88f","American Robin","SoG","detection","band_12_14","12–<14 km","within_band_12_14_late_egg_minus_baseline","within_band_period_minus_baseline","late_egg",15,28,0.207511043760948,0.035512042834404,0.137908718788072,0.277113368733823,1.23061130734214,1.14787076645716,1.31931593173374,5.11462428127294e-09,217176,"completed","s1_anchor","american_robin__detection__late_egg__13_bands",13,1.6622528914137e-08,TRUE,TRUE
"SOG_STAGED_REFIT_S1_DISTANCE_AMERICAN_ROBIN_v1","ctl_c7322190c88f","American Robin","SoG","detection","band_12_14","12–<14 km","within_band_12_14_active_0_14_minus_baseline","within_band_duration_weighted_active_minus_baseline","active_0_14",0,14,0.172910864816096,0.0346147334317899,0.105067233955333,0.240754495676859,1.1887601400078,1.11078529033376,1.27220866423857,5.87453702900305e-07,217176,"completed","s1_anchor","american_robin__detection__active_0_14__13_bands",13,1.90922453442599e-06,TRUE,TRUE
"SOG_STAGED_REFIT_S1_DISTANCE_AMERICAN_ROBIN_v1","ctl_c7322190c88f","American Robin","SoG","detection","band_14_16","14–<16 km","within_band_14_16_early_pre_minus_baseline","within_band_period_minus_baseline","early_pre",-14,-8,0.000964570945103091,0.0389914942347554,-0.0754573534584186,0.0773864953486248,1.00096503629327,0.927319276650831,1.08045958830945,0.980263957807419,217176,"completed","s1_anchor","american_robin__detection__early_pre__13_bands",13,0.980263957807419,FALSE,FALSE
"SOG_STAGED_REFIT_S1_DISTANCE_AMERICAN_ROBIN_v1","ctl_c7322190c88f","American Robin","SoG","detection","band_14_16","14–<16 km","within_band_14_16_immediate_pre_minus_baseline","within_band_period_minus_baseline","immediate_pre",-7,-1,0.102334475870647,0.0382243579680641,0.0274161109210748,0.17725284082022,1.10775392672946,1.02779539068201,1.19393292994849,0.00742390014747449,217176,"completed","s1_anchor","american_robin__detection__immediate_pre__13_bands",13,0.0193021403834337,TRUE,TRUE
"SOG_STAGED_REFIT_S1_DISTANCE_AMERICAN_ROBIN_v1","ctl_c7322190c88f","American Robin","SoG","detection","band_14_16","14–<16 km","within_band_14_16_spawn_start_minus_baseline","within_band_period_minus_baseline","spawn_start",0,3,0.0588632670902442,0.0453137606805095,-0.0299500718476217,0.14767660602811,1.06063020777051,0.970493987310575,1.15913797750848,0.1939386886332,217176,"completed","s1_anchor","american_robin__detection__spawn_start__13_bands",13,0.31515036902895,FALSE,FALSE
"SOG_STAGED_REFIT_S1_DISTANCE_AMERICAN_ROBIN_v1","ctl_c7322190c88f","American Robin","SoG","detection","band_14_16","14–<16 km","within_band_14_16_early_egg_minus_baseline","within_band_period_minus_baseline","early_egg",4,14,0.075043381205204,0.0318859261715967,0.0125481142951713,0.137538648115237,1.07793091181243,1.01262717221121,1.14744605174236,0.0185978369815476,217176,"completed","s1_anchor","american_robin__detection__early_egg__13_bands",13,0.0302214850950149,TRUE,TRUE
"SOG_STAGED_REFIT_S1_DISTANCE_AMERICAN_ROBIN_v1","ctl_c7322190c88f","American Robin","SoG","detection","band_14_16","14–<16 km","within_band_14_16_late_egg_minus_baseline","within_band_period_minus_baseline","late_egg",15,28,0.129946593835432,0.0307016225574346,0.0697725193559175,0.190120668314946,1.13876756449263,1.07226423415004,1.20939552457275,2.31041752779417e-05,217176,"completed","s1_anchor","american_robin__detection__late_egg__13_bands",13,5.00590464355405e-05,TRUE,TRUE
"SOG_STAGED_REFIT_S1_DISTANCE_AMERICAN_ROBIN_v1","ctl_c7322190c88f","American Robin","SoG","detection","band_14_16","14–<16 km","within_band_14_16_active_0_14_minus_baseline","within_band_duration_weighted_active_minus_baseline","active_0_14",0,14,0.0707286841078814,0.0295262575799717,0.0128582826528841,0.128599085562879,1.07328998573112,1.01294130583282,1.13723409918959,0.0165999621913059,217176,"completed","s1_anchor","american_robin__detection__active_0_14__13_bands",13,0.0269749385608721,TRUE,TRUE
"SOG_STAGED_REFIT_S1_DISTANCE_AMERICAN_ROBIN_v1","ctl_c7322190c88f","American Robin","SoG","detection","band_16_18","16–<18 km","within_band_16_18_early_pre_minus_baseline","within_band_period_minus_baseline","early_pre",-14,-8,0.0635793490372739,0.0334290445728795,-0.00194037436315403,0.129099072437702,1.06564404027544,0.998061506946169,1.13780284348328,0.0571816900293111,217176,"completed","s1_anchor","american_robin__detection__early_pre__13_bands",13,0.106194567197292,FALSE,FALSE
"SOG_STAGED_REFIT_S1_DISTANCE_AMERICAN_ROBIN_v1","ctl_c7322190c88f","American Robin","SoG","detection","band_16_18","16–<18 km","within_band_16_18_immediate_pre_minus_baseline","within_band_period_minus_baseline","immediate_pre",-7,-1,0.128246203356832,0.0335100103200926,0.0625677900078848,0.193924616705779,1.13683286031107,1.06456662345161,1.21400476382847,0.000129661174911906,217176,"completed","s1_anchor","american_robin__detection__immediate_pre__13_bands",13,0.000561865091284924,TRUE,TRUE
"SOG_STAGED_REFIT_S1_DISTANCE_AMERICAN_ROBIN_v1","ctl_c7322190c88f","American Robin","SoG","detection","band_16_18","16–<18 km","within_band_16_18_spawn_start_minus_baseline","within_band_period_minus_baseline","spawn_start",0,3,0.143283830651884,0.0411426321456445,0.0626457534172412,0.223921907886527,1.15405731202426,1.06464962393052,1.250973324463,0.000496547183869469,217176,"completed","s1_anchor","american_robin__detection__spawn_start__13_bands",13,0.00322755669515155,TRUE,TRUE
"SOG_STAGED_REFIT_S1_DISTANCE_AMERICAN_ROBIN_v1","ctl_c7322190c88f","American Robin","SoG","detection","band_16_18","16–<18 km","within_band_16_18_early_egg_minus_baseline","within_band_period_minus_baseline","early_egg",4,14,0.184171203532741,0.0288786233518526,0.127570141840013,0.24077226522547,1.20222163006856,1.13606455110457,1.27223127101312,1.80092268775699e-10,217176,"completed","s1_anchor","american_robin__detection__early_egg__13_bands",13,1.17059974704205e-09,TRUE,TRUE
"SOG_STAGED_REFIT_S1_DISTANCE_AMERICAN_ROBIN_v1","ctl_c7322190c88f","American Robin","SoG","detection","band_16_18","16–<18 km","within_band_16_18_late_egg_minus_baseline","within_band_period_minus_baseline","late_egg",15,28,0.210698926958874,0.0275750410738647,0.156652839581886,0.264745014335861,1.23454061220682,1.16958950823039,1.30309866193478,2.15660214454655e-14,217176,"completed","s1_anchor","american_robin__detection__late_egg__13_bands",13,1.40179139395526e-13,TRUE,TRUE
"SOG_STAGED_REFIT_S1_DISTANCE_AMERICAN_ROBIN_v1","ctl_c7322190c88f","American Robin","SoG","detection","band_16_18","16–<18 km","within_band_16_18_active_0_14_minus_baseline","within_band_duration_weighted_active_minus_baseline","active_0_14",0,14,0.173267904097846,0.0264044053843022,0.121516220511418,0.225019587684274,1.18918464985319,1.12920768210271,1.25234724653408,5.30612054421481e-11,217176,"completed","s1_anchor","american_robin__detection__active_0_14__13_bands",13,3.44897835373963e-10,TRUE,TRUE
"SOG_STAGED_REFIT_S1_DISTANCE_AMERICAN_ROBIN_v1","ctl_c7322190c88f","American Robin","SoG","detection","band_18_20","18–<20 km","within_band_18_20_early_pre_minus_baseline","within_band_period_minus_baseline","early_pre",-14,-8,-0.00623805629916159,0.0373215494954519,-0.0793869491574764,0.0669108365591533,0.993781359979775,0.923682437144014,1.06920014036087,0.867257099491122,217176,"completed","s1_anchor","american_robin__detection__early_pre__13_bands",13,0.939528524448715,FALSE,FALSE
"SOG_STAGED_REFIT_S1_DISTANCE_AMERICAN_ROBIN_v1","ctl_c7322190c88f","American Robin","SoG","detection","band_18_20","18–<20 km","within_band_18_20_immediate_pre_minus_baseline","within_band_period_minus_baseline","immediate_pre",-7,-1,0.0100545164019827,0.0365218766416082,-0.061527046463384,0.0816360792673494,1.01010523288608,0.94032751286185,1.08506086182522,0.783084843951486,217176,"completed","s1_anchor","american_robin__detection__immediate_pre__13_bands",13,0.783084843951486,FALSE,FALSE
"SOG_STAGED_REFIT_S1_DISTANCE_AMERICAN_ROBIN_v1","ctl_c7322190c88f","American Robin","SoG","detection","band_18_20","18–<20 km","within_band_18_20_spawn_start_minus_baseline","within_band_period_minus_baseline","spawn_start",0,3,0.0621354501442742,0.0445615081305012,-0.0252035008882969,0.149474401176845,1.06410646834169,0.975111455788566,1.16122374447024,0.163204412085049,217176,"completed","s1_anchor","american_robin__detection__spawn_start__13_bands",13,0.303093908157948,FALSE,FALSE
"SOG_STAGED_REFIT_S1_DISTANCE_AMERICAN_ROBIN_v1","ctl_c7322190c88f","American Robin","SoG","detection","band_18_20","18–<20 km","within_band_18_20_early_egg_minus_baseline","within_band_period_minus_baseline","early_egg",4,14,0.117135772447882,0.0315692251522531,0.0552612281296294,0.179010316766134,1.12427206449878,1.05681664885652,1.19603308329784,0.000206897863398561,217176,"completed","s1_anchor","american_robin__detection__early_egg__13_bands",13,0.000448278704030215,TRUE,TRUE
"SOG_STAGED_REFIT_S1_DISTANCE_AMERICAN_ROBIN_v1","ctl_c7322190c88f","American Robin","SoG","detection","band_18_20","18–<20 km","within_band_18_20_late_egg_minus_baseline","within_band_period_minus_baseline","late_egg",15,28,0.101030183279749,0.0300299733128805,0.0421725171298046,0.159887849429694,1.10631003332471,1.04307441143322,1.17337926845816,0.000767348938940317,217176,"completed","s1_anchor","american_robin__detection__late_egg__13_bands",13,0.000997553620622412,TRUE,TRUE
"SOG_STAGED_REFIT_S1_DISTANCE_AMERICAN_ROBIN_v1","ctl_c7322190c88f","American Robin","SoG","detection","band_18_20","18–<20 km","within_band_18_20_active_0_14_minus_baseline","within_band_duration_weighted_active_minus_baseline","active_0_14",0,14,0.102469019833586,0.0287372818800689,0.0461449823350757,0.158793057332097,1.10790297835949,1.04722622925526,1.17209536503946,0.000362862517427027,217176,"completed","s1_anchor","american_robin__detection__active_0_14__13_bands",13,0.000786202121091891,TRUE,TRUE
"SOG_STAGED_REFIT_S1_DISTANCE_AMERICAN_ROBIN_v1","ctl_c7322190c88f","American Robin","SoG","detection","band_20_22","20–<22 km","within_band_20_22_early_pre_minus_baseline","within_band_period_minus_baseline","early_pre",-14,-8,0.0701783646845033,0.0345718683885653,0.00241874776465648,0.13793798160435,1.07269949589897,1.00242167529487,1.14790435687998,0.0423639730573379,217176,"completed","s1_anchor","american_robin__detection__early_pre__13_bands",13,0.0917886082908989,TRUE,FALSE
"SOG_STAGED_REFIT_S1_DISTANCE_AMERICAN_ROBIN_v1","ctl_c7322190c88f","American Robin","SoG","detection","band_20_22","20–<22 km","within_band_20_22_immediate_pre_minus_baseline","within_band_period_minus_baseline","immediate_pre",-7,-1,-0.0357429981678073,0.0354836307582147,-0.105289636494626,0.0338036401590113,0.964888239665902,0.900063793507669,1.03438147580328,0.31378606849401,217176,"completed","s1_anchor","american_robin__detection__immediate_pre__13_bands",13,0.392276929730983,FALSE,FALSE
"SOG_STAGED_REFIT_S1_DISTANCE_AMERICAN_ROBIN_v1","ctl_c7322190c88f","American Robin","SoG","detection","band_20_22","20–<22 km","within_band_20_22_spawn_start_minus_baseline","within_band_period_minus_baseline","spawn_start",0,3,-0.0376158458640735,0.0404132058538876,-0.116824273837496,0.0415925821093496,0.963082842094142,0.889741530291485,1.04246967142499,0.351966838092371,217176,"completed","s1_anchor","american_robin__detection__spawn_start__13_bands",13,0.457556889520082,FALSE,FALSE
"SOG_STAGED_REFIT_S1_DISTANCE_AMERICAN_ROBIN_v1","ctl_c7322190c88f","American Robin","SoG","detection","band_20_22","20–<22 km","within_band_20_22_early_egg_minus_baseline","within_band_period_minus_baseline","early_egg",4,14,-0.0167637929622293,0.0295495751454743,-0.0746798960058189,0.0411523100813603,0.983375937521163,0.928040508260519,1.04201080220968,0.570503044246884,217176,"completed","s1_anchor","american_robin__detection__early_egg__13_bands",13,0.570503044246884,FALSE,FALSE
"SOG_STAGED_REFIT_S1_DISTANCE_AMERICAN_ROBIN_v1","ctl_c7322190c88f","American Robin","SoG","detection","band_20_22","20–<22 km","within_band_20_22_late_egg_minus_baseline","within_band_period_minus_baseline","late_egg",15,28,-0.00538276143685132,0.0275428762682304,-0.0593658069532259,0.0486002840795233,0.99463169966497,0.942361983532423,1.04980064483298,0.845054709150839,217176,"completed","s1_anchor","american_robin__detection__late_egg__13_bands",13,0.845054709150839,FALSE,FALSE
"SOG_STAGED_REFIT_S1_DISTANCE_AMERICAN_ROBIN_v1","ctl_c7322190c88f","American Robin","SoG","detection","band_20_22","20–<22 km","within_band_20_22_active_0_14_minus_baseline","within_band_duration_weighted_active_minus_baseline","active_0_14",0,14,-0.0223243404027211,0.0269902003444834,-0.0752241610134291,0.0305754802079869,0.977923003667674,0.927535545715415,1.03104771080744,0.408164725997241,217176,"completed","s1_anchor","american_robin__detection__active_0_14__13_bands",13,0.408164725997241,FALSE,FALSE
"SOG_STAGED_REFIT_S1_DISTANCE_AMERICAN_ROBIN_v1","ctl_c7322190c88f","American Robin","SoG","detection","band_22_24","22–<24 km","within_band_22_24_early_pre_minus_baseline","within_band_period_minus_baseline","early_pre",-14,-8,0.0390157336590845,0.0363906425770839,-0.0323086151662699,0.110340082484439,1.03978684317317,0.968207732376483,1.1166577616379,0.283658757658931,217176,"completed","s1_anchor","american_robin__detection__early_pre__13_bands",13,0.36875638495661,FALSE,FALSE
"SOG_STAGED_REFIT_S1_DISTANCE_AMERICAN_ROBIN_v1","ctl_c7322190c88f","American Robin","SoG","detection","band_22_24","22–<24 km","within_band_22_24_immediate_pre_minus_baseline","within_band_period_minus_baseline","immediate_pre",-7,-1,0.0801804662854052,0.0356408783276027,0.0103256283859297,0.150035304184881,1.08348258210944,1.01037912164535,1.16187526106324,0.0244694529197639,217176,"completed","s1_anchor","american_robin__detection__immediate_pre__13_bands",13,0.0497316360782744,TRUE,TRUE
"SOG_STAGED_REFIT_S1_DISTANCE_AMERICAN_ROBIN_v1","ctl_c7322190c88f","American Robin","SoG","detection","band_22_24","22–<24 km","within_band_22_24_spawn_start_minus_baseline","within_band_period_minus_baseline","spawn_start",0,3,0.11294262323468,0.0447953197592839,0.0251454098305277,0.200739836638832,1.11956769393286,1.02546422226251,1.22230673102632,0.0116920759512074,217176,"completed","s1_anchor","american_robin__detection__spawn_start__13_bands",13,0.0303993974731393,TRUE,TRUE
"SOG_STAGED_REFIT_S1_DISTANCE_AMERICAN_ROBIN_v1","ctl_c7322190c88f","American Robin","SoG","detection","band_22_24","22–<24 km","within_band_22_24_early_egg_minus_baseline","within_band_period_minus_baseline","early_egg",4,14,0.0480413288672568,0.0304952891288257,-0.0117283395233773,0.107810997257891,1.04921401725526,0.988340169357243,1.11383720720452,0.115171327911222,217176,"completed","s1_anchor","american_robin__detection__early_egg__13_bands",13,0.166358584760654,FALSE,FALSE
"SOG_STAGED_REFIT_S1_DISTANCE_AMERICAN_ROBIN_v1","ctl_c7322190c88f","American Robin","SoG","detection","band_22_24","22–<24 km","within_band_22_24_late_egg_minus_baseline","within_band_period_minus_baseline","late_egg",15,28,0.117312738323515,0.0297715153109279,0.0589616405489131,0.175663836098116,1.12447103989454,1.06073455076463,1.192037271389,8.13337893433166e-05,217176,"completed","s1_anchor","american_robin__detection__late_egg__13_bands",13,0.000151048465923302,TRUE,TRUE
"SOG_STAGED_REFIT_S1_DISTANCE_AMERICAN_ROBIN_v1","ctl_c7322190c88f","American Robin","SoG","detection","band_22_24","22–<24 km","within_band_22_24_active_0_14_minus_baseline","within_band_duration_weighted_active_minus_baseline","active_0_14",0,14,0.0653483406985696,0.0286100860190417,0.009273602506655,0.121423078890484,1.06753082405695,1.0093167355883,1.12910251076682,0.0223655658236324,217176,"completed","s1_anchor","american_robin__detection__active_0_14__13_bands",13,0.0323058173008024,TRUE,TRUE
"SOG_STAGED_REFIT_S1_DISTANCE_AMERICAN_ROBIN_v1","ctl_c7322190c88f","American Robin","SoG","detection","band_24_26","24–26 km","within_band_24_26_early_pre_minus_baseline","within_band_period_minus_baseline","early_pre",-14,-8,0.0565291026413258,0.0388981919619758,-0.0197099526678722,0.132768157950524,1.05815740952768,0.9804830185517,1.14198520744628,0.146152176770356,217176,"completed","s1_anchor","american_robin__detection__early_pre__13_bands",13,0.211108699779403,FALSE,FALSE
"SOG_STAGED_REFIT_S1_DISTANCE_AMERICAN_ROBIN_v1","ctl_c7322190c88f","American Robin","SoG","detection","band_24_26","24–26 km","within_band_24_26_immediate_pre_minus_baseline","within_band_period_minus_baseline","immediate_pre",-7,-1,0.116976297830408,0.0393620639381259,0.0398280701545181,0.194124525506297,1.12409278593693,1.04063184313904,1.21424747832421,0.00296056627083185,217176,"completed","s1_anchor","american_robin__detection__immediate_pre__13_bands",13,0.0096218403802035,TRUE,TRUE
"SOG_STAGED_REFIT_S1_DISTANCE_AMERICAN_ROBIN_v1","ctl_c7322190c88f","American Robin","SoG","detection","band_24_26","24–26 km","within_band_24_26_spawn_start_minus_baseline","within_band_period_minus_baseline","spawn_start",0,3,0.101940565364962,0.0471439138735185,0.0095401920826072,0.194340938647316,1.10731765675131,1.0095858447781,1.21451028587144,0.0305929677176368,217176,"completed","s1_anchor","american_robin__detection__spawn_start__13_bands",13,0.0662847633882131,TRUE,FALSE
"SOG_STAGED_REFIT_S1_DISTANCE_AMERICAN_ROBIN_v1","ctl_c7322190c88f","American Robin","SoG","detection","band_24_26","24–26 km","within_band_24_26_early_egg_minus_baseline","within_band_period_minus_baseline","early_egg",4,14,0.169115050911804,0.03403723549214,0.102403295213901,0.235826806609707,1.18425638086287,1.10783016425046,1.26595503613435,6.74621062759962e-07,217176,"completed","s1_anchor","american_robin__detection__early_egg__13_bands",13,2.9233579386265e-06,TRUE,TRUE
"SOG_STAGED_REFIT_S1_DISTANCE_AMERICAN_ROBIN_v1","ctl_c7322190c88f","American Robin","SoG","detection","band_24_26","24–26 km","within_band_24_26_late_egg_minus_baseline","within_band_period_minus_baseline","late_egg",15,28,0.143067052740288,0.0321952455462359,0.079965530996242,0.206168574484334,1.15380716500445,1.08324972849248,1.22896035789299,8.84115974474058e-06,217176,"completed","s1_anchor","american_robin__detection__late_egg__13_bands",13,2.29870153363255e-05,TRUE,TRUE
"SOG_STAGED_REFIT_S1_DISTANCE_AMERICAN_ROBIN_v1","ctl_c7322190c88f","American Robin","SoG","detection","band_24_26","24–26 km","within_band_24_26_active_0_14_minus_baseline","within_band_duration_weighted_active_minus_baseline","active_0_14",0,14,0.151201854765979,0.0313173183862478,0.0898210386365595,0.212582670895399,1.16323143819502,1.09397848630416,1.23686836235373,1.37870385993498e-06,217176,"completed","s1_anchor","american_robin__detection__active_0_14__13_bands",13,3.58463003583095e-06,TRUE,TRUE
"SOG_STAGED_REFIT_S1_DISTANCE_AMERICAN_ROBIN_v1","ctl_c7322190c88f","American Robin","SoG","positive_numeric_count_given_detection","band_0_2","0–<2 km","within_band_0_2_early_pre_minus_baseline","within_band_period_minus_baseline","early_pre",-14,-8,0.02344722726401,0.0307091140058883,-0.0367415301846656,0.0836359847126856,1.02372427459022,0.963925248734558,1.0872330523151,0.445149368748178,125407,"completed","s1_anchor","american_robin__positive_numeric_count_given_detection__early_pre__13_bands",13,0.526085617611483,FALSE,FALSE
"SOG_STAGED_REFIT_S1_DISTANCE_AMERICAN_ROBIN_v1","ctl_c7322190c88f","American Robin","SoG","positive_numeric_count_given_detection","band_0_2","0–<2 km","within_band_0_2_immediate_pre_minus_baseline","within_band_period_minus_baseline","immediate_pre",-7,-1,-0.0455104279294649,0.028984229436101,-0.102318473743869,0.0112976178849388,0.955509638532889,0.902742006256995,1.01136167698098,0.116373477372846,125407,"completed","s1_anchor","american_robin__positive_numeric_count_given_detection__immediate_pre__13_bands",13,0.211021502807948,FALSE,FALSE
"SOG_STAGED_REFIT_S1_DISTANCE_AMERICAN_ROBIN_v1","ctl_c7322190c88f","American Robin","SoG","positive_numeric_count_given_detection","band_0_2","0–<2 km","within_band_0_2_spawn_start_minus_baseline","within_band_period_minus_baseline","spawn_start",0,3,-0.0447280811211144,0.0308362662335759,-0.105166052356612,0.015709890114383,0.956257470942949,0.900175033989385,1.01583393918586,0.146918443821161,125407,"completed","s1_anchor","american_robin__positive_numeric_count_given_detection__spawn_start__13_bands",13,0.318323294945849,FALSE,FALSE
"SOG_STAGED_REFIT_S1_DISTANCE_AMERICAN_ROBIN_v1","ctl_c7322190c88f","American Robin","SoG","positive_numeric_count_given_detection","band_0_2","0–<2 km","within_band_0_2_early_egg_minus_baseline","within_band_period_minus_baseline","early_egg",4,14,-0.0396828054791361,0.0243788349880175,-0.0874644440406954,0.00809883308242321,0.961094244636885,0.916251449270953,1.00813171734585,0.103576541816262,125407,"completed","s1_anchor","american_robin__positive_numeric_count_given_detection__early_egg__13_bands",13,0.213768232827597,FALSE,FALSE
"SOG_STAGED_REFIT_S1_DISTANCE_AMERICAN_ROBIN_v1","ctl_c7322190c88f","American Robin","SoG","positive_numeric_count_given_detection","band_0_2","0–<2 km","within_band_0_2_late_egg_minus_baseline","within_band_period_minus_baseline","late_egg",15,28,0.00796795513700043,0.0235086269316803,-0.0381081069750814,0.0540440172490822,1.00799978377175,0.962608870532755,1.05553106270624,0.734656817110918,125407,"completed","s1_anchor","american_robin__positive_numeric_count_given_detection__late_egg__13_bands",13,0.795878218536828,FALSE,FALSE
"SOG_STAGED_REFIT_S1_DISTANCE_AMERICAN_ROBIN_v1","ctl_c7322190c88f","American Robin","SoG","positive_numeric_count_given_detection","band_0_2","0–<2 km","within_band_0_2_active_0_14_minus_baseline","within_band_duration_weighted_active_minus_baseline","active_0_14",0,14,-0.041028212316997,0.0226822197779745,-0.0854845461712491,0.00342812153725512,0.959802051326099,0.918067330599842,1.00343400426621,0.0704778790351291,125407,"completed","s1_anchor","american_robin__positive_numeric_count_given_detection__active_0_14__13_bands",13,0.139165818434617,FALSE,FALSE
"SOG_STAGED_REFIT_S1_DISTANCE_AMERICAN_ROBIN_v1","ctl_c7322190c88f","American Robin","SoG","positive_numeric_count_given_detection","band_2_4","2–<4 km","within_band_2_4_early_pre_minus_baseline","within_band_period_minus_baseline","early_pre",-14,-8,-0.0262724372160977,0.0240591002104579,-0.0734274071290351,0.0208825326968398,0.974069680624674,0.929203596900065,1.02110209848262,0.274834932012045,125407,"completed","s1_anchor","american_robin__positive_numeric_count_given_detection__early_pre__13_bands",13,0.402542342097865,FALSE,FALSE
"SOG_STAGED_REFIT_S1_DISTANCE_AMERICAN_ROBIN_v1","ctl_c7322190c88f","American Robin","SoG","positive_numeric_count_given_detection","band_2_4","2–<4 km","within_band_2_4_immediate_pre_minus_baseline","within_band_period_minus_baseline","immediate_pre",-7,-1,0.0110784482830754,0.0231665797642107,-0.034327213699752,0.0564841102659028,1.01114004153366,0.966255280938584,1.05810980158325,0.632502030648953,125407,"completed","s1_anchor","american_robin__positive_numeric_count_given_detection__immediate_pre__13_bands",13,0.676478018268431,FALSE,FALSE
"SOG_STAGED_REFIT_S1_DISTANCE_AMERICAN_ROBIN_v1","ctl_c7322190c88f","American Robin","SoG","positive_numeric_count_given_detection","band_2_4","2–<4 km","within_band_2_4_spawn_start_minus_baseline","within_band_period_minus_baseline","spawn_start",0,3,0.00435608530763792,0.0262336590378701,-0.0470609415892912,0.055773112204567,1.00436558683873,0.954029255759685,1.05735775494918,0.868118015242858,125407,"completed","s1_anchor","american_robin__positive_numeric_count_given_detection__spawn_start__13_bands",13,0.868118015242858,FALSE,FALSE
"SOG_STAGED_REFIT_S1_DISTANCE_AMERICAN_ROBIN_v1","ctl_c7322190c88f","American Robin","SoG","positive_numeric_count_given_detection","band_2_4","2–<4 km","within_band_2_4_early_egg_minus_baseline","within_band_period_minus_baseline","early_egg",4,14,-0.0613441239652493,0.0190394013974373,-0.098660664991428,-0.0240275829390706,0.940499535652507,0.906050110386382,0.976258781300046,0.00127318442930111,125407,"completed","s1_anchor","american_robin__positive_numeric_count_given_detection__early_egg__13_bands",13,0.00827569879045721,TRUE,TRUE
"SOG_STAGED_REFIT_S1_DISTANCE_AMERICAN_ROBIN_v1","ctl_c7322190c88f","American Robin","SoG","positive_numeric_count_given_detection","band_2_4","2–<4 km","within_band_2_4_late_egg_minus_baseline","within_band_period_minus_baseline","late_egg",15,28,-0.0461257379595612,0.0174983415219642,-0.0804218571317927,-0.0118296187873296,0.9549218847124,0.922727005301369,0.988240076061129,0.00838881815366684,125407,"completed","s1_anchor","american_robin__positive_numeric_count_given_detection__late_egg__13_bands",13,0.0385919965107368,TRUE,TRUE
"SOG_STAGED_REFIT_S1_DISTANCE_AMERICAN_ROBIN_v1","ctl_c7322190c88f","American Robin","SoG","positive_numeric_count_given_detection","band_2_4","2–<4 km","within_band_2_4_active_0_14_minus_baseline","within_band_duration_weighted_active_minus_baseline","active_0_14",0,14,-0.043824068159146,0.0179228529267674,-0.0789522143958185,-0.00869592192247354,0.957122330955091,0.924084081306187,0.991341778248176,0.0144791811289594,125407,"completed","s1_anchor","american_robin__positive_numeric_count_given_detection__active_0_14__13_bands",13,0.0777254666815443,TRUE,FALSE
"SOG_STAGED_REFIT_S1_DISTANCE_AMERICAN_ROBIN_v1","ctl_c7322190c88f","American Robin","SoG","positive_numeric_count_given_detection","band_4_6","4–<6 km","within_band_4_6_early_pre_minus_baseline","within_band_period_minus_baseline","early_pre",-14,-8,0.0192523697439288,0.0184006136914158,-0.0168121703846809,0.0553169098725384,1.01943889168791,0.983328365478721,1.0568754958878,0.295427370537336,125407,"completed","s1_anchor","american_robin__positive_numeric_count_given_detection__early_pre__13_bands",13,0.402542342097865,FALSE,FALSE
"SOG_STAGED_REFIT_S1_DISTANCE_AMERICAN_ROBIN_v1","ctl_c7322190c88f","American Robin","SoG","positive_numeric_count_given_detection","band_4_6","4–<6 km","within_band_4_6_immediate_pre_minus_baseline","within_band_period_minus_baseline","immediate_pre",-7,-1,0.0557110086577839,0.0184536728081937,0.0195424745712382,0.0918795427443296,1.05729209132137,1.01973467873408,1.09623276493692,0.00253639091050031,125407,"completed","s1_anchor","american_robin__positive_numeric_count_given_detection__immediate_pre__13_bands",13,0.00824327045912602,TRUE,TRUE
"SOG_STAGED_REFIT_S1_DISTANCE_AMERICAN_ROBIN_v1","ctl_c7322190c88f","American Robin","SoG","positive_numeric_count_given_detection","band_4_6","4–<6 km","within_band_4_6_spawn_start_minus_baseline","within_band_period_minus_baseline","spawn_start",0,3,0.0532537089953063,0.021813534963614,0.0104999660911177,0.0960074518994948,1.05469719734401,1.01055528417823,1.10076726677045,0.0146338861008045,125407,"completed","s1_anchor","american_robin__positive_numeric_count_given_detection__spawn_start__13_bands",13,0.122500552547987,TRUE,FALSE
"SOG_STAGED_REFIT_S1_DISTANCE_AMERICAN_ROBIN_v1","ctl_c7322190c88f","American Robin","SoG","positive_numeric_count_given_detection","band_4_6","4–<6 km","within_band_4_6_early_egg_minus_baseline","within_band_period_minus_baseline","early_egg",4,14,0.0626287896708347,0.0156405203566262,0.0319739330723819,0.0932836462692876,1.06463156363748,1.03249059109683,1.09777307034741,6.22105737520609e-05,125407,"completed","s1_anchor","american_robin__positive_numeric_count_given_detection__early_egg__13_bands",13,0.000808737458776792,TRUE,TRUE
"SOG_STAGED_REFIT_S1_DISTANCE_AMERICAN_ROBIN_v1","ctl_c7322190c88f","American Robin","SoG","positive_numeric_count_given_detection","band_4_6","4–<6 km","within_band_4_6_late_egg_minus_baseline","within_band_period_minus_baseline","late_egg",15,28,0.0711744837034928,0.0143658198369351,0.0430179942147089,0.0993309731922767,1.07376856463995,1.04395667986225,1.10443177638471,7.25417183155621e-07,125407,"completed","s1_anchor","american_robin__positive_numeric_count_given_detection__late_egg__13_bands",13,9.43042338102307e-06,TRUE,TRUE
"SOG_STAGED_REFIT_S1_DISTANCE_AMERICAN_ROBIN_v1","ctl_c7322190c88f","American Robin","SoG","positive_numeric_count_given_detection","band_4_6","4–<6 km","within_band_4_6_active_0_14_minus_baseline","within_band_duration_weighted_active_minus_baseline","active_0_14",0,14,0.0601287681573605,0.0146325500334945,0.0314494970897309,0.08880803922499,1.06197328608454,1.03194925783884,1.09287084785454,3.96950646148788e-05,125407,"completed","s1_anchor","american_robin__positive_numeric_count_given_detection__active_0_14__13_bands",13,0.000516035839993425,TRUE,TRUE
"SOG_STAGED_REFIT_S1_DISTANCE_AMERICAN_ROBIN_v1","ctl_c7322190c88f","American Robin","SoG","positive_numeric_count_given_detection","band_6_8","6–<8 km","within_band_6_8_early_pre_minus_baseline","within_band_period_minus_baseline","early_pre",-14,-8,-0.0317423295940485,0.0174461621595628,-0.065936179095237,0.00245151990714005,0.968756169717662,0.936190610916876,1.00245452733916,0.0688435921043957,125407,"completed","s1_anchor","american_robin__positive_numeric_count_given_detection__early_pre__13_bands",13,0.25174308472545,FALSE,FALSE
"SOG_STAGED_REFIT_S1_DISTANCE_AMERICAN_ROBIN_v1","ctl_c7322190c88f","American Robin","SoG","positive_numeric_count_given_detection","band_6_8","6–<8 km","within_band_6_8_immediate_pre_minus_baseline","within_band_period_minus_baseline","immediate_pre",-7,-1,-0.0706464865943601,0.0165909415534049,-0.103164134508643,-0.0381288386800775,0.931791234603362,0.901978915465038,0.96258891421649,2.06138472953866e-05,125407,"completed","s1_anchor","american_robin__positive_numeric_count_given_detection__immediate_pre__13_bands",13,0.000267980014840026,TRUE,TRUE
"SOG_STAGED_REFIT_S1_DISTANCE_AMERICAN_ROBIN_v1","ctl_c7322190c88f","American Robin","SoG","positive_numeric_count_given_detection","band_6_8","6–<8 km","within_band_6_8_spawn_start_minus_baseline","within_band_period_minus_baseline","spawn_start",0,3,-0.0189673018040542,0.0198482277496123,-0.0578691133502428,0.0199345097421343,0.981211445562381,0.943773466700297,1.02013452896568,0.339265821834757,125407,"completed","s1_anchor","american_robin__positive_numeric_count_given_detection__spawn_start__13_bands",13,0.55130696048148,FALSE,FALSE
"SOG_STAGED_REFIT_S1_DISTANCE_AMERICAN_ROBIN_v1","ctl_c7322190c88f","American Robin","SoG","positive_numeric_count_given_detection","band_6_8","6–<8 km","within_band_6_8_early_egg_minus_baseline","within_band_period_minus_baseline","early_egg",4,14,-0.0186664732999832,0.0144186294769693,-0.0469264677812706,0.00959352118130428,0.981506666336913,0.95415755633301,1.00963968651691,0.195455485725757,125407,"completed","s1_anchor","american_robin__positive_numeric_count_given_detection__early_egg__13_bands",13,0.254092131443484,FALSE,FALSE
"SOG_STAGED_REFIT_S1_DISTANCE_AMERICAN_ROBIN_v1","ctl_c7322190c88f","American Robin","SoG","positive_numeric_count_given_detection","band_6_8","6–<8 km","within_band_6_8_late_egg_minus_baseline","within_band_period_minus_baseline","late_egg",15,28,-0.02641790180522,0.0132581075601138,-0.0524033151262012,-0.000432488484238835,0.973927998283937,0.948946065351157,0.999567605025425,0.0463069458184034,125407,"completed","s1_anchor","american_robin__positive_numeric_count_given_detection__late_egg__13_bands",13,0.120398059127849,TRUE,FALSE
"SOG_STAGED_REFIT_S1_DISTANCE_AMERICAN_ROBIN_v1","ctl_c7322190c88f","American Robin","SoG","positive_numeric_count_given_detection","band_6_8","6–<8 km","within_band_6_8_active_0_14_minus_baseline","within_band_duration_weighted_active_minus_baseline","active_0_14",0,14,-0.0187466942344021,0.0134658677327413,-0.0451393100111551,0.00764592154235087,0.981427932113109,0.955864311089466,1.00767522623999,0.163872787605336,125407,"completed","s1_anchor","american_robin__positive_numeric_count_given_detection__active_0_14__13_bands",13,0.193667839897215,FALSE,FALSE
"SOG_STAGED_REFIT_S1_DISTANCE_AMERICAN_ROBIN_v1","ctl_c7322190c88f","American Robin","SoG","positive_numeric_count_given_detection","band_8_10","8–<10 km","within_band_8_10_early_pre_minus_baseline","within_band_period_minus_baseline","early_pre",-14,-8,-0.0169224481641855,0.0166565921837125,-0.0495687689494334,0.0157238726210623,0.983219932189053,0.951639712622902,1.01584814319001,0.309647955459896,125407,"completed","s1_anchor","american_robin__positive_numeric_count_given_detection__early_pre__13_bands",13,0.402542342097865,FALSE,FALSE
"SOG_STAGED_REFIT_S1_DISTANCE_AMERICAN_ROBIN_v1","ctl_c7322190c88f","American Robin","SoG","positive_numeric_count_given_detection","band_8_10","8–<10 km","within_band_8_10_immediate_pre_minus_baseline","within_band_period_minus_baseline","immediate_pre",-7,-1,0.0228729021035728,0.0157366972739457,-0.0079704577889704,0.0537162619961161,1.02313649278707,0.992061222086135,1.055185163544,0.146091809636272,125407,"completed","s1_anchor","american_robin__positive_numeric_count_given_detection__immediate_pre__13_bands",13,0.211021502807948,FALSE,FALSE
"SOG_STAGED_REFIT_S1_DISTANCE_AMERICAN_ROBIN_v1","ctl_c7322190c88f","American Robin","SoG","positive_numeric_count_given_detection","band_8_10","8–<10 km","within_band_8_10_spawn_start_minus_baseline","within_band_period_minus_baseline","spawn_start",0,3,0.00961114124518681,0.0184688283928672,-0.0265870972414837,0.0458093797318573,1.00965747658941,0.973763228050957,1.04687483637404,0.602786208020661,125407,"completed","s1_anchor","american_robin__positive_numeric_count_given_detection__spawn_start__13_bands",13,0.783622070426859,FALSE,FALSE
"SOG_STAGED_REFIT_S1_DISTANCE_AMERICAN_ROBIN_v1","ctl_c7322190c88f","American Robin","SoG","positive_numeric_count_given_detection","band_8_10","8–<10 km","within_band_8_10_early_egg_minus_baseline","within_band_period_minus_baseline","early_egg",4,14,0.0211745094376729,0.0134385678504668,-0.00516459955303995,0.0475136184283857,1.02140028007432,0.994848714061542,1.04866048213172,0.115105971522552,125407,"completed","s1_anchor","american_robin__positive_numeric_count_given_detection__early_egg__13_bands",13,0.213768232827597,FALSE,FALSE
"SOG_STAGED_REFIT_S1_DISTANCE_AMERICAN_ROBIN_v1","ctl_c7322190c88f","American Robin","SoG","positive_numeric_count_given_detection","band_8_10","8–<10 km","within_band_8_10_late_egg_minus_baseline","within_band_period_minus_baseline","late_egg",15,28,0.0255136924680218,0.0124663106534758,0.00108017256712124,0.0499472123689224,1.02584195248241,1.00108075616362,1.0512156037299,0.0406962627693533,125407,"completed","s1_anchor","american_robin__positive_numeric_count_given_detection__late_egg__13_bands",13,0.120398059127849,TRUE,FALSE
"SOG_STAGED_REFIT_S1_DISTANCE_AMERICAN_ROBIN_v1","ctl_c7322190c88f","American Robin","SoG","positive_numeric_count_given_detection","band_8_10","8–<10 km","within_band_8_10_active_0_14_minus_baseline","within_band_duration_weighted_active_minus_baseline","active_0_14",0,14,0.0180909445863433,0.0125684271207148,-0.00654271991257425,0.0427246090852608,1.01825557701121,0.99347863707637,1.04365044342139,0.150038337599709,125407,"completed","s1_anchor","american_robin__positive_numeric_count_given_detection__active_0_14__13_bands",13,0.193667839897215,FALSE,FALSE
"SOG_STAGED_REFIT_S1_DISTANCE_AMERICAN_ROBIN_v1","ctl_c7322190c88f","American Robin","SoG","positive_numeric_count_given_detection","band_10_12","10–<12 km","within_band_10_12_early_pre_minus_baseline","within_band_period_minus_baseline","early_pre",-14,-8,0.025213887797579,0.0145814970746908,-0.00336532130949116,0.0537930969046492,1.02553444637211,0.996640335037346,1.0552662417143,0.0837786677357423,125407,"completed","s1_anchor","american_robin__positive_numeric_count_given_detection__early_pre__13_bands",13,0.25174308472545,FALSE,FALSE
"SOG_STAGED_REFIT_S1_DISTANCE_AMERICAN_ROBIN_v1","ctl_c7322190c88f","American Robin","SoG","positive_numeric_count_given_detection","band_10_12","10–<12 km","within_band_10_12_immediate_pre_minus_baseline","within_band_period_minus_baseline","immediate_pre",-7,-1,0.0525435103949323,0.0144767380428174,0.0241696252173892,0.0809173955724754,1.05394841879285,1.0244640780951,1.08428132642912,0.000283956319513952,125407,"completed","s1_anchor","american_robin__positive_numeric_count_given_detection__immediate_pre__13_bands",13,0.00184571607684069,TRUE,TRUE
"SOG_STAGED_REFIT_S1_DISTANCE_AMERICAN_ROBIN_v1","ctl_c7322190c88f","American Robin","SoG","positive_numeric_count_given_detection","band_10_12","10–<12 km","within_band_10_12_spawn_start_minus_baseline","within_band_period_minus_baseline","spawn_start",0,3,0.0165101428978631,0.0172063788122732,-0.0172137398785454,0.0502340256742716,1.01664718848236,0.982933570078893,1.05151714959346,0.337288705165932,125407,"completed","s1_anchor","american_robin__positive_numeric_count_given_detection__spawn_start__13_bands",13,0.55130696048148,FALSE,FALSE
"SOG_STAGED_REFIT_S1_DISTANCE_AMERICAN_ROBIN_v1","ctl_c7322190c88f","American Robin","SoG","positive_numeric_count_given_detection","band_10_12","10–<12 km","within_band_10_12_early_egg_minus_baseline","within_band_period_minus_baseline","early_egg",4,14,0.0266114751572214,0.0119924346234049,0.00310673520839661,0.0501162151060462,1.02696872238079,1.00311156611171,1.05139327705746,0.0264852341306392,125407,"completed","s1_anchor","american_robin__positive_numeric_count_given_detection__early_egg__13_bands",13,0.0860770109245775,TRUE,FALSE
"SOG_STAGED_REFIT_S1_DISTANCE_AMERICAN_ROBIN_v1","ctl_c7322190c88f","American Robin","SoG","positive_numeric_count_given_detection","band_10_12","10–<12 km","within_band_10_12_late_egg_minus_baseline","within_band_period_minus_baseline","late_egg",15,28,-0.00508389273277412,0.0109811365801628,-0.0266065249392086,0.0164387394736603,0.994929008378005,0.973744310257072,1.01657459898349,0.643388747548471,125407,"completed","s1_anchor","american_robin__positive_numeric_count_given_detection__late_egg__13_bands",13,0.760368519830011,FALSE,FALSE
"SOG_STAGED_REFIT_S1_DISTANCE_AMERICAN_ROBIN_v1","ctl_c7322190c88f","American Robin","SoG","positive_numeric_count_given_detection","band_10_12","10–<12 km","within_band_10_12_active_0_14_minus_baseline","within_band_duration_weighted_active_minus_baseline","active_0_14",0,14,0.0239177865547259,0.0113764278072128,0.00162039777986876,0.046215175329583,1.02420611091615,1.00162171133375,1.04729973978015,0.0355183686579921,125407,"completed","s1_anchor","american_robin__positive_numeric_count_given_detection__active_0_14__13_bands",13,0.115434698138474,TRUE,FALSE
"SOG_STAGED_REFIT_S1_DISTANCE_AMERICAN_ROBIN_v1","ctl_c7322190c88f","American Robin","SoG","positive_numeric_count_given_detection","band_12_14","12–<14 km","within_band_12_14_early_pre_minus_baseline","within_band_period_minus_baseline","early_pre",-14,-8,-0.042237254135739,0.0200359469072431,-0.0815069884700921,-0.00296751980138586,0.958642311736437,0.92172626837492,0.997036878933313,0.035024608888361,125407,"completed","s1_anchor","american_robin__positive_numeric_count_given_detection__early_pre__13_bands",13,0.25174308472545,TRUE,FALSE
"SOG_STAGED_REFIT_S1_DISTANCE_AMERICAN_ROBIN_v1","ctl_c7322190c88f","American Robin","SoG","positive_numeric_count_given_detection","band_12_14","12–<14 km","within_band_12_14_immediate_pre_minus_baseline","within_band_period_minus_baseline","immediate_pre",-7,-1,-0.0361557057744179,0.0193641682923872,-0.0741087782180693,0.00179736666923358,0.964490105112093,0.928570680083408,1.00179898290088,0.0618813722549376,125407,"completed","s1_anchor","american_robin__positive_numeric_count_given_detection__immediate_pre__13_bands",13,0.160891567862838,FALSE,FALSE
"SOG_STAGED_REFIT_S1_DISTANCE_AMERICAN_ROBIN_v1","ctl_c7322190c88f","American Robin","SoG","positive_numeric_count_given_detection","band_12_14","12–<14 km","within_band_12_14_spawn_start_minus_baseline","within_band_period_minus_baseline","spawn_start",0,3,-0.00411715595022613,0.0219195433824183,-0.0470786715373293,0.038844359636877,0.995891307916662,0.954012341020503,1.03960866598752,0.851009627416974,125407,"completed","s1_anchor","american_robin__positive_numeric_count_given_detection__spawn_start__13_bands",13,0.868118015242858,FALSE,FALSE
"SOG_STAGED_REFIT_S1_DISTANCE_AMERICAN_ROBIN_v1","ctl_c7322190c88f","American Robin","SoG","positive_numeric_count_given_detection","band_12_14","12–<14 km","within_band_12_14_early_egg_minus_baseline","within_band_period_minus_baseline","early_egg",4,14,0.00137414548596869,0.0159397529568759,-0.0298671962319738,0.0326154872039112,1.00137509005649,0.970574420930203,1.03315320222904,0.931300509609573,125407,"completed","s1_anchor","american_robin__positive_numeric_count_given_detection__early_egg__13_bands",13,0.931300509609573,FALSE,FALSE
"SOG_STAGED_REFIT_S1_DISTANCE_AMERICAN_ROBIN_v1","ctl_c7322190c88f","American Robin","SoG","positive_numeric_count_given_detection","band_12_14","12–<14 km","within_band_12_14_late_egg_minus_baseline","within_band_period_minus_baseline","late_egg",15,28,0.00241953587180289,0.0149483473560483,-0.0268786865744462,0.031717758318052,1.00242246531087,0.97347933047359,1.03222612694927,0.871416294054881,125407,"completed","s1_anchor","american_robin__positive_numeric_count_given_detection__late_egg__13_bands",13,0.871416294054881,FALSE,FALSE
"SOG_STAGED_REFIT_S1_DISTANCE_AMERICAN_ROBIN_v1","ctl_c7322190c88f","American Robin","SoG","positive_numeric_count_given_detection","band_12_14","12–<14 km","within_band_12_14_active_0_14_minus_baseline","within_band_duration_weighted_active_minus_baseline","active_0_14",0,14,-9.02015636832626e-05,0.0149453346578493,-0.029382519229966,0.0292021161025995,0.999909802504355,0.971044950048875,1.02963267878997,0.99518445055027,125407,"completed","s1_anchor","american_robin__positive_numeric_count_given_detection__active_0_14__13_bands",13,0.99518445055027,FALSE,FALSE
"SOG_STAGED_REFIT_S1_DISTANCE_AMERICAN_ROBIN_v1","ctl_c7322190c88f","American Robin","SoG","positive_numeric_count_given_detection","band_14_16","14–<16 km","within_band_14_16_early_pre_minus_baseline","within_band_period_minus_baseline","early_pre",-14,-8,-0.0301687193853877,0.0181690185969678,-0.065779341469883,0.00544190269910762,0.970281814386222,0.936337452344,1.00545673674788,0.0968242633559425,125407,"completed","s1_anchor","american_robin__positive_numeric_count_given_detection__early_pre__13_bands",13,0.25174308472545,FALSE,FALSE
"SOG_STAGED_REFIT_S1_DISTANCE_AMERICAN_ROBIN_v1","ctl_c7322190c88f","American Robin","SoG","positive_numeric_count_given_detection","band_14_16","14–<16 km","within_band_14_16_immediate_pre_minus_baseline","within_band_period_minus_baseline","immediate_pre",-7,-1,-0.018483977078417,0.0172552297001853,-0.052303605835746,0.0153356516789119,0.981685803940432,0.949040688807354,1.0154538462089,0.284074951842737,125407,"completed","s1_anchor","american_robin__positive_numeric_count_given_detection__immediate_pre__13_bands",13,0.369297437395558,FALSE,FALSE
"SOG_STAGED_REFIT_S1_DISTANCE_AMERICAN_ROBIN_v1","ctl_c7322190c88f","American Robin","SoG","positive_numeric_count_given_detection","band_14_16","14–<16 km","within_band_14_16_spawn_start_minus_baseline","within_band_period_minus_baseline","spawn_start",0,3,-0.0358458051269089,0.0196408198267277,-0.0743411046141353,0.00264949436031752,0.964789047539017,0.928354973661929,1.00265300737238,0.067990973026508,125407,"completed","s1_anchor","american_robin__positive_numeric_count_given_detection__spawn_start__13_bands",13,0.176776529868921,FALSE,FALSE
"SOG_STAGED_REFIT_S1_DISTANCE_AMERICAN_ROBIN_v1","ctl_c7322190c88f","American Robin","SoG","positive_numeric_count_given_detection","band_14_16","14–<16 km","within_band_14_16_early_egg_minus_baseline","within_band_period_minus_baseline","early_egg",4,14,-0.0197303860215456,0.0143112856054955,-0.0477799903807832,0.00831921833769204,0.980462984200096,0.953343508748609,1.00835391919582,0.167999844730676,125407,"completed","s1_anchor","american_robin__positive_numeric_count_given_detection__early_egg__13_bands",13,0.242666442388755,FALSE,FALSE
"SOG_STAGED_REFIT_S1_DISTANCE_AMERICAN_ROBIN_v1","ctl_c7322190c88f","American Robin","SoG","positive_numeric_count_given_detection","band_14_16","14–<16 km","within_band_14_16_late_egg_minus_baseline","within_band_period_minus_baseline","late_egg",15,28,-0.0212349590890185,0.013541984998137,-0.0477767619645488,0.00530684378651184,0.978988915200748,0.953346586543238,1.00532095002416,0.11686171811094,125407,"completed","s1_anchor","american_robin__positive_numeric_count_given_detection__late_egg__13_bands",13,0.253200389240369,FALSE,FALSE
"SOG_STAGED_REFIT_S1_DISTANCE_AMERICAN_ROBIN_v1","ctl_c7322190c88f","American Robin","SoG","positive_numeric_count_given_detection","band_14_16","14–<16 km","within_band_14_16_active_0_14_minus_baseline","within_band_duration_weighted_active_minus_baseline","active_0_14",0,14,-0.0240278311163091,0.0134922681746013,-0.0504721908082837,0.00241652857566538,0.976258539014868,0.950780368738241,1.0024194507342,0.0749354406955632,125407,"completed","s1_anchor","american_robin__positive_numeric_count_given_detection__active_0_14__13_bands",13,0.139165818434617,FALSE,FALSE
"SOG_STAGED_REFIT_S1_DISTANCE_AMERICAN_ROBIN_v1","ctl_c7322190c88f","American Robin","SoG","positive_numeric_count_given_detection","band_16_18","16–<18 km","within_band_16_18_early_pre_minus_baseline","within_band_period_minus_baseline","early_pre",-14,-8,-0.0190954736198246,0.0150119799705533,-0.0485184136987457,0.0103274664590966,0.981085689969082,0.952639797522086,1.01038097879781,0.203367555045355,125407,"completed","s1_anchor","american_robin__positive_numeric_count_given_detection__early_pre__13_bands",13,0.377682602227089,FALSE,FALSE
"SOG_STAGED_REFIT_S1_DISTANCE_AMERICAN_ROBIN_v1","ctl_c7322190c88f","American Robin","SoG","positive_numeric_count_given_detection","band_16_18","16–<18 km","within_band_16_18_immediate_pre_minus_baseline","within_band_period_minus_baseline","immediate_pre",-7,-1,-0.022787561097388,0.0146437639749806,-0.0514888110864551,0.00591368889167908,0.977470114396524,0.949814277292578,1.00593120926949,0.119677821190501,125407,"completed","s1_anchor","american_robin__positive_numeric_count_given_detection__immediate_pre__13_bands",13,0.211021502807948,FALSE,FALSE
"SOG_STAGED_REFIT_S1_DISTANCE_AMERICAN_ROBIN_v1","ctl_c7322190c88f","American Robin","SoG","positive_numeric_count_given_detection","band_16_18","16–<18 km","within_band_16_18_spawn_start_minus_baseline","within_band_period_minus_baseline","spawn_start",0,3,-0.0128901985533059,0.0172785934001582,-0.0467556193211274,0.0209752222145156,0.987192524236859,0.954320586608583,1.02119674833008,0.45565455374281,125407,"completed","s1_anchor","american_robin__positive_numeric_count_given_detection__spawn_start__13_bands",13,0.658167688739615,FALSE,FALSE
"SOG_STAGED_REFIT_S1_DISTANCE_AMERICAN_ROBIN_v1","ctl_c7322190c88f","American Robin","SoG","positive_numeric_count_given_detection","band_16_18","16–<18 km","within_band_16_18_early_egg_minus_baseline","within_band_period_minus_baseline","early_egg",4,14,-0.0179269856645347,0.0122035415142144,-0.0418454875162343,0.00599151618716495,0.982232746811458,0.959017949370558,1.00600950122154,0.141833163059667,125407,"completed","s1_anchor","american_robin__positive_numeric_count_given_detection__early_egg__13_bands",13,0.230478889971958,FALSE,FALSE
"SOG_STAGED_REFIT_S1_DISTANCE_AMERICAN_ROBIN_v1","ctl_c7322190c88f","American Robin","SoG","positive_numeric_count_given_detection","band_16_18","16–<18 km","within_band_16_18_late_egg_minus_baseline","within_band_period_minus_baseline","late_egg",15,28,-0.030355362775189,0.011605295858123,-0.053101324687042,-0.007609400863336,0.970100734598521,0.948283923042535,0.9924194773324,0.00890584534863156,125407,"completed","s1_anchor","american_robin__positive_numeric_count_given_detection__late_egg__13_bands",13,0.0385919965107368,TRUE,TRUE
"SOG_STAGED_REFIT_S1_DISTANCE_AMERICAN_ROBIN_v1","ctl_c7322190c88f","American Robin","SoG","positive_numeric_count_given_detection","band_16_18","16–<18 km","within_band_16_18_active_0_14_minus_baseline","within_band_duration_weighted_active_minus_baseline","active_0_14",0,14,-0.0165838424348737,0.0114854865986614,-0.0390949825131675,0.00592729764342019,0.983552912462599,0.961659363985137,1.00594489883074,0.148768372166398,125407,"completed","s1_anchor","american_robin__positive_numeric_count_given_detection__active_0_14__13_bands",13,0.193667839897215,FALSE,FALSE
"SOG_STAGED_REFIT_S1_DISTANCE_AMERICAN_ROBIN_v1","ctl_c7322190c88f","American Robin","SoG","positive_numeric_count_given_detection","band_18_20","18–<20 km","within_band_18_20_early_pre_minus_baseline","within_band_period_minus_baseline","early_pre",-14,-8,-0.0230379195581589,0.0176802270990546,-0.057690527910795,0.0116146887944771,0.977225427114278,0.943942025950253,1.01168240119125,0.192563491682196,125407,"completed","s1_anchor","american_robin__positive_numeric_count_given_detection__early_pre__13_bands",13,0.377682602227089,FALSE,FALSE
"SOG_STAGED_REFIT_S1_DISTANCE_AMERICAN_ROBIN_v1","ctl_c7322190c88f","American Robin","SoG","positive_numeric_count_given_detection","band_18_20","18–<20 km","within_band_18_20_immediate_pre_minus_baseline","within_band_period_minus_baseline","immediate_pre",-7,-1,-0.0531246177210675,0.0166593165202433,-0.0857762781077976,-0.0204729573343375,0.948261834890101,0.917799540103023,0.97973519076748,0.00142823479172774,125407,"completed","s1_anchor","american_robin__positive_numeric_count_given_detection__immediate_pre__13_bands",13,0.00618901743082021,TRUE,TRUE
"SOG_STAGED_REFIT_S1_DISTANCE_AMERICAN_ROBIN_v1","ctl_c7322190c88f","American Robin","SoG","positive_numeric_count_given_detection","band_18_20","18–<20 km","within_band_18_20_spawn_start_minus_baseline","within_band_period_minus_baseline","spawn_start",0,3,-0.0460999110721589,0.0196290240275822,-0.0845720912178914,-0.0076277309264263,0.954946547690877,0.918905407978944,0.992401286387489,0.0188462388535365,125407,"completed","s1_anchor","american_robin__positive_numeric_count_given_detection__spawn_start__13_bands",13,0.122500552547987,TRUE,FALSE
"SOG_STAGED_REFIT_S1_DISTANCE_AMERICAN_ROBIN_v1","ctl_c7322190c88f","American Robin","SoG","positive_numeric_count_given_detection","band_18_20","18–<20 km","within_band_18_20_early_egg_minus_baseline","within_band_period_minus_baseline","early_egg",4,14,-0.0162108195640866,0.0137149785731558,-0.0430916836162105,0.0106700444880373,0.983919868630843,0.957823569312704,1.01072717241778,0.237213949456455,125407,"completed","s1_anchor","american_robin__positive_numeric_count_given_detection__early_egg__13_bands",13,0.280343758448538,FALSE,FALSE
"SOG_STAGED_REFIT_S1_DISTANCE_AMERICAN_ROBIN_v1","ctl_c7322190c88f","American Robin","SoG","positive_numeric_count_given_detection","band_18_20","18–<20 km","within_band_18_20_late_egg_minus_baseline","within_band_period_minus_baseline","late_egg",15,28,-0.0192460167315722,0.0130329609263293,-0.0447901507590954,0.00629811729595102,0.98093800539315,0.956198118229931,1.00631799213948,0.13975106527626,125407,"completed","s1_anchor","american_robin__positive_numeric_count_given_detection__late_egg__13_bands",13,0.259537692655911,FALSE,FALSE
"SOG_STAGED_REFIT_S1_DISTANCE_AMERICAN_ROBIN_v1","ctl_c7322190c88f","American Robin","SoG","positive_numeric_count_given_detection","band_18_20","18–<20 km","within_band_18_20_active_0_14_minus_baseline","within_band_duration_weighted_active_minus_baseline","active_0_14",0,14,-0.0241812439662392,0.0128359960737779,-0.0493393339765415,0.00097684604406309,0.976108779897909,0.951858077103837,1.00097732331355,0.0595836578472556,125407,"completed","s1_anchor","american_robin__positive_numeric_count_given_detection__active_0_14__13_bands",13,0.139165818434617,FALSE,FALSE
"SOG_STAGED_REFIT_S1_DISTANCE_AMERICAN_ROBIN_v1","ctl_c7322190c88f","American Robin","SoG","positive_numeric_count_given_detection","band_20_22","20–<22 km","within_band_20_22_early_pre_minus_baseline","within_band_period_minus_baseline","early_pre",-14,-8,0.00358853544899483,0.016051218383063,-0.0278712744897959,0.0350483453877855,1.00359498195119,0.972513546046588,1.03566977744633,0.823093627754168,125407,"completed","s1_anchor","american_robin__positive_numeric_count_given_detection__early_pre__13_bands",13,0.823093627754168,FALSE,FALSE
"SOG_STAGED_REFIT_S1_DISTANCE_AMERICAN_ROBIN_v1","ctl_c7322190c88f","American Robin","SoG","positive_numeric_count_given_detection","band_20_22","20–<22 km","within_band_20_22_immediate_pre_minus_baseline","within_band_period_minus_baseline","immediate_pre",-7,-1,0.0245963247206443,0.0164292482955592,-0.00760441023171788,0.0567970596730065,1.02490130968495,0.992424430144781,1.05844098823794,0.134365702205731,125407,"completed","s1_anchor","american_robin__positive_numeric_count_given_detection__immediate_pre__13_bands",13,0.211021502807948,FALSE,FALSE
"SOG_STAGED_REFIT_S1_DISTANCE_AMERICAN_ROBIN_v1","ctl_c7322190c88f","American Robin","SoG","positive_numeric_count_given_detection","band_20_22","20–<22 km","within_band_20_22_spawn_start_minus_baseline","within_band_period_minus_baseline","spawn_start",0,3,0.0375197315632712,0.0184353828056232,0.00138704522304072,0.0736524179035018,1.03823248282964,1.00138800761518,1.07643259176801,0.0418305322336628,125407,"completed","s1_anchor","american_robin__positive_numeric_count_given_detection__spawn_start__13_bands",13,0.176776529868921,TRUE,FALSE
"SOG_STAGED_REFIT_S1_DISTANCE_AMERICAN_ROBIN_v1","ctl_c7322190c88f","American Robin","SoG","positive_numeric_count_given_detection","band_20_22","20–<22 km","within_band_20_22_early_egg_minus_baseline","within_band_period_minus_baseline","early_egg",4,14,0.00487452080669228,0.0132537161231023,-0.0211022854559061,0.0308513270692906,1.00488642061066,0.979118809833511,1.0313321613129,0.713033395779423,125407,"completed","s1_anchor","american_robin__positive_numeric_count_given_detection__early_egg__13_bands",13,0.772452845427708,FALSE,FALSE
"SOG_STAGED_REFIT_S1_DISTANCE_AMERICAN_ROBIN_v1","ctl_c7322190c88f","American Robin","SoG","positive_numeric_count_given_detection","band_20_22","20–<22 km","within_band_20_22_late_egg_minus_baseline","within_band_period_minus_baseline","late_egg",15,28,0.014729823771591,0.0123096359602034,-0.00939661937320667,0.0388562669163888,1.01483884224236,0.990647390897486,1.03962104497219,0.231458908678935,125407,"completed","s1_anchor","american_robin__positive_numeric_count_given_detection__late_egg__13_bands",13,0.320992646373593,FALSE,FALSE
"SOG_STAGED_REFIT_S1_DISTANCE_AMERICAN_ROBIN_v1","ctl_c7322190c88f","American Robin","SoG","positive_numeric_count_given_detection","band_20_22","20–<22 km","within_band_20_22_active_0_14_minus_baseline","within_band_duration_weighted_active_minus_baseline","active_0_14",0,14,0.01357991034178,0.0123616112139581,-0.0106484024284644,0.0378082231120244,1.01367253613262,0.989408091108891,1.03853204733542,0.27196219622528,125407,"completed","s1_anchor","american_robin__positive_numeric_count_given_detection__active_0_14__13_bands",13,0.294625712577387,FALSE,FALSE
"SOG_STAGED_REFIT_S1_DISTANCE_AMERICAN_ROBIN_v1","ctl_c7322190c88f","American Robin","SoG","positive_numeric_count_given_detection","band_22_24","22–<24 km","within_band_22_24_early_pre_minus_baseline","within_band_period_minus_baseline","early_pre",-14,-8,0.00366461400433434,0.0156321108175811,-0.0269737602004636,0.0343029882091323,1.00367133691201,0.973386782663287,1.0348981211585,0.814652250114192,125407,"completed","s1_anchor","american_robin__positive_numeric_count_given_detection__early_pre__13_bands",13,0.823093627754168,FALSE,FALSE
"SOG_STAGED_REFIT_S1_DISTANCE_AMERICAN_ROBIN_v1","ctl_c7322190c88f","American Robin","SoG","positive_numeric_count_given_detection","band_22_24","22–<24 km","within_band_22_24_immediate_pre_minus_baseline","within_band_period_minus_baseline","immediate_pre",-7,-1,0.00616612216348091,0.0147771547152783,-0.0227965688724408,0.0351288131994026,1.00618517182881,0.977461309605268,1.03575311887998,0.676478018268431,125407,"completed","s1_anchor","american_robin__positive_numeric_count_given_detection__immediate_pre__13_bands",13,0.676478018268431,FALSE,FALSE
"SOG_STAGED_REFIT_S1_DISTANCE_AMERICAN_ROBIN_v1","ctl_c7322190c88f","American Robin","SoG","positive_numeric_count_given_detection","band_22_24","22–<24 km","within_band_22_24_spawn_start_minus_baseline","within_band_period_minus_baseline","spawn_start",0,3,-0.00553769752742793,0.0179192607691364,-0.0406588032645168,0.029583408209661,0.994477607255406,0.960156676389269,1.03002534445897,0.757294105848002,125407,"completed","s1_anchor","american_robin__positive_numeric_count_given_detection__spawn_start__13_bands",13,0.868118015242858,FALSE,FALSE
"SOG_STAGED_REFIT_S1_DISTANCE_AMERICAN_ROBIN_v1","ctl_c7322190c88f","American Robin","SoG","positive_numeric_count_given_detection","band_22_24","22–<24 km","within_band_22_24_early_egg_minus_baseline","within_band_period_minus_baseline","early_egg",4,14,0.0283706758149907,0.0125762792897711,0.0037216213475223,0.053019730282459,1.02877695648968,1.00372855517928,1.05445044951932,0.0240776548027874,125407,"completed","s1_anchor","american_robin__positive_numeric_count_given_detection__early_egg__13_bands",13,0.0860770109245775,TRUE,FALSE
"SOG_STAGED_REFIT_S1_DISTANCE_AMERICAN_ROBIN_v1","ctl_c7322190c88f","American Robin","SoG","positive_numeric_count_given_detection","band_22_24","22–<24 km","within_band_22_24_late_egg_minus_baseline","within_band_period_minus_baseline","late_egg",15,28,0.0137416866095641,0.0118680820483137,-0.00951932677069718,0.0370026999898254,1.01383653755768,0.990525838592155,1.03769582260254,0.246917420287379,125407,"completed","s1_anchor","american_robin__positive_numeric_count_given_detection__late_egg__13_bands",13,0.320992646373593,FALSE,FALSE
"SOG_STAGED_REFIT_S1_DISTANCE_AMERICAN_ROBIN_v1","ctl_c7322190c88f","American Robin","SoG","positive_numeric_count_given_detection","band_22_24","22–<24 km","within_band_22_24_active_0_14_minus_baseline","within_band_duration_weighted_active_minus_baseline","active_0_14",0,14,0.019328442923679,0.01190653767217,-0.00400794209434362,0.0426648279417017,1.01951644659584,0.996000078985986,1.04358805466926,0.104515234858329,125407,"completed","s1_anchor","american_robin__positive_numeric_count_given_detection__active_0_14__13_bands",13,0.169837256644785,FALSE,FALSE
"SOG_STAGED_REFIT_S1_DISTANCE_AMERICAN_ROBIN_v1","ctl_c7322190c88f","American Robin","SoG","positive_numeric_count_given_detection","band_24_26","24–26 km","within_band_24_26_early_pre_minus_baseline","within_band_period_minus_baseline","early_pre",-14,-8,0.0331969158387462,0.0180947993904702,-0.00226823927405267,0.068662070951545,1.03375408175234,0.997734331236771,1.0710742008997,0.0665633653995307,125407,"completed","s1_anchor","american_robin__positive_numeric_count_given_detection__early_pre__13_bands",13,0.25174308472545,FALSE,FALSE
"SOG_STAGED_REFIT_S1_DISTANCE_AMERICAN_ROBIN_v1","ctl_c7322190c88f","American Robin","SoG","positive_numeric_count_given_detection","band_24_26","24–26 km","within_band_24_26_immediate_pre_minus_baseline","within_band_period_minus_baseline","immediate_pre",-7,-1,0.0133955687357153,0.0175511441945551,-0.0210040417730819,0.0477951792445126,1.01348569133145,0.979215006796605,1.04895578540387,0.445325936171976,125407,"completed","s1_anchor","american_robin__positive_numeric_count_given_detection__immediate_pre__13_bands",13,0.526294288203245,FALSE,FALSE
"SOG_STAGED_REFIT_S1_DISTANCE_AMERICAN_ROBIN_v1","ctl_c7322190c88f","American Robin","SoG","positive_numeric_count_given_detection","band_24_26","24–26 km","within_band_24_26_spawn_start_minus_baseline","within_band_period_minus_baseline","spawn_start",0,3,0.0377036474994113,0.0203768324541632,-0.00223421022975555,0.0776415052285781,1.03842344788887,0.997768283760208,1.08073515131351,0.0642675345181727,125407,"completed","s1_anchor","american_robin__positive_numeric_count_given_detection__spawn_start__13_bands",13,0.176776529868921,FALSE,FALSE
"SOG_STAGED_REFIT_S1_DISTANCE_AMERICAN_ROBIN_v1","ctl_c7322190c88f","American Robin","SoG","positive_numeric_count_given_detection","band_24_26","24–26 km","within_band_24_26_early_egg_minus_baseline","within_band_period_minus_baseline","early_egg",4,14,0.0309949614852709,0.0146445208431145,0.00229222806192044,0.0596976949086214,1.03148030674471,1.00229485722516,1.06151559646599,0.0343032733617097,125407,"completed","s1_anchor","american_robin__positive_numeric_count_given_detection__early_egg__13_bands",13,0.0891885107404453,TRUE,FALSE
"SOG_STAGED_REFIT_S1_DISTANCE_AMERICAN_ROBIN_v1","ctl_c7322190c88f","American Robin","SoG","positive_numeric_count_given_detection","band_24_26","24–26 km","within_band_24_26_late_egg_minus_baseline","within_band_period_minus_baseline","late_egg",15,28,0.0161487705994862,0.0136980032065139,-0.0106988223453952,0.0429963635443677,1.01627986672517,0.989358206492727,1.04393409862368,0.23843233961649,125407,"completed","s1_anchor","american_robin__positive_numeric_count_given_detection__late_egg__13_bands",13,0.320992646373593,FALSE,FALSE
"SOG_STAGED_REFIT_S1_DISTANCE_AMERICAN_ROBIN_v1","ctl_c7322190c88f","American Robin","SoG","positive_numeric_count_given_detection","band_24_26","24–26 km","within_band_24_26_active_0_14_minus_baseline","within_band_duration_weighted_active_minus_baseline","active_0_14",0,14,0.032783944422375,0.0138508685270372,0.00563674095478271,0.0599311478899673,1.03332725900388,1.00565265727041,1.06176343937544,0.0179366461572795,125407,"completed","s1_anchor","american_robin__positive_numeric_count_given_detection__active_0_14__13_bands",13,0.0777254666815443,TRUE,FALSE
