"feature_set","scheme","matrix_type","analysis_taxon_id","common_name","feature","value"
"A","none","raw_estimate","atx_c9db024faf12","American Crow","reporting_active_minus_pre",0.0242508708268168
"A","none","raw_estimate","atx_c9db024faf12","American Crow","count_active_minus_pre",0.00802244685238313
"A","none","raw_estimate","atx_c9db024faf12","American Crow","reporting_spawn_minus_early_egg",-0.0090015493432703
"A","none","raw_estimate","atx_c9db024faf12","American Crow","count_spawn_minus_early_egg",-0.0210259218692296
"A","none","raw_estimate","atx_725074cbfcb6","Glaucous-winged Gull","reporting_active_minus_pre",0.128705392428508
"A","none","raw_estimate","atx_725074cbfcb6","Glaucous-winged Gull","count_active_minus_pre",0.156503563247182
"A","none","raw_estimate","atx_725074cbfcb6","Glaucous-winged Gull","reporting_spawn_minus_early_egg",0.0650052488411897
"A","none","raw_estimate","atx_725074cbfcb6","Glaucous-winged Gull","count_spawn_minus_early_egg",0.060034326562855
"A","none","raw_estimate","atx_815c98107028","Mallard","reporting_active_minus_pre",0.0142015794581473
"A","none","raw_estimate","atx_815c98107028","Mallard","count_active_minus_pre",0.0697044652027688
"A","none","raw_estimate","atx_815c98107028","Mallard","reporting_spawn_minus_early_egg",0.0396385730601465
"A","none","raw_estimate","atx_815c98107028","Mallard","count_spawn_minus_early_egg",-0.0271549395539484
"A","none","raw_estimate","atx_fc0a9b777dcd","Bald Eagle","reporting_active_minus_pre",0.0402408996144801
"A","none","raw_estimate","atx_fc0a9b777dcd","Bald Eagle","count_active_minus_pre",0.0607002860704576
"A","none","raw_estimate","atx_fc0a9b777dcd","Bald Eagle","reporting_spawn_minus_early_egg",0.152311961907871
"A","none","raw_estimate","atx_fc0a9b777dcd","Bald Eagle","count_spawn_minus_early_egg",0.134828351576171
"A","none","raw_estimate","atx_b3d3ea90f9cb","Canada Goose","reporting_active_minus_pre",-0.00862794337566294
"A","none","raw_estimate","atx_b3d3ea90f9cb","Canada Goose","count_active_minus_pre",0.0422334307948407
"A","none","raw_estimate","atx_b3d3ea90f9cb","Canada Goose","reporting_spawn_minus_early_egg",-0.0167882891599738
"A","none","raw_estimate","atx_b3d3ea90f9cb","Canada Goose","count_spawn_minus_early_egg",0.0393150550646306
"A","none","raw_estimate","atx_v2_000007","Common Raven","reporting_active_minus_pre",-0.05913624056221
"A","none","raw_estimate","atx_v2_000007","Common Raven","count_active_minus_pre",-0.000525266215695804
"A","none","raw_estimate","atx_v2_000007","Common Raven","reporting_spawn_minus_early_egg",-0.00335473307898111
"A","none","raw_estimate","atx_v2_000007","Common Raven","count_spawn_minus_early_egg",-0.0153039284127439
"A","none","raw_estimate","atx_99238953638b","Bufflehead","reporting_active_minus_pre",-0.0591206642440827
"A","none","raw_estimate","atx_99238953638b","Bufflehead","count_active_minus_pre",0.113742308963455
"A","none","raw_estimate","atx_99238953638b","Bufflehead","reporting_spawn_minus_early_egg",0.140723113411441
"A","none","raw_estimate","atx_99238953638b","Bufflehead","count_spawn_minus_early_egg",-0.0486348612013757
"A","none","raw_estimate","atx_7b80ddaff058","Great Blue Heron","reporting_active_minus_pre",0.0103859785583854
"A","none","raw_estimate","atx_7b80ddaff058","Great Blue Heron","count_active_minus_pre",0.00330600554006562
"A","none","raw_estimate","atx_7b80ddaff058","Great Blue Heron","reporting_spawn_minus_early_egg",0.129197343544096
"A","none","raw_estimate","atx_7b80ddaff058","Great Blue Heron","count_spawn_minus_early_egg",-0.0042310330898134
"A","none","raw_estimate","atx_a113baee5693","American Wigeon","reporting_active_minus_pre",0.100389607532219
"A","none","raw_estimate","atx_a113baee5693","American Wigeon","count_active_minus_pre",0.0549120928796149
"A","none","raw_estimate","atx_a113baee5693","American Wigeon","reporting_spawn_minus_early_egg",0.002156789327839
"A","none","raw_estimate","atx_a113baee5693","American Wigeon","count_spawn_minus_early_egg",-0.0539843656719598
"A","none","raw_estimate","atx_a444854c6b66","Double-crested Cormorant","reporting_active_minus_pre",0.029182195061648
"A","none","raw_estimate","atx_a444854c6b66","Double-crested Cormorant","count_active_minus_pre",0.0919497033938979
"A","none","raw_estimate","atx_a444854c6b66","Double-crested Cormorant","reporting_spawn_minus_early_egg",-0.000884906444332402
"A","none","raw_estimate","atx_a444854c6b66","Double-crested Cormorant","count_spawn_minus_early_egg",0.034022623945519
"A","none","raw_estimate","atx_35518e24dfdd","Common Merganser","reporting_active_minus_pre",0.151276771980792
"A","none","raw_estimate","atx_35518e24dfdd","Common Merganser","count_active_minus_pre",0.105187479526222
"A","none","raw_estimate","atx_35518e24dfdd","Common Merganser","reporting_spawn_minus_early_egg",0.070571108948142
"A","none","raw_estimate","atx_35518e24dfdd","Common Merganser","count_spawn_minus_early_egg",0.0293818909115945
"A","none","raw_estimate","atx_e0e678a61ad7","Short-billed Gull","reporting_active_minus_pre",0.223751605332705
"A","none","raw_estimate","atx_e0e678a61ad7","Short-billed Gull","count_active_minus_pre",0.262176582844057
"A","none","raw_estimate","atx_e0e678a61ad7","Short-billed Gull","reporting_spawn_minus_early_egg",0.026431835448726
"A","none","raw_estimate","atx_e0e678a61ad7","Short-billed Gull","count_spawn_minus_early_egg",-0.038901659483451
"A","none","raw_estimate","atx_82312e6f2848","Common Goldeneye","reporting_active_minus_pre",-0.00411861651548305
"A","none","raw_estimate","atx_82312e6f2848","Common Goldeneye","count_active_minus_pre",0.178954138900045
"A","none","raw_estimate","atx_82312e6f2848","Common Goldeneye","reporting_spawn_minus_early_egg",0.057262667695097
"A","none","raw_estimate","atx_82312e6f2848","Common Goldeneye","count_spawn_minus_early_egg",-0.143769213915619
"A","none","raw_estimate","atx_04afbeb21fb0","Hooded Merganser","reporting_active_minus_pre",0.0204389407246026
"A","none","raw_estimate","atx_04afbeb21fb0","Hooded Merganser","count_active_minus_pre",0.0190583583400087
"A","none","raw_estimate","atx_04afbeb21fb0","Hooded Merganser","reporting_spawn_minus_early_egg",0.0363824124896313
"A","none","raw_estimate","atx_04afbeb21fb0","Hooded Merganser","count_spawn_minus_early_egg",-0.033099608824133
"A","none","raw_estimate","atx_35707a9578d5","Pelagic Cormorant","reporting_active_minus_pre",0.0469494035312908
"A","none","raw_estimate","atx_35707a9578d5","Pelagic Cormorant","count_active_minus_pre",0.0240974481228979
"A","none","raw_estimate","atx_35707a9578d5","Pelagic Cormorant","reporting_spawn_minus_early_egg",-0.0539888023501373
"A","none","raw_estimate","atx_35707a9578d5","Pelagic Cormorant","count_spawn_minus_early_egg",-0.0169851827992777
"A","none","raw_estimate","atx_1930f23cc4f8","Surf Scoter","reporting_active_minus_pre",0.0033872325247271
"A","none","raw_estimate","atx_1930f23cc4f8","Surf Scoter","count_active_minus_pre",0.265309245535371
"A","none","raw_estimate","atx_1930f23cc4f8","Surf Scoter","reporting_spawn_minus_early_egg",0.0402513439200422
"A","none","raw_estimate","atx_1930f23cc4f8","Surf Scoter","count_spawn_minus_early_egg",-0.236894404632065
"A","none","raw_estimate","atx_9ae1aa9b7fdf","Common Loon","reporting_active_minus_pre",-0.0603874237014062
"A","none","raw_estimate","atx_9ae1aa9b7fdf","Common Loon","count_active_minus_pre",0.0440614318722526
"A","none","raw_estimate","atx_9ae1aa9b7fdf","Common Loon","reporting_spawn_minus_early_egg",-0.0712401377703532
"A","none","raw_estimate","atx_9ae1aa9b7fdf","Common Loon","count_spawn_minus_early_egg",0.0206304103153228
"A","none","raw_estimate","atx_7d980a7c8c37","Northern Pintail","reporting_active_minus_pre",0.186752283995008
"A","none","raw_estimate","atx_7d980a7c8c37","Northern Pintail","count_active_minus_pre",0.0791808583197926
"A","none","raw_estimate","atx_7d980a7c8c37","Northern Pintail","reporting_spawn_minus_early_egg",-0.015748262306977
"A","none","raw_estimate","atx_7d980a7c8c37","Northern Pintail","count_spawn_minus_early_egg",-0.0175802120905207
"A","none","raw_estimate","atx_v2_000002","Black Oystercatcher","reporting_active_minus_pre",-0.0394852632521395
"A","none","raw_estimate","atx_v2_000002","Black Oystercatcher","count_active_minus_pre",-0.00730913120794589
"A","none","raw_estimate","atx_v2_000002","Black Oystercatcher","reporting_spawn_minus_early_egg",-0.0289525261528519
"A","none","raw_estimate","atx_v2_000002","Black Oystercatcher","count_spawn_minus_early_egg",-0.0360579309249288
"A","none","raw_estimate","atx_c2d1fbbaf6d3","Red-breasted Merganser","reporting_active_minus_pre",-0.00857060762701219
"A","none","raw_estimate","atx_c2d1fbbaf6d3","Red-breasted Merganser","count_active_minus_pre",0.120334268275913
"A","none","raw_estimate","atx_c2d1fbbaf6d3","Red-breasted Merganser","reporting_spawn_minus_early_egg",0.0492967777079337
"A","none","raw_estimate","atx_c2d1fbbaf6d3","Red-breasted Merganser","count_spawn_minus_early_egg",0.0519333486983192
"A","none","raw_estimate","atx_6b4cfd1ab927","Horned Grebe","reporting_active_minus_pre",-0.0684896648823724
"A","none","raw_estimate","atx_6b4cfd1ab927","Horned Grebe","count_active_minus_pre",0.0201125342891319
"A","none","raw_estimate","atx_6b4cfd1ab927","Horned Grebe","reporting_spawn_minus_early_egg",-0.063982716096207
"A","none","raw_estimate","atx_6b4cfd1ab927","Horned Grebe","count_spawn_minus_early_egg",-0.0470824601037698
"A","none","raw_estimate","atx_87b306550dba","Harlequin Duck","reporting_active_minus_pre",0.140002537264664
"A","none","raw_estimate","atx_87b306550dba","Harlequin Duck","count_active_minus_pre",0.184587097563683
"A","none","raw_estimate","atx_87b306550dba","Harlequin Duck","reporting_spawn_minus_early_egg",-0.0047641728274965
"A","none","raw_estimate","atx_87b306550dba","Harlequin Duck","count_spawn_minus_early_egg",-0.092463719498823
"A","none","raw_estimate","atx_d7dd9536145c","Barrow's Goldeneye","reporting_active_minus_pre",0.0512408005832166
"A","none","raw_estimate","atx_d7dd9536145c","Barrow's Goldeneye","count_active_minus_pre",0.0949054344675965
"A","none","raw_estimate","atx_d7dd9536145c","Barrow's Goldeneye","reporting_spawn_minus_early_egg",-0.0867484728884884
"A","none","raw_estimate","atx_d7dd9536145c","Barrow's Goldeneye","count_spawn_minus_early_egg",-0.0876579875438241
"A","none","raw_estimate","atx_d002764a39e8","Lesser Scaup","reporting_active_minus_pre",0.232836335668175
"A","none","raw_estimate","atx_d002764a39e8","Lesser Scaup","count_active_minus_pre",0.0847311271873364
"A","none","raw_estimate","atx_d002764a39e8","Lesser Scaup","reporting_spawn_minus_early_egg",-0.097737993633208
"A","none","raw_estimate","atx_d002764a39e8","Lesser Scaup","count_spawn_minus_early_egg",-0.297767330317441
"A","none","raw_estimate","atx_86eda7ed9025","Red-necked Grebe","reporting_active_minus_pre",0.0621357164615469
"A","none","raw_estimate","atx_86eda7ed9025","Red-necked Grebe","count_active_minus_pre",0.0177343805652529
"A","none","raw_estimate","atx_86eda7ed9025","Red-necked Grebe","reporting_spawn_minus_early_egg",-0.0421217964684578
"A","none","raw_estimate","atx_86eda7ed9025","Red-necked Grebe","count_spawn_minus_early_egg",-0.017811398933834
"A","none","raw_estimate","atx_c12b832d2b03","California Gull","reporting_active_minus_pre",0.274129802400878
"A","none","raw_estimate","atx_c12b832d2b03","California Gull","count_active_minus_pre",0.137627265597263
"A","none","raw_estimate","atx_c12b832d2b03","California Gull","reporting_spawn_minus_early_egg",0.196390630640162
"A","none","raw_estimate","atx_c12b832d2b03","California Gull","count_spawn_minus_early_egg",-0.053803304623801
"A","none","raw_estimate","atx_8608f2ed61cf","Pigeon Guillemot","reporting_active_minus_pre",-0.0104202694801945
"A","none","raw_estimate","atx_8608f2ed61cf","Pigeon Guillemot","count_active_minus_pre",0.0174364466264811
"A","none","raw_estimate","atx_8608f2ed61cf","Pigeon Guillemot","reporting_spawn_minus_early_egg",-0.0391272725537544
"A","none","raw_estimate","atx_8608f2ed61cf","Pigeon Guillemot","count_spawn_minus_early_egg",-0.0523868283058491
"A","none","raw_estimate","atx_c34f23342a55","Pacific Loon","reporting_active_minus_pre",-0.065323186781322
"A","none","raw_estimate","atx_c34f23342a55","Pacific Loon","count_active_minus_pre",0.145567611612771
"A","none","raw_estimate","atx_c34f23342a55","Pacific Loon","reporting_spawn_minus_early_egg",-0.00702958775949869
"A","none","raw_estimate","atx_c34f23342a55","Pacific Loon","count_spawn_minus_early_egg",0.0482715098110733
"A","none","raw_estimate","atx_v2_000003","Dunlin","reporting_active_minus_pre",-0.038694421926452
"A","none","raw_estimate","atx_v2_000003","Dunlin","count_active_minus_pre",0.0152898168917243
"A","none","raw_estimate","atx_v2_000003","Dunlin","reporting_spawn_minus_early_egg",-0.0773833647487179
"A","none","raw_estimate","atx_v2_000003","Dunlin","count_spawn_minus_early_egg",-0.0639040106084353
"A","none","raw_estimate","atx_3083477933a8","White-winged Scoter","reporting_active_minus_pre",0.0785472556808884
"A","none","raw_estimate","atx_3083477933a8","White-winged Scoter","count_active_minus_pre",0.158220741237151
"A","none","raw_estimate","atx_3083477933a8","White-winged Scoter","reporting_spawn_minus_early_egg",-0.0069030942855369
"A","none","raw_estimate","atx_3083477933a8","White-winged Scoter","count_spawn_minus_early_egg",-0.226057004821486
"A","none","raw_estimate","atx_aa5353f6d6d2","Iceland Gull","reporting_active_minus_pre",0.25534451030948
"A","none","raw_estimate","atx_aa5353f6d6d2","Iceland Gull","count_active_minus_pre",0.132341263201429
"A","none","raw_estimate","atx_aa5353f6d6d2","Iceland Gull","reporting_spawn_minus_early_egg",0.112657136981848
"A","none","raw_estimate","atx_aa5353f6d6d2","Iceland Gull","count_spawn_minus_early_egg",-0.112716098165939
"A","none","raw_estimate","atx_08bb40b40c0a","Ring-billed Gull","reporting_active_minus_pre",-0.0326890335453941
"A","none","raw_estimate","atx_08bb40b40c0a","Ring-billed Gull","count_active_minus_pre",0.0272248294295547
"A","none","raw_estimate","atx_08bb40b40c0a","Ring-billed Gull","reporting_spawn_minus_early_egg",0.029778537659494
"A","none","raw_estimate","atx_08bb40b40c0a","Ring-billed Gull","count_spawn_minus_early_egg",0.076305809690996
"A","none","raw_estimate","atx_4ae57d328ec6","Greater Scaup","reporting_active_minus_pre",0.122639664049509
"A","none","raw_estimate","atx_4ae57d328ec6","Greater Scaup","count_active_minus_pre",0.150424734942116
"A","none","raw_estimate","atx_4ae57d328ec6","Greater Scaup","reporting_spawn_minus_early_egg",0.001037257620841
"A","none","raw_estimate","atx_4ae57d328ec6","Greater Scaup","count_spawn_minus_early_egg",-0.219740737672124
"A","none","raw_estimate","atx_15dd5efcd8d6","Black Turnstone","reporting_active_minus_pre",-0.0451551050743009
"A","none","raw_estimate","atx_15dd5efcd8d6","Black Turnstone","count_active_minus_pre",0.112202075773113
"A","none","raw_estimate","atx_15dd5efcd8d6","Black Turnstone","reporting_spawn_minus_early_egg",-0.0489384220110927
"A","none","raw_estimate","atx_15dd5efcd8d6","Black Turnstone","count_spawn_minus_early_egg",-0.115255535687788
"A","none","raw_estimate","atx_fadb8da1a816","Bonaparte's Gull","reporting_active_minus_pre",0.392652921667967
"A","none","raw_estimate","atx_fadb8da1a816","Bonaparte's Gull","count_active_minus_pre",0.150675829334766
"A","none","raw_estimate","atx_fadb8da1a816","Bonaparte's Gull","reporting_spawn_minus_early_egg",-0.223800719512244
"A","none","raw_estimate","atx_fadb8da1a816","Bonaparte's Gull","count_spawn_minus_early_egg",-0.120811016175348
"A","none","raw_estimate","atx_v2_000006","Black-bellied Plover","reporting_active_minus_pre",-0.0589774054540417
"A","none","raw_estimate","atx_v2_000006","Black-bellied Plover","count_active_minus_pre",-0.0376714992851178
"A","none","raw_estimate","atx_v2_000006","Black-bellied Plover","reporting_spawn_minus_early_egg",-0.117399622013694
"A","none","raw_estimate","atx_v2_000006","Black-bellied Plover","count_spawn_minus_early_egg",-0.111320755082301
"A","none","raw_estimate","atx_59441ff7abde","Brant","reporting_active_minus_pre",0.150813278982125
"A","none","raw_estimate","atx_59441ff7abde","Brant","count_active_minus_pre",0.0670284359372297
"A","none","raw_estimate","atx_59441ff7abde","Brant","reporting_spawn_minus_early_egg",0.0042204865064063
"A","none","raw_estimate","atx_59441ff7abde","Brant","count_spawn_minus_early_egg",-0.0465757345568398
"A","none","raw_estimate","atx_acf526bb8010","Marbled Murrelet","reporting_active_minus_pre",-0.0669764034036432
"A","none","raw_estimate","atx_acf526bb8010","Marbled Murrelet","count_active_minus_pre",0.0731899390372572
"A","none","raw_estimate","atx_acf526bb8010","Marbled Murrelet","reporting_spawn_minus_early_egg",-0.0878754683069697
"A","none","raw_estimate","atx_acf526bb8010","Marbled Murrelet","count_spawn_minus_early_egg",-0.198595243535809
"A","none","raw_estimate","atx_40f730f5ad72","Long-tailed Duck","reporting_active_minus_pre",0.130478662180212
"A","none","raw_estimate","atx_40f730f5ad72","Long-tailed Duck","count_active_minus_pre",0.359167543876526
"A","none","raw_estimate","atx_40f730f5ad72","Long-tailed Duck","reporting_spawn_minus_early_egg",-0.178728709186781
"A","none","raw_estimate","atx_40f730f5ad72","Long-tailed Duck","count_spawn_minus_early_egg",-0.274029168672392
"A","none","raw_estimate","atx_98ca0000b734","Brandt's Cormorant","reporting_active_minus_pre",-0.00920227921807246
"A","none","raw_estimate","atx_98ca0000b734","Brandt's Cormorant","count_active_minus_pre",0.0256883172970815
"A","none","raw_estimate","atx_98ca0000b734","Brandt's Cormorant","reporting_spawn_minus_early_egg",0.0388813606167519
"A","none","raw_estimate","atx_98ca0000b734","Brandt's Cormorant","count_spawn_minus_early_egg",-0.000636930231111305
"A","none","raw_estimate","atx_136b0e66254b","Common Murre","reporting_active_minus_pre",-0.136177431298835
"A","none","raw_estimate","atx_136b0e66254b","Common Murre","count_active_minus_pre",-0.162888411500191
"A","none","raw_estimate","atx_136b0e66254b","Common Murre","reporting_spawn_minus_early_egg",-0.03187054699356
"A","none","raw_estimate","atx_136b0e66254b","Common Murre","count_spawn_minus_early_egg",0.317410542457234
"A","none","raw_estimate","atx_7571c026ae99","American Herring Gull","reporting_active_minus_pre",0.329755158385544
"A","none","raw_estimate","atx_7571c026ae99","American Herring Gull","count_active_minus_pre",0.032963476589574
"A","none","raw_estimate","atx_7571c026ae99","American Herring Gull","reporting_spawn_minus_early_egg",0.00819015557274805
"A","none","raw_estimate","atx_7571c026ae99","American Herring Gull","count_spawn_minus_early_egg",-0.0449722356313168
"A","none","raw_estimate","atx_1328b44be502","Black Scoter","reporting_active_minus_pre",0.126173044820064
"A","none","raw_estimate","atx_1328b44be502","Black Scoter","count_active_minus_pre",0.011957946660692
"A","none","raw_estimate","atx_1328b44be502","Black Scoter","reporting_spawn_minus_early_egg",-0.0856129031055478
"A","none","raw_estimate","atx_1328b44be502","Black Scoter","count_spawn_minus_early_egg",-0.183120767404332
"A","none","raw_estimate","atx_04cf65098f13","Red-throated Loon","reporting_active_minus_pre",-0.00129015980844558
"A","none","raw_estimate","atx_04cf65098f13","Red-throated Loon","count_active_minus_pre",0.0438395787883444
"A","none","raw_estimate","atx_04cf65098f13","Red-throated Loon","reporting_spawn_minus_early_egg",0.117803176438799
"A","none","raw_estimate","atx_04cf65098f13","Red-throated Loon","count_spawn_minus_early_egg",-0.0926430045257595
"A","none","raw_estimate","atx_ebf17f77fb66","Western Grebe","reporting_active_minus_pre",-0.264085044506382
"A","none","raw_estimate","atx_ebf17f77fb66","Western Grebe","count_active_minus_pre",0.111248546282967
"A","none","raw_estimate","atx_ebf17f77fb66","Western Grebe","reporting_spawn_minus_early_egg",-0.054983978753659
"A","none","raw_estimate","atx_ebf17f77fb66","Western Grebe","count_spawn_minus_early_egg",-0.0942246668034975
"A","none","raw_estimate","atx_5a9a3495d0ea","Western Gull","reporting_active_minus_pre",0.153166158282851
"A","none","raw_estimate","atx_5a9a3495d0ea","Western Gull","count_active_minus_pre",0.0701417524384904
"A","none","raw_estimate","atx_5a9a3495d0ea","Western Gull","reporting_spawn_minus_early_egg",-0.276589550306991
"A","none","raw_estimate","atx_5a9a3495d0ea","Western Gull","count_spawn_minus_early_egg",0.0552156070967363
"A","none","standard_error","atx_c9db024faf12","American Crow","reporting_active_minus_pre",0.0248201929854989
"A","none","standard_error","atx_c9db024faf12","American Crow","count_active_minus_pre",0.0124082122270762
"A","none","standard_error","atx_c9db024faf12","American Crow","reporting_spawn_minus_early_egg",0.037570136079501
"A","none","standard_error","atx_c9db024faf12","American Crow","count_spawn_minus_early_egg",0.0184790581867983
"A","none","standard_error","atx_725074cbfcb6","Glaucous-winged Gull","reporting_active_minus_pre",0.0284910082618353
"A","none","standard_error","atx_725074cbfcb6","Glaucous-winged Gull","count_active_minus_pre",0.0154322675319628
"A","none","standard_error","atx_725074cbfcb6","Glaucous-winged Gull","reporting_spawn_minus_early_egg",0.0444385047934844
"A","none","standard_error","atx_725074cbfcb6","Glaucous-winged Gull","count_spawn_minus_early_egg",0.0231359303289772
"A","none","standard_error","atx_815c98107028","Mallard","reporting_active_minus_pre",0.0278505111032289
"A","none","standard_error","atx_815c98107028","Mallard","count_active_minus_pre",0.0151891683987279
"A","none","standard_error","atx_815c98107028","Mallard","reporting_spawn_minus_early_egg",0.0422602036199234
"A","none","standard_error","atx_815c98107028","Mallard","count_spawn_minus_early_egg",0.0227672488482246
"A","none","standard_error","atx_fc0a9b777dcd","Bald Eagle","reporting_active_minus_pre",0.0239716857960853
"A","none","standard_error","atx_fc0a9b777dcd","Bald Eagle","count_active_minus_pre",0.00828090569870434
"A","none","standard_error","atx_fc0a9b777dcd","Bald Eagle","reporting_spawn_minus_early_egg",0.0379306602211252
"A","none","standard_error","atx_fc0a9b777dcd","Bald Eagle","count_spawn_minus_early_egg",0.0120698372283025
"A","none","standard_error","atx_b3d3ea90f9cb","Canada Goose","reporting_active_minus_pre",0.0270970941976649
"A","none","standard_error","atx_b3d3ea90f9cb","Canada Goose","count_active_minus_pre",0.0189460653308368
"A","none","standard_error","atx_b3d3ea90f9cb","Canada Goose","reporting_spawn_minus_early_egg",0.0412386704865579
"A","none","standard_error","atx_b3d3ea90f9cb","Canada Goose","count_spawn_minus_early_egg",0.0287697151056469
"A","none","standard_error","atx_v2_000007","Common Raven","reporting_active_minus_pre",0.0242588128122304
"A","none","standard_error","atx_v2_000007","Common Raven","count_active_minus_pre",0.00919430310113038
"A","none","standard_error","atx_v2_000007","Common Raven","reporting_spawn_minus_early_egg",0.0374020372288872
"A","none","standard_error","atx_v2_000007","Common Raven","count_spawn_minus_early_egg",0.0145668965082878
"A","none","standard_error","atx_99238953638b","Bufflehead","reporting_active_minus_pre",0.0286526563331718
"A","none","standard_error","atx_99238953638b","Bufflehead","count_active_minus_pre",0.0138977949169603
"A","none","standard_error","atx_99238953638b","Bufflehead","reporting_spawn_minus_early_egg",0.0429492569601574
"A","none","standard_error","atx_99238953638b","Bufflehead","count_spawn_minus_early_egg",0.0210780793713454
"A","none","standard_error","atx_7b80ddaff058","Great Blue Heron","reporting_active_minus_pre",0.0285947459541692
"A","none","standard_error","atx_7b80ddaff058","Great Blue Heron","count_active_minus_pre",0.0140527085433728
"A","none","standard_error","atx_7b80ddaff058","Great Blue Heron","reporting_spawn_minus_early_egg",0.041945342583461
"A","none","standard_error","atx_7b80ddaff058","Great Blue Heron","count_spawn_minus_early_egg",0.0203123738743075
"A","none","standard_error","atx_a113baee5693","American Wigeon","reporting_active_minus_pre",0.0302627849510807
"A","none","standard_error","atx_a113baee5693","American Wigeon","count_active_minus_pre",0.0238817919856058
"A","none","standard_error","atx_a113baee5693","American Wigeon","reporting_spawn_minus_early_egg",0.0456396407600505
"A","none","standard_error","atx_a113baee5693","American Wigeon","count_spawn_minus_early_egg",0.0350613805091145
"A","none","standard_error","atx_a444854c6b66","Double-crested Cormorant","reporting_active_minus_pre",0.0349979937287666
"A","none","standard_error","atx_a444854c6b66","Double-crested Cormorant","count_active_minus_pre",0.0224704849480032
"A","none","standard_error","atx_a444854c6b66","Double-crested Cormorant","reporting_spawn_minus_early_egg",0.0513992092792268
"A","none","standard_error","atx_a444854c6b66","Double-crested Cormorant","count_spawn_minus_early_egg",0.0317959125376012
"A","none","standard_error","atx_35518e24dfdd","Common Merganser","reporting_active_minus_pre",0.0299442087649932
"A","none","standard_error","atx_35518e24dfdd","Common Merganser","count_active_minus_pre",0.020314359492429
"A","none","standard_error","atx_35518e24dfdd","Common Merganser","reporting_spawn_minus_early_egg",0.0444175456655992
"A","none","standard_error","atx_35518e24dfdd","Common Merganser","count_spawn_minus_early_egg",0.0293054301118424
"A","none","standard_error","atx_e0e678a61ad7","Short-billed Gull","reporting_active_minus_pre",0.0335759206752533
"A","none","standard_error","atx_e0e678a61ad7","Short-billed Gull","count_active_minus_pre",0.0285699637837287
"A","none","standard_error","atx_e0e678a61ad7","Short-billed Gull","reporting_spawn_minus_early_egg",0.0506080744083054
"A","none","standard_error","atx_e0e678a61ad7","Short-billed Gull","count_spawn_minus_early_egg",0.0388314273920265
"A","none","standard_error","atx_82312e6f2848","Common Goldeneye","reporting_active_minus_pre",0.0327834507521828
"A","none","standard_error","atx_82312e6f2848","Common Goldeneye","count_active_minus_pre",0.0212221360501754
"A","none","standard_error","atx_82312e6f2848","Common Goldeneye","reporting_spawn_minus_early_egg",0.0489981475730401
"A","none","standard_error","atx_82312e6f2848","Common Goldeneye","count_spawn_minus_early_egg",0.0310969501768862
"A","none","standard_error","atx_04afbeb21fb0","Hooded Merganser","reporting_active_minus_pre",0.0378551599404455
"A","none","standard_error","atx_04afbeb21fb0","Hooded Merganser","count_active_minus_pre",0.0198704051428351
"A","none","standard_error","atx_04afbeb21fb0","Hooded Merganser","reporting_spawn_minus_early_egg",0.059162841662344
"A","none","standard_error","atx_04afbeb21fb0","Hooded Merganser","count_spawn_minus_early_egg",0.0314136463085774
"A","none","standard_error","atx_35707a9578d5","Pelagic Cormorant","reporting_active_minus_pre",0.0427186330546705
"A","none","standard_error","atx_35707a9578d5","Pelagic Cormorant","count_active_minus_pre",0.0234069344054299
"A","none","standard_error","atx_35707a9578d5","Pelagic Cormorant","reporting_spawn_minus_early_egg",0.0620344356724361
"A","none","standard_error","atx_35707a9578d5","Pelagic Cormorant","count_spawn_minus_early_egg",0.0331192880150957
"A","none","standard_error","atx_1930f23cc4f8","Surf Scoter","reporting_active_minus_pre",0.0373668225522733
"A","none","standard_error","atx_1930f23cc4f8","Surf Scoter","count_active_minus_pre",0.0364827310672532
"A","none","standard_error","atx_1930f23cc4f8","Surf Scoter","reporting_spawn_minus_early_egg",0.0549342186566957
"A","none","standard_error","atx_1930f23cc4f8","Surf Scoter","count_spawn_minus_early_egg",0.0524130126834193
"A","none","standard_error","atx_9ae1aa9b7fdf","Common Loon","reporting_active_minus_pre",0.0376044230202898
"A","none","standard_error","atx_9ae1aa9b7fdf","Common Loon","count_active_minus_pre",0.0183225238225909
"A","none","standard_error","atx_9ae1aa9b7fdf","Common Loon","reporting_spawn_minus_early_egg",0.0565414998875126
"A","none","standard_error","atx_9ae1aa9b7fdf","Common Loon","count_spawn_minus_early_egg",0.0269796481434971
"A","none","standard_error","atx_7d980a7c8c37","Northern Pintail","reporting_active_minus_pre",0.0462290630486202
"A","none","standard_error","atx_7d980a7c8c37","Northern Pintail","count_active_minus_pre",0.0411400259996622
"A","none","standard_error","atx_7d980a7c8c37","Northern Pintail","reporting_spawn_minus_early_egg",0.0662303329261562
"A","none","standard_error","atx_7d980a7c8c37","Northern Pintail","count_spawn_minus_early_egg",0.0566873452657457
"A","none","standard_error","atx_v2_000002","Black Oystercatcher","reporting_active_minus_pre",0.0421724809018233
"A","none","standard_error","atx_v2_000002","Black Oystercatcher","count_active_minus_pre",0.0215337765302398
"A","none","standard_error","atx_v2_000002","Black Oystercatcher","reporting_spawn_minus_early_egg",0.0619841194393011
"A","none","standard_error","atx_v2_000002","Black Oystercatcher","count_spawn_minus_early_egg",0.0316853922113985
"A","none","standard_error","atx_c2d1fbbaf6d3","Red-breasted Merganser","reporting_active_minus_pre",0.0385347409001637
"A","none","standard_error","atx_c2d1fbbaf6d3","Red-breasted Merganser","count_active_minus_pre",0.0282553152345768
"A","none","standard_error","atx_c2d1fbbaf6d3","Red-breasted Merganser","reporting_spawn_minus_early_egg",0.0577839188540594
"A","none","standard_error","atx_c2d1fbbaf6d3","Red-breasted Merganser","count_spawn_minus_early_egg",0.0420485591249862
"A","none","standard_error","atx_6b4cfd1ab927","Horned Grebe","reporting_active_minus_pre",0.0379976632397495
"A","none","standard_error","atx_6b4cfd1ab927","Horned Grebe","count_active_minus_pre",0.022235730509976
"A","none","standard_error","atx_6b4cfd1ab927","Horned Grebe","reporting_spawn_minus_early_egg",0.0552985649822697
"A","none","standard_error","atx_6b4cfd1ab927","Horned Grebe","count_spawn_minus_early_egg",0.0306760765432755
"A","none","standard_error","atx_87b306550dba","Harlequin Duck","reporting_active_minus_pre",0.0473032385211881
"A","none","standard_error","atx_87b306550dba","Harlequin Duck","count_active_minus_pre",0.0232612018548463
"A","none","standard_error","atx_87b306550dba","Harlequin Duck","reporting_spawn_minus_early_egg",0.0673675720007843
"A","none","standard_error","atx_87b306550dba","Harlequin Duck","count_spawn_minus_early_egg",0.0341701469252748
"A","none","standard_error","atx_d7dd9536145c","Barrow's Goldeneye","reporting_active_minus_pre",0.0428355640061093
"A","none","standard_error","atx_d7dd9536145c","Barrow's Goldeneye","count_active_minus_pre",0.0416416658924975
"A","none","standard_error","atx_d7dd9536145c","Barrow's Goldeneye","reporting_spawn_minus_early_egg",0.0637535648098709
"A","none","standard_error","atx_d7dd9536145c","Barrow's Goldeneye","count_spawn_minus_early_egg",0.0608162551242239
"A","none","standard_error","atx_d002764a39e8","Lesser Scaup","reporting_active_minus_pre",0.0661033031386948
"A","none","standard_error","atx_d002764a39e8","Lesser Scaup","count_active_minus_pre",0.0622520058443187
"A","none","standard_error","atx_d002764a39e8","Lesser Scaup","reporting_spawn_minus_early_egg",0.0960223985928226
"A","none","standard_error","atx_d002764a39e8","Lesser Scaup","count_spawn_minus_early_egg",0.0941915228684907
"A","none","standard_error","atx_86eda7ed9025","Red-necked Grebe","reporting_active_minus_pre",0.04604588449444
"A","none","standard_error","atx_86eda7ed9025","Red-necked Grebe","count_active_minus_pre",0.0307947326365555
"A","none","standard_error","atx_86eda7ed9025","Red-necked Grebe","reporting_spawn_minus_early_egg",0.0658231824409876
"A","none","standard_error","atx_86eda7ed9025","Red-necked Grebe","count_spawn_minus_early_egg",0.0426720459270061
"A","none","standard_error","atx_c12b832d2b03","California Gull","reporting_active_minus_pre",0.0418271116600984
"A","none","standard_error","atx_c12b832d2b03","California Gull","count_active_minus_pre",0.040968057166859
"A","none","standard_error","atx_c12b832d2b03","California Gull","reporting_spawn_minus_early_egg",0.0579703038024232
"A","none","standard_error","atx_c12b832d2b03","California Gull","count_spawn_minus_early_egg",0.0474262338046329
"A","none","standard_error","atx_8608f2ed61cf","Pigeon Guillemot","reporting_active_minus_pre",0.0608811253728441
"A","none","standard_error","atx_8608f2ed61cf","Pigeon Guillemot","count_active_minus_pre",0.0389576693054871
"A","none","standard_error","atx_8608f2ed61cf","Pigeon Guillemot","reporting_spawn_minus_early_egg",0.0842742270903099
"A","none","standard_error","atx_8608f2ed61cf","Pigeon Guillemot","count_spawn_minus_early_egg",0.0524459164743568
"A","none","standard_error","atx_c34f23342a55","Pacific Loon","reporting_active_minus_pre",0.0517479513039279
"A","none","standard_error","atx_c34f23342a55","Pacific Loon","count_active_minus_pre",0.0562690273160137
"A","none","standard_error","atx_c34f23342a55","Pacific Loon","reporting_spawn_minus_early_egg",0.0736447331917048
"A","none","standard_error","atx_c34f23342a55","Pacific Loon","count_spawn_minus_early_egg",0.0775483528469941
"A","none","standard_error","atx_v2_000003","Dunlin","reporting_active_minus_pre",0.0561466709976819
"A","none","standard_error","atx_v2_000003","Dunlin","count_active_minus_pre",0.0730800649507356
"A","none","standard_error","atx_v2_000003","Dunlin","reporting_spawn_minus_early_egg",0.0818250749499148
"A","none","standard_error","atx_v2_000003","Dunlin","count_spawn_minus_early_egg",0.108911707934749
"A","none","standard_error","atx_3083477933a8","White-winged Scoter","reporting_active_minus_pre",0.0518666813972822
"A","none","standard_error","atx_3083477933a8","White-winged Scoter","count_active_minus_pre",0.0528906849315405
"A","none","standard_error","atx_3083477933a8","White-winged Scoter","reporting_spawn_minus_early_egg",0.0713118447127738
"A","none","standard_error","atx_3083477933a8","White-winged Scoter","count_spawn_minus_early_egg",0.0714153430664655
"A","none","standard_error","atx_aa5353f6d6d2","Iceland Gull","reporting_active_minus_pre",0.046153057137304
"A","none","standard_error","atx_aa5353f6d6d2","Iceland Gull","count_active_minus_pre",0.0515040632206251
"A","none","standard_error","atx_aa5353f6d6d2","Iceland Gull","reporting_spawn_minus_early_egg",0.0640565767232636
"A","none","standard_error","atx_aa5353f6d6d2","Iceland Gull","count_spawn_minus_early_egg",0.0648758489357063
"A","none","standard_error","atx_08bb40b40c0a","Ring-billed Gull","reporting_active_minus_pre",0.066050758322716
"A","none","standard_error","atx_08bb40b40c0a","Ring-billed Gull","count_active_minus_pre",0.0647336245527855
"A","none","standard_error","atx_08bb40b40c0a","Ring-billed Gull","reporting_spawn_minus_early_egg",0.0882864842315606
"A","none","standard_error","atx_08bb40b40c0a","Ring-billed Gull","count_spawn_minus_early_egg",0.0834213910337216
"A","none","standard_error","atx_4ae57d328ec6","Greater Scaup","reporting_active_minus_pre",0.0468283954644811
"A","none","standard_error","atx_4ae57d328ec6","Greater Scaup","count_active_minus_pre",0.0538443604809927
"A","none","standard_error","atx_4ae57d328ec6","Greater Scaup","reporting_spawn_minus_early_egg",0.0631322045037056
"A","none","standard_error","atx_4ae57d328ec6","Greater Scaup","count_spawn_minus_early_egg",0.0693275532741581
"A","none","standard_error","atx_15dd5efcd8d6","Black Turnstone","reporting_active_minus_pre",0.0677933548048174
"A","none","standard_error","atx_15dd5efcd8d6","Black Turnstone","count_active_minus_pre",0.0674045247337424
"A","none","standard_error","atx_15dd5efcd8d6","Black Turnstone","reporting_spawn_minus_early_egg",0.0985340299199046
"A","none","standard_error","atx_15dd5efcd8d6","Black Turnstone","count_spawn_minus_early_egg",0.106351545841855
"A","none","standard_error","atx_fadb8da1a816","Bonaparte's Gull","reporting_active_minus_pre",0.0971740197311271
"A","none","standard_error","atx_fadb8da1a816","Bonaparte's Gull","count_active_minus_pre",0.148575405750686
"A","none","standard_error","atx_fadb8da1a816","Bonaparte's Gull","reporting_spawn_minus_early_egg",0.0915659651709524
"A","none","standard_error","atx_fadb8da1a816","Bonaparte's Gull","count_spawn_minus_early_egg",0.118819536126497
"A","none","standard_error","atx_v2_000006","Black-bellied Plover","reporting_active_minus_pre",0.0647571521216681
"A","none","standard_error","atx_v2_000006","Black-bellied Plover","count_active_minus_pre",0.056219960641047
"A","none","standard_error","atx_v2_000006","Black-bellied Plover","reporting_spawn_minus_early_egg",0.0929437971886146
"A","none","standard_error","atx_v2_000006","Black-bellied Plover","count_spawn_minus_early_egg",0.0825147323609238
"A","none","standard_error","atx_59441ff7abde","Brant","reporting_active_minus_pre",0.0554265667782508
"A","none","standard_error","atx_59441ff7abde","Brant","count_active_minus_pre",0.0521729888321813
"A","none","standard_error","atx_59441ff7abde","Brant","reporting_spawn_minus_early_egg",0.074886456942409
"A","none","standard_error","atx_59441ff7abde","Brant","count_spawn_minus_early_egg",0.0676576960231733
"A","none","standard_error","atx_acf526bb8010","Marbled Murrelet","reporting_active_minus_pre",0.103343662437372
"A","none","standard_error","atx_acf526bb8010","Marbled Murrelet","count_active_minus_pre",0.0704859622373249
"A","none","standard_error","atx_acf526bb8010","Marbled Murrelet","reporting_spawn_minus_early_egg",0.137680907120099
"A","none","standard_error","atx_acf526bb8010","Marbled Murrelet","count_spawn_minus_early_egg",0.0925131245453142
"A","none","standard_error","atx_40f730f5ad72","Long-tailed Duck","reporting_active_minus_pre",0.0603076682724646
"A","none","standard_error","atx_40f730f5ad72","Long-tailed Duck","count_active_minus_pre",0.0550939634298073
"A","none","standard_error","atx_40f730f5ad72","Long-tailed Duck","reporting_spawn_minus_early_egg",0.0804951650306239
"A","none","standard_error","atx_40f730f5ad72","Long-tailed Duck","count_spawn_minus_early_egg",0.0713011402604237
"A","none","standard_error","atx_98ca0000b734","Brandt's Cormorant","reporting_active_minus_pre",0.0784217312728259
"A","none","standard_error","atx_98ca0000b734","Brandt's Cormorant","count_active_minus_pre",0.0704650278126638
"A","none","standard_error","atx_98ca0000b734","Brandt's Cormorant","reporting_spawn_minus_early_egg",0.101507143850202
"A","none","standard_error","atx_98ca0000b734","Brandt's Cormorant","count_spawn_minus_early_egg",0.0890829272164115
"A","none","standard_error","atx_136b0e66254b","Common Murre","reporting_active_minus_pre",0.095019174655233
"A","none","standard_error","atx_136b0e66254b","Common Murre","count_active_minus_pre",0.118931599366686
"A","none","standard_error","atx_136b0e66254b","Common Murre","reporting_spawn_minus_early_egg",0.135871822226313
"A","none","standard_error","atx_136b0e66254b","Common Murre","count_spawn_minus_early_egg",0.18195419379246
"A","none","standard_error","atx_7571c026ae99","American Herring Gull","reporting_active_minus_pre",0.061193495478833
"A","none","standard_error","atx_7571c026ae99","American Herring Gull","count_active_minus_pre",0.0395384670714817
"A","none","standard_error","atx_7571c026ae99","American Herring Gull","reporting_spawn_minus_early_egg",0.077065069927651
"A","none","standard_error","atx_7571c026ae99","American Herring Gull","count_spawn_minus_early_egg",0.0442062312235178
"A","none","standard_error","atx_1328b44be502","Black Scoter","reporting_active_minus_pre",0.0661257063169389
"A","none","standard_error","atx_1328b44be502","Black Scoter","count_active_minus_pre",0.0679416302227821
"A","none","standard_error","atx_1328b44be502","Black Scoter","reporting_spawn_minus_early_egg",0.0918946340899916
"A","none","standard_error","atx_1328b44be502","Black Scoter","count_spawn_minus_early_egg",0.0938200151056583
"A","none","standard_error","atx_04cf65098f13","Red-throated Loon","reporting_active_minus_pre",0.139083614428681
"A","none","standard_error","atx_04cf65098f13","Red-throated Loon","count_active_minus_pre",0.0945672359381801
"A","none","standard_error","atx_04cf65098f13","Red-throated Loon","reporting_spawn_minus_early_egg",0.236588393715923
"A","none","standard_error","atx_04cf65098f13","Red-throated Loon","count_spawn_minus_early_egg",0.162406832168479
"A","none","standard_error","atx_ebf17f77fb66","Western Grebe","reporting_active_minus_pre",0.117772984630954
"A","none","standard_error","atx_ebf17f77fb66","Western Grebe","count_active_minus_pre",0.178424775734697
"A","none","standard_error","atx_ebf17f77fb66","Western Grebe","reporting_spawn_minus_early_egg",0.185382990286964
"A","none","standard_error","atx_ebf17f77fb66","Western Grebe","count_spawn_minus_early_egg",0.233872150399181
"A","none","standard_error","atx_5a9a3495d0ea","Western Gull","reporting_active_minus_pre",0.130134006791422
"A","none","standard_error","atx_5a9a3495d0ea","Western Gull","count_active_minus_pre",0.0393137701599369
"A","none","standard_error","atx_5a9a3495d0ea","Western Gull","reporting_spawn_minus_early_egg",0.170461992474311
"A","none","standard_error","atx_5a9a3495d0ea","Western Gull","count_spawn_minus_early_egg",0.049027641069853
"A","reliability_shrunk","posterior_mean","atx_c9db024faf12","American Crow","reporting_active_minus_pre",0.0258083253518079
"A","reliability_shrunk","posterior_mean","atx_c9db024faf12","American Crow","count_active_minus_pre",0.0100967147200279
"A","reliability_shrunk","posterior_mean","atx_c9db024faf12","American Crow","reporting_spawn_minus_early_egg",0.000936916109332789
"A","reliability_shrunk","posterior_mean","atx_c9db024faf12","American Crow","count_spawn_minus_early_egg",-0.0198623300475686
"A","reliability_shrunk","posterior_mean","atx_725074cbfcb6","Glaucous-winged Gull","reporting_active_minus_pre",0.121045011901275
"A","reliability_shrunk","posterior_mean","atx_725074cbfcb6","Glaucous-winged Gull","count_active_minus_pre",0.151041540289822
"A","reliability_shrunk","posterior_mean","atx_725074cbfcb6","Glaucous-winged Gull","reporting_spawn_minus_early_egg",0.046615005116458
"A","reliability_shrunk","posterior_mean","atx_725074cbfcb6","Glaucous-winged Gull","count_spawn_minus_early_egg",0.0551976208789028
"A","reliability_shrunk","posterior_mean","atx_815c98107028","Mallard","reporting_active_minus_pre",0.0170190639209338
"A","reliability_shrunk","posterior_mean","atx_815c98107028","Mallard","count_active_minus_pre",0.0692853856999769
"A","reliability_shrunk","posterior_mean","atx_815c98107028","Mallard","reporting_spawn_minus_early_egg",0.0322145755442307
"A","reliability_shrunk","posterior_mean","atx_815c98107028","Mallard","count_spawn_minus_early_egg",-0.0249513389438163
"A","reliability_shrunk","posterior_mean","atx_fc0a9b777dcd","Bald Eagle","reporting_active_minus_pre",0.0406240537888642
"A","reliability_shrunk","posterior_mean","atx_fc0a9b777dcd","Bald Eagle","count_active_minus_pre",0.0607273141889319
"A","reliability_shrunk","posterior_mean","atx_fc0a9b777dcd","Bald Eagle","reporting_spawn_minus_early_egg",0.107534523261458
"A","reliability_shrunk","posterior_mean","atx_fc0a9b777dcd","Bald Eagle","count_spawn_minus_early_egg",0.131665198484217
"A","reliability_shrunk","posterior_mean","atx_b3d3ea90f9cb","Canada Goose","reporting_active_minus_pre",-0.00402000764411263
"A","reliability_shrunk","posterior_mean","atx_b3d3ea90f9cb","Canada Goose","count_active_minus_pre",0.0439321676146602
"A","reliability_shrunk","posterior_mean","atx_b3d3ea90f9cb","Canada Goose","reporting_spawn_minus_early_egg",-0.00263773946239195
"A","reliability_shrunk","posterior_mean","atx_b3d3ea90f9cb","Canada Goose","count_spawn_minus_early_egg",0.0346548111161898
"A","reliability_shrunk","posterior_mean","atx_v2_000007","Common Raven","reporting_active_minus_pre",-0.0519028164929395
"A","reliability_shrunk","posterior_mean","atx_v2_000007","Common Raven","count_active_minus_pre",0.000816278568418288
"A","reliability_shrunk","posterior_mean","atx_v2_000007","Common Raven","reporting_spawn_minus_early_egg",0.00464024239270066
"A","reliability_shrunk","posterior_mean","atx_v2_000007","Common Raven","count_spawn_minus_early_egg",-0.0147603441376287
"A","reliability_shrunk","posterior_mean","atx_99238953638b","Bufflehead","reporting_active_minus_pre",-0.0492982957375063
"A","reliability_shrunk","posterior_mean","atx_99238953638b","Bufflehead","count_active_minus_pre",0.111295496456069
"A","reliability_shrunk","posterior_mean","atx_99238953638b","Bufflehead","reporting_spawn_minus_early_egg",0.0929467604835586
"A","reliability_shrunk","posterior_mean","atx_99238953638b","Bufflehead","count_spawn_minus_early_egg",-0.0452509618905105
"A","reliability_shrunk","posterior_mean","atx_7b80ddaff058","Great Blue Heron","reporting_active_minus_pre",0.0136972930940198
"A","reliability_shrunk","posterior_mean","atx_7b80ddaff058","Great Blue Heron","count_active_minus_pre",0.00616698228585428
"A","reliability_shrunk","posterior_mean","atx_7b80ddaff058","Great Blue Heron","reporting_spawn_minus_early_egg",0.0872296090262414
"A","reliability_shrunk","posterior_mean","atx_7b80ddaff058","Great Blue Heron","count_spawn_minus_early_egg",-0.00391584824563387
"A","reliability_shrunk","posterior_mean","atx_a113baee5693","American Wigeon","reporting_active_minus_pre",0.094770096662963
"A","reliability_shrunk","posterior_mean","atx_a113baee5693","American Wigeon","count_active_minus_pre",0.0558547366592106
"A","reliability_shrunk","posterior_mean","atx_a113baee5693","American Wigeon","reporting_spawn_minus_early_egg",0.0100368283481504
"A","reliability_shrunk","posterior_mean","atx_a113baee5693","American Wigeon","count_spawn_minus_early_egg",-0.0447279816991984
"A","reliability_shrunk","posterior_mean","atx_a444854c6b66","Double-crested Cormorant","reporting_active_minus_pre",0.0314159071223504
"A","reliability_shrunk","posterior_mean","atx_a444854c6b66","Double-crested Cormorant","count_active_minus_pre",0.0885233961668027
"A","reliability_shrunk","posterior_mean","atx_a444854c6b66","Double-crested Cormorant","reporting_spawn_minus_early_egg",0.00956025583411378
"A","reliability_shrunk","posterior_mean","atx_a444854c6b66","Double-crested Cormorant","count_spawn_minus_early_egg",0.0292382484455099
"A","reliability_shrunk","posterior_mean","atx_35518e24dfdd","Common Merganser","reporting_active_minus_pre",0.140610875708051
"A","reliability_shrunk","posterior_mean","atx_35518e24dfdd","Common Merganser","count_active_minus_pre",0.101051683477303
"A","reliability_shrunk","posterior_mean","atx_35518e24dfdd","Common Merganser","reporting_spawn_minus_early_egg",0.0498870421089937
"A","reliability_shrunk","posterior_mean","atx_35518e24dfdd","Common Merganser","count_spawn_minus_early_egg",0.0258062794540315
"A","reliability_shrunk","posterior_mean","atx_e0e678a61ad7","Short-billed Gull","reporting_active_minus_pre",0.201690611312358
"A","reliability_shrunk","posterior_mean","atx_e0e678a61ad7","Short-billed Gull","count_active_minus_pre",0.227364217695795
"A","reliability_shrunk","posterior_mean","atx_e0e678a61ad7","Short-billed Gull","reporting_spawn_minus_early_egg",0.0236439498984908
"A","reliability_shrunk","posterior_mean","atx_e0e678a61ad7","Short-billed Gull","count_spawn_minus_early_egg",-0.0309834593360696
"A","reliability_shrunk","posterior_mean","atx_82312e6f2848","Common Goldeneye","reporting_active_minus_pre",0.00183553897672079
"A","reliability_shrunk","posterior_mean","atx_82312e6f2848","Common Goldeneye","count_active_minus_pre",0.16679240547145
"A","reliability_shrunk","posterior_mean","atx_82312e6f2848","Common Goldeneye","reporting_spawn_minus_early_egg",0.0403176869370919
"A","reliability_shrunk","posterior_mean","atx_82312e6f2848","Common Goldeneye","count_spawn_minus_early_egg",-0.123809833702212
"A","reliability_shrunk","posterior_mean","atx_04afbeb21fb0","Hooded Merganser","reporting_active_minus_pre",0.0243282939374397
"A","reliability_shrunk","posterior_mean","atx_04afbeb21fb0","Hooded Merganser","count_active_minus_pre",0.0230560227479864
"A","reliability_shrunk","posterior_mean","atx_04afbeb21fb0","Hooded Merganser","reporting_spawn_minus_early_egg",0.0276065808481973
"A","reliability_shrunk","posterior_mean","atx_04afbeb21fb0","Hooded Merganser","count_spawn_minus_early_egg",-0.0283486617742638
"A","reliability_shrunk","posterior_mean","atx_35707a9578d5","Pelagic Cormorant","reporting_active_minus_pre",0.0467594994498323
"A","reliability_shrunk","posterior_mean","atx_35707a9578d5","Pelagic Cormorant","count_active_minus_pre",0.0288278986427399
"A","reliability_shrunk","posterior_mean","atx_35707a9578d5","Pelagic Cormorant","reporting_spawn_minus_early_egg",-0.0107674714242899
"A","reliability_shrunk","posterior_mean","atx_35707a9578d5","Pelagic Cormorant","count_spawn_minus_early_egg",-0.0142652812153881
"A","reliability_shrunk","posterior_mean","atx_1930f23cc4f8","Surf Scoter","reporting_active_minus_pre",0.00973660812774736
"A","reliability_shrunk","posterior_mean","atx_1930f23cc4f8","Surf Scoter","count_active_minus_pre",0.213358438326228
"A","reliability_shrunk","posterior_mean","atx_1930f23cc4f8","Surf Scoter","reporting_spawn_minus_early_egg",0.0300477271474627
"A","reliability_shrunk","posterior_mean","atx_1930f23cc4f8","Surf Scoter","count_spawn_minus_early_egg",-0.162550296173816
"A","reliability_shrunk","posterior_mean","atx_9ae1aa9b7fdf","Common Loon","reporting_active_minus_pre",-0.0443482584195179
"A","reliability_shrunk","posterior_mean","atx_9ae1aa9b7fdf","Common Loon","count_active_minus_pre",0.0455130981330928
"A","reliability_shrunk","posterior_mean","atx_9ae1aa9b7fdf","Common Loon","reporting_spawn_minus_early_egg",-0.0222228096982803
"A","reliability_shrunk","posterior_mean","atx_9ae1aa9b7fdf","Common Loon","count_spawn_minus_early_egg",0.0184834830949961
"A","reliability_shrunk","posterior_mean","atx_7d980a7c8c37","Northern Pintail","reporting_active_minus_pre",0.15694501840137
"A","reliability_shrunk","posterior_mean","atx_7d980a7c8c37","Northern Pintail","count_active_minus_pre",0.0740315270788702
"A","reliability_shrunk","posterior_mean","atx_7d980a7c8c37","Northern Pintail","reporting_spawn_minus_early_egg",0.00646122252346926
"A","reliability_shrunk","posterior_mean","atx_7d980a7c8c37","Northern Pintail","count_spawn_minus_early_egg",-0.0112293083702669
"A","reliability_shrunk","posterior_mean","atx_v2_000002","Black Oystercatcher","reporting_active_minus_pre",-0.0238850720398618
"A","reliability_shrunk","posterior_mean","atx_v2_000002","Black Oystercatcher","count_active_minus_pre",0.000131684406672897
"A","reliability_shrunk","posterior_mean","atx_v2_000002","Black Oystercatcher","reporting_spawn_minus_early_egg",-0.0002576618648845
"A","reliability_shrunk","posterior_mean","atx_v2_000002","Black Oystercatcher","count_spawn_minus_early_egg",-0.0308140897170504
"A","reliability_shrunk","posterior_mean","atx_c2d1fbbaf6d3","Red-breasted Merganser","reporting_active_minus_pre",-1.39613256800591e-06
"A","reliability_shrunk","posterior_mean","atx_c2d1fbbaf6d3","Red-breasted Merganser","count_active_minus_pre",0.110404361380169
"A","reliability_shrunk","posterior_mean","atx_c2d1fbbaf6d3","Red-breasted Merganser","reporting_spawn_minus_early_egg",0.033673175499584
"A","reliability_shrunk","posterior_mean","atx_c2d1fbbaf6d3","Red-breasted Merganser","count_spawn_minus_early_egg",0.0403183242607253
"A","reliability_shrunk","posterior_mean","atx_6b4cfd1ab927","Horned Grebe","reporting_active_minus_pre",-0.0509210182468916
"A","reliability_shrunk","posterior_mean","atx_6b4cfd1ab927","Horned Grebe","count_active_minus_pre",0.0248850025547365
"A","reliability_shrunk","posterior_mean","atx_6b4cfd1ab927","Horned Grebe","reporting_spawn_minus_early_egg",-0.0197757685111675
"A","reliability_shrunk","posterior_mean","atx_6b4cfd1ab927","Horned Grebe","count_spawn_minus_early_egg",-0.0406352397584796
"A","reliability_shrunk","posterior_mean","atx_87b306550dba","Harlequin Duck","reporting_active_minus_pre",0.119359999752886
"A","reliability_shrunk","posterior_mean","atx_87b306550dba","Harlequin Duck","count_active_minus_pre",0.169585641795669
"A","reliability_shrunk","posterior_mean","atx_87b306550dba","Harlequin Duck","reporting_spawn_minus_early_egg",0.0109389953646425
"A","reliability_shrunk","posterior_mean","atx_87b306550dba","Harlequin Duck","count_spawn_minus_early_egg",-0.0773562186843906
"A","reliability_shrunk","posterior_mean","atx_d7dd9536145c","Barrow's Goldeneye","reporting_active_minus_pre",0.0502460967302546
"A","reliability_shrunk","posterior_mean","atx_d7dd9536145c","Barrow's Goldeneye","count_active_minus_pre",0.0848044306789521
"A","reliability_shrunk","posterior_mean","atx_d7dd9536145c","Barrow's Goldeneye","reporting_spawn_minus_early_egg",-0.0231213910817482
"A","reliability_shrunk","posterior_mean","atx_d7dd9536145c","Barrow's Goldeneye","count_spawn_minus_early_egg",-0.0540761900484986
"A","reliability_shrunk","posterior_mean","atx_d002764a39e8","Lesser Scaup","reporting_active_minus_pre",0.166594098459293
"A","reliability_shrunk","posterior_mean","atx_d002764a39e8","Lesser Scaup","count_active_minus_pre",0.0734864082466887
"A","reliability_shrunk","posterior_mean","atx_d002764a39e8","Lesser Scaup","reporting_spawn_minus_early_egg",-0.0069111764719334
"A","reliability_shrunk","posterior_mean","atx_d002764a39e8","Lesser Scaup","count_spawn_minus_early_egg",-0.120101663590421
"A","reliability_shrunk","posterior_mean","atx_86eda7ed9025","Red-necked Grebe","reporting_active_minus_pre",0.0587271675619095
"A","reliability_shrunk","posterior_mean","atx_86eda7ed9025","Red-necked Grebe","count_active_minus_pre",0.0264938951460764
"A","reliability_shrunk","posterior_mean","atx_86eda7ed9025","Red-necked Grebe","reporting_spawn_minus_early_egg",-0.00398327035530917
"A","reliability_shrunk","posterior_mean","atx_86eda7ed9025","Red-necked Grebe","count_spawn_minus_early_egg",-0.0135208958290209
"A","reliability_shrunk","posterior_mean","atx_c12b832d2b03","California Gull","reporting_active_minus_pre",0.233009671675456
"A","reliability_shrunk","posterior_mean","atx_c12b832d2b03","California Gull","count_active_minus_pre",0.114832188668021
"A","reliability_shrunk","posterior_mean","atx_c12b832d2b03","California Gull","reporting_spawn_minus_early_egg",0.100392998629948
"A","reliability_shrunk","posterior_mean","atx_c12b832d2b03","California Gull","count_spawn_minus_early_egg",-0.0390020327567596
"A","reliability_shrunk","posterior_mean","atx_8608f2ed61cf","Pigeon Guillemot","reporting_active_minus_pre",0.00748367502672147
"A","reliability_shrunk","posterior_mean","atx_8608f2ed61cf","Pigeon Guillemot","count_active_minus_pre",0.0300580490443025
"A","reliability_shrunk","posterior_mean","atx_8608f2ed61cf","Pigeon Guillemot","reporting_spawn_minus_early_egg",0.00374324501964165
"A","reliability_shrunk","posterior_mean","atx_8608f2ed61cf","Pigeon Guillemot","count_spawn_minus_early_egg",-0.0357633664790903
"A","reliability_shrunk","posterior_mean","atx_c34f23342a55","Pacific Loon","reporting_active_minus_pre",-0.0373159310143603
"A","reliability_shrunk","posterior_mean","atx_c34f23342a55","Pacific Loon","count_active_minus_pre",0.108084336112273
"A","reliability_shrunk","posterior_mean","atx_c34f23342a55","Pacific Loon","reporting_spawn_minus_early_egg",0.011210025111299
"A","reliability_shrunk","posterior_mean","atx_c34f23342a55","Pacific Loon","count_spawn_minus_early_egg",0.0245179507802822
"A","reliability_shrunk","posterior_mean","atx_v2_000003","Dunlin","reporting_active_minus_pre",-0.0146861880589103
"A","reliability_shrunk","posterior_mean","atx_v2_000003","Dunlin","count_active_minus_pre",0.0425169149378373
"A","reliability_shrunk","posterior_mean","atx_v2_000003","Dunlin","reporting_spawn_minus_early_egg",-0.00824117988613006
"A","reliability_shrunk","posterior_mean","atx_v2_000003","Dunlin","count_spawn_minus_early_egg",-0.0210834013473188
"A","reliability_shrunk","posterior_mean","atx_3083477933a8","White-winged Scoter","reporting_active_minus_pre",0.0703082767926816
"A","reliability_shrunk","posterior_mean","atx_3083477933a8","White-winged Scoter","count_active_minus_pre",0.117964147587788
"A","reliability_shrunk","posterior_mean","atx_3083477933a8","White-winged Scoter","reporting_spawn_minus_early_egg",0.0108516762044083
"A","reliability_shrunk","posterior_mean","atx_3083477933a8","White-winged Scoter","count_spawn_minus_early_egg",-0.122173224519688
"A","reliability_shrunk","posterior_mean","atx_aa5353f6d6d2","Iceland Gull","reporting_active_minus_pre",0.21113337814222
"A","reliability_shrunk","posterior_mean","atx_aa5353f6d6d2","Iceland Gull","count_active_minus_pre",0.10384340808456
"A","reliability_shrunk","posterior_mean","atx_aa5353f6d6d2","Iceland Gull","reporting_spawn_minus_early_egg",0.0578868134542567
"A","reliability_shrunk","posterior_mean","atx_aa5353f6d6d2","Iceland Gull","count_spawn_minus_early_egg",-0.0661069107754092
"A","reliability_shrunk","posterior_mean","atx_08bb40b40c0a","Ring-billed Gull","reporting_active_minus_pre",-0.00485333707835586
"A","reliability_shrunk","posterior_mean","atx_08bb40b40c0a","Ring-billed Gull","count_active_minus_pre",0.0454322508424606
"A","reliability_shrunk","posterior_mean","atx_08bb40b40c0a","Ring-billed Gull","reporting_spawn_minus_early_egg",0.0230240257439817
"A","reliability_shrunk","posterior_mean","atx_08bb40b40c0a","Ring-billed Gull","count_spawn_minus_early_egg",0.0358009712612445
"A","reliability_shrunk","posterior_mean","atx_4ae57d328ec6","Greater Scaup","reporting_active_minus_pre",0.106070762554005
"A","reliability_shrunk","posterior_mean","atx_4ae57d328ec6","Greater Scaup","count_active_minus_pre",0.112668886820437
"A","reliability_shrunk","posterior_mean","atx_4ae57d328ec6","Greater Scaup","reporting_spawn_minus_early_egg",0.0125414233155691
"A","reliability_shrunk","posterior_mean","atx_4ae57d328ec6","Greater Scaup","count_spawn_minus_early_egg",-0.121988964802272
"A","reliability_shrunk","posterior_mean","atx_15dd5efcd8d6","Black Turnstone","reporting_active_minus_pre",-0.0118127772173426
"A","reliability_shrunk","posterior_mean","atx_15dd5efcd8d6","Black Turnstone","count_active_minus_pre",0.0852331034580521
"A","reliability_shrunk","posterior_mean","atx_15dd5efcd8d6","Black Turnstone","reporting_spawn_minus_early_egg",0.0050668179325815
"A","reliability_shrunk","posterior_mean","atx_15dd5efcd8d6","Black Turnstone","count_spawn_minus_early_egg",-0.039636193274937
"A","reliability_shrunk","posterior_mean","atx_fadb8da1a816","Bonaparte's Gull","reporting_active_minus_pre",0.204515448909386
"A","reliability_shrunk","posterior_mean","atx_fadb8da1a816","Bonaparte's Gull","count_active_minus_pre",0.0754465466939105
"A","reliability_shrunk","posterior_mean","atx_fadb8da1a816","Bonaparte's Gull","reporting_spawn_minus_early_egg",-0.0404710636723909
"A","reliability_shrunk","posterior_mean","atx_fadb8da1a816","Bonaparte's Gull","count_spawn_minus_early_egg",-0.0356804860313792
"A","reliability_shrunk","posterior_mean","atx_v2_000006","Black-bellied Plover","reporting_active_minus_pre",-0.0227777869266591
"A","reliability_shrunk","posterior_mean","atx_v2_000006","Black-bellied Plover","count_active_minus_pre",0.00724162403827094
"A","reliability_shrunk","posterior_mean","atx_v2_000006","Black-bellied Plover","reporting_spawn_minus_early_egg",-0.0131153959043973
"A","reliability_shrunk","posterior_mean","atx_v2_000006","Black-bellied Plover","count_spawn_minus_early_egg",-0.0519269335366067
"A","reliability_shrunk","posterior_mean","atx_59441ff7abde","Brant","reporting_active_minus_pre",0.121605464097567
"A","reliability_shrunk","posterior_mean","atx_59441ff7abde","Brant","count_active_minus_pre",0.0650570162861786
"A","reliability_shrunk","posterior_mean","atx_59441ff7abde","Brant","reporting_spawn_minus_early_egg",0.0151566034817495
"A","reliability_shrunk","posterior_mean","atx_59441ff7abde","Brant","count_spawn_minus_early_egg",-0.0261818110932808
"A","reliability_shrunk","posterior_mean","atx_acf526bb8010","Marbled Murrelet","reporting_active_minus_pre",-0.00228314990489586
"A","reliability_shrunk","posterior_mean","atx_acf526bb8010","Marbled Murrelet","count_active_minus_pre",0.0670429886309678
"A","reliability_shrunk","posterior_mean","atx_acf526bb8010","Marbled Murrelet","reporting_spawn_minus_early_egg",0.0066720192295602
"A","reliability_shrunk","posterior_mean","atx_acf526bb8010","Marbled Murrelet","count_spawn_minus_early_egg",-0.0816965715736352
"A","reliability_shrunk","posterior_mean","atx_40f730f5ad72","Long-tailed Duck","reporting_active_minus_pre",0.103962013755608
"A","reliability_shrunk","posterior_mean","atx_40f730f5ad72","Long-tailed Duck","count_active_minus_pre",0.228679943548289
"A","reliability_shrunk","posterior_mean","atx_40f730f5ad72","Long-tailed Duck","reporting_spawn_minus_early_egg",-0.0394405915557173
"A","reliability_shrunk","posterior_mean","atx_40f730f5ad72","Long-tailed Duck","count_spawn_minus_early_egg",-0.148385486424519
"A","reliability_shrunk","posterior_mean","atx_98ca0000b734","Brandt's Cormorant","reporting_active_minus_pre",0.0148290648510181
"A","reliability_shrunk","posterior_mean","atx_98ca0000b734","Brandt's Cormorant","count_active_minus_pre",0.0462341160418761
"A","reliability_shrunk","posterior_mean","atx_98ca0000b734","Brandt's Cormorant","reporting_spawn_minus_early_egg",0.0245016465345739
"A","reliability_shrunk","posterior_mean","atx_98ca0000b734","Brandt's Cormorant","count_spawn_minus_early_egg",0.000118160263306264
"A","reliability_shrunk","posterior_mean","atx_136b0e66254b","Common Murre","reporting_active_minus_pre",-0.0393925624851273
"A","reliability_shrunk","posterior_mean","atx_136b0e66254b","Common Murre","count_active_minus_pre",0.0138741206599983
"A","reliability_shrunk","posterior_mean","atx_136b0e66254b","Common Murre","reporting_spawn_minus_early_egg",0.0137075971491816
"A","reliability_shrunk","posterior_mean","atx_136b0e66254b","Common Murre","count_spawn_minus_early_egg",0.0495038332331266
"A","reliability_shrunk","posterior_mean","atx_7571c026ae99","American Herring Gull","reporting_active_minus_pre",0.238947933023393
"A","reliability_shrunk","posterior_mean","atx_7571c026ae99","American Herring Gull","count_active_minus_pre",0.0413887595261166
"A","reliability_shrunk","posterior_mean","atx_7571c026ae99","American Herring Gull","reporting_spawn_minus_early_egg",0.0166328778330529
"A","reliability_shrunk","posterior_mean","atx_7571c026ae99","American Herring Gull","count_spawn_minus_early_egg",-0.0337984067244521
"A","reliability_shrunk","posterior_mean","atx_1328b44be502","Black Scoter","reporting_active_minus_pre",0.0977215797806981
"A","reliability_shrunk","posterior_mean","atx_1328b44be502","Black Scoter","count_active_minus_pre",0.0393121282731784
"A","reliability_shrunk","posterior_mean","atx_1328b44be502","Black Scoter","reporting_spawn_minus_early_egg",-0.00579665100357553
"A","reliability_shrunk","posterior_mean","atx_1328b44be502","Black Scoter","count_spawn_minus_early_egg",-0.074051704506355
"A","reliability_shrunk","posterior_mean","atx_04cf65098f13","Red-throated Loon","reporting_active_minus_pre",0.0321654042086653
"A","reliability_shrunk","posterior_mean","atx_04cf65098f13","Red-throated Loon","count_active_minus_pre",0.056690239566262
"A","reliability_shrunk","posterior_mean","atx_04cf65098f13","Red-throated Loon","reporting_spawn_minus_early_egg",0.0252233698629021
"A","reliability_shrunk","posterior_mean","atx_04cf65098f13","Red-throated Loon","count_spawn_minus_early_egg",-0.016680183094767
"A","reliability_shrunk","posterior_mean","atx_ebf17f77fb66","Western Grebe","reporting_active_minus_pre",-0.0671047297846298
"A","reliability_shrunk","posterior_mean","atx_ebf17f77fb66","Western Grebe","count_active_minus_pre",0.0675653027173471
"A","reliability_shrunk","posterior_mean","atx_ebf17f77fb66","Western Grebe","reporting_spawn_minus_early_egg",0.014921948751505
"A","reliability_shrunk","posterior_mean","atx_ebf17f77fb66","Western Grebe","count_spawn_minus_early_egg",-0.00873583405783948
"A","reliability_shrunk","posterior_mean","atx_5a9a3495d0ea","Western Gull","reporting_active_minus_pre",0.0802175115734332
"A","reliability_shrunk","posterior_mean","atx_5a9a3495d0ea","Western Gull","count_active_minus_pre",0.0678909651112504
"A","reliability_shrunk","posterior_mean","atx_5a9a3495d0ea","Western Gull","reporting_spawn_minus_early_egg",-0.00545914444693769
"A","reliability_shrunk","posterior_mean","atx_5a9a3495d0ea","Western Gull","count_spawn_minus_early_egg",0.0396795189453472
"A","unweighted","clustering_matrix","atx_c9db024faf12","American Crow","reporting_active_minus_pre",-0.228596375971582
"A","unweighted","clustering_matrix","atx_c9db024faf12","American Crow","count_active_minus_pre",-0.838643168564551
"A","unweighted","clustering_matrix","atx_c9db024faf12","American Crow","reporting_spawn_minus_early_egg",-0.000166506678198063
"A","unweighted","clustering_matrix","atx_c9db024faf12","American Crow","count_spawn_minus_early_egg",0.279169963702444
"A","unweighted","clustering_matrix","atx_725074cbfcb6","Glaucous-winged Gull","reporting_active_minus_pre",0.598898356159989
"A","unweighted","clustering_matrix","atx_725074cbfcb6","Glaucous-winged Gull","count_active_minus_pre",0.86293399859472
"A","unweighted","clustering_matrix","atx_725074cbfcb6","Glaucous-winged Gull","reporting_spawn_minus_early_egg",0.80777081386628
"A","unweighted","clustering_matrix","atx_725074cbfcb6","Glaucous-winged Gull","count_spawn_minus_early_egg",1.01605142107043
"A","unweighted","clustering_matrix","atx_815c98107028","Mallard","reporting_active_minus_pre",-0.308207440592978
"A","unweighted","clustering_matrix","atx_815c98107028","Mallard","count_active_minus_pre",-0.131774062258505
"A","unweighted","clustering_matrix","atx_815c98107028","Mallard","reporting_spawn_minus_early_egg",0.530841064648187
"A","unweighted","clustering_matrix","atx_815c98107028","Mallard","count_spawn_minus_early_egg",0.223453881268602
"A","unweighted","clustering_matrix","atx_fc0a9b777dcd","Bald Eagle","reporting_active_minus_pre",-0.10192244759078
"A","unweighted","clustering_matrix","atx_fc0a9b777dcd","Bald Eagle","count_active_minus_pre",-0.234960958966735
"A","unweighted","clustering_matrix","atx_fc0a9b777dcd","Bald Eagle","reporting_spawn_minus_early_egg",1.7609042225678
"A","unweighted","clustering_matrix","atx_fc0a9b777dcd","Bald Eagle","count_spawn_minus_early_egg",1.69596952174597
"A","unweighted","clustering_matrix","atx_b3d3ea90f9cb","Canada Goose","reporting_active_minus_pre",-0.489064234462488
"A","unweighted","clustering_matrix","atx_b3d3ea90f9cb","Canada Goose","count_active_minus_pre",-0.446589077404866
"A","unweighted","clustering_matrix","atx_b3d3ea90f9cb","Canada Goose","reporting_spawn_minus_early_egg",-0.0851748823628721
"A","unweighted","clustering_matrix","atx_b3d3ea90f9cb","Canada Goose","count_spawn_minus_early_egg",0.827702047949446
"A","unweighted","clustering_matrix","atx_v2_000007","Common Raven","reporting_active_minus_pre",-0.889193871838826
"A","unweighted","clustering_matrix","atx_v2_000007","Common Raven","count_active_minus_pre",-0.936599014676316
"A","unweighted","clustering_matrix","atx_v2_000007","Common Raven","reporting_spawn_minus_early_egg",0.0614801759793254
"A","unweighted","clustering_matrix","atx_v2_000007","Common Raven","count_spawn_minus_early_egg",0.331185975975068
"A","unweighted","clustering_matrix","atx_99238953638b","Bufflehead","reporting_active_minus_pre",-0.889070475350108
"A","unweighted","clustering_matrix","atx_99238953638b","Bufflehead","count_active_minus_pre",0.372894755255422
"A","unweighted","clustering_matrix","atx_99238953638b","Bufflehead","reporting_spawn_minus_early_egg",1.63438796416862
"A","unweighted","clustering_matrix","atx_99238953638b","Bufflehead","count_spawn_minus_early_egg",0.0281897872908013
"A","unweighted","clustering_matrix","atx_7b80ddaff058","Great Blue Heron","reporting_active_minus_pre",-0.338434850532294
"A","unweighted","clustering_matrix","atx_7b80ddaff058","Great Blue Heron","count_active_minus_pre",-0.892693064215573
"A","unweighted","clustering_matrix","atx_7b80ddaff058","Great Blue Heron","reporting_spawn_minus_early_egg",1.50856033951413
"A","unweighted","clustering_matrix","atx_7b80ddaff058","Great Blue Heron","count_spawn_minus_early_egg",0.431844577455676
"A","unweighted","clustering_matrix","atx_a113baee5693","American Wigeon","reporting_active_minus_pre",0.374579078463249
"A","unweighted","clustering_matrix","atx_a113baee5693","American Wigeon","count_active_minus_pre",-0.301293012575875
"A","unweighted","clustering_matrix","atx_a113baee5693","American Wigeon","reporting_spawn_minus_early_egg",0.121649846262698
"A","unweighted","clustering_matrix","atx_a113baee5693","American Wigeon","count_spawn_minus_early_egg",-0.0204400988337557
"A","unweighted","clustering_matrix","atx_a444854c6b66","Double-crested Cormorant","reporting_active_minus_pre",-0.189530141555076
"A","unweighted","clustering_matrix","atx_a444854c6b66","Double-crested Cormorant","count_active_minus_pre",0.123153906382297
"A","unweighted","clustering_matrix","atx_a444854c6b66","Double-crested Cormorant","reporting_spawn_minus_early_egg",0.088443443710944
"A","unweighted","clustering_matrix","atx_a444854c6b66","Double-crested Cormorant","count_spawn_minus_early_egg",0.779590989428102
"A","unweighted","clustering_matrix","atx_35518e24dfdd","Common Merganser","reporting_active_minus_pre",0.777710124095508
"A","unweighted","clustering_matrix","atx_35518e24dfdd","Common Merganser","count_active_minus_pre",0.274857356340448
"A","unweighted","clustering_matrix","atx_35518e24dfdd","Common Merganser","reporting_spawn_minus_early_egg",0.868533692570046
"A","unweighted","clustering_matrix","atx_35518e24dfdd","Common Merganser","count_spawn_minus_early_egg",0.73740421863182
"A","unweighted","clustering_matrix","atx_e0e678a61ad7","Short-billed Gull","reporting_active_minus_pre",1.35185992528373
"A","unweighted","clustering_matrix","atx_e0e678a61ad7","Short-billed Gull","count_active_minus_pre",2.07393511238427
"A","unweighted","clustering_matrix","atx_e0e678a61ad7","Short-billed Gull","reporting_spawn_minus_early_egg",0.38666219918356
"A","unweighted","clustering_matrix","atx_e0e678a61ad7","Short-billed Gull","count_spawn_minus_early_egg",0.116669850027966
"A","unweighted","clustering_matrix","atx_82312e6f2848","Common Goldeneye","reporting_active_minus_pre",-0.453341087536526
"A","unweighted","clustering_matrix","atx_82312e6f2848","Common Goldeneye","count_active_minus_pre",1.12021511183015
"A","unweighted","clustering_matrix","atx_82312e6f2848","Common Goldeneye","reporting_spawn_minus_early_egg",0.723244521434595
"A","unweighted","clustering_matrix","atx_82312e6f2848","Common Goldeneye","count_spawn_minus_early_egg",-0.836632882634355
"A","unweighted","clustering_matrix","atx_04afbeb21fb0","Hooded Merganser","reporting_active_minus_pre",-0.258794705641448
"A","unweighted","clustering_matrix","atx_04afbeb21fb0","Hooded Merganser","count_active_minus_pre",-0.712172843838516
"A","unweighted","clustering_matrix","atx_04afbeb21fb0","Hooded Merganser","reporting_spawn_minus_early_egg",0.495293335099781
"A","unweighted","clustering_matrix","atx_04afbeb21fb0","Hooded Merganser","count_spawn_minus_early_egg",0.169413625531482
"A","unweighted","clustering_matrix","atx_35707a9578d5","Pelagic Cormorant","reporting_active_minus_pre",-0.0487772934459641
"A","unweighted","clustering_matrix","atx_35707a9578d5","Pelagic Cormorant","count_active_minus_pre",-0.654425432409906
"A","unweighted","clustering_matrix","atx_35707a9578d5","Pelagic Cormorant","reporting_spawn_minus_early_egg",-0.491295450838585
"A","unweighted","clustering_matrix","atx_35707a9578d5","Pelagic Cormorant","count_spawn_minus_early_egg",0.315902465172689
"A","unweighted","clustering_matrix","atx_1930f23cc4f8","Surf Scoter","reporting_active_minus_pre",-0.393879319432003
"A","unweighted","clustering_matrix","atx_1930f23cc4f8","Surf Scoter","count_active_minus_pre",2.10983508025478
"A","unweighted","clustering_matrix","atx_1930f23cc4f8","Surf Scoter","reporting_spawn_minus_early_egg",0.537530726392746
"A","unweighted","clustering_matrix","atx_1930f23cc4f8","Surf Scoter","count_spawn_minus_early_egg",-1.68319118439309
"A","unweighted","clustering_matrix","atx_9ae1aa9b7fdf","Common Loon","reporting_active_minus_pre",-0.899105816680857
"A","unweighted","clustering_matrix","atx_9ae1aa9b7fdf","Common Loon","count_active_minus_pre",-0.425640387292676
"A","unweighted","clustering_matrix","atx_9ae1aa9b7fdf","Common Loon","reporting_spawn_minus_early_egg",-0.679629469565934
"A","unweighted","clustering_matrix","atx_9ae1aa9b7fdf","Common Loon","count_spawn_minus_early_egg",0.657848531341873
"A","unweighted","clustering_matrix","atx_7d980a7c8c37","Northern Pintail","reporting_active_minus_pre",1.05874917210699
"A","unweighted","clustering_matrix","atx_7d980a7c8c37","Northern Pintail","count_active_minus_pre",-0.0231756455273269
"A","unweighted","clustering_matrix","atx_7d980a7c8c37","Northern Pintail","reporting_spawn_minus_early_egg",-0.0738208374708045
"A","unweighted","clustering_matrix","atx_7d980a7c8c37","Northern Pintail","count_spawn_minus_early_egg",0.310493327404315
"A","unweighted","clustering_matrix","atx_v2_000002","Black Oystercatcher","reporting_active_minus_pre",-0.733517698553312
"A","unweighted","clustering_matrix","atx_v2_000002","Black Oystercatcher","count_active_minus_pre",-1.01434135697668
"A","unweighted","clustering_matrix","atx_v2_000002","Black Oystercatcher","reporting_spawn_minus_early_egg",-0.217972696666337
"A","unweighted","clustering_matrix","atx_v2_000002","Black Oystercatcher","count_spawn_minus_early_egg",0.142520879171042
"A","unweighted","clustering_matrix","atx_c2d1fbbaf6d3","Red-breasted Merganser","reporting_active_minus_pre",-0.48861001736165
"A","unweighted","clustering_matrix","atx_c2d1fbbaf6d3","Red-breasted Merganser","count_active_minus_pre",0.448437879696224
"A","unweighted","clustering_matrix","atx_c2d1fbbaf6d3","Red-breasted Merganser","reporting_spawn_minus_early_egg",0.636280350981776
"A","unweighted","clustering_matrix","atx_c2d1fbbaf6d3","Red-breasted Merganser","count_spawn_minus_early_egg",0.942409155096792
"A","unweighted","clustering_matrix","atx_6b4cfd1ab927","Horned Grebe","reporting_active_minus_pre",-0.963292237650502
"A","unweighted","clustering_matrix","atx_6b4cfd1ab927","Horned Grebe","count_active_minus_pre",-0.70009210408689
"A","unweighted","clustering_matrix","atx_6b4cfd1ab927","Horned Grebe","reporting_spawn_minus_early_egg",-0.60039969655432
"A","unweighted","clustering_matrix","atx_6b4cfd1ab927","Horned Grebe","count_spawn_minus_early_egg",0.0423019520737891
"A","unweighted","clustering_matrix","atx_87b306550dba","Harlequin Duck","reporting_active_minus_pre",0.688394987772489
"A","unweighted","clustering_matrix","atx_87b306550dba","Harlequin Duck","count_active_minus_pre",1.18476819493139
"A","unweighted","clustering_matrix","atx_87b306550dba","Harlequin Duck","reporting_spawn_minus_early_egg",0.0460932250258991
"A","unweighted","clustering_matrix","atx_87b306550dba","Harlequin Duck","count_spawn_minus_early_egg",-0.370238216591489
"A","unweighted","clustering_matrix","atx_d7dd9536145c","Barrow's Goldeneye","reporting_active_minus_pre",-0.014780599004198
"A","unweighted","clustering_matrix","atx_d7dd9536145c","Barrow's Goldeneye","count_active_minus_pre",0.157026257489195
"A","unweighted","clustering_matrix","atx_d7dd9536145c","Barrow's Goldeneye","reporting_spawn_minus_early_egg",-0.848935033768589
"A","unweighted","clustering_matrix","atx_d7dd9536145c","Barrow's Goldeneye","count_spawn_minus_early_egg",-0.326551516449107
"A","unweighted","clustering_matrix","atx_d002764a39e8","Lesser Scaup","reporting_active_minus_pre",1.42382968188367
"A","unweighted","clustering_matrix","atx_d002764a39e8","Lesser Scaup","count_active_minus_pre",0.0404298216587906
"A","unweighted","clustering_matrix","atx_d002764a39e8","Lesser Scaup","reporting_spawn_minus_early_egg",-0.96890838976254
"A","unweighted","clustering_matrix","atx_d002764a39e8","Lesser Scaup","count_spawn_minus_early_egg",-2.23655897021816
"A","unweighted","clustering_matrix","atx_86eda7ed9025","Red-necked Grebe","reporting_active_minus_pre",0.0715295516536454
"A","unweighted","clustering_matrix","atx_86eda7ed9025","Red-necked Grebe","count_active_minus_pre",-0.727345482663245
"A","unweighted","clustering_matrix","atx_86eda7ed9025","Red-necked Grebe","reporting_spawn_minus_early_egg",-0.361742529078176
"A","unweighted","clustering_matrix","atx_86eda7ed9025","Red-necked Grebe","count_spawn_minus_early_egg",0.308391714081876
"A","unweighted","clustering_matrix","atx_c12b832d2b03","California Gull","reporting_active_minus_pre",1.75095890203424
"A","unweighted","clustering_matrix","atx_c12b832d2b03","California Gull","count_active_minus_pre",0.646613715844411
"A","unweighted","clustering_matrix","atx_c12b832d2b03","California Gull","reporting_spawn_minus_early_egg",2.24211408953125
"A","unweighted","clustering_matrix","atx_c12b832d2b03","California Gull","count_spawn_minus_early_egg",-0.0187941560736417
"A","unweighted","clustering_matrix","atx_8608f2ed61cf","Pigeon Guillemot","reporting_active_minus_pre",-0.503263145022026
"A","unweighted","clustering_matrix","atx_8608f2ed61cf","Pigeon Guillemot","count_active_minus_pre",-0.730759772640618
"A","unweighted","clustering_matrix","atx_8608f2ed61cf","Pigeon Guillemot","reporting_spawn_minus_early_egg",-0.329051104948171
"A","unweighted","clustering_matrix","atx_8608f2ed61cf","Pigeon Guillemot","count_spawn_minus_early_egg",-0.00591762098167056
"A","unweighted","clustering_matrix","atx_c34f23342a55","Pacific Loon","reporting_active_minus_pre",-0.938207215883605
"A","unweighted","clustering_matrix","atx_c34f23342a55","Pacific Loon","count_active_minus_pre",0.737609202727791
"A","unweighted","clustering_matrix","atx_c34f23342a55","Pacific Loon","reporting_spawn_minus_early_egg",0.0213615339517724
"A","unweighted","clustering_matrix","atx_c34f23342a55","Pacific Loon","count_spawn_minus_early_egg",0.909121061017716
"A","unweighted","clustering_matrix","atx_v2_000003","Dunlin","reporting_active_minus_pre",-0.727252608053412
"A","unweighted","clustering_matrix","atx_v2_000003","Dunlin","count_active_minus_pre",-0.755359911915536
"A","unweighted","clustering_matrix","atx_v2_000003","Dunlin","reporting_spawn_minus_early_egg",-0.746695502229927
"A","unweighted","clustering_matrix","atx_v2_000003","Dunlin","count_spawn_minus_early_egg",-0.110615031168034
"A","unweighted","clustering_matrix","atx_3083477933a8","White-winged Scoter","reporting_active_minus_pre",0.201542709934731
"A","unweighted","clustering_matrix","atx_3083477933a8","White-winged Scoter","count_active_minus_pre",0.882612668385366
"A","unweighted","clustering_matrix","atx_3083477933a8","White-winged Scoter","reporting_spawn_minus_early_egg",0.0227424719321499
"A","unweighted","clustering_matrix","atx_3083477933a8","White-winged Scoter","count_spawn_minus_early_egg",-1.58467336436457
"A","unweighted","clustering_matrix","atx_aa5353f6d6d2","Iceland Gull","reporting_active_minus_pre",1.60214073687658
"A","unweighted","clustering_matrix","atx_aa5353f6d6d2","Iceland Gull","count_active_minus_pre",0.586036713187827
"A","unweighted","clustering_matrix","atx_aa5353f6d6d2","Iceland Gull","reporting_spawn_minus_early_egg",1.32798976358072
"A","unweighted","clustering_matrix","atx_aa5353f6d6d2","Iceland Gull","count_spawn_minus_early_egg",-0.55434328160244
"A","unweighted","clustering_matrix","atx_08bb40b40c0a","Ring-billed Gull","reporting_active_minus_pre",-0.679677575651472
"A","unweighted","clustering_matrix","atx_08bb40b40c0a","Ring-billed Gull","count_active_minus_pre",-0.618585988623273
"A","unweighted","clustering_matrix","atx_08bb40b40c0a","Ring-billed Gull","reporting_spawn_minus_early_egg",0.423198378063893
"A","unweighted","clustering_matrix","atx_08bb40b40c0a","Ring-billed Gull","count_spawn_minus_early_egg",1.16396799464285
"A","unweighted","clustering_matrix","atx_4ae57d328ec6","Greater Scaup","reporting_active_minus_pre",0.55084530682142
"A","unweighted","clustering_matrix","atx_4ae57d328ec6","Greater Scaup","count_active_minus_pre",0.793271298730052
"A","unweighted","clustering_matrix","atx_4ae57d328ec6","Greater Scaup","reporting_spawn_minus_early_egg",0.109427841395496
"A","unweighted","clustering_matrix","atx_4ae57d328ec6","Greater Scaup","count_spawn_minus_early_egg",-1.527255083121
"A","unweighted","clustering_matrix","atx_15dd5efcd8d6","Black Turnstone","reporting_active_minus_pre",-0.778434511802896
"A","unweighted","clustering_matrix","atx_15dd5efcd8d6","Black Turnstone","count_active_minus_pre",0.35524385329279
"A","unweighted","clustering_matrix","atx_15dd5efcd8d6","Black Turnstone","reporting_spawn_minus_early_egg",-0.436160100317299
"A","unweighted","clustering_matrix","atx_15dd5efcd8d6","Black Turnstone","count_spawn_minus_early_egg",-0.577428140805196
"A","unweighted","clustering_matrix","atx_fadb8da1a816","Bonaparte's Gull","reporting_active_minus_pre",2.68990587460579
"A","unweighted","clustering_matrix","atx_fadb8da1a816","Bonaparte's Gull","count_active_minus_pre",0.79614881269081
"A","unweighted","clustering_matrix","atx_fadb8da1a816","Bonaparte's Gull","reporting_spawn_minus_early_egg",-2.34514386360889
"A","unweighted","clustering_matrix","atx_fadb8da1a816","Bonaparte's Gull","count_spawn_minus_early_egg",-0.627930460218669
"A","unweighted","clustering_matrix","atx_v2_000006","Black-bellied Plover","reporting_active_minus_pre",-0.887935570969975
"A","unweighted","clustering_matrix","atx_v2_000006","Black-bellied Plover","count_active_minus_pre",-1.36229073609928
"A","unweighted","clustering_matrix","atx_v2_000006","Black-bellied Plover","reporting_spawn_minus_early_egg",-1.18355574299186
"A","unweighted","clustering_matrix","atx_v2_000006","Black-bellied Plover","count_spawn_minus_early_egg",-0.54165885902926
"A","unweighted","clustering_matrix","atx_59441ff7abde","Brant","reporting_active_minus_pre",0.774038305883182
"A","unweighted","clustering_matrix","atx_59441ff7abde","Brant","count_active_minus_pre",-0.162441061587794
"A","unweighted","clustering_matrix","atx_59441ff7abde","Brant","reporting_spawn_minus_early_egg",0.144179370708697
"A","unweighted","clustering_matrix","atx_59441ff7abde","Brant","count_spawn_minus_early_egg",0.0469083610933743
"A","unweighted","clustering_matrix","atx_acf526bb8010","Marbled Murrelet","reporting_active_minus_pre",-0.951304093118463
"A","unweighted","clustering_matrix","atx_acf526bb8010","Marbled Murrelet","count_active_minus_pre",-0.0918309177193234
"A","unweighted","clustering_matrix","atx_acf526bb8010","Marbled Murrelet","reporting_spawn_minus_early_egg",-0.861238520488879
"A","unweighted","clustering_matrix","atx_acf526bb8010","Marbled Murrelet","count_spawn_minus_early_egg",-1.33503111591975
"A","unweighted","clustering_matrix","atx_40f730f5ad72","Long-tailed Duck","reporting_active_minus_pre",0.612946301195616
"A","unweighted","clustering_matrix","atx_40f730f5ad72","Long-tailed Duck","count_active_minus_pre",3.18544079553702
"A","unweighted","clustering_matrix","atx_40f730f5ad72","Long-tailed Duck","reporting_spawn_minus_early_egg",-1.85308961795509
"A","unweighted","clustering_matrix","atx_40f730f5ad72","Long-tailed Duck","count_spawn_minus_early_egg",-2.02076625447172
"A","unweighted","clustering_matrix","atx_98ca0000b734","Brandt's Cormorant","reporting_active_minus_pre",-0.493614156062632
"A","unweighted","clustering_matrix","atx_98ca0000b734","Brandt's Cormorant","count_active_minus_pre",-0.636194247674396
"A","unweighted","clustering_matrix","atx_98ca0000b734","Brandt's Cormorant","reporting_spawn_minus_early_egg",0.522574524173428
"A","unweighted","clustering_matrix","atx_98ca0000b734","Brandt's Cormorant","count_spawn_minus_early_egg",0.464516914435617
"A","unweighted","clustering_matrix","atx_136b0e66254b","Common Murre","reporting_active_minus_pre",-1.49951861905081
"A","unweighted","clustering_matrix","atx_136b0e66254b","Common Murre","count_active_minus_pre",-2.79726269711842
"A","unweighted","clustering_matrix","atx_136b0e66254b","Common Murre","reporting_spawn_minus_early_egg",-0.249828931460585
"A","unweighted","clustering_matrix","atx_136b0e66254b","Common Murre","count_spawn_minus_early_egg",3.35574029112132
"A","unweighted","clustering_matrix","atx_7571c026ae99","American Herring Gull","reporting_active_minus_pre",2.19162617372762
"A","unweighted","clustering_matrix","atx_7571c026ae99","American Herring Gull","count_active_minus_pre",-0.552821727046005
"A","unweighted","clustering_matrix","atx_7571c026ae99","American Herring Gull","reporting_spawn_minus_early_egg",0.187516521721696
"A","unweighted","clustering_matrix","atx_7571c026ae99","American Herring Gull","count_spawn_minus_early_egg",0.0614850327417146
"A","unweighted","clustering_matrix","atx_1328b44be502","Black Scoter","reporting_active_minus_pre",0.578836952653647
"A","unweighted","clustering_matrix","atx_1328b44be502","Black Scoter","count_active_minus_pre",-0.793542776152546
"A","unweighted","clustering_matrix","atx_1328b44be502","Black Scoter","reporting_spawn_minus_early_egg",-0.836537940120063
"A","unweighted","clustering_matrix","atx_1328b44be502","Black Scoter","count_spawn_minus_early_egg",-1.19435976659218
"A","unweighted","clustering_matrix","atx_04cf65098f13","Red-throated Loon","reporting_active_minus_pre",-0.43093389070822
"A","unweighted","clustering_matrix","atx_04cf65098f13","Red-throated Loon","count_active_minus_pre",-0.42818279909027
"A","unweighted","clustering_matrix","atx_04cf65098f13","Red-throated Loon","reporting_spawn_minus_early_egg",1.38416943129047
"A","unweighted","clustering_matrix","atx_04cf65098f13","Red-throated Loon","count_spawn_minus_early_egg",-0.371868014359058
"A","unweighted","clustering_matrix","atx_ebf17f77fb66","Western Grebe","reporting_active_minus_pre",-2.51281009275427
"A","unweighted","clustering_matrix","atx_ebf17f77fb66","Western Grebe","count_active_minus_pre",0.344316510826349
"A","unweighted","clustering_matrix","atx_ebf17f77fb66","Western Grebe","reporting_spawn_minus_early_egg",-0.502159860280084
"A","unweighted","clustering_matrix","atx_ebf17f77fb66","Western Grebe","count_spawn_minus_early_egg",-0.386246179080081
"A","unweighted","clustering_matrix","atx_5a9a3495d0ea","Western Gull","reporting_active_minus_pre",0.792677951126272
"A","unweighted","clustering_matrix","atx_5a9a3495d0ea","Western Gull","count_active_minus_pre",-0.126762798914986
"A","unweighted","clustering_matrix","atx_5a9a3495d0ea","Western Gull","reporting_spawn_minus_early_egg",-2.92144317060876
"A","unweighted","clustering_matrix","atx_5a9a3495d0ea","Western Gull","count_spawn_minus_early_egg",0.972246657434456
"A","inverse_variance","clustering_matrix","atx_c9db024faf12","American Crow","reporting_active_minus_pre",-0.371635298278827
"A","inverse_variance","clustering_matrix","atx_c9db024faf12","American Crow","count_active_minus_pre",-1.54183964521256
"A","inverse_variance","clustering_matrix","atx_c9db024faf12","American Crow","reporting_spawn_minus_early_egg",-0.000263628627533547
"A","inverse_variance","clustering_matrix","atx_c9db024faf12","American Crow","count_spawn_minus_early_egg",0.504965502863126
"A","inverse_variance","clustering_matrix","atx_725074cbfcb6","Glaucous-winged Gull","reporting_active_minus_pre",0.848199617481015
"A","inverse_variance","clustering_matrix","atx_725074cbfcb6","Glaucous-winged Gull","count_active_minus_pre",1.2756133161395
"A","inverse_variance","clustering_matrix","atx_725074cbfcb6","Glaucous-winged Gull","reporting_spawn_minus_early_egg",1.08126563254322
"A","inverse_variance","clustering_matrix","atx_725074cbfcb6","Glaucous-winged Gull","count_spawn_minus_early_egg",1.46791724516545
"A","inverse_variance","clustering_matrix","atx_815c98107028","Mallard","reporting_active_minus_pre",-0.446542417566213
"A","inverse_variance","clustering_matrix","atx_815c98107028","Mallard","count_active_minus_pre",-0.197909729419327
"A","inverse_variance","clustering_matrix","atx_815c98107028","Mallard","reporting_spawn_minus_early_egg",0.747199557956615
"A","inverse_variance","clustering_matrix","atx_815c98107028","Mallard","count_spawn_minus_early_egg",0.32805767366172
"A","inverse_variance","clustering_matrix","atx_fc0a9b777dcd","Bald Eagle","reporting_active_minus_pre",-0.17156316030029
"A","inverse_variance","clustering_matrix","atx_fc0a9b777dcd","Bald Eagle","count_active_minus_pre",-0.647275359782287
"A","inverse_variance","clustering_matrix","atx_fc0a9b777dcd","Bald Eagle","reporting_spawn_minus_early_egg",2.76152521351423
"A","inverse_variance","clustering_matrix","atx_fc0a9b777dcd","Bald Eagle","count_spawn_minus_early_egg",4.69666390248474
"A","inverse_variance","clustering_matrix","atx_b3d3ea90f9cb","Canada Goose","reporting_active_minus_pre",-0.728275923496378
"A","inverse_variance","clustering_matrix","atx_b3d3ea90f9cb","Canada Goose","count_active_minus_pre",-0.537725056901689
"A","inverse_variance","clustering_matrix","atx_b3d3ea90f9cb","Canada Goose","reporting_spawn_minus_early_egg",-0.122860015861378
"A","inverse_variance","clustering_matrix","atx_b3d3ea90f9cb","Canada Goose","count_spawn_minus_early_egg",0.96163734626568
"A","inverse_variance","clustering_matrix","atx_v2_000007","Common Raven","reporting_active_minus_pre",-1.47903920992772
"A","inverse_variance","clustering_matrix","atx_v2_000007","Common Raven","count_active_minus_pre",-2.32383927620346
"A","inverse_variance","clustering_matrix","atx_v2_000007","Common Raven","reporting_spawn_minus_early_egg",0.0977785345038956
"A","inverse_variance","clustering_matrix","atx_v2_000007","Common Raven","count_spawn_minus_early_egg",0.759937291105149
"A","inverse_variance","clustering_matrix","atx_99238953638b","Bufflehead","reporting_active_minus_pre",-1.25205690405408
"A","inverse_variance","clustering_matrix","atx_99238953638b","Bufflehead","count_active_minus_pre",0.612084785039051
"A","inverse_variance","clustering_matrix","atx_99238953638b","Bufflehead","reporting_spawn_minus_early_egg",2.26361821881945
"A","inverse_variance","clustering_matrix","atx_99238953638b","Bufflehead","count_spawn_minus_early_egg",0.0447026857172499
"A","inverse_variance","clustering_matrix","atx_7b80ddaff058","Great Blue Heron","reporting_active_minus_pre",-0.477575023594185
"A","inverse_variance","clustering_matrix","atx_7b80ddaff058","Great Blue Heron","count_active_minus_pre",-1.44914996043628
"A","inverse_variance","clustering_matrix","atx_7b80ddaff058","Great Blue Heron","reporting_spawn_minus_early_egg",2.13935383544247
"A","inverse_variance","clustering_matrix","atx_7b80ddaff058","Great Blue Heron","count_spawn_minus_early_egg",0.710623625175838
"A","inverse_variance","clustering_matrix","atx_a113baee5693","American Wigeon","reporting_active_minus_pre",0.49944468408508
"A","inverse_variance","clustering_matrix","atx_a113baee5693","American Wigeon","count_active_minus_pre",-0.287801700966707
"A","inverse_variance","clustering_matrix","atx_a113baee5693","American Wigeon","reporting_spawn_minus_early_egg",0.158552475504411
"A","inverse_variance","clustering_matrix","atx_a113baee5693","American Wigeon","count_spawn_minus_early_egg",-0.0194861854849084
"A","inverse_variance","clustering_matrix","atx_a444854c6b66","Double-crested Cormorant","reporting_active_minus_pre",-0.218518347633328
"A","inverse_variance","clustering_matrix","atx_a444854c6b66","Double-crested Cormorant","count_active_minus_pre",0.125027905115254
"A","inverse_variance","clustering_matrix","atx_a444854c6b66","Double-crested Cormorant","reporting_spawn_minus_early_egg",0.102355901204314
"A","inverse_variance","clustering_matrix","atx_a444854c6b66","Double-crested Cormorant","count_spawn_minus_early_egg",0.819536630835617
"A","inverse_variance","clustering_matrix","atx_35518e24dfdd","Common Merganser","reporting_active_minus_pre",1.04799130769075
"A","inverse_variance","clustering_matrix","atx_35518e24dfdd","Common Merganser","count_active_minus_pre",0.308656508448644
"A","inverse_variance","clustering_matrix","atx_35518e24dfdd","Common Merganser","reporting_spawn_minus_early_egg",1.16315018202441
"A","inverse_variance","clustering_matrix","atx_35518e24dfdd","Common Merganser","count_spawn_minus_early_egg",0.841066568963723
"A","inverse_variance","clustering_matrix","atx_e0e678a61ad7","Short-billed Gull","reporting_active_minus_pre",1.62463772534783
"A","inverse_variance","clustering_matrix","atx_e0e678a61ad7","Short-billed Gull","count_active_minus_pre",1.65598608177132
"A","inverse_variance","clustering_matrix","atx_e0e678a61ad7","Short-billed Gull","reporting_spawn_minus_early_egg",0.454480844892696
"A","inverse_variance","clustering_matrix","atx_e0e678a61ad7","Short-billed Gull","count_spawn_minus_early_egg",0.100426456131916
"A","inverse_variance","clustering_matrix","atx_82312e6f2848","Common Goldeneye","reporting_active_minus_pre",-0.557985851554887
"A","inverse_variance","clustering_matrix","atx_82312e6f2848","Common Goldeneye","count_active_minus_pre",1.20415818057116
"A","inverse_variance","clustering_matrix","atx_82312e6f2848","Common Goldeneye","reporting_spawn_minus_early_egg",0.878029628698134
"A","inverse_variance","clustering_matrix","atx_82312e6f2848","Common Goldeneye","count_spawn_minus_early_egg",-0.899269750407547
"A","inverse_variance","clustering_matrix","atx_04afbeb21fb0","Hooded Merganser","reporting_active_minus_pre",-0.275856404816711
"A","inverse_variance","clustering_matrix","atx_04afbeb21fb0","Hooded Merganser","count_active_minus_pre",-0.817616966504634
"A","inverse_variance","clustering_matrix","atx_04afbeb21fb0","Hooded Merganser","reporting_spawn_minus_early_egg",0.4979860056948
"A","inverse_variance","clustering_matrix","atx_04afbeb21fb0","Hooded Merganser","count_spawn_minus_early_egg",0.180261441570932
"A","inverse_variance","clustering_matrix","atx_35707a9578d5","Pelagic Cormorant","reporting_active_minus_pre",-0.0460737032786151
"A","inverse_variance","clustering_matrix","atx_35707a9578d5","Pelagic Cormorant","count_active_minus_pre",-0.637803412110458
"A","inverse_variance","clustering_matrix","atx_35707a9578d5","Pelagic Cormorant","reporting_spawn_minus_early_egg",-0.471100523701355
"A","inverse_variance","clustering_matrix","atx_35707a9578d5","Pelagic Cormorant","count_spawn_minus_early_egg",0.318819499644885
"A","inverse_variance","clustering_matrix","atx_1930f23cc4f8","Surf Scoter","reporting_active_minus_pre",-0.425333685327735
"A","inverse_variance","clustering_matrix","atx_1930f23cc4f8","Surf Scoter","count_active_minus_pre",1.31926601531204
"A","inverse_variance","clustering_matrix","atx_1930f23cc4f8","Surf Scoter","reporting_spawn_minus_early_egg",0.582054997882993
"A","inverse_variance","clustering_matrix","atx_1930f23cc4f8","Surf Scoter","count_spawn_minus_early_egg",-1.07341380698149
"A","inverse_variance","clustering_matrix","atx_9ae1aa9b7fdf","Common Loon","reporting_active_minus_pre",-0.964771904391463
"A","inverse_variance","clustering_matrix","atx_9ae1aa9b7fdf","Common Loon","count_active_minus_pre",-0.529942490511382
"A","inverse_variance","clustering_matrix","atx_9ae1aa9b7fdf","Common Loon","reporting_spawn_minus_early_egg",-0.71500414132942
"A","inverse_variance","clustering_matrix","atx_9ae1aa9b7fdf","Common Loon","count_spawn_minus_early_egg",0.815009142951521
"A","inverse_variance","clustering_matrix","atx_7d980a7c8c37","Northern Pintail","reporting_active_minus_pre",0.924125091473878
"A","inverse_variance","clustering_matrix","atx_7d980a7c8c37","Northern Pintail","count_active_minus_pre",-0.0128510462214389
"A","inverse_variance","clustering_matrix","atx_7d980a7c8c37","Northern Pintail","reporting_spawn_minus_early_egg",-0.0663018596356836
"A","inverse_variance","clustering_matrix","atx_7d980a7c8c37","Northern Pintail","count_spawn_minus_early_egg",0.183079199719425
"A","inverse_variance","clustering_matrix","atx_v2_000002","Black Oystercatcher","reporting_active_minus_pre",-0.70183369810614
"A","inverse_variance","clustering_matrix","atx_v2_000002","Black Oystercatcher","count_active_minus_pre",-1.07457105718496
"A","inverse_variance","clustering_matrix","atx_v2_000002","Black Oystercatcher","reporting_spawn_minus_early_egg",-0.209182496245074
"A","inverse_variance","clustering_matrix","atx_v2_000002","Black Oystercatcher","count_spawn_minus_early_egg",0.150346131607752
"A","inverse_variance","clustering_matrix","atx_c2d1fbbaf6d3","Red-breasted Merganser","reporting_active_minus_pre",-0.51163788287509
"A","inverse_variance","clustering_matrix","atx_c2d1fbbaf6d3","Red-breasted Merganser","count_active_minus_pre",0.362053992774723
"A","inverse_variance","clustering_matrix","atx_c2d1fbbaf6d3","Red-breasted Merganser","reporting_spawn_minus_early_egg",0.655005882030354
"A","inverse_variance","clustering_matrix","atx_c2d1fbbaf6d3","Red-breasted Merganser","count_spawn_minus_early_egg",0.74913697125901
"A","inverse_variance","clustering_matrix","atx_6b4cfd1ab927","Horned Grebe","reporting_active_minus_pre",-1.02294890347456
"A","inverse_variance","clustering_matrix","atx_6b4cfd1ab927","Horned Grebe","count_active_minus_pre",-0.718248926234167
"A","inverse_variance","clustering_matrix","atx_6b4cfd1ab927","Horned Grebe","reporting_spawn_minus_early_egg",-0.645847946051642
"A","inverse_variance","clustering_matrix","atx_6b4cfd1ab927","Horned Grebe","count_spawn_minus_early_egg",0.0460928379866278
"A","inverse_variance","clustering_matrix","atx_87b306550dba","Harlequin Duck","reporting_active_minus_pre",0.587218317794784
"A","inverse_variance","clustering_matrix","atx_87b306550dba","Harlequin Duck","count_active_minus_pre",1.16190988043209
"A","inverse_variance","clustering_matrix","atx_87b306550dba","Harlequin Duck","reporting_spawn_minus_early_egg",0.0406995755922253
"A","inverse_variance","clustering_matrix","atx_87b306550dba","Harlequin Duck","count_spawn_minus_early_egg",-0.362165645957321
"A","inverse_variance","clustering_matrix","atx_d7dd9536145c","Barrow's Goldeneye","reporting_active_minus_pre",-0.0139232401876378
"A","inverse_variance","clustering_matrix","atx_d7dd9536145c","Barrow's Goldeneye","count_active_minus_pre",0.0860231600802606
"A","inverse_variance","clustering_matrix","atx_d7dd9536145c","Barrow's Goldeneye","reporting_spawn_minus_early_egg",-0.79208841765415
"A","inverse_variance","clustering_matrix","atx_d7dd9536145c","Barrow's Goldeneye","count_spawn_minus_early_egg",-0.179475380847589
"A","inverse_variance","clustering_matrix","atx_d002764a39e8","Lesser Scaup","reporting_active_minus_pre",0.869135823282526
"A","inverse_variance","clustering_matrix","atx_d002764a39e8","Lesser Scaup","count_active_minus_pre",0.0148156149981025
"A","inverse_variance","clustering_matrix","atx_d002764a39e8","Lesser Scaup","reporting_spawn_minus_early_egg",-0.600224676575747
"A","inverse_variance","clustering_matrix","atx_d002764a39e8","Lesser Scaup","count_spawn_minus_early_egg",-0.793672600681419
"A","inverse_variance","clustering_matrix","atx_86eda7ed9025","Red-necked Grebe","reporting_active_minus_pre",0.0626826650722661
"A","inverse_variance","clustering_matrix","atx_86eda7ed9025","Red-necked Grebe","count_active_minus_pre",-0.538809836764419
"A","inverse_variance","clustering_matrix","atx_86eda7ed9025","Red-necked Grebe","reporting_spawn_minus_early_egg",-0.326907116358281
"A","inverse_variance","clustering_matrix","atx_86eda7ed9025","Red-necked Grebe","count_spawn_minus_early_egg",0.241563930761311
"A","inverse_variance","clustering_matrix","atx_c12b832d2b03","California Gull","reporting_active_minus_pre",1.68916022605094
"A","inverse_variance","clustering_matrix","atx_c12b832d2b03","California Gull","count_active_minus_pre",0.360056579532504
"A","inverse_variance","clustering_matrix","atx_c12b832d2b03","California Gull","reporting_spawn_minus_early_egg",2.30067785096124
"A","inverse_variance","clustering_matrix","atx_c12b832d2b03","California Gull","count_spawn_minus_early_egg",-0.0132457649444871
"A","inverse_variance","clustering_matrix","atx_8608f2ed61cf","Pigeon Guillemot","reporting_active_minus_pre",-0.333553287576715
"A","inverse_variance","clustering_matrix","atx_8608f2ed61cf","Pigeon Guillemot","count_active_minus_pre",-0.427910430787404
"A","inverse_variance","clustering_matrix","atx_8608f2ed61cf","Pigeon Guillemot","reporting_spawn_minus_early_egg",-0.232258841460938
"A","inverse_variance","clustering_matrix","atx_8608f2ed61cf","Pigeon Guillemot","count_spawn_minus_early_egg",-0.00377144969579672
"A","inverse_variance","clustering_matrix","atx_c34f23342a55","Pacific Loon","reporting_active_minus_pre",-0.731574194718883
"A","inverse_variance","clustering_matrix","atx_c34f23342a55","Pacific Loon","count_active_minus_pre",0.299039202900237
"A","inverse_variance","clustering_matrix","atx_c34f23342a55","Pacific Loon","reporting_spawn_minus_early_egg",0.0172541839051855
"A","inverse_variance","clustering_matrix","atx_c34f23342a55","Pacific Loon","count_spawn_minus_early_egg",0.391851933499873
"A","inverse_variance","clustering_matrix","atx_v2_000003","Dunlin","reporting_active_minus_pre",-0.522653719861593
"A","inverse_variance","clustering_matrix","atx_v2_000003","Dunlin","count_active_minus_pre",-0.235790452302268
"A","inverse_variance","clustering_matrix","atx_v2_000003","Dunlin","reporting_spawn_minus_early_egg",-0.542826203089807
"A","inverse_variance","clustering_matrix","atx_v2_000003","Dunlin","count_spawn_minus_early_egg",-0.0339478621688113
"A","inverse_variance","clustering_matrix","atx_3083477933a8","White-winged Scoter","reporting_active_minus_pre",0.156794708617657
"A","inverse_variance","clustering_matrix","atx_3083477933a8","White-winged Scoter","count_active_minus_pre",0.380681851865635
"A","inverse_variance","clustering_matrix","atx_3083477933a8","White-winged Scoter","reporting_spawn_minus_early_egg",0.0189705392598774
"A","inverse_variance","clustering_matrix","atx_3083477933a8","White-winged Scoter","count_spawn_minus_early_egg",-0.74168771269772
"A","inverse_variance","clustering_matrix","atx_aa5353f6d6d2","Iceland Gull","reporting_active_minus_pre",1.40072525636182
"A","inverse_variance","clustering_matrix","atx_aa5353f6d6d2","Iceland Gull","count_active_minus_pre",0.259570025183795
"A","inverse_variance","clustering_matrix","atx_aa5353f6d6d2","Iceland Gull","reporting_spawn_minus_early_egg",1.23320331027494
"A","inverse_variance","clustering_matrix","atx_aa5353f6d6d2","Iceland Gull","count_spawn_minus_early_egg",-0.285606828974216
"A","inverse_variance","clustering_matrix","atx_08bb40b40c0a","Ring-billed Gull","reporting_active_minus_pre",-0.415219655180767
"A","inverse_variance","clustering_matrix","atx_08bb40b40c0a","Ring-billed Gull","count_active_minus_pre",-0.217992404541365
"A","inverse_variance","clustering_matrix","atx_08bb40b40c0a","Ring-billed Gull","reporting_spawn_minus_early_egg",0.285136918629385
"A","inverse_variance","clustering_matrix","atx_08bb40b40c0a","Ring-billed Gull","count_spawn_minus_early_egg",0.466376291024097
"A","inverse_variance","clustering_matrix","atx_4ae57d328ec6","Greater Scaup","reporting_active_minus_pre",0.474649629480478
"A","inverse_variance","clustering_matrix","atx_4ae57d328ec6","Greater Scaup","count_active_minus_pre",0.336087783109995
"A","inverse_variance","clustering_matrix","atx_4ae57d328ec6","Greater Scaup","reporting_spawn_minus_early_egg",0.103105197307469
"A","inverse_variance","clustering_matrix","atx_4ae57d328ec6","Greater Scaup","count_spawn_minus_early_egg",-0.736340280872884
"A","inverse_variance","clustering_matrix","atx_15dd5efcd8d6","Black Turnstone","reporting_active_minus_pre",-0.46332712486466
"A","inverse_variance","clustering_matrix","atx_15dd5efcd8d6","Black Turnstone","count_active_minus_pre",0.120228859966926
"A","inverse_variance","clustering_matrix","atx_15dd5efcd8d6","Black Turnstone","reporting_spawn_minus_early_egg",-0.263307584379385
"A","inverse_variance","clustering_matrix","atx_15dd5efcd8d6","Black Turnstone","count_spawn_minus_early_egg",-0.18147925646524
"A","inverse_variance","clustering_matrix","atx_fadb8da1a816","Bonaparte's Gull","reporting_active_minus_pre",1.11696530932318
"A","inverse_variance","clustering_matrix","atx_fadb8da1a816","Bonaparte's Gull","count_active_minus_pre",0.122241461764595
"A","inverse_variance","clustering_matrix","atx_fadb8da1a816","Bonaparte's Gull","reporting_spawn_minus_early_egg",-1.52348819123348
"A","inverse_variance","clustering_matrix","atx_fadb8da1a816","Bonaparte's Gull","count_spawn_minus_early_egg",-0.176643048432149
"A","inverse_variance","clustering_matrix","atx_v2_000006","Black-bellied Plover","reporting_active_minus_pre",-0.553281925509072
"A","inverse_variance","clustering_matrix","atx_v2_000006","Black-bellied Plover","count_active_minus_pre",-0.552777648217834
"A","inverse_variance","clustering_matrix","atx_v2_000006","Black-bellied Plover","reporting_spawn_minus_early_egg",-0.757481421792979
"A","inverse_variance","clustering_matrix","atx_v2_000006","Black-bellied Plover","count_spawn_minus_early_egg",-0.219415451595791
"A","inverse_variance","clustering_matrix","atx_59441ff7abde","Brant","reporting_active_minus_pre",0.563504313958081
"A","inverse_variance","clustering_matrix","atx_59441ff7abde","Brant","count_active_minus_pre",-0.0710266464770574
"A","inverse_variance","clustering_matrix","atx_59441ff7abde","Brant","reporting_spawn_minus_early_egg",0.114525849570656
"A","inverse_variance","clustering_matrix","atx_59441ff7abde","Brant","count_spawn_minus_early_egg",0.0231742617503991
"A","inverse_variance","clustering_matrix","atx_acf526bb8010","Marbled Murrelet","reporting_active_minus_pre",-0.371439671548297
"A","inverse_variance","clustering_matrix","atx_acf526bb8010","Marbled Murrelet","count_active_minus_pre",-0.0297205949801766
"A","inverse_variance","clustering_matrix","atx_acf526bb8010","Marbled Murrelet","reporting_spawn_minus_early_egg",-0.37209463439241
"A","inverse_variance","clustering_matrix","atx_acf526bb8010","Marbled Murrelet","count_spawn_minus_early_egg",-0.482348454967705
"A","inverse_variance","clustering_matrix","atx_40f730f5ad72","Long-tailed Duck","reporting_active_minus_pre",0.410112173925247
"A","inverse_variance","clustering_matrix","atx_40f730f5ad72","Long-tailed Duck","count_active_minus_pre",1.31897550143237
"A","inverse_variance","clustering_matrix","atx_40f730f5ad72","Long-tailed Duck","reporting_spawn_minus_early_egg",-1.36939995049381
"A","inverse_variance","clustering_matrix","atx_40f730f5ad72","Long-tailed Duck","count_spawn_minus_early_egg",-0.947310734196747
"A","inverse_variance","clustering_matrix","atx_98ca0000b734","Brandt's Cormorant","reporting_active_minus_pre",-0.25398259151323
"A","inverse_variance","clustering_matrix","atx_98ca0000b734","Brandt's Cormorant","count_active_minus_pre",-0.205962103226142
"A","inverse_variance","clustering_matrix","atx_98ca0000b734","Brandt's Cormorant","reporting_spawn_minus_early_egg",0.306235338827922
"A","inverse_variance","clustering_matrix","atx_98ca0000b734","Brandt's Cormorant","count_spawn_minus_early_egg",0.174292984305586
"A","inverse_variance","clustering_matrix","atx_136b0e66254b","Common Murre","reporting_active_minus_pre",-0.636785812370255
"A","inverse_variance","clustering_matrix","atx_136b0e66254b","Common Murre","count_active_minus_pre",-0.536546297571671
"A","inverse_variance","clustering_matrix","atx_136b0e66254b","Common Murre","reporting_spawn_minus_early_egg",-0.109374734187771
"A","inverse_variance","clustering_matrix","atx_136b0e66254b","Common Murre","count_spawn_minus_early_egg",0.616451800307804
"A","inverse_variance","clustering_matrix","atx_7571c026ae99","American Herring Gull","reporting_active_minus_pre",1.44515352556483
"A","inverse_variance","clustering_matrix","atx_7571c026ae99","American Herring Gull","count_active_minus_pre",-0.318960191698897
"A","inverse_variance","clustering_matrix","atx_7571c026ae99","American Herring Gull","reporting_spawn_minus_early_egg",0.144739024680672
"A","inverse_variance","clustering_matrix","atx_7571c026ae99","American Herring Gull","count_spawn_minus_early_egg",0.0464899169652403
"A","inverse_variance","clustering_matrix","atx_1328b44be502","Black Scoter","reporting_active_minus_pre",0.353214638804416
"A","inverse_variance","clustering_matrix","atx_1328b44be502","Black Scoter","count_active_minus_pre",-0.266443780381807
"A","inverse_variance","clustering_matrix","atx_1328b44be502","Black Scoter","reporting_spawn_minus_early_egg",-0.541500883872484
"A","inverse_variance","clustering_matrix","atx_1328b44be502","Black Scoter","count_spawn_minus_early_egg",-0.425512692955815
"A","inverse_variance","clustering_matrix","atx_04cf65098f13","Red-throated Loon","reporting_active_minus_pre",-0.125022290706173
"A","inverse_variance","clustering_matrix","atx_04cf65098f13","Red-throated Loon","count_active_minus_pre",-0.103290345283565
"A","inverse_variance","clustering_matrix","atx_04cf65098f13","Red-throated Loon","reporting_spawn_minus_early_egg",0.348016230080694
"A","inverse_variance","clustering_matrix","atx_04cf65098f13","Red-throated Loon","count_spawn_minus_early_egg",-0.0765345234452458
"A","inverse_variance","clustering_matrix","atx_ebf17f77fb66","Western Grebe","reporting_active_minus_pre",-0.860927848971556
"A","inverse_variance","clustering_matrix","atx_ebf17f77fb66","Western Grebe","count_active_minus_pre",0.0440224183770032
"A","inverse_variance","clustering_matrix","atx_ebf17f77fb66","Western Grebe","reporting_spawn_minus_early_egg",-0.161129771660673
"A","inverse_variance","clustering_matrix","atx_ebf17f77fb66","Western Grebe","count_spawn_minus_early_egg",-0.0552024737793286
"A","inverse_variance","clustering_matrix","atx_5a9a3495d0ea","Western Gull","reporting_active_minus_pre",0.245786908031899
"A","inverse_variance","clustering_matrix","atx_5a9a3495d0ea","Western Gull","count_active_minus_pre",-0.0735560388069421
"A","inverse_variance","clustering_matrix","atx_5a9a3495d0ea","Western Gull","reporting_spawn_minus_early_egg",-1.01946791523629
"A","inverse_variance","clustering_matrix","atx_5a9a3495d0ea","Western Gull","count_spawn_minus_early_egg",0.662839397019253
"A","reliability_shrunk","clustering_matrix","atx_c9db024faf12","American Crow","reporting_active_minus_pre",-0.321655278429288
"A","reliability_shrunk","clustering_matrix","atx_c9db024faf12","American Crow","count_active_minus_pre",-1.1532701283788
"A","reliability_shrunk","clustering_matrix","atx_c9db024faf12","American Crow","reporting_spawn_minus_early_egg",-0.47183647616942
"A","reliability_shrunk","clustering_matrix","atx_c9db024faf12","American Crow","count_spawn_minus_early_egg",0.1456634553512
"A","reliability_shrunk","clustering_matrix","atx_725074cbfcb6","Glaucous-winged Gull","reporting_active_minus_pre",0.822683304741521
"A","reliability_shrunk","clustering_matrix","atx_725074cbfcb6","Glaucous-winged Gull","count_active_minus_pre",1.30622042095666
"A","reliability_shrunk","clustering_matrix","atx_725074cbfcb6","Glaucous-winged Gull","reporting_spawn_minus_early_egg",0.923497189237221
"A","reliability_shrunk","clustering_matrix","atx_725074cbfcb6","Glaucous-winged Gull","count_spawn_minus_early_egg",1.4506473438722
"A","reliability_shrunk","clustering_matrix","atx_815c98107028","Mallard","reporting_active_minus_pre",-0.427264695738236
"A","reliability_shrunk","clustering_matrix","atx_815c98107028","Mallard","count_active_minus_pre",-0.120426415852265
"A","reliability_shrunk","clustering_matrix","atx_815c98107028","Mallard","reporting_spawn_minus_early_egg",0.483605665419057
"A","reliability_shrunk","clustering_matrix","atx_815c98107028","Mallard","count_spawn_minus_early_egg",0.0571865174346166
"A","reliability_shrunk","clustering_matrix","atx_fc0a9b777dcd","Bald Eagle","reporting_active_minus_pre",-0.14363344354008
"A","reliability_shrunk","clustering_matrix","atx_fc0a9b777dcd","Bald Eagle","count_active_minus_pre",-0.269764966713284
"A","reliability_shrunk","clustering_matrix","atx_fc0a9b777dcd","Bald Eagle","reporting_spawn_minus_early_egg",2.78441248573332
"A","reliability_shrunk","clustering_matrix","atx_fc0a9b777dcd","Bald Eagle","count_spawn_minus_early_egg",2.78010407196035
"A","reliability_shrunk","clustering_matrix","atx_b3d3ea90f9cb","Canada Goose","reporting_active_minus_pre",-0.680064559092042
"A","reliability_shrunk","clustering_matrix","atx_b3d3ea90f9cb","Canada Goose","count_active_minus_pre",-0.562840672807014
"A","reliability_shrunk","clustering_matrix","atx_b3d3ea90f9cb","Canada Goose","reporting_spawn_minus_early_egg",-0.581031877506873
"A","reliability_shrunk","clustering_matrix","atx_b3d3ea90f9cb","Canada Goose","count_spawn_minus_early_egg",1.09349235729948
"A","reliability_shrunk","clustering_matrix","atx_v2_000007","Common Raven","reporting_active_minus_pre",-1.25541159836398
"A","reliability_shrunk","clustering_matrix","atx_v2_000007","Common Raven","count_active_minus_pre",-1.3152139593518
"A","reliability_shrunk","clustering_matrix","atx_v2_000007","Common Raven","reporting_spawn_minus_early_egg",-0.358710556292115
"A","reliability_shrunk","clustering_matrix","atx_v2_000007","Common Raven","count_spawn_minus_early_egg",0.23436601017241
"A","reliability_shrunk","clustering_matrix","atx_99238953638b","Bufflehead","reporting_active_minus_pre",-1.22411637276241
"A","reliability_shrunk","clustering_matrix","atx_99238953638b","Bufflehead","count_active_minus_pre",0.612651013300885
"A","reliability_shrunk","clustering_matrix","atx_99238953638b","Bufflehead","reporting_spawn_minus_early_egg",2.33879847364551
"A","reliability_shrunk","clustering_matrix","atx_99238953638b","Bufflehead","count_spawn_minus_early_egg",-0.295740450429208
"A","reliability_shrunk","clustering_matrix","atx_7b80ddaff058","Great Blue Heron","reporting_active_minus_pre",-0.467178206585913
"A","reliability_shrunk","clustering_matrix","atx_7b80ddaff058","Great Blue Heron","count_active_minus_pre",-1.22184405256646
"A","reliability_shrunk","clustering_matrix","atx_7b80ddaff058","Great Blue Heron","reporting_spawn_minus_early_egg",2.16415601219361
"A","reliability_shrunk","clustering_matrix","atx_7b80ddaff058","Great Blue Heron","count_spawn_minus_early_egg",0.422907199495177
"A","reliability_shrunk","clustering_matrix","atx_a113baee5693","American Wigeon","reporting_active_minus_pre",0.506970942561368
"A","reliability_shrunk","clustering_matrix","atx_a113baee5693","American Wigeon","count_active_minus_pre",-0.354791560182085
"A","reliability_shrunk","clustering_matrix","atx_a113baee5693","American Wigeon","reporting_spawn_minus_early_egg",-0.19386044488038
"A","reliability_shrunk","clustering_matrix","atx_a113baee5693","American Wigeon","count_spawn_minus_early_egg",-0.286647975477467
"A","reliability_shrunk","clustering_matrix","atx_a444854c6b66","Double-crested Cormorant","reporting_active_minus_pre",-0.254276073935607
"A","reliability_shrunk","clustering_matrix","atx_a444854c6b66","Double-crested Cormorant","count_active_minus_pre",0.215277323110074
"A","reliability_shrunk","clustering_matrix","atx_a444854c6b66","Double-crested Cormorant","reporting_spawn_minus_early_egg",-0.208418358473024
"A","reliability_shrunk","clustering_matrix","atx_a444854c6b66","Double-crested Cormorant","count_spawn_minus_early_egg",0.999320606197144
"A","reliability_shrunk","clustering_matrix","atx_35518e24dfdd","Common Merganser","reporting_active_minus_pre",1.05778149723826
"A","reliability_shrunk","clustering_matrix","atx_35518e24dfdd","Common Merganser","count_active_minus_pre",0.433896233843163
"A","reliability_shrunk","clustering_matrix","atx_35518e24dfdd","Common Merganser","reporting_spawn_minus_early_egg",1.0234484671777
"A","reliability_shrunk","clustering_matrix","atx_35518e24dfdd","Common Merganser","count_spawn_minus_early_egg",0.939652778220942
"A","reliability_shrunk","clustering_matrix","atx_e0e678a61ad7","Short-billed Gull","reporting_active_minus_pre",1.79169928285521
"A","reliability_shrunk","clustering_matrix","atx_e0e678a61ad7","Short-billed Gull","count_active_minus_pre",2.63805295202758
"A","reliability_shrunk","clustering_matrix","atx_e0e678a61ad7","Short-billed Gull","reporting_spawn_minus_early_egg",0.221797810558207
"A","reliability_shrunk","clustering_matrix","atx_e0e678a61ad7","Short-billed Gull","count_spawn_minus_early_egg",-0.0476872511776332
"A","reliability_shrunk","clustering_matrix","atx_82312e6f2848","Common Goldeneye","reporting_active_minus_pre",-0.609705875200885
"A","reliability_shrunk","clustering_matrix","atx_82312e6f2848","Common Goldeneye","count_active_minus_pre",1.58107339197892
"A","reliability_shrunk","clustering_matrix","atx_82312e6f2848","Common Goldeneye","reporting_spawn_minus_early_egg",0.731132310398351
"A","reliability_shrunk","clustering_matrix","atx_82312e6f2848","Common Goldeneye","count_spawn_minus_early_egg",-1.66155618504225
"A","reliability_shrunk","clustering_matrix","atx_04afbeb21fb0","Hooded Merganser","reporting_active_minus_pre",-0.339438940515081
"A","reliability_shrunk","clustering_matrix","atx_04afbeb21fb0","Hooded Merganser","count_active_minus_pre",-0.927129895902451
"A","reliability_shrunk","clustering_matrix","atx_04afbeb21fb0","Hooded Merganser","reporting_spawn_minus_early_egg",0.342844738919096
"A","reliability_shrunk","clustering_matrix","atx_04afbeb21fb0","Hooded Merganser","count_spawn_minus_early_egg",-0.00187895627161608
"A","reliability_shrunk","clustering_matrix","atx_35707a9578d5","Pelagic Cormorant","reporting_active_minus_pre",-0.0699115675574775
"A","reliability_shrunk","clustering_matrix","atx_35707a9578d5","Pelagic Cormorant","count_active_minus_pre",-0.82641052463292
"A","reliability_shrunk","clustering_matrix","atx_35707a9578d5","Pelagic Cormorant","reporting_spawn_minus_early_egg",-0.829371703969383
"A","reliability_shrunk","clustering_matrix","atx_35707a9578d5","Pelagic Cormorant","count_spawn_minus_early_egg",0.242973118615114
"A","reliability_shrunk","clustering_matrix","atx_1930f23cc4f8","Surf Scoter","reporting_active_minus_pre",-0.514768739046699
"A","reliability_shrunk","clustering_matrix","atx_1930f23cc4f8","Surf Scoter","count_active_minus_pre",2.39365176981839
"A","reliability_shrunk","clustering_matrix","atx_1930f23cc4f8","Surf Scoter","reporting_spawn_minus_early_egg",0.417414706437144
"A","reliability_shrunk","clustering_matrix","atx_1930f23cc4f8","Surf Scoter","count_spawn_minus_early_egg",-2.33509352066906
"A","reliability_shrunk","clustering_matrix","atx_9ae1aa9b7fdf","Common Loon","reporting_active_minus_pre",-1.16463804674812
"A","reliability_shrunk","clustering_matrix","atx_9ae1aa9b7fdf","Common Loon","count_active_minus_pre",-0.535253397761465
"A","reliability_shrunk","clustering_matrix","atx_9ae1aa9b7fdf","Common Loon","reporting_spawn_minus_early_egg",-1.17929919633507
"A","reliability_shrunk","clustering_matrix","atx_9ae1aa9b7fdf","Common Loon","count_spawn_minus_early_egg",0.812339462004913
"A","reliability_shrunk","clustering_matrix","atx_7d980a7c8c37","Northern Pintail","reporting_active_minus_pre",1.25404819218752
"A","reliability_shrunk","clustering_matrix","atx_7d980a7c8c37","Northern Pintail","count_active_minus_pre",-0.0376061362144169
"A","reliability_shrunk","clustering_matrix","atx_7d980a7c8c37","Northern Pintail","reporting_spawn_minus_early_egg",-0.303084873700585
"A","reliability_shrunk","clustering_matrix","atx_7d980a7c8c37","Northern Pintail","count_spawn_minus_early_egg",0.29575620200337
"A","reliability_shrunk","clustering_matrix","atx_v2_000002","Black Oystercatcher","reporting_active_minus_pre",-0.918757865934684
"A","reliability_shrunk","clustering_matrix","atx_v2_000002","Black Oystercatcher","count_active_minus_pre",-1.3271601437125
"A","reliability_shrunk","clustering_matrix","atx_v2_000002","Black Oystercatcher","reporting_spawn_minus_early_egg",-0.508327382413739
"A","reliability_shrunk","clustering_matrix","atx_v2_000002","Black Oystercatcher","count_spawn_minus_early_egg",-0.0447426099768747
"A","reliability_shrunk","clustering_matrix","atx_c2d1fbbaf6d3","Red-breasted Merganser","reporting_active_minus_pre",-0.631777996738297
"A","reliability_shrunk","clustering_matrix","atx_c2d1fbbaf6d3","Red-breasted Merganser","count_active_minus_pre",0.597100685089147
"A","reliability_shrunk","clustering_matrix","atx_c2d1fbbaf6d3","Red-breasted Merganser","reporting_spawn_minus_early_egg",0.528161680486753
"A","reliability_shrunk","clustering_matrix","atx_c2d1fbbaf6d3","Red-breasted Merganser","count_spawn_minus_early_egg",1.19195756164375
"A","reliability_shrunk","clustering_matrix","atx_6b4cfd1ab927","Horned Grebe","reporting_active_minus_pre",-1.24361457292611
"A","reliability_shrunk","clustering_matrix","atx_6b4cfd1ab927","Horned Grebe","count_active_minus_pre",-0.895214154892154
"A","reliability_shrunk","clustering_matrix","atx_6b4cfd1ab927","Horned Grebe","reporting_spawn_minus_early_egg",-1.1045491570223
"A","reliability_shrunk","clustering_matrix","atx_6b4cfd1ab927","Horned Grebe","count_spawn_minus_early_egg",-0.215492023114213
"A","reliability_shrunk","clustering_matrix","atx_87b306550dba","Harlequin Duck","reporting_active_minus_pre",0.802436648916172
"A","reliability_shrunk","clustering_matrix","atx_87b306550dba","Harlequin Duck","count_active_minus_pre",1.62981543209074
"A","reliability_shrunk","clustering_matrix","atx_87b306550dba","Harlequin Duck","reporting_spawn_minus_early_egg",-0.16630184868485
"A","reliability_shrunk","clustering_matrix","atx_87b306550dba","Harlequin Duck","count_spawn_minus_early_egg",-0.85391884430912
"A","reliability_shrunk","clustering_matrix","atx_d7dd9536145c","Barrow's Goldeneye","reporting_active_minus_pre",-0.0280175460777063
"A","reliability_shrunk","clustering_matrix","atx_d7dd9536145c","Barrow's Goldeneye","count_active_minus_pre",0.150381287135033
"A","reliability_shrunk","clustering_matrix","atx_d7dd9536145c","Barrow's Goldeneye","reporting_spawn_minus_early_egg",-1.2067482617998
"A","reliability_shrunk","clustering_matrix","atx_d7dd9536145c","Barrow's Goldeneye","count_spawn_minus_early_egg",-0.449174877397834
"A","reliability_shrunk","clustering_matrix","atx_d002764a39e8","Lesser Scaup","reporting_active_minus_pre",1.36998896041921
"A","reliability_shrunk","clustering_matrix","atx_d002764a39e8","Lesser Scaup","count_active_minus_pre",-0.0471184727659383
"A","reliability_shrunk","clustering_matrix","atx_d002764a39e8","Lesser Scaup","reporting_spawn_minus_early_egg",-0.711573033146676
"A","reliability_shrunk","clustering_matrix","atx_d002764a39e8","Lesser Scaup","count_spawn_minus_early_egg",-1.59708635536539
"A","reliability_shrunk","clustering_matrix","atx_86eda7ed9025","Red-necked Grebe","reporting_active_minus_pre",0.0738887353239067
"A","reliability_shrunk","clustering_matrix","atx_86eda7ed9025","Red-necked Grebe","count_active_minus_pre",-0.867138941011124
"A","reliability_shrunk","clustering_matrix","atx_86eda7ed9025","Red-necked Grebe","reporting_spawn_minus_early_egg",-0.622133959348327
"A","reliability_shrunk","clustering_matrix","atx_86eda7ed9025","Red-necked Grebe","count_spawn_minus_early_egg",0.255914919456567
"A","reliability_shrunk","clustering_matrix","atx_c12b832d2b03","California Gull","reporting_active_minus_pre",2.16802074531531
"A","reliability_shrunk","clustering_matrix","atx_c12b832d2b03","California Gull","count_active_minus_pre",0.674366376288065
"A","reliability_shrunk","clustering_matrix","atx_c12b832d2b03","California Gull","reporting_spawn_minus_early_egg",2.56625953850468
"A","reliability_shrunk","clustering_matrix","atx_c12b832d2b03","California Gull","count_spawn_minus_early_egg",-0.187097269353287
"A","reliability_shrunk","clustering_matrix","atx_8608f2ed61cf","Pigeon Guillemot","reporting_active_minus_pre",-0.54183938131928
"A","reliability_shrunk","clustering_matrix","atx_8608f2ed61cf","Pigeon Guillemot","count_active_minus_pre",-0.804944370947086
"A","reliability_shrunk","clustering_matrix","atx_8608f2ed61cf","Pigeon Guillemot","reporting_spawn_minus_early_egg",-0.386111234814707
"A","reliability_shrunk","clustering_matrix","atx_8608f2ed61cf","Pigeon Guillemot","count_spawn_minus_early_egg",-0.130790180679663
"A","reliability_shrunk","clustering_matrix","atx_c34f23342a55","Pacific Loon","reporting_active_minus_pre",-1.08013947932861
"A","reliability_shrunk","clustering_matrix","atx_c34f23342a55","Pacific Loon","count_active_minus_pre",0.556616189134488
"A","reliability_shrunk","clustering_matrix","atx_c34f23342a55","Pacific Loon","reporting_spawn_minus_early_egg",-0.158022672868686
"A","reliability_shrunk","clustering_matrix","atx_c34f23342a55","Pacific Loon","count_spawn_minus_early_egg",0.917254040390572
"A","reliability_shrunk","clustering_matrix","atx_v2_000003","Dunlin","reporting_active_minus_pre",-0.808226533494354
"A","reliability_shrunk","clustering_matrix","atx_v2_000003","Dunlin","count_active_minus_pre",-0.587536865586678
"A","reliability_shrunk","clustering_matrix","atx_v2_000003","Dunlin","reporting_spawn_minus_early_egg",-0.752200795368622
"A","reliability_shrunk","clustering_matrix","atx_v2_000003","Dunlin","count_spawn_minus_early_egg",0.124434046681985
"A","reliability_shrunk","clustering_matrix","atx_3083477933a8","White-winged Scoter","reporting_active_minus_pre",0.213044249956438
"A","reliability_shrunk","clustering_matrix","atx_3083477933a8","White-winged Scoter","count_active_minus_pre",0.729019133726533
"A","reliability_shrunk","clustering_matrix","atx_3083477933a8","White-winged Scoter","reporting_spawn_minus_early_egg",-0.168969196784524
"A","reliability_shrunk","clustering_matrix","atx_3083477933a8","White-winged Scoter","count_spawn_minus_early_egg",-1.63310228134743
"A","reliability_shrunk","clustering_matrix","atx_aa5353f6d6d2","Iceland Gull","reporting_active_minus_pre",1.90516104645494
"A","reliability_shrunk","clustering_matrix","atx_aa5353f6d6d2","Iceland Gull","count_active_minus_pre",0.482611894458155
"A","reliability_shrunk","clustering_matrix","atx_aa5353f6d6d2","Iceland Gull","reporting_spawn_minus_early_egg",1.2678183722291
"A","reliability_shrunk","clustering_matrix","atx_aa5353f6d6d2","Iceland Gull","count_spawn_minus_early_egg",-0.658339638660383
"A","reliability_shrunk","clustering_matrix","atx_08bb40b40c0a","Ring-billed Gull","reporting_active_minus_pre",-0.690077622950591
"A","reliability_shrunk","clustering_matrix","atx_08bb40b40c0a","Ring-billed Gull","count_active_minus_pre",-0.536664184900655
"A","reliability_shrunk","clustering_matrix","atx_08bb40b40c0a","Ring-billed Gull","reporting_spawn_minus_early_egg",0.202860918459886
"A","reliability_shrunk","clustering_matrix","atx_08bb40b40c0a","Ring-billed Gull","count_spawn_minus_early_egg",1.11341936903476
"A","reliability_shrunk","clustering_matrix","atx_4ae57d328ec6","Greater Scaup","reporting_active_minus_pre",0.642756724943927
"A","reliability_shrunk","clustering_matrix","atx_4ae57d328ec6","Greater Scaup","count_active_minus_pre",0.636616707735259
"A","reliability_shrunk","clustering_matrix","atx_4ae57d328ec6","Greater Scaup","reporting_spawn_minus_early_egg",-0.11735230383923
"A","reliability_shrunk","clustering_matrix","atx_4ae57d328ec6","Greater Scaup","count_spawn_minus_early_egg",-1.62989876256593
"A","reliability_shrunk","clustering_matrix","atx_15dd5efcd8d6","Black Turnstone","reporting_active_minus_pre",-0.773700396451574
"A","reliability_shrunk","clustering_matrix","atx_15dd5efcd8d6","Black Turnstone","count_active_minus_pre",0.157861637298238
"A","reliability_shrunk","clustering_matrix","atx_15dd5efcd8d6","Black Turnstone","reporting_spawn_minus_early_egg",-0.345679905829879
"A","reliability_shrunk","clustering_matrix","atx_15dd5efcd8d6","Black Turnstone","count_spawn_minus_early_egg",-0.198122712998573
"A","reliability_shrunk","clustering_matrix","atx_fadb8da1a816","Bonaparte's Gull","reporting_active_minus_pre",1.82564177676792
"A","reliability_shrunk","clustering_matrix","atx_fadb8da1a816","Bonaparte's Gull","count_active_minus_pre",-0.0129140103683888
"A","reliability_shrunk","clustering_matrix","atx_fadb8da1a816","Bonaparte's Gull","reporting_spawn_minus_early_egg",-1.73673064012851
"A","reliability_shrunk","clustering_matrix","atx_fadb8da1a816","Bonaparte's Gull","count_spawn_minus_early_egg",-0.129349230511146
"A","reliability_shrunk","clustering_matrix","atx_v2_000006","Black-bellied Plover","reporting_active_minus_pre",-0.905453023824807
"A","reliability_shrunk","clustering_matrix","atx_v2_000006","Black-bellied Plover","count_active_minus_pre",-1.20309152849681
"A","reliability_shrunk","clustering_matrix","atx_v2_000006","Black-bellied Plover","reporting_spawn_minus_early_egg",-0.901094014209095
"A","reliability_shrunk","clustering_matrix","atx_v2_000006","Black-bellied Plover","count_spawn_minus_early_egg",-0.411808144730167
"A","reliability_shrunk","clustering_matrix","atx_59441ff7abde","Brant","reporting_active_minus_pre",0.82941754860779
"A","reliability_shrunk","clustering_matrix","atx_59441ff7abde","Brant","count_active_minus_pre",-0.194211562417907
"A","reliability_shrunk","clustering_matrix","atx_59441ff7abde","Brant","reporting_spawn_minus_early_egg",-0.0374661044317642
"A","reliability_shrunk","clustering_matrix","atx_59441ff7abde","Brant","count_spawn_minus_early_egg",0.035793666646612
"A","reliability_shrunk","clustering_matrix","atx_acf526bb8010","Marbled Murrelet","reporting_active_minus_pre",-0.659194940497823
"A","reliability_shrunk","clustering_matrix","atx_acf526bb8010","Marbled Murrelet","count_active_minus_pre",-0.159556297895039
"A","reliability_shrunk","clustering_matrix","atx_acf526bb8010","Marbled Murrelet","reporting_spawn_minus_early_egg",-0.296645643273944
"A","reliability_shrunk","clustering_matrix","atx_acf526bb8010","Marbled Murrelet","count_spawn_minus_early_egg",-0.929379732852843
"A","reliability_shrunk","clustering_matrix","atx_40f730f5ad72","Long-tailed Duck","reporting_active_minus_pre",0.617418562733001
"A","reliability_shrunk","clustering_matrix","atx_40f730f5ad72","Long-tailed Duck","count_active_minus_pre",2.66101239936199
"A","reliability_shrunk","clustering_matrix","atx_40f730f5ad72","Long-tailed Duck","reporting_spawn_minus_early_egg",-1.70525269376711
"A","reliability_shrunk","clustering_matrix","atx_40f730f5ad72","Long-tailed Duck","count_spawn_minus_early_egg",-2.08882572701029
"A","reliability_shrunk","clustering_matrix","atx_98ca0000b734","Brandt's Cormorant","reporting_active_minus_pre",-0.453579139505776
"A","reliability_shrunk","clustering_matrix","atx_98ca0000b734","Brandt's Cormorant","count_active_minus_pre",-0.522671618151003
"A","reliability_shrunk","clustering_matrix","atx_98ca0000b734","Brandt's Cormorant","reporting_spawn_minus_early_egg",0.247997965097204
"A","reliability_shrunk","clustering_matrix","atx_98ca0000b734","Brandt's Cormorant","count_spawn_minus_early_egg",0.493042019000727
"A","reliability_shrunk","clustering_matrix","atx_136b0e66254b","Common Murre","reporting_active_minus_pre",-1.10509172831085
"A","reliability_shrunk","clustering_matrix","atx_136b0e66254b","Common Murre","count_active_minus_pre",-1.08735430512809
"A","reliability_shrunk","clustering_matrix","atx_136b0e66254b","Common Murre","reporting_spawn_minus_early_egg",-0.081729062037194
"A","reliability_shrunk","clustering_matrix","atx_136b0e66254b","Common Murre","count_spawn_minus_early_egg",1.35165579044477
"A","reliability_shrunk","clustering_matrix","atx_7571c026ae99","American Herring Gull","reporting_active_minus_pre",2.23937330727016
"A","reliability_shrunk","clustering_matrix","atx_7571c026ae99","American Herring Gull","count_active_minus_pre",-0.607223204280501
"A","reliability_shrunk","clustering_matrix","atx_7571c026ae99","American Herring Gull","reporting_spawn_minus_early_egg",0.00762981237484034
"A","reliability_shrunk","clustering_matrix","atx_7571c026ae99","American Herring Gull","count_spawn_minus_early_egg",-0.0966276107639579
"A","reliability_shrunk","clustering_matrix","atx_1328b44be502","Black Scoter","reporting_active_minus_pre",0.542435175217627
"A","reliability_shrunk","clustering_matrix","atx_1328b44be502","Black Scoter","count_active_minus_pre",-0.643460468900953
"A","reliability_shrunk","clustering_matrix","atx_1328b44be502","Black Scoter","reporting_spawn_minus_early_egg",-0.677527499702615
"A","reliability_shrunk","clustering_matrix","atx_1328b44be502","Black Scoter","count_spawn_minus_early_egg",-0.796466931424844
"A","reliability_shrunk","clustering_matrix","atx_04cf65098f13","Red-throated Loon","reporting_active_minus_pre",-0.245270317174018
"A","reliability_shrunk","clustering_matrix","atx_04cf65098f13","Red-throated Loon","count_active_minus_pre",-0.340212014636316
"A","reliability_shrunk","clustering_matrix","atx_04cf65098f13","Red-throated Loon","reporting_spawn_minus_early_egg",0.270044527880698
"A","reliability_shrunk","clustering_matrix","atx_04cf65098f13","Red-throated Loon","count_spawn_minus_early_egg",0.200987905381552
"A","reliability_shrunk","clustering_matrix","atx_ebf17f77fb66","Western Grebe","reporting_active_minus_pre",-1.43807372729748
"A","reliability_shrunk","clustering_matrix","atx_ebf17f77fb66","Western Grebe","count_active_minus_pre",-0.150441904698686
"A","reliability_shrunk","clustering_matrix","atx_ebf17f77fb66","Western Grebe","reporting_spawn_minus_early_egg",-0.044634128575812
"A","reliability_shrunk","clustering_matrix","atx_ebf17f77fb66","Western Grebe","count_spawn_minus_early_egg",0.339107466745687
"A","reliability_shrunk","clustering_matrix","atx_5a9a3495d0ea","Western Gull","reporting_active_minus_pre",0.332110967837495
"A","reliability_shrunk","clustering_matrix","atx_5a9a3495d0ea","Western Gull","count_active_minus_pre",-0.14475908820052
"A","reliability_shrunk","clustering_matrix","atx_5a9a3495d0ea","Western Gull","reporting_spawn_minus_early_egg",-0.667217649378124
"A","reliability_shrunk","clustering_matrix","atx_5a9a3495d0ea","Western Gull","count_spawn_minus_early_egg",1.18085136407527
"B","none","raw_estimate","atx_c9db024faf12","American Crow","reporting__did_early_pre",-0.0577599458394101
"B","none","raw_estimate","atx_c9db024faf12","American Crow","reporting__did_immediate_pre",0.02685045233994
"B","none","raw_estimate","atx_c9db024faf12","American Crow","reporting__did_spawn_start",0.0021950138200042
"B","none","raw_estimate","atx_c9db024faf12","American Crow","reporting__did_early_egg",0.0111965631632745
"B","none","raw_estimate","atx_c9db024faf12","American Crow","reporting__did_late_egg",-0.0603791964348669
"B","none","raw_estimate","atx_c9db024faf12","American Crow","reporting__did_active_0_14_day",0.00879615000506912
"B","none","raw_estimate","atx_c9db024faf12","American Crow","count__did_early_pre",0.0170331470164271
"B","none","raw_estimate","atx_c9db024faf12","American Crow","count__did_immediate_pre",-0.0254226356802604
"B","none","raw_estimate","atx_c9db024faf12","American Crow","count__did_spawn_start",-0.01159130685569
"B","none","raw_estimate","atx_c9db024faf12","American Crow","count__did_early_egg",0.00943461501353955
"B","none","raw_estimate","atx_c9db024faf12","American Crow","count__did_late_egg",-0.0130436687149583
"B","none","raw_estimate","atx_c9db024faf12","American Crow","count__did_active_0_14_day",0.00382770251507833
"B","none","raw_estimate","atx_725074cbfcb6","Glaucous-winged Gull","reporting__did_early_pre",-0.0270985649496347
"B","none","raw_estimate","atx_725074cbfcb6","Glaucous-winged Gull","reporting__did_immediate_pre",-0.00962363319406257
"B","none","raw_estimate","atx_725074cbfcb6","Glaucous-winged Gull","reporting__did_spawn_start",0.158014809505677
"B","none","raw_estimate","atx_725074cbfcb6","Glaucous-winged Gull","reporting__did_early_egg",0.0930095606644873
"B","none","raw_estimate","atx_725074cbfcb6","Glaucous-winged Gull","reporting__did_late_egg",0.0110710550873774
"B","none","raw_estimate","atx_725074cbfcb6","Glaucous-winged Gull","reporting__did_active_0_14_day",0.110344293688804
"B","none","raw_estimate","atx_725074cbfcb6","Glaucous-winged Gull","count__did_early_pre",0.0357275354843861
"B","none","raw_estimate","atx_725074cbfcb6","Glaucous-winged Gull","count__did_immediate_pre",0.0398280162668926
"B","none","raw_estimate","atx_725074cbfcb6","Glaucous-winged Gull","count__did_spawn_start",0.238306511876278
"B","none","raw_estimate","atx_725074cbfcb6","Glaucous-winged Gull","count__did_early_egg",0.178272185313423
"B","none","raw_estimate","atx_725074cbfcb6","Glaucous-winged Gull","count__did_late_egg",0.0646729793849291
"B","none","raw_estimate","atx_725074cbfcb6","Glaucous-winged Gull","count__did_active_0_14_day",0.194281339063518
"B","none","raw_estimate","atx_815c98107028","Mallard","reporting__did_early_pre",-0.0117339952133079
"B","none","raw_estimate","atx_815c98107028","Mallard","reporting__did_immediate_pre",0.0532277564606738
"B","none","raw_estimate","atx_815c98107028","Mallard","reporting__did_spawn_start",0.0640167472878936
"B","none","raw_estimate","atx_815c98107028","Mallard","reporting__did_early_egg",0.0243781742277471
"B","none","raw_estimate","atx_815c98107028","Mallard","reporting__did_late_egg",0.0137653724062264
"B","none","raw_estimate","atx_815c98107028","Mallard","reporting__did_active_0_14_day",0.0349484603771195
"B","none","raw_estimate","atx_815c98107028","Mallard","count__did_early_pre",0.0285042341035347
"B","none","raw_estimate","atx_815c98107028","Mallard","count__did_immediate_pre",0.0415749083782137
"B","none","raw_estimate","atx_815c98107028","Mallard","count__did_spawn_start",0.0848305535738326
"B","none","raw_estimate","atx_815c98107028","Mallard","count__did_early_egg",0.111985493127781
"B","none","raw_estimate","atx_815c98107028","Mallard","count__did_late_egg",0.135931877021315
"B","none","raw_estimate","atx_815c98107028","Mallard","count__did_active_0_14_day",0.104744175913395
"B","none","raw_estimate","atx_fc0a9b777dcd","Bald Eagle","reporting__did_early_pre",-0.00826541547123447
"B","none","raw_estimate","atx_fc0a9b777dcd","Bald Eagle","reporting__did_immediate_pre",0.08729136692559
"B","none","raw_estimate","atx_fc0a9b777dcd","Bald Eagle","reporting__did_spawn_start",0.191449314074097
"B","none","raw_estimate","atx_fc0a9b777dcd","Bald Eagle","reporting__did_early_egg",0.0391373521662256
"B","none","raw_estimate","atx_fc0a9b777dcd","Bald Eagle","reporting__did_late_egg",0.0261256013216681
"B","none","raw_estimate","atx_fc0a9b777dcd","Bald Eagle","reporting__did_active_0_14_day",0.0797538753416578
"B","none","raw_estimate","atx_fc0a9b777dcd","Bald Eagle","count__did_early_pre",-0.0143048651788538
"B","none","raw_estimate","atx_fc0a9b777dcd","Bald Eagle","count__did_immediate_pre",0.0218145619243626
"B","none","raw_estimate","atx_fc0a9b777dcd","Bald Eagle","count__did_spawn_start",0.163329258932404
"B","none","raw_estimate","atx_fc0a9b777dcd","Bald Eagle","count__did_early_egg",0.0285009073562331
"B","none","raw_estimate","atx_fc0a9b777dcd","Bald Eagle","count__did_late_egg",-0.0113338653311838
"B","none","raw_estimate","atx_fc0a9b777dcd","Bald Eagle","count__did_active_0_14_day",0.064455134443212
"B","none","raw_estimate","atx_b3d3ea90f9cb","Canada Goose","reporting__did_early_pre",0.0630940892334255
"B","none","raw_estimate","atx_b3d3ea90f9cb","Canada Goose","reporting__did_immediate_pre",0.109411636120534
"B","none","raw_estimate","atx_b3d3ea90f9cb","Canada Goose","reporting__did_spawn_start",0.0653134960845698
"B","none","raw_estimate","atx_b3d3ea90f9cb","Canada Goose","reporting__did_early_egg",0.0821017852445436
"B","none","raw_estimate","atx_b3d3ea90f9cb","Canada Goose","reporting__did_late_egg",0.127598583293647
"B","none","raw_estimate","atx_b3d3ea90f9cb","Canada Goose","reporting__did_active_0_14_day",0.0776249081352173
"B","none","raw_estimate","atx_b3d3ea90f9cb","Canada Goose","count__did_early_pre",-0.0508293976798446
"B","none","raw_estimate","atx_b3d3ea90f9cb","Canada Goose","count__did_immediate_pre",-0.0167030337734949
"B","none","raw_estimate","atx_b3d3ea90f9cb","Canada Goose","count__did_spawn_start",0.0372983580646032
"B","none","raw_estimate","atx_b3d3ea90f9cb","Canada Goose","count__did_early_egg",-0.0020166970000274
"B","none","raw_estimate","atx_b3d3ea90f9cb","Canada Goose","count__did_late_egg",0.00730970902042047
"B","none","raw_estimate","atx_b3d3ea90f9cb","Canada Goose","count__did_active_0_14_day",0.00846731768387409
"B","none","raw_estimate","atx_v2_000007","Common Raven","reporting__did_early_pre",0.0122602288651884
"B","none","raw_estimate","atx_v2_000007","Common Raven","reporting__did_immediate_pre",-0.019359938988772
"B","none","raw_estimate","atx_v2_000007","Common Raven","reporting__did_spawn_start",-0.0651462332152546
"B","none","raw_estimate","atx_v2_000007","Common Raven","reporting__did_early_egg",-0.0617915001362735
"B","none","raw_estimate","atx_v2_000007","Common Raven","reporting__did_late_egg",-0.00958390593540415
"B","none","raw_estimate","atx_v2_000007","Common Raven","reporting__did_active_0_14_day",-0.0626860956240018
"B","none","raw_estimate","atx_v2_000007","Common Raven","count__did_early_pre",0.00779590425050566
"B","none","raw_estimate","atx_v2_000007","Common Raven","count__did_immediate_pre",0.0203538055636339
"B","none","raw_estimate","atx_v2_000007","Common Raven","count__did_spawn_start",0.00232670785536176
"B","none","raw_estimate","atx_v2_000007","Common Raven","count__did_early_egg",0.0176306362681057
"B","none","raw_estimate","atx_v2_000007","Common Raven","count__did_late_egg",0.0148112987305949
"B","none","raw_estimate","atx_v2_000007","Common Raven","count__did_active_0_14_day",0.013549588691374
"B","none","raw_estimate","atx_99238953638b","Bufflehead","reporting__did_early_pre",0.00867458332689094
"B","none","raw_estimate","atx_99238953638b","Bufflehead","reporting__did_immediate_pre",0.0125070356659595
"B","none","raw_estimate","atx_99238953638b","Bufflehead","reporting__did_spawn_start",0.0546670954645342
"B","none","raw_estimate","atx_99238953638b","Bufflehead","reporting__did_early_egg",-0.0860560179469067
"B","none","raw_estimate","atx_99238953638b","Bufflehead","reporting__did_late_egg",-0.0179132527676085
"B","none","raw_estimate","atx_99238953638b","Bufflehead","reporting__did_active_0_14_day",-0.0485298543705224
"B","none","raw_estimate","atx_99238953638b","Bufflehead","count__did_early_pre",-0.016333201597481
"B","none","raw_estimate","atx_99238953638b","Bufflehead","count__did_immediate_pre",-0.0221918974923451
"B","none","raw_estimate","atx_99238953638b","Bufflehead","count__did_spawn_start",0.0588141945352363
"B","none","raw_estimate","atx_99238953638b","Bufflehead","count__did_early_egg",0.107449055736612
"B","none","raw_estimate","atx_99238953638b","Bufflehead","count__did_late_egg",0.0508495854584133
"B","none","raw_estimate","atx_99238953638b","Bufflehead","count__did_active_0_14_day",0.0944797594162449
"B","none","raw_estimate","atx_7b80ddaff058","Great Blue Heron","reporting__did_early_pre",0.020818357625039
"B","none","raw_estimate","atx_7b80ddaff058","Great Blue Heron","reporting__did_immediate_pre",-0.00286696960343561
"B","none","raw_estimate","atx_7b80ddaff058","Great Blue Heron","reporting__did_spawn_start",0.114106391151865
"B","none","raw_estimate","atx_7b80ddaff058","Great Blue Heron","reporting__did_early_egg",-0.0150909523922313
"B","none","raw_estimate","atx_7b80ddaff058","Great Blue Heron","reporting__did_late_egg",-0.00140750854739126
"B","none","raw_estimate","atx_7b80ddaff058","Great Blue Heron","reporting__did_active_0_14_day",0.0193616725528611
"B","none","raw_estimate","atx_7b80ddaff058","Great Blue Heron","count__did_early_pre",0.00911552662156896
"B","none","raw_estimate","atx_7b80ddaff058","Great Blue Heron","count__did_immediate_pre",0.0639286173120848
"B","none","raw_estimate","atx_7b80ddaff058","Great Blue Heron","count__did_spawn_start",0.0367253195582404
"B","none","raw_estimate","atx_7b80ddaff058","Great Blue Heron","count__did_early_egg",0.0409563526480538
"B","none","raw_estimate","atx_7b80ddaff058","Great Blue Heron","count__did_late_egg",0.0404520344223884
"B","none","raw_estimate","atx_7b80ddaff058","Great Blue Heron","count__did_active_0_14_day",0.0398280771574369
"B","none","raw_estimate","atx_a113baee5693","American Wigeon","reporting__did_early_pre",0.00276620267207142
"B","none","raw_estimate","atx_a113baee5693","American Wigeon","reporting__did_immediate_pre",0.0548360981779953
"B","none","raw_estimate","atx_a113baee5693","American Wigeon","reporting__did_spawn_start",0.130772403177954
"B","none","raw_estimate","atx_a113baee5693","American Wigeon","reporting__did_early_egg",0.128615613850115
"B","none","raw_estimate","atx_a113baee5693","American Wigeon","reporting__did_late_egg",0.145284340158806
"B","none","raw_estimate","atx_a113baee5693","American Wigeon","reporting__did_active_0_14_day",0.129190757670872
"B","none","raw_estimate","atx_a113baee5693","American Wigeon","count__did_early_pre",0.0126879985062338
"B","none","raw_estimate","atx_a113baee5693","American Wigeon","count__did_immediate_pre",0.0864067827216895
"B","none","raw_estimate","atx_a113baee5693","American Wigeon","count__did_spawn_start",0.0648709486480372
"B","none","raw_estimate","atx_a113baee5693","American Wigeon","count__did_early_egg",0.118855314319997
"B","none","raw_estimate","atx_a113baee5693","American Wigeon","count__did_late_egg",0.0510905389396145
"B","none","raw_estimate","atx_a113baee5693","American Wigeon","count__did_active_0_14_day",0.104459483474141
"B","none","raw_estimate","atx_a444854c6b66","Double-crested Cormorant","reporting__did_early_pre",-0.0165629935706549
"B","none","raw_estimate","atx_a444854c6b66","Double-crested Cormorant","reporting__did_immediate_pre",0.0013786839782325
"B","none","raw_estimate","atx_a444854c6b66","Double-crested Cormorant","reporting__did_spawn_start",0.0209411088581268
"B","none","raw_estimate","atx_a444854c6b66","Double-crested Cormorant","reporting__did_early_egg",0.0218260153024592
"B","none","raw_estimate","atx_a444854c6b66","Double-crested Cormorant","reporting__did_late_egg",-0.00417517583359576
"B","none","raw_estimate","atx_a444854c6b66","Double-crested Cormorant","reporting__did_active_0_14_day",0.0215900402506372
"B","none","raw_estimate","atx_a444854c6b66","Double-crested Cormorant","count__did_early_pre",-0.0115266637494601
"B","none","raw_estimate","atx_a444854c6b66","Double-crested Cormorant","count__did_immediate_pre",0.065389449227781
"B","none","raw_estimate","atx_a444854c6b66","Double-crested Cormorant","count__did_spawn_start",0.14383102037562
"B","none","raw_estimate","atx_a444854c6b66","Double-crested Cormorant","count__did_early_egg",0.109808396430101
"B","none","raw_estimate","atx_a444854c6b66","Double-crested Cormorant","count__did_late_egg",0.0761589496259545
"B","none","raw_estimate","atx_a444854c6b66","Double-crested Cormorant","count__did_active_0_14_day",0.118881096148906
"B","none","raw_estimate","atx_35518e24dfdd","Common Merganser","reporting__did_early_pre",-0.0596125272634772
"B","none","raw_estimate","atx_35518e24dfdd","Common Merganser","reporting__did_immediate_pre",0.100713819393362
"B","none","raw_estimate","atx_35518e24dfdd","Common Merganser","reporting__did_spawn_start",0.223579564607706
"B","none","raw_estimate","atx_35518e24dfdd","Common Merganser","reporting__did_early_egg",0.153008455659564
"B","none","raw_estimate","atx_35518e24dfdd","Common Merganser","reporting__did_late_egg",0.107589416932022
"B","none","raw_estimate","atx_35518e24dfdd","Common Merganser","reporting__did_active_0_14_day",0.171827418045735
"B","none","raw_estimate","atx_35518e24dfdd","Common Merganser","count__did_early_pre",-0.00922581679655325
"B","none","raw_estimate","atx_35518e24dfdd","Common Merganser","count__did_immediate_pre",0.00592844080079254
"B","none","raw_estimate","atx_35518e24dfdd","Common Merganser","count__did_spawn_start",0.125085511530178
"B","none","raw_estimate","atx_35518e24dfdd","Common Merganser","count__did_early_egg",0.0957036206185835
"B","none","raw_estimate","atx_35518e24dfdd","Common Merganser","count__did_late_egg",0.0238737197397162
"B","none","raw_estimate","atx_35518e24dfdd","Common Merganser","count__did_active_0_14_day",0.103538791528342
"B","none","raw_estimate","atx_e0e678a61ad7","Short-billed Gull","reporting__did_early_pre",-0.111835776398166
"B","none","raw_estimate","atx_e0e678a61ad7","Short-billed Gull","reporting__did_immediate_pre",0.0538270310678134
"B","none","raw_estimate","atx_e0e678a61ad7","Short-billed Gull","reporting__did_spawn_start",0.214130578663261
"B","none","raw_estimate","atx_e0e678a61ad7","Short-billed Gull","reporting__did_early_egg",0.187698743214535
"B","none","raw_estimate","atx_e0e678a61ad7","Short-billed Gull","reporting__did_late_egg",0.0130308412220631
"B","none","raw_estimate","atx_e0e678a61ad7","Short-billed Gull","reporting__did_active_0_14_day",0.194747232667529
"B","none","raw_estimate","atx_e0e678a61ad7","Short-billed Gull","count__did_early_pre",0.0605552832261956
"B","none","raw_estimate","atx_e0e678a61ad7","Short-billed Gull","count__did_immediate_pre",0.0304166715637199
"B","none","raw_estimate","atx_e0e678a61ad7","Short-billed Gull","count__did_spawn_start",0.279134676617817
"B","none","raw_estimate","atx_e0e678a61ad7","Short-billed Gull","count__did_early_egg",0.318036336101268
"B","none","raw_estimate","atx_e0e678a61ad7","Short-billed Gull","count__did_late_egg",0.194664006117846
"B","none","raw_estimate","atx_e0e678a61ad7","Short-billed Gull","count__did_active_0_14_day",0.307662560239014
"B","none","raw_estimate","atx_82312e6f2848","Common Goldeneye","reporting__did_early_pre",0.0517361596319658
"B","none","raw_estimate","atx_82312e6f2848","Common Goldeneye","reporting__did_immediate_pre",0.0516854703706408
"B","none","raw_estimate","atx_82312e6f2848","Common Goldeneye","reporting__did_spawn_start",0.0895848217916289
"B","none","raw_estimate","atx_82312e6f2848","Common Goldeneye","reporting__did_early_egg",0.0323221540965319
"B","none","raw_estimate","atx_82312e6f2848","Common Goldeneye","reporting__did_late_egg",0.0925223396325087
"B","none","raw_estimate","atx_82312e6f2848","Common Goldeneye","reporting__did_active_0_14_day",0.0475921988152245
"B","none","raw_estimate","atx_82312e6f2848","Common Goldeneye","count__did_early_pre",0.0381954294770128
"B","none","raw_estimate","atx_82312e6f2848","Common Goldeneye","count__did_immediate_pre",0.00877402820479881
"B","none","raw_estimate","atx_82312e6f2848","Common Goldeneye","count__did_spawn_start",0.097008110859007
"B","none","raw_estimate","atx_82312e6f2848","Common Goldeneye","count__did_early_egg",0.240777324774626
"B","none","raw_estimate","atx_82312e6f2848","Common Goldeneye","count__did_late_egg",0.182845538277558
"B","none","raw_estimate","atx_82312e6f2848","Common Goldeneye","count__did_active_0_14_day",0.202438867730461
"B","none","raw_estimate","atx_04afbeb21fb0","Hooded Merganser","reporting__did_early_pre",-0.0267010074406932
"B","none","raw_estimate","atx_04afbeb21fb0","Hooded Merganser","reporting__did_immediate_pre",-0.072923593590463
"B","none","raw_estimate","atx_04afbeb21fb0","Hooded Merganser","reporting__did_spawn_start",-0.0026929239652459
"B","none","raw_estimate","atx_04afbeb21fb0","Hooded Merganser","reporting__did_early_egg",-0.0390753364548772
"B","none","raw_estimate","atx_04afbeb21fb0","Hooded Merganser","reporting__did_late_egg",-0.0414088509073227
"B","none","raw_estimate","atx_04afbeb21fb0","Hooded Merganser","reporting__did_active_0_14_day",-0.0293733597909755
"B","none","raw_estimate","atx_04afbeb21fb0","Hooded Merganser","count__did_early_pre",-0.0362492115509241
"B","none","raw_estimate","atx_04afbeb21fb0","Hooded Merganser","count__did_immediate_pre",0.0152742496150644
"B","none","raw_estimate","atx_04afbeb21fb0","Hooded Merganser","count__did_spawn_start",-0.015702169098952
"B","none","raw_estimate","atx_04afbeb21fb0","Hooded Merganser","count__did_early_egg",0.017397439725181
"B","none","raw_estimate","atx_04afbeb21fb0","Hooded Merganser","count__did_late_egg",0.008674180380665
"B","none","raw_estimate","atx_04afbeb21fb0","Hooded Merganser","count__did_active_0_14_day",0.00857087737207889
"B","none","raw_estimate","atx_35707a9578d5","Pelagic Cormorant","reporting__did_early_pre",-0.0423989836749216
"B","none","raw_estimate","atx_35707a9578d5","Pelagic Cormorant","reporting__did_immediate_pre",0.0143599861759495
"B","none","raw_estimate","atx_35707a9578d5","Pelagic Cormorant","reporting__did_spawn_start",-0.00666188360829596
"B","none","raw_estimate","atx_35707a9578d5","Pelagic Cormorant","reporting__did_early_egg",0.0473269187418413
"B","none","raw_estimate","atx_35707a9578d5","Pelagic Cormorant","reporting__did_late_egg",0.00261769716589308
"B","none","raw_estimate","atx_35707a9578d5","Pelagic Cormorant","reporting__did_active_0_14_day",0.0329299047818047
"B","none","raw_estimate","atx_35707a9578d5","Pelagic Cormorant","count__did_early_pre",0.0248318570723984
"B","none","raw_estimate","atx_35707a9578d5","Pelagic Cormorant","count__did_immediate_pre",0.00163781350527809
"B","none","raw_estimate","atx_35707a9578d5","Pelagic Cormorant","count__did_spawn_start",0.0248764826922658
"B","none","raw_estimate","atx_35707a9578d5","Pelagic Cormorant","count__did_early_egg",0.0418616654915435
"B","none","raw_estimate","atx_35707a9578d5","Pelagic Cormorant","count__did_late_egg",0.057974183997308
"B","none","raw_estimate","atx_35707a9578d5","Pelagic Cormorant","count__did_active_0_14_day",0.0373322834117361
"B","none","raw_estimate","atx_1930f23cc4f8","Surf Scoter","reporting__did_early_pre",-0.0134616154636769
"B","none","raw_estimate","atx_1930f23cc4f8","Surf Scoter","reporting__did_immediate_pre",-0.0111937642935256
"B","none","raw_estimate","atx_1930f23cc4f8","Surf Scoter","reporting__did_spawn_start",0.0205771948541568
"B","none","raw_estimate","atx_1930f23cc4f8","Surf Scoter","reporting__did_early_egg",-0.0196741490658854
"B","none","raw_estimate","atx_1930f23cc4f8","Surf Scoter","reporting__did_late_egg",0.0286519068921003
"B","none","raw_estimate","atx_1930f23cc4f8","Surf Scoter","reporting__did_active_0_14_day",-0.00894045735387415
"B","none","raw_estimate","atx_1930f23cc4f8","Surf Scoter","count__did_early_pre",-0.0617218764321745
"B","none","raw_estimate","atx_1930f23cc4f8","Surf Scoter","count__did_immediate_pre",-0.0265911883151772
"B","none","raw_estimate","atx_1930f23cc4f8","Surf Scoter","count__did_spawn_start",0.0474301497648476
"B","none","raw_estimate","atx_1930f23cc4f8","Surf Scoter","count__did_early_egg",0.284324554396913
"B","none","raw_estimate","atx_1930f23cc4f8","Surf Scoter","count__did_late_egg",0.125842380149168
"B","none","raw_estimate","atx_1930f23cc4f8","Surf Scoter","count__did_active_0_14_day",0.221152713161695
"B","none","raw_estimate","atx_9ae1aa9b7fdf","Common Loon","reporting__did_early_pre",-0.0689419631811039
"B","none","raw_estimate","atx_9ae1aa9b7fdf","Common Loon","reporting__did_immediate_pre",-0.0148472257946372
"B","none","raw_estimate","atx_9ae1aa9b7fdf","Common Loon","reporting__did_spawn_start",-0.154524786405528
"B","none","raw_estimate","atx_9ae1aa9b7fdf","Common Loon","reporting__did_early_egg",-0.0832846486351748
"B","none","raw_estimate","atx_9ae1aa9b7fdf","Common Loon","reporting__did_late_egg",0.0538148955084253
"B","none","raw_estimate","atx_9ae1aa9b7fdf","Common Loon","reporting__did_active_0_14_day",-0.102282018707269
"B","none","raw_estimate","atx_9ae1aa9b7fdf","Common Loon","count__did_early_pre",-0.0241249894014399
"B","none","raw_estimate","atx_9ae1aa9b7fdf","Common Loon","count__did_immediate_pre",-0.0368489703095878
"B","none","raw_estimate","atx_9ae1aa9b7fdf","Common Loon","count__did_spawn_start",0.0287034195766969
"B","none","raw_estimate","atx_9ae1aa9b7fdf","Common Loon","count__did_early_egg",0.00807300926137406
"B","none","raw_estimate","atx_9ae1aa9b7fdf","Common Loon","count__did_late_egg",-0.030117558163146
"B","none","raw_estimate","atx_9ae1aa9b7fdf","Common Loon","count__did_active_0_14_day",0.0135744520121268
"B","none","raw_estimate","atx_7d980a7c8c37","Northern Pintail","reporting__did_early_pre",0.0519093921134638
"B","none","raw_estimate","atx_7d980a7c8c37","Northern Pintail","reporting__did_immediate_pre",0.0851618596678816
"B","none","raw_estimate","atx_7d980a7c8c37","Northern Pintail","reporting__did_spawn_start",0.243739193860187
"B","none","raw_estimate","atx_7d980a7c8c37","Northern Pintail","reporting__did_early_egg",0.259487456167164
"B","none","raw_estimate","atx_7d980a7c8c37","Northern Pintail","reporting__did_late_egg",0.245885235589268
"B","none","raw_estimate","atx_7d980a7c8c37","Northern Pintail","reporting__did_active_0_14_day",0.25528791955197
"B","none","raw_estimate","atx_7d980a7c8c37","Northern Pintail","count__did_early_pre",-0.00010581181535757
"B","none","raw_estimate","atx_7d980a7c8c37","Northern Pintail","count__did_immediate_pre",0.00397954506188032
"B","none","raw_estimate","atx_7d980a7c8c37","Northern Pintail","count__did_spawn_start",0.0682255694069397
"B","none","raw_estimate","atx_7d980a7c8c37","Northern Pintail","count__did_early_egg",0.0858057814974604
"B","none","raw_estimate","atx_7d980a7c8c37","Northern Pintail","count__did_late_egg",-0.00639879715904538
"B","none","raw_estimate","atx_7d980a7c8c37","Northern Pintail","count__did_active_0_14_day",0.0811177249399882
"B","none","raw_estimate","atx_v2_000002","Black Oystercatcher","reporting__did_early_pre",-0.0196927422785247
"B","none","raw_estimate","atx_v2_000002","Black Oystercatcher","reporting__did_immediate_pre",-0.00908003076620065
"B","none","raw_estimate","atx_v2_000002","Black Oystercatcher","reporting__did_spawn_start",-0.0751035022865936
"B","none","raw_estimate","atx_v2_000002","Black Oystercatcher","reporting__did_early_egg",-0.0461509761337417
"B","none","raw_estimate","atx_v2_000002","Black Oystercatcher","reporting__did_late_egg",0.0505135215314786
"B","none","raw_estimate","atx_v2_000002","Black Oystercatcher","reporting__did_active_0_14_day",-0.0538716497745022
"B","none","raw_estimate","atx_v2_000002","Black Oystercatcher","count__did_early_pre",0.0153079612068881
"B","none","raw_estimate","atx_v2_000002","Black Oystercatcher","count__did_immediate_pre",0.0440810522973369
"B","none","raw_estimate","atx_v2_000002","Black Oystercatcher","count__did_spawn_start",-0.00405710713411454
"B","none","raw_estimate","atx_v2_000002","Black Oystercatcher","count__did_early_egg",0.0320008237908143
"B","none","raw_estimate","atx_v2_000002","Black Oystercatcher","count__did_late_egg",0.0288464323729175
"B","none","raw_estimate","atx_v2_000002","Black Oystercatcher","count__did_active_0_14_day",0.0223853755441666
"B","none","raw_estimate","atx_c2d1fbbaf6d3","Red-breasted Merganser","reporting__did_early_pre",0.0168315180541476
"B","none","raw_estimate","atx_c2d1fbbaf6d3","Red-breasted Merganser","reporting__did_immediate_pre",-0.0409656272769222
"B","none","raw_estimate","atx_c2d1fbbaf6d3","Red-breasted Merganser","reporting__did_spawn_start",0.0155133080781765
"B","none","raw_estimate","atx_c2d1fbbaf6d3","Red-breasted Merganser","reporting__did_early_egg",-0.0337834696297572
"B","none","raw_estimate","atx_c2d1fbbaf6d3","Red-breasted Merganser","reporting__did_late_egg",0.0533913144130813
"B","none","raw_estimate","atx_c2d1fbbaf6d3","Red-breasted Merganser","reporting__did_active_0_14_day",-0.0206376622409749
"B","none","raw_estimate","atx_c2d1fbbaf6d3","Red-breasted Merganser","count__did_early_pre",-0.046620150810928
"B","none","raw_estimate","atx_c2d1fbbaf6d3","Red-breasted Merganser","count__did_immediate_pre",0.00516896265778332
"B","none","raw_estimate","atx_c2d1fbbaf6d3","Red-breasted Merganser","count__did_spawn_start",0.137693129912352
"B","none","raw_estimate","atx_c2d1fbbaf6d3","Red-breasted Merganser","count__did_early_egg",0.0857597812140328
"B","none","raw_estimate","atx_c2d1fbbaf6d3","Red-breasted Merganser","count__did_late_egg",0.0376451841514942
"B","none","raw_estimate","atx_c2d1fbbaf6d3","Red-breasted Merganser","count__did_active_0_14_day",0.0996086742002513
"B","none","raw_estimate","atx_6b4cfd1ab927","Horned Grebe","reporting__did_early_pre",0.0283562364676983
"B","none","raw_estimate","atx_6b4cfd1ab927","Horned Grebe","reporting__did_immediate_pre",0.0911516260420882
"B","none","raw_estimate","atx_6b4cfd1ab927","Horned Grebe","reporting__did_spawn_start",-0.055656382641294
"B","none","raw_estimate","atx_6b4cfd1ab927","Horned Grebe","reporting__did_early_egg",0.00832633345491295
"B","none","raw_estimate","atx_6b4cfd1ab927","Horned Grebe","reporting__did_late_egg",0.0408044688365768
"B","none","raw_estimate","atx_6b4cfd1ab927","Horned Grebe","reporting__did_active_0_14_day",-0.00873572417074223
"B","none","raw_estimate","atx_6b4cfd1ab927","Horned Grebe","count__did_early_pre",-0.0469220334537426
"B","none","raw_estimate","atx_6b4cfd1ab927","Horned Grebe","count__did_immediate_pre",-0.0388300472917177
"B","none","raw_estimate","atx_6b4cfd1ab927","Horned Grebe","count__did_spawn_start",-0.0572906434919256
"B","none","raw_estimate","atx_6b4cfd1ab927","Horned Grebe","count__did_early_egg",-0.0102081833881558
"B","none","raw_estimate","atx_6b4cfd1ab927","Horned Grebe","count__did_late_egg",-0.0566780105170296
"B","none","raw_estimate","atx_6b4cfd1ab927","Horned Grebe","count__did_active_0_14_day",-0.0227635060824944
"B","none","raw_estimate","atx_87b306550dba","Harlequin Duck","reporting__did_early_pre",-0.0241418095062085
"B","none","raw_estimate","atx_87b306550dba","Harlequin Duck","reporting__did_immediate_pre",-0.0807544906991976
"B","none","raw_estimate","atx_87b306550dba","Harlequin Duck","reporting__did_spawn_start",0.0840606598155484
"B","none","raw_estimate","atx_87b306550dba","Harlequin Duck","reporting__did_early_egg",0.0888248326430449
"B","none","raw_estimate","atx_87b306550dba","Harlequin Duck","reporting__did_late_egg",0.14236658151683
"B","none","raw_estimate","atx_87b306550dba","Harlequin Duck","reporting__did_active_0_14_day",0.0875543865557125
"B","none","raw_estimate","atx_87b306550dba","Harlequin Duck","count__did_early_pre",-0.0203065431818334
"B","none","raw_estimate","atx_87b306550dba","Harlequin Duck","count__did_immediate_pre",0.0523755106827868
"B","none","raw_estimate","atx_87b306550dba","Harlequin Duck","count__did_spawn_start",0.132814853679534
"B","none","raw_estimate","atx_87b306550dba","Harlequin Duck","count__did_early_egg",0.225278573178357
"B","none","raw_estimate","atx_87b306550dba","Harlequin Duck","count__did_late_egg",0.0931241955507832
"B","none","raw_estimate","atx_87b306550dba","Harlequin Duck","count__did_active_0_14_day",0.200621581312004
"B","none","raw_estimate","atx_d7dd9536145c","Barrow's Goldeneye","reporting__did_early_pre",0.0377370766413583
"B","none","raw_estimate","atx_d7dd9536145c","Barrow's Goldeneye","reporting__did_immediate_pre",-0.0734988874517591
"B","none","raw_estimate","atx_d7dd9536145c","Barrow's Goldeneye","reporting__did_spawn_start",-0.0302556516068753
"B","none","raw_estimate","atx_d7dd9536145c","Barrow's Goldeneye","reporting__did_early_egg",0.0564928212816131
"B","none","raw_estimate","atx_d7dd9536145c","Barrow's Goldeneye","reporting__did_late_egg",0.0530898667921897
"B","none","raw_estimate","atx_d7dd9536145c","Barrow's Goldeneye","reporting__did_active_0_14_day",0.0333598951780162
"B","none","raw_estimate","atx_d7dd9536145c","Barrow's Goldeneye","count__did_early_pre",-0.0112339458610921
"B","none","raw_estimate","atx_d7dd9536145c","Barrow's Goldeneye","count__did_immediate_pre",0.0213502665031794
"B","none","raw_estimate","atx_d7dd9536145c","Barrow's Goldeneye","count__did_spawn_start",0.0356810705898359
"B","none","raw_estimate","atx_d7dd9536145c","Barrow's Goldeneye","count__did_early_egg",0.12333905813366
"B","none","raw_estimate","atx_d7dd9536145c","Barrow's Goldeneye","count__did_late_egg",0.143658714057248
"B","none","raw_estimate","atx_d7dd9536145c","Barrow's Goldeneye","count__did_active_0_14_day",0.0999635947886402
"B","none","raw_estimate","atx_d002764a39e8","Lesser Scaup","reporting__did_early_pre",-0.0226193405915374
"B","none","raw_estimate","atx_d002764a39e8","Lesser Scaup","reporting__did_immediate_pre",-0.0145222738418597
"B","none","raw_estimate","atx_d002764a39e8","Lesser Scaup","reporting__did_spawn_start",0.142590999787124
"B","none","raw_estimate","atx_d002764a39e8","Lesser Scaup","reporting__did_early_egg",0.240328993420332
"B","none","raw_estimate","atx_d002764a39e8","Lesser Scaup","reporting__did_late_egg",0.172250437786786
"B","none","raw_estimate","atx_d002764a39e8","Lesser Scaup","reporting__did_active_0_14_day",0.214265528451476
"B","none","raw_estimate","atx_d002764a39e8","Lesser Scaup","count__did_early_pre",0.0543083947186606
"B","none","raw_estimate","atx_d002764a39e8","Lesser Scaup","count__did_immediate_pre",0.0268534603915799
"B","none","raw_estimate","atx_d002764a39e8","Lesser Scaup","count__did_spawn_start",-0.0930506541569996
"B","none","raw_estimate","atx_d002764a39e8","Lesser Scaup","count__did_early_egg",0.204716676160441
"B","none","raw_estimate","atx_d002764a39e8","Lesser Scaup","count__did_late_egg",0.138199497707328
"B","none","raw_estimate","atx_d002764a39e8","Lesser Scaup","count__did_active_0_14_day",0.125312054742457
"B","none","raw_estimate","atx_86eda7ed9025","Red-necked Grebe","reporting__did_early_pre",-0.00515161007327329
"B","none","raw_estimate","atx_86eda7ed9025","Red-necked Grebe","reporting__did_immediate_pre",0.108370526814895
"B","none","raw_estimate","atx_86eda7ed9025","Red-necked Grebe","reporting__did_spawn_start",0.0828540540494742
"B","none","raw_estimate","atx_86eda7ed9025","Red-necked Grebe","reporting__did_early_egg",0.124975850517932
"B","none","raw_estimate","atx_86eda7ed9025","Red-necked Grebe","reporting__did_late_egg",0.237730061967998
"B","none","raw_estimate","atx_86eda7ed9025","Red-necked Grebe","reporting__did_active_0_14_day",0.113743371459677
"B","none","raw_estimate","atx_86eda7ed9025","Red-necked Grebe","count__did_early_pre",0.0284565339251356
"B","none","raw_estimate","atx_86eda7ed9025","Red-necked Grebe","count__did_immediate_pre",-0.0298794940338652
"B","none","raw_estimate","atx_86eda7ed9025","Red-necked Grebe","count__did_spawn_start",0.00396120795926595
"B","none","raw_estimate","atx_86eda7ed9025","Red-necked Grebe","count__did_early_egg",0.0217726068930999
"B","none","raw_estimate","atx_86eda7ed9025","Red-necked Grebe","count__did_late_egg",0.0126167149428608
"B","none","raw_estimate","atx_86eda7ed9025","Red-necked Grebe","count__did_active_0_14_day",0.0170229005107442
"B","none","raw_estimate","atx_c12b832d2b03","California Gull","reporting__did_early_pre",-0.064204246014759
"B","none","raw_estimate","atx_c12b832d2b03","California Gull","reporting__did_immediate_pre",-0.0892789316225625
"B","none","raw_estimate","atx_c12b832d2b03","California Gull","reporting__did_spawn_start",0.34140800927468
"B","none","raw_estimate","atx_c12b832d2b03","California Gull","reporting__did_early_egg",0.145017378634518
"B","none","raw_estimate","atx_c12b832d2b03","California Gull","reporting__did_late_egg",0.0441171862499816
"B","none","raw_estimate","atx_c12b832d2b03","California Gull","reporting__did_active_0_14_day",0.197388213471895
"B","none","raw_estimate","atx_c12b832d2b03","California Gull","count__did_early_pre",0.0323303324763739
"B","none","raw_estimate","atx_c12b832d2b03","California Gull","count__did_immediate_pre",0.0959862018988976
"B","none","raw_estimate","atx_c12b832d2b03","California Gull","count__did_spawn_start",0.162329776052817
"B","none","raw_estimate","atx_c12b832d2b03","California Gull","count__did_early_egg",0.216133080676618
"B","none","raw_estimate","atx_c12b832d2b03","California Gull","count__did_late_egg",0.155584883965379
"B","none","raw_estimate","atx_c12b832d2b03","California Gull","count__did_active_0_14_day",0.201785532776938
"B","none","raw_estimate","atx_8608f2ed61cf","Pigeon Guillemot","reporting__did_early_pre",-0.111432093913934
"B","none","raw_estimate","atx_8608f2ed61cf","Pigeon Guillemot","reporting__did_immediate_pre",-0.0518374327304003
"B","none","raw_estimate","atx_8608f2ed61cf","Pigeon Guillemot","reporting__did_spawn_start",-0.120749561818027
"B","none","raw_estimate","atx_8608f2ed61cf","Pigeon Guillemot","reporting__did_early_egg",-0.0816222892642726
"B","none","raw_estimate","atx_8608f2ed61cf","Pigeon Guillemot","reporting__did_late_egg",0.0358681015053059
"B","none","raw_estimate","atx_8608f2ed61cf","Pigeon Guillemot","reporting__did_active_0_14_day",-0.0920562286119405
"B","none","raw_estimate","atx_8608f2ed61cf","Pigeon Guillemot","count__did_early_pre",-0.0404687550957382
"B","none","raw_estimate","atx_8608f2ed61cf","Pigeon Guillemot","count__did_immediate_pre",-0.00431827565903773
"B","none","raw_estimate","atx_8608f2ed61cf","Pigeon Guillemot","count__did_spawn_start",-0.0433740761951233
"B","none","raw_estimate","atx_8608f2ed61cf","Pigeon Guillemot","count__did_early_egg",0.00901275211072584
"B","none","raw_estimate","atx_8608f2ed61cf","Pigeon Guillemot","count__did_late_egg",0.0218965540381374
"B","none","raw_estimate","atx_8608f2ed61cf","Pigeon Guillemot","count__did_active_0_14_day",-0.00495706877083394
"B","none","raw_estimate","atx_c34f23342a55","Pacific Loon","reporting__did_early_pre",-0.0388931182964268
"B","none","raw_estimate","atx_c34f23342a55","Pacific Loon","reporting__did_immediate_pre",0.00011784473434235
"B","none","raw_estimate","atx_c34f23342a55","Pacific Loon","reporting__did_spawn_start",-0.0898659009303994
"B","none","raw_estimate","atx_c34f23342a55","Pacific Loon","reporting__did_early_egg",-0.0828363131709007
"B","none","raw_estimate","atx_c34f23342a55","Pacific Loon","reporting__did_late_egg",0.017435723658808
"B","none","raw_estimate","atx_c34f23342a55","Pacific Loon","reporting__did_active_0_14_day",-0.084710869906767
"B","none","raw_estimate","atx_c34f23342a55","Pacific Loon","count__did_early_pre",-0.0613733277295263
"B","none","raw_estimate","atx_c34f23342a55","Pacific Loon","count__did_immediate_pre",-0.0222492225230276
"B","none","raw_estimate","atx_c34f23342a55","Pacific Loon","count__did_spawn_start",0.139155443679557
"B","none","raw_estimate","atx_c34f23342a55","Pacific Loon","count__did_early_egg",0.0908839338684837
"B","none","raw_estimate","atx_c34f23342a55","Pacific Loon","count__did_late_egg",0.0824094829571412
"B","none","raw_estimate","atx_c34f23342a55","Pacific Loon","count__did_active_0_14_day",0.10375633648477
"B","none","raw_estimate","atx_v2_000003","Dunlin","reporting__did_early_pre",0.0133137054648801
"B","none","raw_estimate","atx_v2_000003","Dunlin","reporting__did_immediate_pre",-0.0682740951319751
"B","none","raw_estimate","atx_v2_000003","Dunlin","reporting__did_spawn_start",-0.122922417575726
"B","none","raw_estimate","atx_v2_000003","Dunlin","reporting__did_early_egg",-0.0455390528270081
"B","none","raw_estimate","atx_v2_000003","Dunlin","reporting__did_late_egg",-0.0902527507821356
"B","none","raw_estimate","atx_v2_000003","Dunlin","reporting__did_active_0_14_day",-0.0661746167599995
"B","none","raw_estimate","atx_v2_000003","Dunlin","count__did_early_pre",-0.0648898119450448
"B","none","raw_estimate","atx_v2_000003","Dunlin","count__did_immediate_pre",-0.00605764611205377
"B","none","raw_estimate","atx_v2_000003","Dunlin","count__did_spawn_start",-0.0670468532496776
"B","none","raw_estimate","atx_v2_000003","Dunlin","count__did_early_egg",-0.00314284264124226
"B","none","raw_estimate","atx_v2_000003","Dunlin","count__did_late_egg",0.00551098324713576
"B","none","raw_estimate","atx_v2_000003","Dunlin","count__did_active_0_14_day",-0.020183912136825
"B","none","raw_estimate","atx_3083477933a8","White-winged Scoter","reporting__did_early_pre",-0.164774473275737
"B","none","raw_estimate","atx_3083477933a8","White-winged Scoter","reporting__did_immediate_pre",-0.177969561678356
"B","none","raw_estimate","atx_3083477933a8","White-winged Scoter","reporting__did_spawn_start",-0.0978870309388856
"B","none","raw_estimate","atx_3083477933a8","White-winged Scoter","reporting__did_early_egg",-0.0909839366533487
"B","none","raw_estimate","atx_3083477933a8","White-winged Scoter","reporting__did_late_egg",-0.079767347056181
"B","none","raw_estimate","atx_3083477933a8","White-winged Scoter","reporting__did_active_0_14_day",-0.0928247617961585
"B","none","raw_estimate","atx_3083477933a8","White-winged Scoter","count__did_early_pre",0.112794751997292
"B","none","raw_estimate","atx_3083477933a8","White-winged Scoter","count__did_immediate_pre",0.106800773492494
"B","none","raw_estimate","atx_3083477933a8","White-winged Scoter","count__did_spawn_start",0.102243367112954
"B","none","raw_estimate","atx_3083477933a8","White-winged Scoter","count__did_early_egg",0.32830037193444
"B","none","raw_estimate","atx_3083477933a8","White-winged Scoter","count__did_late_egg",0.0264730953549108
"B","none","raw_estimate","atx_3083477933a8","White-winged Scoter","count__did_active_0_14_day",0.268018503982044
"B","none","raw_estimate","atx_aa5353f6d6d2","Iceland Gull","reporting__did_early_pre",0.0867668170112853
"B","none","raw_estimate","atx_aa5353f6d6d2","Iceland Gull","reporting__did_immediate_pre",0.115440884269351
"B","none","raw_estimate","atx_aa5353f6d6d2","Iceland Gull","reporting__did_spawn_start",0.439063594660927
"B","none","raw_estimate","atx_aa5353f6d6d2","Iceland Gull","reporting__did_early_egg",0.326406457679079
"B","none","raw_estimate","atx_aa5353f6d6d2","Iceland Gull","reporting__did_late_egg",0.239153518151569
"B","none","raw_estimate","atx_aa5353f6d6d2","Iceland Gull","reporting__did_active_0_14_day",0.356448360874238
"B","none","raw_estimate","atx_aa5353f6d6d2","Iceland Gull","count__did_early_pre",0.131999813647154
"B","none","raw_estimate","atx_aa5353f6d6d2","Iceland Gull","count__did_immediate_pre",0.225463588632434
"B","none","raw_estimate","atx_aa5353f6d6d2","Iceland Gull","count__did_spawn_start",0.228414492343698
"B","none","raw_estimate","atx_aa5353f6d6d2","Iceland Gull","count__did_early_egg",0.341130590509637
"B","none","raw_estimate","atx_aa5353f6d6d2","Iceland Gull","count__did_late_egg",0.0964367451564771
"B","none","raw_estimate","atx_aa5353f6d6d2","Iceland Gull","count__did_active_0_14_day",0.311072964332053
"B","none","raw_estimate","atx_08bb40b40c0a","Ring-billed Gull","reporting__did_early_pre",-0.198626575046617
"B","none","raw_estimate","atx_08bb40b40c0a","Ring-billed Gull","reporting__did_immediate_pre",-0.208228644955587
"B","none","raw_estimate","atx_08bb40b40c0a","Ring-billed Gull","reporting__did_spawn_start",-0.214279049262867
"B","none","raw_estimate","atx_08bb40b40c0a","Ring-billed Gull","reporting__did_early_egg",-0.244057586922361
"B","none","raw_estimate","atx_08bb40b40c0a","Ring-billed Gull","reporting__did_late_egg",-0.446486542132547
"B","none","raw_estimate","atx_08bb40b40c0a","Ring-billed Gull","reporting__did_active_0_14_day",-0.236116643546496
"B","none","raw_estimate","atx_08bb40b40c0a","Ring-billed Gull","count__did_early_pre",-0.214893335926779
"B","none","raw_estimate","atx_08bb40b40c0a","Ring-billed Gull","count__did_immediate_pre",-0.200367898819219
"B","none","raw_estimate","atx_08bb40b40c0a","Ring-billed Gull","count__did_spawn_start",-0.124448194170047
"B","none","raw_estimate","atx_08bb40b40c0a","Ring-billed Gull","count__did_early_egg",-0.200754003861043
"B","none","raw_estimate","atx_08bb40b40c0a","Ring-billed Gull","count__did_late_egg",-0.0574723522666133
"B","none","raw_estimate","atx_08bb40b40c0a","Ring-billed Gull","count__did_active_0_14_day",-0.180405787943444
"B","none","raw_estimate","atx_4ae57d328ec6","Greater Scaup","reporting__did_early_pre",0.0420798919097936
"B","none","raw_estimate","atx_4ae57d328ec6","Greater Scaup","reporting__did_immediate_pre",-0.0258098719696566
"B","none","raw_estimate","atx_4ae57d328ec6","Greater Scaup","reporting__did_spawn_start",0.131535329608194
"B","none","raw_estimate","atx_4ae57d328ec6","Greater Scaup","reporting__did_early_egg",0.130498071987353
"B","none","raw_estimate","atx_4ae57d328ec6","Greater Scaup","reporting__did_late_egg",0.109621486627888
"B","none","raw_estimate","atx_4ae57d328ec6","Greater Scaup","reporting__did_active_0_14_day",0.130774674019577
"B","none","raw_estimate","atx_4ae57d328ec6","Greater Scaup","count__did_early_pre",0.0159616201207924
"B","none","raw_estimate","atx_4ae57d328ec6","Greater Scaup","count__did_immediate_pre",0.00586053284402455
"B","none","raw_estimate","atx_4ae57d328ec6","Greater Scaup","count__did_spawn_start",0.000192603798300306
"B","none","raw_estimate","atx_4ae57d328ec6","Greater Scaup","count__did_early_egg",0.219933341470424
"B","none","raw_estimate","atx_4ae57d328ec6","Greater Scaup","count__did_late_egg",0.329855528542122
"B","none","raw_estimate","atx_4ae57d328ec6","Greater Scaup","count__did_active_0_14_day",0.161335811424524
"B","none","raw_estimate","atx_15dd5efcd8d6","Black Turnstone","reporting__did_early_pre",0.110723794605532
"B","none","raw_estimate","atx_15dd5efcd8d6","Black Turnstone","reporting__did_immediate_pre",0.055504990827373
"B","none","raw_estimate","atx_15dd5efcd8d6","Black Turnstone","reporting__did_spawn_start",0.00207111150068355
"B","none","raw_estimate","atx_15dd5efcd8d6","Black Turnstone","reporting__did_early_egg",0.0510095335117763
"B","none","raw_estimate","atx_15dd5efcd8d6","Black Turnstone","reporting__did_late_egg",-0.0995969570162953
"B","none","raw_estimate","atx_15dd5efcd8d6","Black Turnstone","reporting__did_active_0_14_day",0.0379592876421516
"B","none","raw_estimate","atx_15dd5efcd8d6","Black Turnstone","count__did_early_pre",-0.00819349353122567
"B","none","raw_estimate","atx_15dd5efcd8d6","Black Turnstone","count__did_immediate_pre",0.0568105423295877
"B","none","raw_estimate","atx_15dd5efcd8d6","Black Turnstone","count__did_spawn_start",0.0519898740012489
"B","none","raw_estimate","atx_15dd5efcd8d6","Black Turnstone","count__did_early_egg",0.167245409689037
"B","none","raw_estimate","atx_15dd5efcd8d6","Black Turnstone","count__did_late_egg",0.012213703492685
"B","none","raw_estimate","atx_15dd5efcd8d6","Black Turnstone","count__did_active_0_14_day",0.136510600172294
"B","none","raw_estimate","atx_fadb8da1a816","Bonaparte's Gull","reporting__did_early_pre",-0.0401568361182492
"B","none","raw_estimate","atx_fadb8da1a816","Bonaparte's Gull","reporting__did_immediate_pre",-0.0825181258490766
"B","none","raw_estimate","atx_fadb8da1a816","Bonaparte's Gull","reporting__did_spawn_start",0.167194913041992
"B","none","raw_estimate","atx_fadb8da1a816","Bonaparte's Gull","reporting__did_early_egg",0.390995632554236
"B","none","raw_estimate","atx_fadb8da1a816","Bonaparte's Gull","reporting__did_late_egg",0.290749082822703
"B","none","raw_estimate","atx_fadb8da1a816","Bonaparte's Gull","reporting__did_active_0_14_day",0.331315440684304
"B","none","raw_estimate","atx_fadb8da1a816","Bonaparte's Gull","count__did_early_pre",0.0437040193485074
"B","none","raw_estimate","atx_fadb8da1a816","Bonaparte's Gull","count__did_immediate_pre",0.44142208803741
"B","none","raw_estimate","atx_fadb8da1a816","Bonaparte's Gull","count__did_spawn_start",0.30464413783247
"B","none","raw_estimate","atx_fadb8da1a816","Bonaparte's Gull","count__did_early_egg",0.425455154007818
"B","none","raw_estimate","atx_fadb8da1a816","Bonaparte's Gull","count__did_late_egg",0.359243858422572
"B","none","raw_estimate","atx_fadb8da1a816","Bonaparte's Gull","count__did_active_0_14_day",0.393238883027725
"B","none","raw_estimate","atx_v2_000006","Black-bellied Plover","reporting__did_early_pre",-0.0657857486906645
"B","none","raw_estimate","atx_v2_000006","Black-bellied Plover","reporting__did_immediate_pre",-0.16806391899775
"B","none","raw_estimate","atx_v2_000006","Black-bellied Plover","reporting__did_spawn_start",-0.261995295441625
"B","none","raw_estimate","atx_v2_000006","Black-bellied Plover","reporting__did_early_egg",-0.144595673427931
"B","none","raw_estimate","atx_v2_000006","Black-bellied Plover","reporting__did_late_egg",-0.196404747081926
"B","none","raw_estimate","atx_v2_000006","Black-bellied Plover","reporting__did_active_0_14_day",-0.175902239298249
"B","none","raw_estimate","atx_v2_000006","Black-bellied Plover","count__did_early_pre",0.0786409784561459
"B","none","raw_estimate","atx_v2_000006","Black-bellied Plover","count__did_immediate_pre",0.0681581880447544
"B","none","raw_estimate","atx_v2_000006","Black-bellied Plover","count__did_spawn_start",-0.0459071364283548
"B","none","raw_estimate","atx_v2_000006","Black-bellied Plover","count__did_early_egg",0.0654136186539459
"B","none","raw_estimate","atx_v2_000006","Black-bellied Plover","count__did_late_egg",0.0359048864243698
"B","none","raw_estimate","atx_v2_000006","Black-bellied Plover","count__did_active_0_14_day",0.0357280839653324
"B","none","raw_estimate","atx_59441ff7abde","Brant","reporting__did_early_pre",0.0284756135684564
"B","none","raw_estimate","atx_59441ff7abde","Brant","reporting__did_immediate_pre",-0.140428204415292
"B","none","raw_estimate","atx_59441ff7abde","Brant","reporting__did_spawn_start",0.0979319390241923
"B","none","raw_estimate","atx_59441ff7abde","Brant","reporting__did_early_egg",0.093711452517786
"B","none","raw_estimate","atx_59441ff7abde","Brant","reporting__did_late_egg",0.074148389377933
"B","none","raw_estimate","atx_59441ff7abde","Brant","reporting__did_active_0_14_day",0.094836915586161
"B","none","raw_estimate","atx_59441ff7abde","Brant","count__did_early_pre",0.0220117725550077
"B","none","raw_estimate","atx_59441ff7abde","Brant","count__did_immediate_pre",-0.0575714395864479
"B","none","raw_estimate","atx_59441ff7abde","Brant","count__did_spawn_start",0.0150930637545172
"B","none","raw_estimate","atx_59441ff7abde","Brant","count__did_early_egg",0.061668798311357
"B","none","raw_estimate","atx_59441ff7abde","Brant","count__did_late_egg",0.0688726666467544
"B","none","raw_estimate","atx_59441ff7abde","Brant","count__did_active_0_14_day",0.0492486024295331
"B","none","raw_estimate","atx_acf526bb8010","Marbled Murrelet","reporting__did_early_pre",-0.148173064030564
"B","none","raw_estimate","atx_acf526bb8010","Marbled Murrelet","reporting__did_immediate_pre",0.19364855199805
"B","none","raw_estimate","atx_acf526bb8010","Marbled Murrelet","reporting__did_spawn_start",-0.108680669488967
"B","none","raw_estimate","atx_acf526bb8010","Marbled Murrelet","reporting__did_early_egg",-0.0208052011819973
"B","none","raw_estimate","atx_acf526bb8010","Marbled Murrelet","reporting__did_late_egg",-0.0455874367060968
"B","none","raw_estimate","atx_acf526bb8010","Marbled Murrelet","reporting__did_active_0_14_day",-0.0442386593971891
"B","none","raw_estimate","atx_acf526bb8010","Marbled Murrelet","count__did_early_pre",0.0660574723271353
"B","none","raw_estimate","atx_acf526bb8010","Marbled Murrelet","count__did_immediate_pre",0.0504004842525421
"B","none","raw_estimate","atx_acf526bb8010","Marbled Murrelet","count__did_spawn_start",-0.0142175945988474
"B","none","raw_estimate","atx_acf526bb8010","Marbled Murrelet","count__did_early_egg",0.184377648936962
"B","none","raw_estimate","atx_acf526bb8010","Marbled Murrelet","count__did_late_egg",0.0253743322066092
"B","none","raw_estimate","atx_acf526bb8010","Marbled Murrelet","count__did_active_0_14_day",0.131418917327413
"B","none","raw_estimate","atx_40f730f5ad72","Long-tailed Duck","reporting__did_early_pre",0.0130118280061875
"B","none","raw_estimate","atx_40f730f5ad72","Long-tailed Duck","reporting__did_immediate_pre",-0.0670361361837688
"B","none","raw_estimate","atx_40f730f5ad72","Long-tailed Duck","reporting__did_spawn_start",-0.0276012119788844
"B","none","raw_estimate","atx_40f730f5ad72","Long-tailed Duck","reporting__did_early_egg",0.151127497207897
"B","none","raw_estimate","atx_40f730f5ad72","Long-tailed Duck","reporting__did_late_egg",0.112371183692762
"B","none","raw_estimate","atx_40f730f5ad72","Long-tailed Duck","reporting__did_active_0_14_day",0.103466508091422
"B","none","raw_estimate","atx_40f730f5ad72","Long-tailed Duck","count__did_early_pre",0.0342000365520255
"B","none","raw_estimate","atx_40f730f5ad72","Long-tailed Duck","count__did_immediate_pre",0.0480728690822142
"B","none","raw_estimate","atx_40f730f5ad72","Long-tailed Duck","count__did_spawn_start",0.199349273000559
"B","none","raw_estimate","atx_40f730f5ad72","Long-tailed Duck","count__did_early_egg",0.473378441672951
"B","none","raw_estimate","atx_40f730f5ad72","Long-tailed Duck","count__did_late_egg",0.293554617997219
"B","none","raw_estimate","atx_40f730f5ad72","Long-tailed Duck","count__did_active_0_14_day",0.400303996693646
"B","none","raw_estimate","atx_98ca0000b734","Brandt's Cormorant","reporting__did_early_pre",0.0213587381721572
"B","none","raw_estimate","atx_98ca0000b734","Brandt's Cormorant","reporting__did_immediate_pre",0.00938218269598119
"B","none","raw_estimate","atx_98ca0000b734","Brandt's Cormorant","reporting__did_spawn_start",0.034681181563306
"B","none","raw_estimate","atx_98ca0000b734","Brandt's Cormorant","reporting__did_early_egg",-0.00420017905344591
"B","none","raw_estimate","atx_98ca0000b734","Brandt's Cormorant","reporting__did_late_egg",0.138267004023806
"B","none","raw_estimate","atx_98ca0000b734","Brandt's Cormorant","reporting__did_active_0_14_day",0.00616818377768793
"B","none","raw_estimate","atx_98ca0000b734","Brandt's Cormorant","count__did_early_pre",0.0456091331477237
"B","none","raw_estimate","atx_98ca0000b734","Brandt's Cormorant","count__did_immediate_pre",0.0348462279784805
"B","none","raw_estimate","atx_98ca0000b734","Brandt's Cormorant","count__did_spawn_start",0.0654489156900293
"B","none","raw_estimate","atx_98ca0000b734","Brandt's Cormorant","count__did_early_egg",0.0660858459211406
"B","none","raw_estimate","atx_98ca0000b734","Brandt's Cormorant","count__did_late_egg",0.07898920072699
"B","none","raw_estimate","atx_98ca0000b734","Brandt's Cormorant","count__did_active_0_14_day",0.0659159978595109
"B","none","raw_estimate","atx_136b0e66254b","Common Murre","reporting__did_early_pre",0.0734096284416426
"B","none","raw_estimate","atx_136b0e66254b","Common Murre","reporting__did_immediate_pre",-0.0365998376890191
"B","none","raw_estimate","atx_136b0e66254b","Common Murre","reporting__did_spawn_start",-0.141144270384467
"B","none","raw_estimate","atx_136b0e66254b","Common Murre","reporting__did_early_egg",-0.109273723390907
"B","none","raw_estimate","atx_136b0e66254b","Common Murre","reporting__did_late_egg",0.109597598330458
"B","none","raw_estimate","atx_136b0e66254b","Common Murre","reporting__did_active_0_14_day",-0.117772535922523
"B","none","raw_estimate","atx_136b0e66254b","Common Murre","count__did_early_pre",-0.058804751962922
"B","none","raw_estimate","atx_136b0e66254b","Common Murre","count__did_immediate_pre",0.191224728376833
"B","none","raw_estimate","atx_136b0e66254b","Common Murre","count__did_spawn_start",0.136089307842069
"B","none","raw_estimate","atx_136b0e66254b","Common Murre","count__did_early_egg",-0.181321234615165
"B","none","raw_estimate","atx_136b0e66254b","Common Murre","count__did_late_egg",0.0718960583424639
"B","none","raw_estimate","atx_136b0e66254b","Common Murre","count__did_active_0_14_day",-0.0966784232932358
"B","none","raw_estimate","atx_7571c026ae99","American Herring Gull","reporting__did_early_pre",0.0602025406710836
"B","none","raw_estimate","atx_7571c026ae99","American Herring Gull","reporting__did_immediate_pre",0.0718058405578779
"B","none","raw_estimate","atx_7571c026ae99","American Herring Gull","reporting__did_spawn_start",0.401765463789135
"B","none","raw_estimate","atx_7571c026ae99","American Herring Gull","reporting__did_early_egg",0.393575308216387
"B","none","raw_estimate","atx_7571c026ae99","American Herring Gull","reporting__did_late_egg",0.257230484031707
"B","none","raw_estimate","atx_7571c026ae99","American Herring Gull","reporting__did_active_0_14_day",0.395759349702453
"B","none","raw_estimate","atx_7571c026ae99","American Herring Gull","count__did_early_pre",-0.0691203627321924
"B","none","raw_estimate","atx_7571c026ae99","American Herring Gull","count__did_immediate_pre",-0.082717673643012
"B","none","raw_estimate","atx_7571c026ae99","American Herring Gull","count__did_spawn_start",-0.0759351810612007
"B","none","raw_estimate","atx_7571c026ae99","American Herring Gull","count__did_early_egg",-0.0309629454298839
"B","none","raw_estimate","atx_7571c026ae99","American Herring Gull","count__did_late_egg",-0.108339372566821
"B","none","raw_estimate","atx_7571c026ae99","American Herring Gull","count__did_active_0_14_day",-0.0429555415982351
"B","none","raw_estimate","atx_1328b44be502","Black Scoter","reporting__did_early_pre",-0.141568412404952
"B","none","raw_estimate","atx_1328b44be502","Black Scoter","reporting__did_immediate_pre",-0.0816149081110662
"B","none","raw_estimate","atx_1328b44be502","Black Scoter","reporting__did_spawn_start",-0.04820141104868
"B","none","raw_estimate","atx_1328b44be502","Black Scoter","reporting__did_early_egg",0.0374114920568678
"B","none","raw_estimate","atx_1328b44be502","Black Scoter","reporting__did_late_egg",0.118369133663556
"B","none","raw_estimate","atx_1328b44be502","Black Scoter","reporting__did_active_0_14_day",0.014581384562055
"B","none","raw_estimate","atx_1328b44be502","Black Scoter","count__did_early_pre",0.124315365531262
"B","none","raw_estimate","atx_1328b44be502","Black Scoter","count__did_immediate_pre",0.0756712936044093
"B","none","raw_estimate","atx_1328b44be502","Black Scoter","count__did_spawn_start",-0.022337286534649
"B","none","raw_estimate","atx_1328b44be502","Black Scoter","count__did_early_egg",0.160783480869683
"B","none","raw_estimate","atx_1328b44be502","Black Scoter","count__did_late_egg",0.0112215106952041
"B","none","raw_estimate","atx_1328b44be502","Black Scoter","count__did_active_0_14_day",0.111951276228528
"B","none","raw_estimate","atx_04cf65098f13","Red-throated Loon","reporting__did_early_pre",0.0431744191593434
"B","none","raw_estimate","atx_04cf65098f13","Red-throated Loon","reporting__did_immediate_pre",-0.0266391175053095
"B","none","raw_estimate","atx_04cf65098f13","Red-throated Loon","reporting__did_spawn_start",0.0933664870736903
"B","none","raw_estimate","atx_04cf65098f13","Red-throated Loon","reporting__did_early_egg",-0.0244366893651082
"B","none","raw_estimate","atx_04cf65098f13","Red-throated Loon","reporting__did_late_egg",0.0891751352129927
"B","none","raw_estimate","atx_04cf65098f13","Red-throated Loon","reporting__did_active_0_14_day",0.0069774910185714
"B","none","raw_estimate","atx_04cf65098f13","Red-throated Loon","count__did_early_pre",0.0220732937818342
"B","none","raw_estimate","atx_04cf65098f13","Red-throated Loon","count__did_immediate_pre",-0.0816559825974251
"B","none","raw_estimate","atx_04cf65098f13","Red-throated Loon","count__did_spawn_start",-0.0538899689383413
"B","none","raw_estimate","atx_04cf65098f13","Red-throated Loon","count__did_early_egg",0.0387530355874182
"B","none","raw_estimate","atx_04cf65098f13","Red-throated Loon","count__did_late_egg",0.0897643122073024
"B","none","raw_estimate","atx_04cf65098f13","Red-throated Loon","count__did_active_0_14_day",0.014048234380549
"B","none","raw_estimate","atx_ebf17f77fb66","Western Grebe","reporting__did_early_pre",0.107033415614228
"B","none","raw_estimate","atx_ebf17f77fb66","Western Grebe","reporting__did_immediate_pre",-0.17905428407822
"B","none","raw_estimate","atx_ebf17f77fb66","Western Grebe","reporting__did_spawn_start",-0.340417063157727
"B","none","raw_estimate","atx_ebf17f77fb66","Western Grebe","reporting__did_early_egg",-0.285433084404068
"B","none","raw_estimate","atx_ebf17f77fb66","Western Grebe","reporting__did_late_egg",-0.0149742814950731
"B","none","raw_estimate","atx_ebf17f77fb66","Western Grebe","reporting__did_active_0_14_day",-0.300095478738377
"B","none","raw_estimate","atx_ebf17f77fb66","Western Grebe","count__did_early_pre",-0.277290028340659
"B","none","raw_estimate","atx_ebf17f77fb66","Western Grebe","count__did_immediate_pre",-0.0970311153904002
"B","none","raw_estimate","atx_ebf17f77fb66","Western Grebe","count__did_spawn_start",-0.145010114571794
"B","none","raw_estimate","atx_ebf17f77fb66","Western Grebe","count__did_early_egg",-0.0507854477682965
"B","none","raw_estimate","atx_ebf17f77fb66","Western Grebe","count__did_late_egg",0.069132606117718
"B","none","raw_estimate","atx_ebf17f77fb66","Western Grebe","count__did_active_0_14_day",-0.0759120255825626
"B","none","raw_estimate","atx_5a9a3495d0ea","Western Gull","reporting__did_early_pre",-0.0574060699243848
"B","none","raw_estimate","atx_5a9a3495d0ea","Western Gull","reporting__did_immediate_pre",0.158750303364462
"B","none","raw_estimate","atx_5a9a3495d0ea","Western Gull","reporting__did_spawn_start",0.00100593666690667
"B","none","raw_estimate","atx_5a9a3495d0ea","Western Gull","reporting__did_early_egg",0.277595486973898
"B","none","raw_estimate","atx_5a9a3495d0ea","Western Gull","reporting__did_late_egg",0.157291335387952
"B","none","raw_estimate","atx_5a9a3495d0ea","Western Gull","reporting__did_active_0_14_day",0.2038382735587
"B","none","raw_estimate","atx_5a9a3495d0ea","Western Gull","count__did_early_pre",-0.0422400662984478
"B","none","raw_estimate","atx_5a9a3495d0ea","Western Gull","count__did_immediate_pre",0.0549523617987063
"B","none","raw_estimate","atx_5a9a3495d0ea","Western Gull","count__did_spawn_start",0.116989345392893
"B","none","raw_estimate","atx_5a9a3495d0ea","Western Gull","count__did_early_egg",0.0617737382961567
"B","none","raw_estimate","atx_5a9a3495d0ea","Western Gull","count__did_late_egg",-0.000712295572623787
"B","none","raw_estimate","atx_5a9a3495d0ea","Western Gull","count__did_active_0_14_day",0.0764979001886197
"B","none","standard_error","atx_c9db024faf12","American Crow","reporting__did_early_pre",0.0329828891572612
"B","none","standard_error","atx_c9db024faf12","American Crow","reporting__did_immediate_pre",0.0319225429028382
"B","none","standard_error","atx_c9db024faf12","American Crow","reporting__did_spawn_start",0.0368531289080463
"B","none","standard_error","atx_c9db024faf12","American Crow","reporting__did_early_egg",0.027186959051566
"B","none","standard_error","atx_c9db024faf12","American Crow","reporting__did_late_egg",0.0256485913747461
"B","none","standard_error","atx_c9db024faf12","American Crow","reporting__did_active_0_14_day",0.0250633948612753
"B","none","standard_error","atx_c9db024faf12","American Crow","count__did_early_pre",0.017004886535726
"B","none","standard_error","atx_c9db024faf12","American Crow","count__did_immediate_pre",0.0160690094117074
"B","none","standard_error","atx_c9db024faf12","American Crow","count__did_spawn_start",0.0181885764202979
"B","none","standard_error","atx_c9db024faf12","American Crow","count__did_early_egg",0.0136957111081862
"B","none","standard_error","atx_c9db024faf12","American Crow","count__did_late_egg",0.0128759818392505
"B","none","standard_error","atx_c9db024faf12","American Crow","count__did_active_0_14_day",0.0126093432136665
"B","none","standard_error","atx_725074cbfcb6","Glaucous-winged Gull","reporting__did_early_pre",0.036612362549192
"B","none","standard_error","atx_725074cbfcb6","Glaucous-winged Gull","reporting__did_immediate_pre",0.0361787654075198
"B","none","standard_error","atx_725074cbfcb6","Glaucous-winged Gull","reporting__did_spawn_start",0.042738617774562
"B","none","standard_error","atx_725074cbfcb6","Glaucous-winged Gull","reporting__did_early_egg",0.0309339178527104
"B","none","standard_error","atx_725074cbfcb6","Glaucous-winged Gull","reporting__did_late_egg",0.0291503178694282
"B","none","standard_error","atx_725074cbfcb6","Glaucous-winged Gull","reporting__did_active_0_14_day",0.0283309579597156
"B","none","standard_error","atx_725074cbfcb6","Glaucous-winged Gull","count__did_early_pre",0.0196059638810109
"B","none","standard_error","atx_725074cbfcb6","Glaucous-winged Gull","count__did_immediate_pre",0.0192986265200223
"B","none","standard_error","atx_725074cbfcb6","Glaucous-winged Gull","count__did_spawn_start",0.0219746589442583
"B","none","standard_error","atx_725074cbfcb6","Glaucous-winged Gull","count__did_early_egg",0.0166232649112795
"B","none","standard_error","atx_725074cbfcb6","Glaucous-winged Gull","count__did_late_egg",0.0157992335225103
"B","none","standard_error","atx_725074cbfcb6","Glaucous-winged Gull","count__did_active_0_14_day",0.0150578346766878
"B","none","standard_error","atx_815c98107028","Mallard","reporting__did_early_pre",0.0367638085675089
"B","none","standard_error","atx_815c98107028","Mallard","reporting__did_immediate_pre",0.0363395057086339
"B","none","standard_error","atx_815c98107028","Mallard","reporting__did_spawn_start",0.0412590315837948
"B","none","standard_error","atx_815c98107028","Mallard","reporting__did_early_egg",0.0300177983237075
"B","none","standard_error","atx_815c98107028","Mallard","reporting__did_late_egg",0.0286575426901082
"B","none","standard_error","atx_815c98107028","Mallard","reporting__did_active_0_14_day",0.0276673916491595
"B","none","standard_error","atx_815c98107028","Mallard","count__did_early_pre",0.0200458169751101
"B","none","standard_error","atx_815c98107028","Mallard","count__did_immediate_pre",0.0195000491420356
"B","none","standard_error","atx_815c98107028","Mallard","count__did_spawn_start",0.0219688296957254
"B","none","standard_error","atx_815c98107028","Mallard","count__did_early_egg",0.0166723356234327
"B","none","standard_error","atx_815c98107028","Mallard","count__did_late_egg",0.0158245489203206
"B","none","standard_error","atx_815c98107028","Mallard","count__did_active_0_14_day",0.0152045227624563
"B","none","standard_error","atx_fc0a9b777dcd","Bald Eagle","reporting__did_early_pre",0.0309191817989927
"B","none","standard_error","atx_fc0a9b777dcd","Bald Eagle","reporting__did_immediate_pre",0.0308159221501102
"B","none","standard_error","atx_fc0a9b777dcd","Bald Eagle","reporting__did_spawn_start",0.0367647222673918
"B","none","standard_error","atx_fc0a9b777dcd","Bald Eagle","reporting__did_early_egg",0.0256443048286089
"B","none","standard_error","atx_fc0a9b777dcd","Bald Eagle","reporting__did_late_egg",0.0239590808314658
"B","none","standard_error","atx_fc0a9b777dcd","Bald Eagle","reporting__did_active_0_14_day",0.0236927893340081
"B","none","standard_error","atx_fc0a9b777dcd","Bald Eagle","count__did_early_pre",0.0111602588461717
"B","none","standard_error","atx_fc0a9b777dcd","Bald Eagle","count__did_immediate_pre",0.0108331370061757
"B","none","standard_error","atx_fc0a9b777dcd","Bald Eagle","count__did_spawn_start",0.0118403030624829
"B","none","standard_error","atx_fc0a9b777dcd","Bald Eagle","count__did_early_egg",0.00917327326543644
"B","none","standard_error","atx_fc0a9b777dcd","Bald Eagle","count__did_late_egg",0.00883119755148654
"B","none","standard_error","atx_fc0a9b777dcd","Bald Eagle","count__did_active_0_14_day",0.0084026925265386
"B","none","standard_error","atx_b3d3ea90f9cb","Canada Goose","reporting__did_early_pre",0.0366627508227468
"B","none","standard_error","atx_b3d3ea90f9cb","Canada Goose","reporting__did_immediate_pre",0.0352847850742
"B","none","standard_error","atx_b3d3ea90f9cb","Canada Goose","reporting__did_spawn_start",0.0405112845967702
"B","none","standard_error","atx_b3d3ea90f9cb","Canada Goose","reporting__did_early_egg",0.0301009441001953
"B","none","standard_error","atx_b3d3ea90f9cb","Canada Goose","reporting__did_late_egg",0.0281381936309363
"B","none","standard_error","atx_b3d3ea90f9cb","Canada Goose","reporting__did_active_0_14_day",0.0277403249061182
"B","none","standard_error","atx_b3d3ea90f9cb","Canada Goose","count__did_early_pre",0.0260611486455315
"B","none","standard_error","atx_b3d3ea90f9cb","Canada Goose","count__did_immediate_pre",0.0246236436104382
"B","none","standard_error","atx_b3d3ea90f9cb","Canada Goose","count__did_spawn_start",0.028063952934066
"B","none","standard_error","atx_b3d3ea90f9cb","Canada Goose","count__did_early_egg",0.0215185787609876
"B","none","standard_error","atx_b3d3ea90f9cb","Canada Goose","count__did_late_egg",0.0196086263831876
"B","none","standard_error","atx_b3d3ea90f9cb","Canada Goose","count__did_active_0_14_day",0.0196909055773205
"B","none","standard_error","atx_v2_000007","Common Raven","reporting__did_early_pre",0.0315600536705646
"B","none","standard_error","atx_v2_000007","Common Raven","reporting__did_immediate_pre",0.0312007876104049
"B","none","standard_error","atx_v2_000007","Common Raven","reporting__did_spawn_start",0.0362738638151862
"B","none","standard_error","atx_v2_000007","Common Raven","reporting__did_early_egg",0.0263982834477685
"B","none","standard_error","atx_v2_000007","Common Raven","reporting__did_late_egg",0.0247348491518019
"B","none","standard_error","atx_v2_000007","Common Raven","reporting__did_active_0_14_day",0.0242559401693938
"B","none","standard_error","atx_v2_000007","Common Raven","count__did_early_pre",0.0119031695398236
"B","none","standard_error","atx_v2_000007","Common Raven","count__did_immediate_pre",0.0117938775469739
"B","none","standard_error","atx_v2_000007","Common Raven","count__did_spawn_start",0.0141334728889021
"B","none","standard_error","atx_v2_000007","Common Raven","count__did_early_egg",0.00995675346961564
"B","none","standard_error","atx_v2_000007","Common Raven","count__did_late_egg",0.0093699784052329
"B","none","standard_error","atx_v2_000007","Common Raven","count__did_active_0_14_day",0.00919089925385043
"B","none","standard_error","atx_99238953638b","Bufflehead","reporting__did_early_pre",0.0381105890156508
"B","none","standard_error","atx_99238953638b","Bufflehead","reporting__did_immediate_pre",0.0372558400607127
"B","none","standard_error","atx_99238953638b","Bufflehead","reporting__did_spawn_start",0.0419492980661138
"B","none","standard_error","atx_99238953638b","Bufflehead","reporting__did_early_egg",0.0312334016903521
"B","none","standard_error","atx_99238953638b","Bufflehead","reporting__did_late_egg",0.0294981471176752
"B","none","standard_error","atx_99238953638b","Bufflehead","reporting__did_active_0_14_day",0.0287040224087765
"B","none","standard_error","atx_99238953638b","Bufflehead","count__did_early_pre",0.0172433282622186
"B","none","standard_error","atx_99238953638b","Bufflehead","count__did_immediate_pre",0.017098983507359
"B","none","standard_error","atx_99238953638b","Bufflehead","count__did_spawn_start",0.0197318781229703
"B","none","standard_error","atx_99238953638b","Bufflehead","count__did_early_egg",0.0155191729328572
"B","none","standard_error","atx_99238953638b","Bufflehead","count__did_late_egg",0.0146177827312883
"B","none","standard_error","atx_99238953638b","Bufflehead","count__did_active_0_14_day",0.0139126867987462
"B","none","standard_error","atx_7b80ddaff058","Great Blue Heron","reporting__did_early_pre",0.0372383687314851
"B","none","standard_error","atx_7b80ddaff058","Great Blue Heron","reporting__did_immediate_pre",0.0367543563930045
"B","none","standard_error","atx_7b80ddaff058","Great Blue Heron","reporting__did_spawn_start",0.0403225103220613
"B","none","standard_error","atx_7b80ddaff058","Great Blue Heron","reporting__did_early_egg",0.0311254239168609
"B","none","standard_error","atx_7b80ddaff058","Great Blue Heron","reporting__did_late_egg",0.0290556215260436
"B","none","standard_error","atx_7b80ddaff058","Great Blue Heron","reporting__did_active_0_14_day",0.0282835527533413
"B","none","standard_error","atx_7b80ddaff058","Great Blue Heron","count__did_early_pre",0.0181240585699705
"B","none","standard_error","atx_7b80ddaff058","Great Blue Heron","count__did_immediate_pre",0.0180927295843784
"B","none","standard_error","atx_7b80ddaff058","Great Blue Heron","count__did_spawn_start",0.0194831199354701
"B","none","standard_error","atx_7b80ddaff058","Great Blue Heron","count__did_early_egg",0.0151414478222913
"B","none","standard_error","atx_7b80ddaff058","Great Blue Heron","count__did_late_egg",0.0141991866382468
"B","none","standard_error","atx_7b80ddaff058","Great Blue Heron","count__did_active_0_14_day",0.0137355846346274
"B","none","standard_error","atx_a113baee5693","American Wigeon","reporting__did_early_pre",0.0393196819125532
"B","none","standard_error","atx_a113baee5693","American Wigeon","reporting__did_immediate_pre",0.0384189837684438
"B","none","standard_error","atx_a113baee5693","American Wigeon","reporting__did_spawn_start",0.0439964025344808
"B","none","standard_error","atx_a113baee5693","American Wigeon","reporting__did_early_egg",0.0329370069825708
"B","none","standard_error","atx_a113baee5693","American Wigeon","reporting__did_late_egg",0.0316246495450412
"B","none","standard_error","atx_a113baee5693","American Wigeon","reporting__did_active_0_14_day",0.0300732208345725
"B","none","standard_error","atx_a113baee5693","American Wigeon","count__did_early_pre",0.0304574700848474
"B","none","standard_error","atx_a113baee5693","American Wigeon","count__did_immediate_pre",0.0295718911474129
"B","none","standard_error","atx_a113baee5693","American Wigeon","count__did_spawn_start",0.0327742598773577
"B","none","standard_error","atx_a113baee5693","American Wigeon","count__did_early_egg",0.026546939715008
"B","none","standard_error","atx_a113baee5693","American Wigeon","count__did_late_egg",0.0255065995299277
"B","none","standard_error","atx_a113baee5693","American Wigeon","count__did_active_0_14_day",0.0237245311626339
"B","none","standard_error","atx_a444854c6b66","Double-crested Cormorant","reporting__did_early_pre",0.045493518923528
"B","none","standard_error","atx_a444854c6b66","Double-crested Cormorant","reporting__did_immediate_pre",0.0449057576372971
"B","none","standard_error","atx_a444854c6b66","Double-crested Cormorant","reporting__did_spawn_start",0.0493341392456531
"B","none","standard_error","atx_a444854c6b66","Double-crested Cormorant","reporting__did_early_egg",0.0378216716529017
"B","none","standard_error","atx_a444854c6b66","Double-crested Cormorant","reporting__did_late_egg",0.0369452688880294
"B","none","standard_error","atx_a444854c6b66","Double-crested Cormorant","reporting__did_active_0_14_day",0.0343716798094455
"B","none","standard_error","atx_a444854c6b66","Double-crested Cormorant","count__did_early_pre",0.0290854624376677
"B","none","standard_error","atx_a444854c6b66","Double-crested Cormorant","count__did_immediate_pre",0.0291099256684875
"B","none","standard_error","atx_a444854c6b66","Double-crested Cormorant","count__did_spawn_start",0.030670627238912
"B","none","standard_error","atx_a444854c6b66","Double-crested Cormorant","count__did_early_egg",0.0235811777283317
"B","none","standard_error","atx_a444854c6b66","Double-crested Cormorant","count__did_late_egg",0.0231983277918227
"B","none","standard_error","atx_a444854c6b66","Double-crested Cormorant","count__did_active_0_14_day",0.0214693570507232
"B","none","standard_error","atx_35518e24dfdd","Common Merganser","reporting__did_early_pre",0.0390356602634689
"B","none","standard_error","atx_35518e24dfdd","Common Merganser","reporting__did_immediate_pre",0.0377288353453486
"B","none","standard_error","atx_35518e24dfdd","Common Merganser","reporting__did_spawn_start",0.0428109371143759
"B","none","standard_error","atx_35518e24dfdd","Common Merganser","reporting__did_early_egg",0.0325731828439184
"B","none","standard_error","atx_35518e24dfdd","Common Merganser","reporting__did_late_egg",0.03184594573489
"B","none","standard_error","atx_35518e24dfdd","Common Merganser","reporting__did_active_0_14_day",0.0296816585282987
"B","none","standard_error","atx_35518e24dfdd","Common Merganser","count__did_early_pre",0.0264151384378386
"B","none","standard_error","atx_35518e24dfdd","Common Merganser","count__did_immediate_pre",0.0259011696769188
"B","none","standard_error","atx_35518e24dfdd","Common Merganser","count__did_spawn_start",0.0278663165223771
"B","none","standard_error","atx_35518e24dfdd","Common Merganser","count__did_early_egg",0.0217048279941753
"B","none","standard_error","atx_35518e24dfdd","Common Merganser","count__did_late_egg",0.0217903309436195
"B","none","standard_error","atx_35518e24dfdd","Common Merganser","count__did_active_0_14_day",0.0196113074646141
"B","none","standard_error","atx_e0e678a61ad7","Short-billed Gull","reporting__did_early_pre",0.0435880158106035
"B","none","standard_error","atx_e0e678a61ad7","Short-billed Gull","reporting__did_immediate_pre",0.0421879923705011
"B","none","standard_error","atx_e0e678a61ad7","Short-billed Gull","reporting__did_spawn_start",0.0490004298337403
"B","none","standard_error","atx_e0e678a61ad7","Short-billed Gull","reporting__did_early_egg",0.0367673527910669
"B","none","standard_error","atx_e0e678a61ad7","Short-billed Gull","reporting__did_late_egg",0.0353120364833589
"B","none","standard_error","atx_e0e678a61ad7","Short-billed Gull","reporting__did_active_0_14_day",0.0336269758773721
"B","none","standard_error","atx_e0e678a61ad7","Short-billed Gull","count__did_early_pre",0.0380930490134776
"B","none","standard_error","atx_e0e678a61ad7","Short-billed Gull","count__did_immediate_pre",0.0358795134944056
"B","none","standard_error","atx_e0e678a61ad7","Short-billed Gull","count__did_spawn_start",0.0386911283806279
"B","none","standard_error","atx_e0e678a61ad7","Short-billed Gull","count__did_early_egg",0.0312187484084956
"B","none","standard_error","atx_e0e678a61ad7","Short-billed Gull","count__did_late_egg",0.0309399665038561
"B","none","standard_error","atx_e0e678a61ad7","Short-billed Gull","count__did_active_0_14_day",0.0286188894410288
"B","none","standard_error","atx_82312e6f2848","Common Goldeneye","reporting__did_early_pre",0.0408711230151322
"B","none","standard_error","atx_82312e6f2848","Common Goldeneye","reporting__did_immediate_pre",0.0398469066812549
"B","none","standard_error","atx_82312e6f2848","Common Goldeneye","reporting__did_spawn_start",0.0460067719856823
"B","none","standard_error","atx_82312e6f2848","Common Goldeneye","reporting__did_early_egg",0.0363295216175636
"B","none","standard_error","atx_82312e6f2848","Common Goldeneye","reporting__did_late_egg",0.0367225252764612
"B","none","standard_error","atx_82312e6f2848","Common Goldeneye","reporting__did_active_0_14_day",0.0326008864648118
"B","none","standard_error","atx_82312e6f2848","Common Goldeneye","count__did_early_pre",0.0248433907761796
"B","none","standard_error","atx_82312e6f2848","Common Goldeneye","count__did_immediate_pre",0.0241521869156082
"B","none","standard_error","atx_82312e6f2848","Common Goldeneye","count__did_spawn_start",0.0274780353101043
"B","none","standard_error","atx_82312e6f2848","Common Goldeneye","count__did_early_egg",0.023771642326723
"B","none","standard_error","atx_82312e6f2848","Common Goldeneye","count__did_late_egg",0.0253710490383223
"B","none","standard_error","atx_82312e6f2848","Common Goldeneye","count__did_active_0_14_day",0.0206552294517789
"B","none","standard_error","atx_04afbeb21fb0","Hooded Merganser","reporting__did_early_pre",0.0484186767650244
"B","none","standard_error","atx_04afbeb21fb0","Hooded Merganser","reporting__did_immediate_pre",0.0478987371124497
"B","none","standard_error","atx_04afbeb21fb0","Hooded Merganser","reporting__did_spawn_start",0.0563000942589538
"B","none","standard_error","atx_04afbeb21fb0","Hooded Merganser","reporting__did_early_egg",0.0405181671308016
"B","none","standard_error","atx_04afbeb21fb0","Hooded Merganser","reporting__did_late_egg",0.0377373997517313
"B","none","standard_error","atx_04afbeb21fb0","Hooded Merganser","reporting__did_active_0_14_day",0.0369417261401285
"B","none","standard_error","atx_04afbeb21fb0","Hooded Merganser","count__did_early_pre",0.0245239164251909
"B","none","standard_error","atx_04afbeb21fb0","Hooded Merganser","count__did_immediate_pre",0.0249871101462983
"B","none","standard_error","atx_04afbeb21fb0","Hooded Merganser","count__did_spawn_start",0.0291917085889916
"B","none","standard_error","atx_04afbeb21fb0","Hooded Merganser","count__did_early_egg",0.0219074183120932
"B","none","standard_error","atx_04afbeb21fb0","Hooded Merganser","count__did_late_egg",0.0200192293295415
"B","none","standard_error","atx_04afbeb21fb0","Hooded Merganser","count__did_active_0_14_day",0.0196523865182074
"B","none","standard_error","atx_35707a9578d5","Pelagic Cormorant","reporting__did_early_pre",0.0555417240718471
"B","none","standard_error","atx_35707a9578d5","Pelagic Cormorant","reporting__did_immediate_pre",0.0548188353405068
"B","none","standard_error","atx_35707a9578d5","Pelagic Cormorant","reporting__did_spawn_start",0.0600556160087154
"B","none","standard_error","atx_35707a9578d5","Pelagic Cormorant","reporting__did_early_egg",0.0463588893089488
"B","none","standard_error","atx_35707a9578d5","Pelagic Cormorant","reporting__did_late_egg",0.0452099955321479
"B","none","standard_error","atx_35707a9578d5","Pelagic Cormorant","reporting__did_active_0_14_day",0.0422524623666297
"B","none","standard_error","atx_35707a9578d5","Pelagic Cormorant","count__did_early_pre",0.0301718577121566
"B","none","standard_error","atx_35707a9578d5","Pelagic Cormorant","count__did_immediate_pre",0.0304475297431561
"B","none","standard_error","atx_35707a9578d5","Pelagic Cormorant","count__did_spawn_start",0.0319907379374784
"B","none","standard_error","atx_35707a9578d5","Pelagic Cormorant","count__did_early_egg",0.0251693168157619
"B","none","standard_error","atx_35707a9578d5","Pelagic Cormorant","count__did_late_egg",0.0246221787991167
"B","none","standard_error","atx_35707a9578d5","Pelagic Cormorant","count__did_active_0_14_day",0.0228685124918663
"B","none","standard_error","atx_1930f23cc4f8","Surf Scoter","reporting__did_early_pre",0.0470895049828055
"B","none","standard_error","atx_1930f23cc4f8","Surf Scoter","reporting__did_immediate_pre",0.0467690861802274
"B","none","standard_error","atx_1930f23cc4f8","Surf Scoter","reporting__did_spawn_start",0.0523371500652361
"B","none","standard_error","atx_1930f23cc4f8","Surf Scoter","reporting__did_early_egg",0.0418101970777347
"B","none","standard_error","atx_1930f23cc4f8","Surf Scoter","reporting__did_late_egg",0.0399313074243245
"B","none","standard_error","atx_1930f23cc4f8","Surf Scoter","reporting__did_active_0_14_day",0.0377126034676618
"B","none","standard_error","atx_1930f23cc4f8","Surf Scoter","count__did_early_pre",0.0435055199557878
"B","none","standard_error","atx_1930f23cc4f8","Surf Scoter","count__did_immediate_pre",0.0430764338447064
"B","none","standard_error","atx_1930f23cc4f8","Surf Scoter","count__did_spawn_start",0.0467662417678371
"B","none","standard_error","atx_1930f23cc4f8","Surf Scoter","count__did_early_egg",0.0415786722084938
"B","none","standard_error","atx_1930f23cc4f8","Surf Scoter","count__did_late_egg",0.040189134823795
"B","none","standard_error","atx_1930f23cc4f8","Surf Scoter","count__did_active_0_14_day",0.0362461411120929
"B","none","standard_error","atx_9ae1aa9b7fdf","Common Loon","reporting__did_early_pre",0.0475750950197571
"B","none","standard_error","atx_9ae1aa9b7fdf","Common Loon","reporting__did_immediate_pre",0.0478103724500114
"B","none","standard_error","atx_9ae1aa9b7fdf","Common Loon","reporting__did_spawn_start",0.0550726137092688
"B","none","standard_error","atx_9ae1aa9b7fdf","Common Loon","reporting__did_early_egg",0.040372358817633
"B","none","standard_error","atx_9ae1aa9b7fdf","Common Loon","reporting__did_late_egg",0.0378172433665186
"B","none","standard_error","atx_9ae1aa9b7fdf","Common Loon","reporting__did_active_0_14_day",0.0371335228611653
"B","none","standard_error","atx_9ae1aa9b7fdf","Common Loon","count__did_early_pre",0.0219473036631891
"B","none","standard_error","atx_9ae1aa9b7fdf","Common Loon","count__did_immediate_pre",0.0235688892438153
"B","none","standard_error","atx_9ae1aa9b7fdf","Common Loon","count__did_spawn_start",0.0264275494025156
"B","none","standard_error","atx_9ae1aa9b7fdf","Common Loon","count__did_early_egg",0.0189108542829298
"B","none","standard_error","atx_9ae1aa9b7fdf","Common Loon","count__did_late_egg",0.0175181697478491
"B","none","standard_error","atx_9ae1aa9b7fdf","Common Loon","count__did_active_0_14_day",0.017497254060475
"B","none","standard_error","atx_7d980a7c8c37","Northern Pintail","reporting__did_early_pre",0.061491222977649
"B","none","standard_error","atx_7d980a7c8c37","Northern Pintail","reporting__did_immediate_pre",0.0597926592979838
"B","none","standard_error","atx_7d980a7c8c37","Northern Pintail","reporting__did_spawn_start",0.0659318924608729
"B","none","standard_error","atx_7d980a7c8c37","Northern Pintail","reporting__did_early_egg",0.0516161148427055
"B","none","standard_error","atx_7d980a7c8c37","Northern Pintail","reporting__did_late_egg",0.0511062835688949
"B","none","standard_error","atx_7d980a7c8c37","Northern Pintail","reporting__did_active_0_14_day",0.0474886463144405
"B","none","standard_error","atx_7d980a7c8c37","Northern Pintail","count__did_early_pre",0.0539874143648173
"B","none","standard_error","atx_7d980a7c8c37","Northern Pintail","count__did_immediate_pre",0.0542587587311152
"B","none","standard_error","atx_7d980a7c8c37","Northern Pintail","count__did_spawn_start",0.0560255592745721
"B","none","standard_error","atx_7d980a7c8c37","Northern Pintail","count__did_early_egg",0.0457989867731325
"B","none","standard_error","atx_7d980a7c8c37","Northern Pintail","count__did_late_egg",0.0464212452808943
"B","none","standard_error","atx_7d980a7c8c37","Northern Pintail","count__did_active_0_14_day",0.0417950054855434
"B","none","standard_error","atx_v2_000002","Black Oystercatcher","reporting__did_early_pre",0.0536036225795346
"B","none","standard_error","atx_v2_000002","Black Oystercatcher","reporting__did_immediate_pre",0.0525535577569911
"B","none","standard_error","atx_v2_000002","Black Oystercatcher","reporting__did_spawn_start",0.0594309837732755
"B","none","standard_error","atx_v2_000002","Black Oystercatcher","reporting__did_early_egg",0.047255785939861
"B","none","standard_error","atx_v2_000002","Black Oystercatcher","reporting__did_late_egg",0.0463868430103303
"B","none","standard_error","atx_v2_000002","Black Oystercatcher","reporting__did_active_0_14_day",0.0427569970086394
"B","none","standard_error","atx_v2_000002","Black Oystercatcher","count__did_early_pre",0.0268193427145157
"B","none","standard_error","atx_v2_000002","Black Oystercatcher","count__did_immediate_pre",0.0261863902454094
"B","none","standard_error","atx_v2_000002","Black Oystercatcher","count__did_spawn_start",0.0296428468809154
"B","none","standard_error","atx_v2_000002","Black Oystercatcher","count__did_early_egg",0.0241775275782194
"B","none","standard_error","atx_v2_000002","Black Oystercatcher","count__did_late_egg",0.0234254164600802
"B","none","standard_error","atx_v2_000002","Black Oystercatcher","count__did_active_0_14_day",0.0216023354022069
"B","none","standard_error","atx_c2d1fbbaf6d3","Red-breasted Merganser","reporting__did_early_pre",0.0479292193302299
"B","none","standard_error","atx_c2d1fbbaf6d3","Red-breasted Merganser","reporting__did_immediate_pre",0.0487391175526816
"B","none","standard_error","atx_c2d1fbbaf6d3","Red-breasted Merganser","reporting__did_spawn_start",0.0553477406426037
"B","none","standard_error","atx_c2d1fbbaf6d3","Red-breasted Merganser","reporting__did_early_egg",0.0423359543573647
"B","none","standard_error","atx_c2d1fbbaf6d3","Red-breasted Merganser","reporting__did_late_egg",0.0404445976942114
"B","none","standard_error","atx_c2d1fbbaf6d3","Red-breasted Merganser","reporting__did_active_0_14_day",0.0384489339635163
"B","none","standard_error","atx_c2d1fbbaf6d3","Red-breasted Merganser","count__did_early_pre",0.032766179380246
"B","none","standard_error","atx_c2d1fbbaf6d3","Red-breasted Merganser","count__did_immediate_pre",0.0360503179145389
"B","none","standard_error","atx_c2d1fbbaf6d3","Red-breasted Merganser","count__did_spawn_start",0.0397181381262447
"B","none","standard_error","atx_c2d1fbbaf6d3","Red-breasted Merganser","count__did_early_egg",0.0300283993793437
"B","none","standard_error","atx_c2d1fbbaf6d3","Red-breasted Merganser","count__did_late_egg",0.0282215314124532
"B","none","standard_error","atx_c2d1fbbaf6d3","Red-breasted Merganser","count__did_active_0_14_day",0.0271323946133811
"B","none","standard_error","atx_6b4cfd1ab927","Horned Grebe","reporting__did_early_pre",0.0488664900325304
"B","none","standard_error","atx_6b4cfd1ab927","Horned Grebe","reporting__did_immediate_pre",0.0482923953911974
"B","none","standard_error","atx_6b4cfd1ab927","Horned Grebe","reporting__did_spawn_start",0.0536131003325082
"B","none","standard_error","atx_6b4cfd1ab927","Horned Grebe","reporting__did_early_egg",0.0418265776816509
"B","none","standard_error","atx_6b4cfd1ab927","Horned Grebe","reporting__did_late_egg",0.0407005276948922
"B","none","standard_error","atx_6b4cfd1ab927","Horned Grebe","reporting__did_active_0_14_day",0.0380977825332009
"B","none","standard_error","atx_6b4cfd1ab927","Horned Grebe","count__did_early_pre",0.0281074744184677
"B","none","standard_error","atx_6b4cfd1ab927","Horned Grebe","count__did_immediate_pre",0.0280656400611857
"B","none","standard_error","atx_6b4cfd1ab927","Horned Grebe","count__did_spawn_start",0.0294530262742472
"B","none","standard_error","atx_6b4cfd1ab927","Horned Grebe","count__did_early_egg",0.0241934340082319
"B","none","standard_error","atx_6b4cfd1ab927","Horned Grebe","count__did_late_egg",0.0239222402718568
"B","none","standard_error","atx_6b4cfd1ab927","Horned Grebe","count__did_active_0_14_day",0.0218298534565386
"B","none","standard_error","atx_87b306550dba","Harlequin Duck","reporting__did_early_pre",0.0592880786296477
"B","none","standard_error","atx_87b306550dba","Harlequin Duck","reporting__did_immediate_pre",0.0587098121034059
"B","none","standard_error","atx_87b306550dba","Harlequin Duck","reporting__did_spawn_start",0.0643940753715651
"B","none","standard_error","atx_87b306550dba","Harlequin Duck","reporting__did_early_egg",0.0540244954755494
"B","none","standard_error","atx_87b306550dba","Harlequin Duck","reporting__did_late_egg",0.053435871997908
"B","none","standard_error","atx_87b306550dba","Harlequin Duck","reporting__did_active_0_14_day",0.04856533830581
"B","none","standard_error","atx_87b306550dba","Harlequin Duck","count__did_early_pre",0.027622678023981
"B","none","standard_error","atx_87b306550dba","Harlequin Duck","count__did_immediate_pre",0.0285631111091336
"B","none","standard_error","atx_87b306550dba","Harlequin Duck","count__did_spawn_start",0.031309910528544
"B","none","standard_error","atx_87b306550dba","Harlequin Duck","count__did_early_egg",0.02691396574287
"B","none","standard_error","atx_87b306550dba","Harlequin Duck","count__did_late_egg",0.026435561387236
"B","none","standard_error","atx_87b306550dba","Harlequin Duck","count__did_active_0_14_day",0.023754665742441
"B","none","standard_error","atx_d7dd9536145c","Barrow's Goldeneye","reporting__did_early_pre",0.054611902393397
"B","none","standard_error","atx_d7dd9536145c","Barrow's Goldeneye","reporting__did_immediate_pre",0.0525398857241294
"B","none","standard_error","atx_d7dd9536145c","Barrow's Goldeneye","reporting__did_spawn_start",0.0596378838663164
"B","none","standard_error","atx_d7dd9536145c","Barrow's Goldeneye","reporting__did_early_egg",0.0466900081574166
"B","none","standard_error","atx_d7dd9536145c","Barrow's Goldeneye","reporting__did_late_egg",0.0493275052100711
"B","none","standard_error","atx_d7dd9536145c","Barrow's Goldeneye","reporting__did_active_0_14_day",0.0418598064744505
"B","none","standard_error","atx_d7dd9536145c","Barrow's Goldeneye","count__did_early_pre",0.0513880382908367
"B","none","standard_error","atx_d7dd9536145c","Barrow's Goldeneye","count__did_immediate_pre",0.0484649020370104
"B","none","standard_error","atx_d7dd9536145c","Barrow's Goldeneye","count__did_spawn_start",0.0554215803269246
"B","none","standard_error","atx_d7dd9536145c","Barrow's Goldeneye","count__did_early_egg",0.0433831547438787
"B","none","standard_error","atx_d7dd9536145c","Barrow's Goldeneye","count__did_late_egg",0.0468861002664994
"B","none","standard_error","atx_d7dd9536145c","Barrow's Goldeneye","count__did_active_0_14_day",0.038418753521105
"B","none","standard_error","atx_d002764a39e8","Lesser Scaup","reporting__did_early_pre",0.0856783846324075
"B","none","standard_error","atx_d002764a39e8","Lesser Scaup","reporting__did_immediate_pre",0.0876425199687256
"B","none","standard_error","atx_d002764a39e8","Lesser Scaup","reporting__did_spawn_start",0.0932629348374155
"B","none","standard_error","atx_d002764a39e8","Lesser Scaup","reporting__did_early_egg",0.0680895579651739
"B","none","standard_error","atx_d002764a39e8","Lesser Scaup","reporting__did_late_egg",0.0671698479221968
"B","none","standard_error","atx_d002764a39e8","Lesser Scaup","reporting__did_active_0_14_day",0.0625799492072077
"B","none","standard_error","atx_d002764a39e8","Lesser Scaup","count__did_early_pre",0.0816469536879205
"B","none","standard_error","atx_d002764a39e8","Lesser Scaup","count__did_immediate_pre",0.0861879494123413
"B","none","standard_error","atx_d002764a39e8","Lesser Scaup","count__did_spawn_start",0.0904980998188892
"B","none","standard_error","atx_d002764a39e8","Lesser Scaup","count__did_early_egg",0.0656908347186897
"B","none","standard_error","atx_d002764a39e8","Lesser Scaup","count__did_late_egg",0.0646811865301145
"B","none","standard_error","atx_d002764a39e8","Lesser Scaup","count__did_active_0_14_day",0.0601127320406704
"B","none","standard_error","atx_86eda7ed9025","Red-necked Grebe","reporting__did_early_pre",0.060502345097749
"B","none","standard_error","atx_86eda7ed9025","Red-necked Grebe","reporting__did_immediate_pre",0.0603034751876174
"B","none","standard_error","atx_86eda7ed9025","Red-necked Grebe","reporting__did_spawn_start",0.0652336817205201
"B","none","standard_error","atx_86eda7ed9025","Red-necked Grebe","reporting__did_early_egg",0.0495685664084502
"B","none","standard_error","atx_86eda7ed9025","Red-necked Grebe","reporting__did_late_egg",0.0474155014831675
"B","none","standard_error","atx_86eda7ed9025","Red-necked Grebe","reporting__did_active_0_14_day",0.0457100638474519
"B","none","standard_error","atx_86eda7ed9025","Red-necked Grebe","count__did_early_pre",0.0389109150842184
"B","none","standard_error","atx_86eda7ed9025","Red-necked Grebe","count__did_immediate_pre",0.0403592673678122
"B","none","standard_error","atx_86eda7ed9025","Red-necked Grebe","count__did_spawn_start",0.0425652020670355
"B","none","standard_error","atx_86eda7ed9025","Red-necked Grebe","count__did_early_egg",0.0321355147639051
"B","none","standard_error","atx_86eda7ed9025","Red-necked Grebe","count__did_late_egg",0.0309240174478251
"B","none","standard_error","atx_86eda7ed9025","Red-necked Grebe","count__did_active_0_14_day",0.0297382729432663
"B","none","standard_error","atx_c12b832d2b03","California Gull","reporting__did_early_pre",0.0614592008477256
"B","none","standard_error","atx_c12b832d2b03","California Gull","reporting__did_immediate_pre",0.0564612392984617
"B","none","standard_error","atx_c12b832d2b03","California Gull","reporting__did_spawn_start",0.0614048905881248
"B","none","standard_error","atx_c12b832d2b03","California Gull","reporting__did_early_egg",0.0494758561707113
"B","none","standard_error","atx_c12b832d2b03","California Gull","reporting__did_late_egg",0.0499781215554073
"B","none","standard_error","atx_c12b832d2b03","California Gull","reporting__did_active_0_14_day",0.0462969220309066
"B","none","standard_error","atx_c12b832d2b03","California Gull","count__did_early_pre",0.0646853361592511
"B","none","standard_error","atx_c12b832d2b03","California Gull","count__did_immediate_pre",0.0573216763301802
"B","none","standard_error","atx_c12b832d2b03","California Gull","count__did_spawn_start",0.0552076342071114
"B","none","standard_error","atx_c12b832d2b03","California Gull","count__did_early_egg",0.0498118082877379
"B","none","standard_error","atx_c12b832d2b03","California Gull","count__did_late_egg",0.0518822327707674
"B","none","standard_error","atx_c12b832d2b03","California Gull","count__did_active_0_14_day",0.0468238664770526
"B","none","standard_error","atx_8608f2ed61cf","Pigeon Guillemot","reporting__did_early_pre",0.0847162457157703
"B","none","standard_error","atx_8608f2ed61cf","Pigeon Guillemot","reporting__did_immediate_pre",0.0852719608592547
"B","none","standard_error","atx_8608f2ed61cf","Pigeon Guillemot","reporting__did_spawn_start",0.08730979005362
"B","none","standard_error","atx_8608f2ed61cf","Pigeon Guillemot","reporting__did_early_egg",0.0677201115377532
"B","none","standard_error","atx_8608f2ed61cf","Pigeon Guillemot","reporting__did_late_egg",0.0671141616316649
"B","none","standard_error","atx_8608f2ed61cf","Pigeon Guillemot","reporting__did_active_0_14_day",0.063300745343674
"B","none","standard_error","atx_8608f2ed61cf","Pigeon Guillemot","count__did_early_pre",0.0530556947166734
"B","none","standard_error","atx_8608f2ed61cf","Pigeon Guillemot","count__did_immediate_pre",0.0558103796581135
"B","none","standard_error","atx_8608f2ed61cf","Pigeon Guillemot","count__did_spawn_start",0.0538208284605942
"B","none","standard_error","atx_8608f2ed61cf","Pigeon Guillemot","count__did_early_egg",0.0407804313369555
"B","none","standard_error","atx_8608f2ed61cf","Pigeon Guillemot","count__did_late_egg",0.041694987029297
"B","none","standard_error","atx_8608f2ed61cf","Pigeon Guillemot","count__did_active_0_14_day",0.0381329733357651
"B","none","standard_error","atx_c34f23342a55","Pacific Loon","reporting__did_early_pre",0.0619218135514947
"B","none","standard_error","atx_c34f23342a55","Pacific Loon","reporting__did_immediate_pre",0.0653233835678477
"B","none","standard_error","atx_c34f23342a55","Pacific Loon","reporting__did_spawn_start",0.0699102135394191
"B","none","standard_error","atx_c34f23342a55","Pacific Loon","reporting__did_early_egg",0.057144063238721
"B","none","standard_error","atx_c34f23342a55","Pacific Loon","reporting__did_late_egg",0.0557838726915485
"B","none","standard_error","atx_c34f23342a55","Pacific Loon","reporting__did_active_0_14_day",0.0513553373478111
"B","none","standard_error","atx_c34f23342a55","Pacific Loon","count__did_early_pre",0.0640977074031035
"B","none","standard_error","atx_c34f23342a55","Pacific Loon","count__did_immediate_pre",0.0727496114740826
"B","none","standard_error","atx_c34f23342a55","Pacific Loon","count__did_spawn_start",0.0730565745402869
"B","none","standard_error","atx_c34f23342a55","Pacific Loon","count__did_early_egg",0.0600350251030562
"B","none","standard_error","atx_c34f23342a55","Pacific Loon","count__did_late_egg",0.0593124439758768
"B","none","standard_error","atx_c34f23342a55","Pacific Loon","count__did_active_0_14_day",0.0537618044992151
"B","none","standard_error","atx_v2_000003","Dunlin","reporting__did_early_pre",0.0681788230449143
"B","none","standard_error","atx_v2_000003","Dunlin","reporting__did_immediate_pre",0.0669595391259361
"B","none","standard_error","atx_v2_000003","Dunlin","reporting__did_spawn_start",0.0769547254047546
"B","none","standard_error","atx_v2_000003","Dunlin","reporting__did_early_egg",0.0631072328141079
"B","none","standard_error","atx_v2_000003","Dunlin","reporting__did_late_egg",0.0609647156284939
"B","none","standard_error","atx_v2_000003","Dunlin","reporting__did_active_0_14_day",0.0564837426389253
"B","none","standard_error","atx_v2_000003","Dunlin","count__did_early_pre",0.0835348293489669
"B","none","standard_error","atx_v2_000003","Dunlin","count__did_immediate_pre",0.081091639905229
"B","none","standard_error","atx_v2_000003","Dunlin","count__did_spawn_start",0.0946461564124628
"B","none","standard_error","atx_v2_000003","Dunlin","count__did_early_egg",0.0835726336417057
"B","none","standard_error","atx_v2_000003","Dunlin","count__did_late_egg",0.0812350011149822
"B","none","standard_error","atx_v2_000003","Dunlin","count__did_active_0_14_day",0.0720487424637361
"B","none","standard_error","atx_3083477933a8","White-winged Scoter","reporting__did_early_pre",0.0667161741128821
"B","none","standard_error","atx_3083477933a8","White-winged Scoter","reporting__did_immediate_pre",0.0659271753958677
"B","none","standard_error","atx_3083477933a8","White-winged Scoter","reporting__did_spawn_start",0.0692048321660718
"B","none","standard_error","atx_3083477933a8","White-winged Scoter","reporting__did_early_egg",0.0589757481660501
"B","none","standard_error","atx_3083477933a8","White-winged Scoter","reporting__did_late_egg",0.057164566194691
"B","none","standard_error","atx_3083477933a8","White-winged Scoter","reporting__did_active_0_14_day",0.0532288458516466
"B","none","standard_error","atx_3083477933a8","White-winged Scoter","count__did_early_pre",0.0640171025314827
"B","none","standard_error","atx_3083477933a8","White-winged Scoter","count__did_immediate_pre",0.0649813524118586
"B","none","standard_error","atx_3083477933a8","White-winged Scoter","count__did_spawn_start",0.0666824095379255
"B","none","standard_error","atx_3083477933a8","White-winged Scoter","count__did_early_egg",0.0619317224013287
"B","none","standard_error","atx_3083477933a8","White-winged Scoter","count__did_late_egg",0.0602583859296283
"B","none","standard_error","atx_3083477933a8","White-winged Scoter","count__did_active_0_14_day",0.054782388902801
"B","none","standard_error","atx_aa5353f6d6d2","Iceland Gull","reporting__did_early_pre",0.0607328842264461
"B","none","standard_error","atx_aa5353f6d6d2","Iceland Gull","reporting__did_immediate_pre",0.05815748723427
"B","none","standard_error","atx_aa5353f6d6d2","Iceland Gull","reporting__did_spawn_start",0.0633903882031381
"B","none","standard_error","atx_aa5353f6d6d2","Iceland Gull","reporting__did_early_egg",0.0518516473045058
"B","none","standard_error","atx_aa5353f6d6d2","Iceland Gull","reporting__did_late_egg",0.0540349287103272
"B","none","standard_error","atx_aa5353f6d6d2","Iceland Gull","reporting__did_active_0_14_day",0.0473368823127127
"B","none","standard_error","atx_aa5353f6d6d2","Iceland Gull","count__did_early_pre",0.0665678159431064
"B","none","standard_error","atx_aa5353f6d6d2","Iceland Gull","count__did_immediate_pre",0.0631967349240637
"B","none","standard_error","atx_aa5353f6d6d2","Iceland Gull","count__did_spawn_start",0.0632504938084045
"B","none","standard_error","atx_aa5353f6d6d2","Iceland Gull","count__did_early_egg",0.0584638860849335
"B","none","standard_error","atx_aa5353f6d6d2","Iceland Gull","count__did_late_egg",0.0624024206837842
"B","none","standard_error","atx_aa5353f6d6d2","Iceland Gull","count__did_active_0_14_day",0.0524434616188541
"B","none","standard_error","atx_08bb40b40c0a","Ring-billed Gull","reporting__did_early_pre",0.0894813169891259
"B","none","standard_error","atx_08bb40b40c0a","Ring-billed Gull","reporting__did_immediate_pre",0.0854275678075779
"B","none","standard_error","atx_08bb40b40c0a","Ring-billed Gull","reporting__did_spawn_start",0.085331115852778
"B","none","standard_error","atx_08bb40b40c0a","Ring-billed Gull","reporting__did_early_egg",0.072392684157725
"B","none","standard_error","atx_08bb40b40c0a","Ring-billed Gull","reporting__did_late_egg",0.0730397511811944
"B","none","standard_error","atx_08bb40b40c0a","Ring-billed Gull","reporting__did_active_0_14_day",0.0652734907422462
"B","none","standard_error","atx_08bb40b40c0a","Ring-billed Gull","count__did_early_pre",0.0862351999247303
"B","none","standard_error","atx_08bb40b40c0a","Ring-billed Gull","count__did_immediate_pre",0.0798583554616068
"B","none","standard_error","atx_08bb40b40c0a","Ring-billed Gull","count__did_spawn_start",0.0811000384035043
"B","none","standard_error","atx_08bb40b40c0a","Ring-billed Gull","count__did_early_egg",0.0688772306245189
"B","none","standard_error","atx_08bb40b40c0a","Ring-billed Gull","count__did_late_egg",0.0682581011325854
"B","none","standard_error","atx_08bb40b40c0a","Ring-billed Gull","count__did_active_0_14_day",0.06222551633777
"B","none","standard_error","atx_4ae57d328ec6","Greater Scaup","reporting__did_early_pre",0.0654484073882597
"B","none","standard_error","atx_4ae57d328ec6","Greater Scaup","reporting__did_immediate_pre",0.0626722034962774
"B","none","standard_error","atx_4ae57d328ec6","Greater Scaup","reporting__did_spawn_start",0.0647449193667567
"B","none","standard_error","atx_4ae57d328ec6","Greater Scaup","reporting__did_early_egg",0.054871013971975
"B","none","standard_error","atx_4ae57d328ec6","Greater Scaup","reporting__did_late_egg",0.0557774534707018
"B","none","standard_error","atx_4ae57d328ec6","Greater Scaup","reporting__did_active_0_14_day",0.0504614798298073
"B","none","standard_error","atx_4ae57d328ec6","Greater Scaup","count__did_early_pre",0.0736920518572848
"B","none","standard_error","atx_4ae57d328ec6","Greater Scaup","count__did_immediate_pre",0.0709045593270255
"B","none","standard_error","atx_4ae57d328ec6","Greater Scaup","count__did_spawn_start",0.0711277864499817
"B","none","standard_error","atx_4ae57d328ec6","Greater Scaup","count__did_early_egg",0.0653533142352926
"B","none","standard_error","atx_4ae57d328ec6","Greater Scaup","count__did_late_egg",0.0682409474327548
"B","none","standard_error","atx_4ae57d328ec6","Greater Scaup","count__did_active_0_14_day",0.05950896416055
"B","none","standard_error","atx_15dd5efcd8d6","Black Turnstone","reporting__did_early_pre",0.0753932092219803
"B","none","standard_error","atx_15dd5efcd8d6","Black Turnstone","reporting__did_immediate_pre",0.0778758002885184
"B","none","standard_error","atx_15dd5efcd8d6","Black Turnstone","reporting__did_spawn_start",0.0888899173133996
"B","none","standard_error","atx_15dd5efcd8d6","Black Turnstone","reporting__did_early_egg",0.0774406155037697
"B","none","standard_error","atx_15dd5efcd8d6","Black Turnstone","reporting__did_late_egg",0.0808607337294855
"B","none","standard_error","atx_15dd5efcd8d6","Black Turnstone","reporting__did_active_0_14_day",0.0678692892448135
"B","none","standard_error","atx_15dd5efcd8d6","Black Turnstone","count__did_early_pre",0.0655845560207416
"B","none","standard_error","atx_15dd5efcd8d6","Black Turnstone","count__did_immediate_pre",0.0731112663131848
"B","none","standard_error","atx_15dd5efcd8d6","Black Turnstone","count__did_spawn_start",0.089465352504936
"B","none","standard_error","atx_15dd5efcd8d6","Black Turnstone","count__did_early_egg",0.0783048293396284
"B","none","standard_error","atx_15dd5efcd8d6","Black Turnstone","count__did_late_egg",0.0781640299577145
"B","none","standard_error","atx_15dd5efcd8d6","Black Turnstone","count__did_active_0_14_day",0.0664762594132479
"B","none","standard_error","atx_fadb8da1a816","Bonaparte's Gull","reporting__did_early_pre",0.204988322531004
"B","none","standard_error","atx_fadb8da1a816","Bonaparte's Gull","reporting__did_immediate_pre",0.176687983234328
"B","none","standard_error","atx_fadb8da1a816","Bonaparte's Gull","reporting__did_spawn_start",0.15849500364029
"B","none","standard_error","atx_fadb8da1a816","Bonaparte's Gull","reporting__did_early_egg",0.145427772151328
"B","none","standard_error","atx_fadb8da1a816","Bonaparte's Gull","reporting__did_late_egg",0.14247318476432
"B","none","standard_error","atx_fadb8da1a816","Bonaparte's Gull","reporting__did_active_0_14_day",0.143417862181283
"B","none","standard_error","atx_fadb8da1a816","Bonaparte's Gull","count__did_early_pre",0.292119360648416
"B","none","standard_error","atx_fadb8da1a816","Bonaparte's Gull","count__did_immediate_pre",0.258086539075358
"B","none","standard_error","atx_fadb8da1a816","Bonaparte's Gull","count__did_spawn_start",0.223637871897276
"B","none","standard_error","atx_fadb8da1a816","Bonaparte's Gull","count__did_early_egg",0.207183513067552
"B","none","standard_error","atx_fadb8da1a816","Bonaparte's Gull","count__did_late_egg",0.203320208201018
"B","none","standard_error","atx_fadb8da1a816","Bonaparte's Gull","count__did_active_0_14_day",0.20507196117881
"B","none","standard_error","atx_v2_000006","Black-bellied Plover","reporting__did_early_pre",0.0785116501088684
"B","none","standard_error","atx_v2_000006","Black-bellied Plover","reporting__did_immediate_pre",0.0751127371276242
"B","none","standard_error","atx_v2_000006","Black-bellied Plover","reporting__did_spawn_start",0.087245028466748
"B","none","standard_error","atx_v2_000006","Black-bellied Plover","reporting__did_early_egg",0.0728116723193449
"B","none","standard_error","atx_v2_000006","Black-bellied Plover","reporting__did_late_egg",0.0697276889351979
"B","none","standard_error","atx_v2_000006","Black-bellied Plover","reporting__did_active_0_14_day",0.0650251084029333
"B","none","standard_error","atx_v2_000006","Black-bellied Plover","count__did_early_pre",0.0657665538413358
"B","none","standard_error","atx_v2_000006","Black-bellied Plover","count__did_immediate_pre",0.0616115273813122
"B","none","standard_error","atx_v2_000006","Black-bellied Plover","count__did_spawn_start",0.0727238627480187
"B","none","standard_error","atx_v2_000006","Black-bellied Plover","count__did_early_egg",0.0639529390628861
"B","none","standard_error","atx_v2_000006","Black-bellied Plover","count__did_late_egg",0.0612959462300853
"B","none","standard_error","atx_v2_000006","Black-bellied Plover","count__did_active_0_14_day",0.0554813315841278
"B","none","standard_error","atx_59441ff7abde","Brant","reporting__did_early_pre",0.07768812361284
"B","none","standard_error","atx_59441ff7abde","Brant","reporting__did_immediate_pre",0.0731905662741781
"B","none","standard_error","atx_59441ff7abde","Brant","reporting__did_spawn_start",0.0772124457178252
"B","none","standard_error","atx_59441ff7abde","Brant","reporting__did_early_egg",0.0643850453249648
"B","none","standard_error","atx_59441ff7abde","Brant","reporting__did_late_egg",0.0625479690856369
"B","none","standard_error","atx_59441ff7abde","Brant","reporting__did_active_0_14_day",0.0594400290668637
"B","none","standard_error","atx_59441ff7abde","Brant","count__did_early_pre",0.0756886862308565
"B","none","standard_error","atx_59441ff7abde","Brant","count__did_immediate_pre",0.0683928453978119
"B","none","standard_error","atx_59441ff7abde","Brant","count__did_spawn_start",0.0714437299782527
"B","none","standard_error","atx_59441ff7abde","Brant","count__did_early_egg",0.0595643401584524
"B","none","standard_error","atx_59441ff7abde","Brant","count__did_late_egg",0.0584303439030387
"B","none","standard_error","atx_59441ff7abde","Brant","count__did_active_0_14_day",0.0553873165054969
"B","none","standard_error","atx_acf526bb8010","Marbled Murrelet","reporting__did_early_pre",0.143930635243781
"B","none","standard_error","atx_acf526bb8010","Marbled Murrelet","reporting__did_immediate_pre",0.129683750553498
"B","none","standard_error","atx_acf526bb8010","Marbled Murrelet","reporting__did_spawn_start",0.135663317936685
"B","none","standard_error","atx_acf526bb8010","Marbled Murrelet","reporting__did_early_egg",0.105557239449767
"B","none","standard_error","atx_acf526bb8010","Marbled Murrelet","reporting__did_late_egg",0.100006471979734
"B","none","standard_error","atx_acf526bb8010","Marbled Murrelet","reporting__did_active_0_14_day",0.0968088911338772
"B","none","standard_error","atx_acf526bb8010","Marbled Murrelet","count__did_early_pre",0.0933642351649966
"B","none","standard_error","atx_acf526bb8010","Marbled Murrelet","count__did_immediate_pre",0.0900140303485674
"B","none","standard_error","atx_acf526bb8010","Marbled Murrelet","count__did_spawn_start",0.0886766635123734
"B","none","standard_error","atx_acf526bb8010","Marbled Murrelet","count__did_early_egg",0.0694320832052707
"B","none","standard_error","atx_acf526bb8010","Marbled Murrelet","count__did_late_egg",0.0689686750353742
"B","none","standard_error","atx_acf526bb8010","Marbled Murrelet","count__did_active_0_14_day",0.0629167187506088
"B","none","standard_error","atx_40f730f5ad72","Long-tailed Duck","reporting__did_early_pre",0.0786897629212578
"B","none","standard_error","atx_40f730f5ad72","Long-tailed Duck","reporting__did_immediate_pre",0.0782185453649976
"B","none","standard_error","atx_40f730f5ad72","Long-tailed Duck","reporting__did_spawn_start",0.0797007637318608
"B","none","standard_error","atx_40f730f5ad72","Long-tailed Duck","reporting__did_early_egg",0.0684754772169723
"B","none","standard_error","atx_40f730f5ad72","Long-tailed Duck","reporting__did_late_egg",0.0723802440837197
"B","none","standard_error","atx_40f730f5ad72","Long-tailed Duck","reporting__did_active_0_14_day",0.0621719109843803
"B","none","standard_error","atx_40f730f5ad72","Long-tailed Duck","count__did_early_pre",0.0686220969144702
"B","none","standard_error","atx_40f730f5ad72","Long-tailed Duck","count__did_immediate_pre",0.0691607589909303
"B","none","standard_error","atx_40f730f5ad72","Long-tailed Duck","count__did_spawn_start",0.0697872605079902
"B","none","standard_error","atx_40f730f5ad72","Long-tailed Duck","count__did_early_egg",0.0633409346907939
"B","none","standard_error","atx_40f730f5ad72","Long-tailed Duck","count__did_late_egg",0.0691270087000601
"B","none","standard_error","atx_40f730f5ad72","Long-tailed Duck","count__did_active_0_14_day",0.0569802461085694
"B","none","standard_error","atx_98ca0000b734","Brandt's Cormorant","reporting__did_early_pre",0.103186957500014
"B","none","standard_error","atx_98ca0000b734","Brandt's Cormorant","reporting__did_immediate_pre",0.0984654911398469
"B","none","standard_error","atx_98ca0000b734","Brandt's Cormorant","reporting__did_spawn_start",0.0976076257862331
"B","none","standard_error","atx_98ca0000b734","Brandt's Cormorant","reporting__did_early_egg",0.0886630556325397
"B","none","standard_error","atx_98ca0000b734","Brandt's Cormorant","reporting__did_late_egg",0.0881986928544056
"B","none","standard_error","atx_98ca0000b734","Brandt's Cormorant","reporting__did_active_0_14_day",0.0793125964282264
"B","none","standard_error","atx_98ca0000b734","Brandt's Cormorant","count__did_early_pre",0.092600434196419
"B","none","standard_error","atx_98ca0000b734","Brandt's Cormorant","count__did_immediate_pre",0.0847850000017449
"B","none","standard_error","atx_98ca0000b734","Brandt's Cormorant","count__did_spawn_start",0.0817907348130772
"B","none","standard_error","atx_98ca0000b734","Brandt's Cormorant","count__did_early_egg",0.0748612290494517
"B","none","standard_error","atx_98ca0000b734","Brandt's Cormorant","count__did_late_egg",0.0724426571746727
"B","none","standard_error","atx_98ca0000b734","Brandt's Cormorant","count__did_active_0_14_day",0.065892277948316
"B","none","standard_error","atx_136b0e66254b","Common Murre","reporting__did_early_pre",0.10707729547516
"B","none","standard_error","atx_136b0e66254b","Common Murre","reporting__did_immediate_pre",0.123636742643642
"B","none","standard_error","atx_136b0e66254b","Common Murre","reporting__did_spawn_start",0.126859683403462
"B","none","standard_error","atx_136b0e66254b","Common Murre","reporting__did_early_egg",0.0946469903130111
"B","none","standard_error","atx_136b0e66254b","Common Murre","reporting__did_late_egg",0.0966738822660151
"B","none","standard_error","atx_136b0e66254b","Common Murre","reporting__did_active_0_14_day",0.0851506057397545
"B","none","standard_error","atx_136b0e66254b","Common Murre","count__did_early_pre",0.120844694765161
"B","none","standard_error","atx_136b0e66254b","Common Murre","count__did_immediate_pre",0.160773929962518
"B","none","standard_error","atx_136b0e66254b","Common Murre","count__did_spawn_start",0.174936125859835
"B","none","standard_error","atx_136b0e66254b","Common Murre","count__did_early_egg",0.115343258401312
"B","none","standard_error","atx_136b0e66254b","Common Murre","count__did_late_egg",0.124381112974413
"B","none","standard_error","atx_136b0e66254b","Common Murre","count__did_active_0_14_day",0.106970557224851
"B","none","standard_error","atx_7571c026ae99","American Herring Gull","reporting__did_early_pre",0.0940276414622033
"B","none","standard_error","atx_7571c026ae99","American Herring Gull","reporting__did_immediate_pre",0.0865530958707106
"B","none","standard_error","atx_7571c026ae99","American Herring Gull","reporting__did_spawn_start",0.0870850889921498
"B","none","standard_error","atx_7571c026ae99","American Herring Gull","reporting__did_early_egg",0.0781586086808495
"B","none","standard_error","atx_7571c026ae99","American Herring Gull","reporting__did_late_egg",0.0813935925301265
"B","none","standard_error","atx_7571c026ae99","American Herring Gull","reporting__did_active_0_14_day",0.0730801204295966
"B","none","standard_error","atx_7571c026ae99","American Herring Gull","count__did_early_pre",0.066403695446666
"B","none","standard_error","atx_7571c026ae99","American Herring Gull","count__did_immediate_pre",0.0567917083514309
"B","none","standard_error","atx_7571c026ae99","American Herring Gull","count__did_spawn_start",0.0541026079093042
"B","none","standard_error","atx_7571c026ae99","American Herring Gull","count__did_early_egg",0.0539694013618912
"B","none","standard_error","atx_7571c026ae99","American Herring Gull","count__did_late_egg",0.0565765989191915
"B","none","standard_error","atx_7571c026ae99","American Herring Gull","count__did_active_0_14_day",0.0503426489848861
"B","none","standard_error","atx_1328b44be502","Black Scoter","reporting__did_early_pre",0.0841088020040373
"B","none","standard_error","atx_1328b44be502","Black Scoter","reporting__did_immediate_pre",0.0820186353771947
"B","none","standard_error","atx_1328b44be502","Black Scoter","reporting__did_spawn_start",0.0890050642264586
"B","none","standard_error","atx_1328b44be502","Black Scoter","reporting__did_early_egg",0.0756182774527515
"B","none","standard_error","atx_1328b44be502","Black Scoter","reporting__did_late_egg",0.0812141207649939
"B","none","standard_error","atx_1328b44be502","Black Scoter","reporting__did_active_0_14_day",0.0682231984790415
"B","none","standard_error","atx_1328b44be502","Black Scoter","count__did_early_pre",0.0833508142959007
"B","none","standard_error","atx_1328b44be502","Black Scoter","count__did_immediate_pre",0.083020409928305
"B","none","standard_error","atx_1328b44be502","Black Scoter","count__did_spawn_start",0.0891549747075003
"B","none","standard_error","atx_1328b44be502","Black Scoter","count__did_early_egg",0.0782467275223757
"B","none","standard_error","atx_1328b44be502","Black Scoter","count__did_late_egg",0.0901866243162146
"B","none","standard_error","atx_1328b44be502","Black Scoter","count__did_active_0_14_day",0.0699155297104063
"B","none","standard_error","atx_04cf65098f13","Red-throated Loon","reporting__did_early_pre",0.161548302375855
"B","none","standard_error","atx_04cf65098f13","Red-throated Loon","reporting__did_immediate_pre",0.174306652330797
"B","none","standard_error","atx_04cf65098f13","Red-throated Loon","reporting__did_spawn_start",0.226844847837429
"B","none","standard_error","atx_04cf65098f13","Red-throated Loon","reporting__did_early_egg",0.137994394232454
"B","none","standard_error","atx_04cf65098f13","Red-throated Loon","reporting__did_late_egg",0.135063551820808
"B","none","standard_error","atx_04cf65098f13","Red-throated Loon","reporting__did_active_0_14_day",0.12938591412509
"B","none","standard_error","atx_04cf65098f13","Red-throated Loon","count__did_early_pre",0.107301796080663
"B","none","standard_error","atx_04cf65098f13","Red-throated Loon","count__did_immediate_pre",0.125174793318775
"B","none","standard_error","atx_04cf65098f13","Red-throated Loon","count__did_spawn_start",0.16495584149926
"B","none","standard_error","atx_04cf65098f13","Red-throated Loon","count__did_early_egg",0.0908307034449142
"B","none","standard_error","atx_04cf65098f13","Red-throated Loon","count__did_late_egg",0.0939448217373914
"B","none","standard_error","atx_04cf65098f13","Red-throated Loon","count__did_active_0_14_day",0.0902679579009781
"B","none","standard_error","atx_ebf17f77fb66","Western Grebe","reporting__did_early_pre",0.130545209701506
"B","none","standard_error","atx_ebf17f77fb66","Western Grebe","reporting__did_immediate_pre",0.136347042796096
"B","none","standard_error","atx_ebf17f77fb66","Western Grebe","reporting__did_spawn_start",0.172008852109796
"B","none","standard_error","atx_ebf17f77fb66","Western Grebe","reporting__did_early_egg",0.124276987107295
"B","none","standard_error","atx_ebf17f77fb66","Western Grebe","reporting__did_late_egg",0.12099112975405
"B","none","standard_error","atx_ebf17f77fb66","Western Grebe","reporting__did_active_0_14_day",0.111782887736786
"B","none","standard_error","atx_ebf17f77fb66","Western Grebe","count__did_early_pre",0.177544912872926
"B","none","standard_error","atx_ebf17f77fb66","Western Grebe","count__did_immediate_pre",0.241203972324704
"B","none","standard_error","atx_ebf17f77fb66","Western Grebe","count__did_spawn_start",0.213980808968272
"B","none","standard_error","atx_ebf17f77fb66","Western Grebe","count__did_early_egg",0.166961605668859
"B","none","standard_error","atx_ebf17f77fb66","Western Grebe","count__did_late_egg",0.168891107103028
"B","none","standard_error","atx_ebf17f77fb66","Western Grebe","count__did_active_0_14_day",0.148177138554899
"B","none","standard_error","atx_5a9a3495d0ea","Western Gull","reporting__did_early_pre",0.186302353319539
"B","none","standard_error","atx_5a9a3495d0ea","Western Gull","reporting__did_immediate_pre",0.164964762640902
"B","none","standard_error","atx_5a9a3495d0ea","Western Gull","reporting__did_spawn_start",0.173108019749587
"B","none","standard_error","atx_5a9a3495d0ea","Western Gull","reporting__did_early_egg",0.144344054904935
"B","none","standard_error","atx_5a9a3495d0ea","Western Gull","reporting__did_late_egg",0.146932007536084
"B","none","standard_error","atx_5a9a3495d0ea","Western Gull","reporting__did_active_0_14_day",0.132619278342325
"B","none","standard_error","atx_5a9a3495d0ea","Western Gull","count__did_early_pre",0.0574467026953155
"B","none","standard_error","atx_5a9a3495d0ea","Western Gull","count__did_immediate_pre",0.0468238643497448
"B","none","standard_error","atx_5a9a3495d0ea","Western Gull","count__did_spawn_start",0.0485023122985936
"B","none","standard_error","atx_5a9a3495d0ea","Western Gull","count__did_early_egg",0.0436027794220187
"B","none","standard_error","atx_5a9a3495d0ea","Western Gull","count__did_late_egg",0.0446724899604285
"B","none","standard_error","atx_5a9a3495d0ea","Western Gull","count__did_active_0_14_day",0.0393888663111126
"B","reliability_shrunk","posterior_mean","atx_c9db024faf12","American Crow","reporting__did_early_pre",-0.0145195317911419
"B","reliability_shrunk","posterior_mean","atx_c9db024faf12","American Crow","reporting__did_immediate_pre",0.0227527631473764
"B","reliability_shrunk","posterior_mean","atx_c9db024faf12","American Crow","reporting__did_spawn_start",0.00742276783584222
"B","reliability_shrunk","posterior_mean","atx_c9db024faf12","American Crow","reporting__did_early_egg",0.0132825193615777
"B","reliability_shrunk","posterior_mean","atx_c9db024faf12","American Crow","reporting__did_late_egg",-0.0513180179863522
"B","reliability_shrunk","posterior_mean","atx_c9db024faf12","American Crow","reporting__did_active_0_14_day",0.0109737608516762
"B","reliability_shrunk","posterior_mean","atx_c9db024faf12","American Crow","count__did_early_pre",0.00717216598229747
"B","reliability_shrunk","posterior_mean","atx_c9db024faf12","American Crow","count__did_immediate_pre",-0.0142474668199696
"B","reliability_shrunk","posterior_mean","atx_c9db024faf12","American Crow","count__did_spawn_start",-0.00731464078006305
"B","reliability_shrunk","posterior_mean","atx_c9db024faf12","American Crow","count__did_early_egg",0.0111015683218475
"B","reliability_shrunk","posterior_mean","atx_c9db024faf12","American Crow","count__did_late_egg",-0.010589639305807
"B","reliability_shrunk","posterior_mean","atx_c9db024faf12","American Crow","count__did_active_0_14_day",0.00574260654542283
"B","reliability_shrunk","posterior_mean","atx_725074cbfcb6","Glaucous-winged Gull","reporting__did_early_pre",-0.0117409366400469
"B","reliability_shrunk","posterior_mean","atx_725074cbfcb6","Glaucous-winged Gull","reporting__did_immediate_pre",-0.00147608756365678
"B","reliability_shrunk","posterior_mean","atx_725074cbfcb6","Glaucous-winged Gull","reporting__did_spawn_start",0.147066466602706
"B","reliability_shrunk","posterior_mean","atx_725074cbfcb6","Glaucous-winged Gull","reporting__did_early_egg",0.0877010444316281
"B","reliability_shrunk","posterior_mean","atx_725074cbfcb6","Glaucous-winged Gull","reporting__did_late_egg",0.0142015453592553
"B","reliability_shrunk","posterior_mean","atx_725074cbfcb6","Glaucous-winged Gull","reporting__did_active_0_14_day",0.10523755292554
"B","reliability_shrunk","posterior_mean","atx_725074cbfcb6","Glaucous-winged Gull","count__did_early_pre",0.0129061595298137
"B","reliability_shrunk","posterior_mean","atx_725074cbfcb6","Glaucous-winged Gull","count__did_immediate_pre",0.0319775239624945
"B","reliability_shrunk","posterior_mean","atx_725074cbfcb6","Glaucous-winged Gull","count__did_spawn_start",0.22644051438535
"B","reliability_shrunk","posterior_mean","atx_725074cbfcb6","Glaucous-winged Gull","count__did_early_egg",0.173794480242723
"B","reliability_shrunk","posterior_mean","atx_725074cbfcb6","Glaucous-winged Gull","count__did_late_egg",0.062125870853686
"B","reliability_shrunk","posterior_mean","atx_725074cbfcb6","Glaucous-winged Gull","count__did_active_0_14_day",0.189271617811996
"B","reliability_shrunk","posterior_mean","atx_815c98107028","Mallard","reporting__did_early_pre",-0.0106914467295414
"B","reliability_shrunk","posterior_mean","atx_815c98107028","Mallard","reporting__did_immediate_pre",0.0389003266797396
"B","reliability_shrunk","posterior_mean","atx_815c98107028","Mallard","reporting__did_spawn_start",0.0638040119334592
"B","reliability_shrunk","posterior_mean","atx_815c98107028","Mallard","reporting__did_early_egg",0.0256661638741939
"B","reliability_shrunk","posterior_mean","atx_815c98107028","Mallard","reporting__did_late_egg",0.0165002031536548
"B","reliability_shrunk","posterior_mean","atx_815c98107028","Mallard","reporting__did_active_0_14_day",0.0356337614915679
"B","reliability_shrunk","posterior_mean","atx_815c98107028","Mallard","count__did_early_pre",0.00992550539175707
"B","reliability_shrunk","posterior_mean","atx_815c98107028","Mallard","count__did_immediate_pre",0.0330120148586105
"B","reliability_shrunk","posterior_mean","atx_815c98107028","Mallard","count__did_spawn_start",0.0839995311422251
"B","reliability_shrunk","posterior_mean","atx_815c98107028","Mallard","count__did_early_egg",0.110207228507165
"B","reliability_shrunk","posterior_mean","atx_815c98107028","Mallard","count__did_late_egg",0.127727302551271
"B","reliability_shrunk","posterior_mean","atx_815c98107028","Mallard","count__did_active_0_14_day",0.103331921484284
"B","reliability_shrunk","posterior_mean","atx_fc0a9b777dcd","Bald Eagle","reporting__did_early_pre",-0.0103967246617777
"B","reliability_shrunk","posterior_mean","atx_fc0a9b777dcd","Bald Eagle","reporting__did_immediate_pre",0.0660756049197319
"B","reliability_shrunk","posterior_mean","atx_fc0a9b777dcd","Bald Eagle","reporting__did_spawn_start",0.180191777417124
"B","reliability_shrunk","posterior_mean","atx_fc0a9b777dcd","Bald Eagle","reporting__did_early_egg",0.0390848848157163
"B","reliability_shrunk","posterior_mean","atx_fc0a9b777dcd","Bald Eagle","reporting__did_late_egg",0.0271001426541198
"B","reliability_shrunk","posterior_mean","atx_fc0a9b777dcd","Bald Eagle","reporting__did_active_0_14_day",0.0777889796552973
"B","reliability_shrunk","posterior_mean","atx_fc0a9b777dcd","Bald Eagle","count__did_early_pre",-0.00943635548286575
"B","reliability_shrunk","posterior_mean","atx_fc0a9b777dcd","Bald Eagle","count__did_immediate_pre",0.0211155863881678
"B","reliability_shrunk","posterior_mean","atx_fc0a9b777dcd","Bald Eagle","count__did_spawn_start",0.161348249551777
"B","reliability_shrunk","posterior_mean","atx_fc0a9b777dcd","Bald Eagle","count__did_early_egg",0.0290162459376764
"B","reliability_shrunk","posterior_mean","atx_fc0a9b777dcd","Bald Eagle","count__did_late_egg",-0.0101901738260154
"B","reliability_shrunk","posterior_mean","atx_fc0a9b777dcd","Bald Eagle","count__did_active_0_14_day",0.0645333658169666
"B","reliability_shrunk","posterior_mean","atx_b3d3ea90f9cb","Canada Goose","reporting__did_early_pre",-0.00559656728315403
"B","reliability_shrunk","posterior_mean","atx_b3d3ea90f9cb","Canada Goose","reporting__did_immediate_pre",0.0762432354868442
"B","reliability_shrunk","posterior_mean","atx_b3d3ea90f9cb","Canada Goose","reporting__did_spawn_start",0.064973154851462
"B","reliability_shrunk","posterior_mean","atx_b3d3ea90f9cb","Canada Goose","reporting__did_early_egg",0.0780579783572609
"B","reliability_shrunk","posterior_mean","atx_b3d3ea90f9cb","Canada Goose","reporting__did_late_egg",0.117874696527559
"B","reliability_shrunk","posterior_mean","atx_b3d3ea90f9cb","Canada Goose","reporting__did_active_0_14_day",0.0751435900779861
"B","reliability_shrunk","posterior_mean","atx_b3d3ea90f9cb","Canada Goose","count__did_early_pre",-0.01315407939727
"B","reliability_shrunk","posterior_mean","atx_b3d3ea90f9cb","Canada Goose","count__did_immediate_pre",-0.00134979379796986
"B","reliability_shrunk","posterior_mean","atx_b3d3ea90f9cb","Canada Goose","count__did_spawn_start",0.0413331102214313
"B","reliability_shrunk","posterior_mean","atx_b3d3ea90f9cb","Canada Goose","count__did_early_egg",0.00269850015096085
"B","reliability_shrunk","posterior_mean","atx_b3d3ea90f9cb","Canada Goose","count__did_late_egg",0.0102460415249957
"B","reliability_shrunk","posterior_mean","atx_b3d3ea90f9cb","Canada Goose","count__did_active_0_14_day",0.0126396348552592
"B","reliability_shrunk","posterior_mean","atx_v2_000007","Common Raven","reporting__did_early_pre",-0.00856244153447355
"B","reliability_shrunk","posterior_mean","atx_v2_000007","Common Raven","reporting__did_immediate_pre",-0.0098521240346597
"B","reliability_shrunk","posterior_mean","atx_v2_000007","Common Raven","reporting__did_spawn_start",-0.0543521506755193
"B","reliability_shrunk","posterior_mean","atx_v2_000007","Common Raven","reporting__did_early_egg",-0.054511399495432
"B","reliability_shrunk","posterior_mean","atx_v2_000007","Common Raven","reporting__did_late_egg",-0.00547598173463978
"B","reliability_shrunk","posterior_mean","atx_v2_000007","Common Raven","reporting__did_active_0_14_day",-0.0565067470146108
"B","reliability_shrunk","posterior_mean","atx_v2_000007","Common Raven","count__did_early_pre",0.00458166737148975
"B","reliability_shrunk","posterior_mean","atx_v2_000007","Common Raven","count__did_immediate_pre",0.0197833528210784
"B","reliability_shrunk","posterior_mean","atx_v2_000007","Common Raven","count__did_spawn_start",0.00452944744542788
"B","reliability_shrunk","posterior_mean","atx_v2_000007","Common Raven","count__did_early_egg",0.0184000760072657
"B","reliability_shrunk","posterior_mean","atx_v2_000007","Common Raven","count__did_late_egg",0.0153283362431822
"B","reliability_shrunk","posterior_mean","atx_v2_000007","Common Raven","count__did_active_0_14_day",0.0144304458616877
"B","reliability_shrunk","posterior_mean","atx_99238953638b","Bufflehead","reporting__did_early_pre",-0.00939386122968934
"B","reliability_shrunk","posterior_mean","atx_99238953638b","Bufflehead","reporting__did_immediate_pre",0.0127795553344949
"B","reliability_shrunk","posterior_mean","atx_99238953638b","Bufflehead","reporting__did_spawn_start",0.0554797169247266
"B","reliability_shrunk","posterior_mean","atx_99238953638b","Bufflehead","reporting__did_early_egg",-0.0737536519339409
"B","reliability_shrunk","posterior_mean","atx_99238953638b","Bufflehead","reporting__did_late_egg",-0.0112915411619433
"B","reliability_shrunk","posterior_mean","atx_99238953638b","Bufflehead","reporting__did_active_0_14_day",-0.0411920519838583
"B","reliability_shrunk","posterior_mean","atx_99238953638b","Bufflehead","count__did_early_pre",-0.00739097376900706
"B","reliability_shrunk","posterior_mean","atx_99238953638b","Bufflehead","count__did_immediate_pre",-0.0109006141102198
"B","reliability_shrunk","posterior_mean","atx_99238953638b","Bufflehead","count__did_spawn_start",0.0596638331906377
"B","reliability_shrunk","posterior_mean","atx_99238953638b","Bufflehead","count__did_early_egg",0.106062236522073
"B","reliability_shrunk","posterior_mean","atx_99238953638b","Bufflehead","count__did_late_egg",0.0495903129732305
"B","reliability_shrunk","posterior_mean","atx_99238953638b","Bufflehead","count__did_active_0_14_day",0.0936460308870688
"B","reliability_shrunk","posterior_mean","atx_7b80ddaff058","Great Blue Heron","reporting__did_early_pre",-0.00853656685352843
"B","reliability_shrunk","posterior_mean","atx_7b80ddaff058","Great Blue Heron","reporting__did_immediate_pre",0.0029903863628135
"B","reliability_shrunk","posterior_mean","atx_7b80ddaff058","Great Blue Heron","reporting__did_spawn_start",0.108751953516296
"B","reliability_shrunk","posterior_mean","atx_7b80ddaff058","Great Blue Heron","reporting__did_early_egg",-0.0098377019111868
"B","reliability_shrunk","posterior_mean","atx_7b80ddaff058","Great Blue Heron","reporting__did_late_egg",0.00314069127581687
"B","reliability_shrunk","posterior_mean","atx_7b80ddaff058","Great Blue Heron","reporting__did_active_0_14_day",0.0212754967872509
"B","reliability_shrunk","posterior_mean","atx_7b80ddaff058","Great Blue Heron","count__did_early_pre",0.00338945738824619
"B","reliability_shrunk","posterior_mean","atx_7b80ddaff058","Great Blue Heron","count__did_immediate_pre",0.0491858108879414
"B","reliability_shrunk","posterior_mean","atx_7b80ddaff058","Great Blue Heron","count__did_spawn_start",0.0388228140352279
"B","reliability_shrunk","posterior_mean","atx_7b80ddaff058","Great Blue Heron","count__did_early_egg",0.0419046846985236
"B","reliability_shrunk","posterior_mean","atx_7b80ddaff058","Great Blue Heron","count__did_late_egg",0.0399334014562534
"B","reliability_shrunk","posterior_mean","atx_7b80ddaff058","Great Blue Heron","count__did_active_0_14_day",0.0408676478469859
"B","reliability_shrunk","posterior_mean","atx_a113baee5693","American Wigeon","reporting__did_early_pre",-0.00981635245302687
"B","reliability_shrunk","posterior_mean","atx_a113baee5693","American Wigeon","reporting__did_immediate_pre",0.0388521120809304
"B","reliability_shrunk","posterior_mean","atx_a113baee5693","American Wigeon","reporting__did_spawn_start",0.122519372989384
"B","reliability_shrunk","posterior_mean","atx_a113baee5693","American Wigeon","reporting__did_early_egg",0.118802606005776
"B","reliability_shrunk","posterior_mean","atx_a113baee5693","American Wigeon","reporting__did_late_egg",0.130982659889433
"B","reliability_shrunk","posterior_mean","atx_a113baee5693","American Wigeon","reporting__did_active_0_14_day",0.121868287224996
"B","reliability_shrunk","posterior_mean","atx_a113baee5693","American Wigeon","count__did_early_pre",0.00203875508010374
"B","reliability_shrunk","posterior_mean","atx_a113baee5693","American Wigeon","count__did_immediate_pre",0.0482099669154119
"B","reliability_shrunk","posterior_mean","atx_a113baee5693","American Wigeon","count__did_spawn_start",0.0661050209690081
"B","reliability_shrunk","posterior_mean","atx_a113baee5693","American Wigeon","count__did_early_egg",0.113940997798356
"B","reliability_shrunk","posterior_mean","atx_a113baee5693","American Wigeon","count__did_late_egg",0.047683143421599
"B","reliability_shrunk","posterior_mean","atx_a113baee5693","American Wigeon","count__did_active_0_14_day",0.101240047285516
"B","reliability_shrunk","posterior_mean","atx_a444854c6b66","Double-crested Cormorant","reporting__did_early_pre",-0.0108851299357424
"B","reliability_shrunk","posterior_mean","atx_a444854c6b66","Double-crested Cormorant","reporting__did_immediate_pre",0.00683973758452515
"B","reliability_shrunk","posterior_mean","atx_a444854c6b66","Double-crested Cormorant","reporting__did_spawn_start",0.026958053064711
"B","reliability_shrunk","posterior_mean","atx_a444854c6b66","Double-crested Cormorant","reporting__did_early_egg",0.0241195685932101
"B","reliability_shrunk","posterior_mean","atx_a444854c6b66","Double-crested Cormorant","reporting__did_late_egg",0.00317182637518462
"B","reliability_shrunk","posterior_mean","atx_a444854c6b66","Double-crested Cormorant","reporting__did_active_0_14_day",0.0240719647803624
"B","reliability_shrunk","posterior_mean","atx_a444854c6b66","Double-crested Cormorant","count__did_early_pre",-0.00288447474420981
"B","reliability_shrunk","posterior_mean","atx_a444854c6b66","Double-crested Cormorant","count__did_immediate_pre",0.0391112729919389
"B","reliability_shrunk","posterior_mean","atx_a444854c6b66","Double-crested Cormorant","count__did_spawn_start",0.134578392547485
"B","reliability_shrunk","posterior_mean","atx_a444854c6b66","Double-crested Cormorant","count__did_early_egg",0.106563467610792
"B","reliability_shrunk","posterior_mean","atx_a444854c6b66","Double-crested Cormorant","count__did_late_egg",0.0693335630976293
"B","reliability_shrunk","posterior_mean","atx_a444854c6b66","Double-crested Cormorant","count__did_active_0_14_day",0.115059742949437
"B","reliability_shrunk","posterior_mean","atx_35518e24dfdd","Common Merganser","reporting__did_early_pre",-0.013582552035661
"B","reliability_shrunk","posterior_mean","atx_35518e24dfdd","Common Merganser","reporting__did_immediate_pre",0.0678460513958399
"B","reliability_shrunk","posterior_mean","atx_35518e24dfdd","Common Merganser","reporting__did_spawn_start",0.205097332853996
"B","reliability_shrunk","posterior_mean","atx_35518e24dfdd","Common Merganser","reporting__did_early_egg",0.140787562210496
"B","reliability_shrunk","posterior_mean","atx_35518e24dfdd","Common Merganser","reporting__did_late_egg",0.0982059230703854
"B","reliability_shrunk","posterior_mean","atx_35518e24dfdd","Common Merganser","reporting__did_active_0_14_day",0.161091254933117
"B","reliability_shrunk","posterior_mean","atx_35518e24dfdd","Common Merganser","count__did_early_pre",-0.00269138332708804
"B","reliability_shrunk","posterior_mean","atx_35518e24dfdd","Common Merganser","count__did_immediate_pre",0.0111970107465902
"B","reliability_shrunk","posterior_mean","atx_35518e24dfdd","Common Merganser","count__did_spawn_start",0.119345211217375
"B","reliability_shrunk","posterior_mean","atx_35518e24dfdd","Common Merganser","count__did_early_egg",0.0938763211087255
"B","reliability_shrunk","posterior_mean","atx_35518e24dfdd","Common Merganser","count__did_late_egg",0.0250779780106678
"B","reliability_shrunk","posterior_mean","atx_35518e24dfdd","Common Merganser","count__did_active_0_14_day",0.101332317315175
"B","reliability_shrunk","posterior_mean","atx_e0e678a61ad7","Short-billed Gull","reporting__did_early_pre",-0.0155910287248327
"B","reliability_shrunk","posterior_mean","atx_e0e678a61ad7","Short-billed Gull","reporting__did_immediate_pre",0.0363992237433311
"B","reliability_shrunk","posterior_mean","atx_e0e678a61ad7","Short-billed Gull","reporting__did_spawn_start",0.192114955232204
"B","reliability_shrunk","posterior_mean","atx_e0e678a61ad7","Short-billed Gull","reporting__did_early_egg",0.167991936272791
"B","reliability_shrunk","posterior_mean","atx_e0e678a61ad7","Short-billed Gull","reporting__did_late_egg",0.0170732003612892
"B","reliability_shrunk","posterior_mean","atx_e0e678a61ad7","Short-billed Gull","reporting__did_active_0_14_day",0.178870914662018
"B","reliability_shrunk","posterior_mean","atx_e0e678a61ad7","Short-billed Gull","count__did_early_pre",0.00769947143139972
"B","reliability_shrunk","posterior_mean","atx_e0e678a61ad7","Short-billed Gull","count__did_immediate_pre",0.0217006594091722
"B","reliability_shrunk","posterior_mean","atx_e0e678a61ad7","Short-billed Gull","count__did_spawn_start",0.239268027270536
"B","reliability_shrunk","posterior_mean","atx_e0e678a61ad7","Short-billed Gull","count__did_early_egg",0.28545963086719
"B","reliability_shrunk","posterior_mean","atx_e0e678a61ad7","Short-billed Gull","count__did_late_egg",0.154489732843421
"B","reliability_shrunk","posterior_mean","atx_e0e678a61ad7","Short-billed Gull","count__did_active_0_14_day",0.276306274095224
"B","reliability_shrunk","posterior_mean","atx_82312e6f2848","Common Goldeneye","reporting__did_early_pre",-0.00715323389241817
"B","reliability_shrunk","posterior_mean","atx_82312e6f2848","Common Goldeneye","reporting__did_immediate_pre",0.0362430537962736
"B","reliability_shrunk","posterior_mean","atx_82312e6f2848","Common Goldeneye","reporting__did_spawn_start",0.0860076597810184
"B","reliability_shrunk","posterior_mean","atx_82312e6f2848","Common Goldeneye","reporting__did_early_egg",0.0331045719675241
"B","reliability_shrunk","posterior_mean","atx_82312e6f2848","Common Goldeneye","reporting__did_late_egg",0.0831679889460849
"B","reliability_shrunk","posterior_mean","atx_82312e6f2848","Common Goldeneye","reporting__did_active_0_14_day",0.0472557291247136
"B","reliability_shrunk","posterior_mean","atx_82312e6f2848","Common Goldeneye","count__did_early_pre",0.00985402721834549
"B","reliability_shrunk","posterior_mean","atx_82312e6f2848","Common Goldeneye","count__did_immediate_pre",0.012387910158367
"B","reliability_shrunk","posterior_mean","atx_82312e6f2848","Common Goldeneye","count__did_spawn_start",0.0944430261300276
"B","reliability_shrunk","posterior_mean","atx_82312e6f2848","Common Goldeneye","count__did_early_egg",0.226985018448299
"B","reliability_shrunk","posterior_mean","atx_82312e6f2848","Common Goldeneye","count__did_late_egg",0.155588538645027
"B","reliability_shrunk","posterior_mean","atx_82312e6f2848","Common Goldeneye","count__did_active_0_14_day",0.192737368607759
"B","reliability_shrunk","posterior_mean","atx_04afbeb21fb0","Hooded Merganser","reporting__did_early_pre",-0.0112624730304967
"B","reliability_shrunk","posterior_mean","atx_04afbeb21fb0","Hooded Merganser","reporting__did_immediate_pre",-0.0304915210536606
"B","reliability_shrunk","posterior_mean","atx_04afbeb21fb0","Hooded Merganser","reporting__did_spawn_start",0.0091270085379325
"B","reliability_shrunk","posterior_mean","atx_04afbeb21fb0","Hooded Merganser","reporting__did_early_egg",-0.0270035921178814
"B","reliability_shrunk","posterior_mean","atx_04afbeb21fb0","Hooded Merganser","reporting__did_late_egg",-0.0271036956348812
"B","reliability_shrunk","posterior_mean","atx_04afbeb21fb0","Hooded Merganser","reporting__did_active_0_14_day",-0.0202057802082469
"B","reliability_shrunk","posterior_mean","atx_04afbeb21fb0","Hooded Merganser","count__did_early_pre",-0.0103415445376623
"B","reliability_shrunk","posterior_mean","atx_04afbeb21fb0","Hooded Merganser","count__did_immediate_pre",0.0160012976374655
"B","reliability_shrunk","posterior_mean","atx_04afbeb21fb0","Hooded Merganser","count__did_spawn_start",-0.00500221881293279
"B","reliability_shrunk","posterior_mean","atx_04afbeb21fb0","Hooded Merganser","count__did_early_egg",0.0209347869653997
"B","reliability_shrunk","posterior_mean","atx_04afbeb21fb0","Hooded Merganser","count__did_late_egg",0.0115544484998215
"B","reliability_shrunk","posterior_mean","atx_04afbeb21fb0","Hooded Merganser","count__did_active_0_14_day",0.0127210387526609
"B","reliability_shrunk","posterior_mean","atx_35707a9578d5","Pelagic Cormorant","reporting__did_early_pre",-0.011596371047416
"B","reliability_shrunk","posterior_mean","atx_35707a9578d5","Pelagic Cormorant","reporting__did_immediate_pre",0.0137353707481449
"B","reliability_shrunk","posterior_mean","atx_35707a9578d5","Pelagic Cormorant","reporting__did_spawn_start",0.00726174366146586
"B","reliability_shrunk","posterior_mean","atx_35707a9578d5","Pelagic Cormorant","reporting__did_early_egg",0.045584437220301
"B","reliability_shrunk","posterior_mean","atx_35707a9578d5","Pelagic Cormorant","reporting__did_late_egg",0.0111182114435404
"B","reliability_shrunk","posterior_mean","atx_35707a9578d5","Pelagic Cormorant","reporting__did_active_0_14_day",0.0347016795841982
"B","reliability_shrunk","posterior_mean","atx_35707a9578d5","Pelagic Cormorant","count__did_early_pre",0.00450154320266146
"B","reliability_shrunk","posterior_mean","atx_35707a9578d5","Pelagic Cormorant","count__did_immediate_pre",0.0102022301409394
"B","reliability_shrunk","posterior_mean","atx_35707a9578d5","Pelagic Cormorant","count__did_spawn_start",0.0317007823792068
"B","reliability_shrunk","posterior_mean","atx_35707a9578d5","Pelagic Cormorant","count__did_early_egg",0.0442526735357449
"B","reliability_shrunk","posterior_mean","atx_35707a9578d5","Pelagic Cormorant","count__did_late_egg",0.0535713881925613
"B","reliability_shrunk","posterior_mean","atx_35707a9578d5","Pelagic Cormorant","count__did_active_0_14_day",0.0402718535509862
"B","reliability_shrunk","posterior_mean","atx_1930f23cc4f8","Surf Scoter","reporting__did_early_pre",-0.0107363948197521
"B","reliability_shrunk","posterior_mean","atx_1930f23cc4f8","Surf Scoter","reporting__did_immediate_pre",0.000548836475378147
"B","reliability_shrunk","posterior_mean","atx_1930f23cc4f8","Surf Scoter","reporting__did_spawn_start",0.0272856879989451
"B","reliability_shrunk","posterior_mean","atx_1930f23cc4f8","Surf Scoter","reporting__did_early_egg",-0.0101364292692001
"B","reliability_shrunk","posterior_mean","atx_1930f23cc4f8","Surf Scoter","reporting__did_late_egg",0.0305193174608624
"B","reliability_shrunk","posterior_mean","atx_1930f23cc4f8","Surf Scoter","reporting__did_active_0_14_day",-0.00207503911864596
"B","reliability_shrunk","posterior_mean","atx_1930f23cc4f8","Surf Scoter","count__did_early_pre",-0.00711340846632869
"B","reliability_shrunk","posterior_mean","atx_1930f23cc4f8","Surf Scoter","count__did_immediate_pre",0.00471844117480692
"B","reliability_shrunk","posterior_mean","atx_1930f23cc4f8","Surf Scoter","count__did_spawn_start",0.0541407020075411
"B","reliability_shrunk","posterior_mean","atx_1930f23cc4f8","Surf Scoter","count__did_early_egg",0.238941778690548
"B","reliability_shrunk","posterior_mean","atx_1930f23cc4f8","Surf Scoter","count__did_late_egg",0.0924936235476802
"B","reliability_shrunk","posterior_mean","atx_1930f23cc4f8","Surf Scoter","count__did_active_0_14_day",0.191564676345692
"B","reliability_shrunk","posterior_mean","atx_9ae1aa9b7fdf","Common Loon","reporting__did_early_pre",-0.0130413869656918
"B","reliability_shrunk","posterior_mean","atx_9ae1aa9b7fdf","Common Loon","reporting__did_immediate_pre",-0.00104005725819732
"B","reliability_shrunk","posterior_mean","atx_9ae1aa9b7fdf","Common Loon","reporting__did_spawn_start",-0.116382481121834
"B","reliability_shrunk","posterior_mean","atx_9ae1aa9b7fdf","Common Loon","reporting__did_early_egg",-0.0644374207261527
"B","reliability_shrunk","posterior_mean","atx_9ae1aa9b7fdf","Common Loon","reporting__did_late_egg",0.050982923968469
"B","reliability_shrunk","posterior_mean","atx_9ae1aa9b7fdf","Common Loon","reporting__did_active_0_14_day",-0.0838659898288377
"B","reliability_shrunk","posterior_mean","atx_9ae1aa9b7fdf","Common Loon","count__did_early_pre",-0.00811069025718344
"B","reliability_shrunk","posterior_mean","atx_9ae1aa9b7fdf","Common Loon","count__did_immediate_pre",-0.0134356991601466
"B","reliability_shrunk","posterior_mean","atx_9ae1aa9b7fdf","Common Loon","count__did_spawn_start",0.0331933679602054
"B","reliability_shrunk","posterior_mean","atx_9ae1aa9b7fdf","Common Loon","count__did_early_egg",0.0112433551114437
"B","reliability_shrunk","posterior_mean","atx_9ae1aa9b7fdf","Common Loon","count__did_late_egg",-0.0241445285885442
"B","reliability_shrunk","posterior_mean","atx_9ae1aa9b7fdf","Common Loon","count__did_active_0_14_day",0.016641050319821
"B","reliability_shrunk","posterior_mean","atx_7d980a7c8c37","Northern Pintail","reporting__did_early_pre",-0.00903272263303817
"B","reliability_shrunk","posterior_mean","atx_7d980a7c8c37","Northern Pintail","reporting__did_immediate_pre",0.0418753295075309
"B","reliability_shrunk","posterior_mean","atx_7d980a7c8c37","Northern Pintail","reporting__did_spawn_start",0.201121041994229
"B","reliability_shrunk","posterior_mean","atx_7d980a7c8c37","Northern Pintail","reporting__did_early_egg",0.208508525812693
"B","reliability_shrunk","posterior_mean","atx_7d980a7c8c37","Northern Pintail","reporting__did_late_egg",0.186290063842184
"B","reliability_shrunk","posterior_mean","atx_7d980a7c8c37","Northern Pintail","reporting__did_active_0_14_day",0.215104505456521
"B","reliability_shrunk","posterior_mean","atx_7d980a7c8c37","Northern Pintail","count__did_early_pre",-0.00053300764503427
"B","reliability_shrunk","posterior_mean","atx_7d980a7c8c37","Northern Pintail","count__did_immediate_pre",0.0143159161329223
"B","reliability_shrunk","posterior_mean","atx_7d980a7c8c37","Northern Pintail","count__did_spawn_start",0.0699138114382581
"B","reliability_shrunk","posterior_mean","atx_7d980a7c8c37","Northern Pintail","count__did_early_egg",0.0816310479195856
"B","reliability_shrunk","posterior_mean","atx_7d980a7c8c37","Northern Pintail","count__did_late_egg",0.0101380187468417
"B","reliability_shrunk","posterior_mean","atx_7d980a7c8c37","Northern Pintail","count__did_active_0_14_day",0.0785113675986735
"B","reliability_shrunk","posterior_mean","atx_v2_000002","Black Oystercatcher","reporting__did_early_pre",-0.0109157004351037
"B","reliability_shrunk","posterior_mean","atx_v2_000002","Black Oystercatcher","reporting__did_immediate_pre",0.00294653486624265
"B","reliability_shrunk","posterior_mean","atx_v2_000002","Black Oystercatcher","reporting__did_spawn_start",-0.0477677394806707
"B","reliability_shrunk","posterior_mean","atx_v2_000002","Black Oystercatcher","reporting__did_early_egg",-0.0291832656371282
"B","reliability_shrunk","posterior_mean","atx_v2_000002","Black Oystercatcher","reporting__did_late_egg",0.047429966063205
"B","reliability_shrunk","posterior_mean","atx_v2_000002","Black Oystercatcher","reporting__did_active_0_14_day",-0.0381668153380571
"B","reliability_shrunk","posterior_mean","atx_v2_000002","Black Oystercatcher","count__did_early_pre",0.00324079117658066
"B","reliability_shrunk","posterior_mean","atx_v2_000002","Black Oystercatcher","count__did_immediate_pre",0.030774937439122
"B","reliability_shrunk","posterior_mean","atx_v2_000002","Black Oystercatcher","count__did_spawn_start",0.00549619916634858
"B","reliability_shrunk","posterior_mean","atx_v2_000002","Black Oystercatcher","count__did_early_egg",0.0350378418553841
"B","reliability_shrunk","posterior_mean","atx_v2_000002","Black Oystercatcher","count__did_late_egg",0.0294190075229176
"B","reliability_shrunk","posterior_mean","atx_v2_000002","Black Oystercatcher","count__did_active_0_14_day",0.0262275477560584
"B","reliability_shrunk","posterior_mean","atx_c2d1fbbaf6d3","Red-breasted Merganser","reporting__did_early_pre",-0.00949031715380625
"B","reliability_shrunk","posterior_mean","atx_c2d1fbbaf6d3","Red-breasted Merganser","reporting__did_immediate_pre",-0.0137994563506584
"B","reliability_shrunk","posterior_mean","atx_c2d1fbbaf6d3","Red-breasted Merganser","reporting__did_spawn_start",0.0237740441232989
"B","reliability_shrunk","posterior_mean","atx_c2d1fbbaf6d3","Red-breasted Merganser","reporting__did_early_egg",-0.0216778386278949
"B","reliability_shrunk","posterior_mean","atx_c2d1fbbaf6d3","Red-breasted Merganser","reporting__did_late_egg",0.0503193324924854
"B","reliability_shrunk","posterior_mean","atx_c2d1fbbaf6d3","Red-breasted Merganser","reporting__did_active_0_14_day",-0.0119754300639921
"B","reliability_shrunk","posterior_mean","atx_c2d1fbbaf6d3","Red-breasted Merganser","count__did_early_pre",-0.0086019134434094
"B","reliability_shrunk","posterior_mean","atx_c2d1fbbaf6d3","Red-breasted Merganser","count__did_immediate_pre",0.0126842687207373
"B","reliability_shrunk","posterior_mean","atx_c2d1fbbaf6d3","Red-breasted Merganser","count__did_spawn_start",0.124681236578105
"B","reliability_shrunk","posterior_mean","atx_c2d1fbbaf6d3","Red-breasted Merganser","count__did_early_egg",0.0836801664849528
"B","reliability_shrunk","posterior_mean","atx_c2d1fbbaf6d3","Red-breasted Merganser","count__did_late_egg",0.036528880354002
"B","reliability_shrunk","posterior_mean","atx_c2d1fbbaf6d3","Red-breasted Merganser","count__did_active_0_14_day",0.0961015529746688
"B","reliability_shrunk","posterior_mean","atx_6b4cfd1ab927","Horned Grebe","reporting__did_early_pre",-0.00907609903133906
"B","reliability_shrunk","posterior_mean","atx_6b4cfd1ab927","Horned Grebe","reporting__did_immediate_pre",0.052468129375117
"B","reliability_shrunk","posterior_mean","atx_6b4cfd1ab927","Horned Grebe","reporting__did_spawn_start",-0.0358293907255543
"B","reliability_shrunk","posterior_mean","atx_6b4cfd1ab927","Horned Grebe","reporting__did_early_egg",0.0132667296086131
"B","reliability_shrunk","posterior_mean","atx_6b4cfd1ab927","Horned Grebe","reporting__did_late_egg",0.0402597180501448
"B","reliability_shrunk","posterior_mean","atx_6b4cfd1ab927","Horned Grebe","reporting__did_active_0_14_day",-0.00177479001354585
"B","reliability_shrunk","posterior_mean","atx_6b4cfd1ab927","Horned Grebe","count__did_early_pre",-0.0109101320823206
"B","reliability_shrunk","posterior_mean","atx_6b4cfd1ab927","Horned Grebe","count__did_immediate_pre",-0.00971296178751468
"B","reliability_shrunk","posterior_mean","atx_6b4cfd1ab927","Horned Grebe","count__did_spawn_start",-0.0413411131420691
"B","reliability_shrunk","posterior_mean","atx_6b4cfd1ab927","Horned Grebe","count__did_early_egg",-0.00367275440431114
"B","reliability_shrunk","posterior_mean","atx_6b4cfd1ab927","Horned Grebe","count__did_late_egg",-0.0420214964961876
"B","reliability_shrunk","posterior_mean","atx_6b4cfd1ab927","Horned Grebe","count__did_active_0_14_day",-0.0151703681763588
"B","reliability_shrunk","posterior_mean","atx_87b306550dba","Harlequin Duck","reporting__did_early_pre",-0.0109833508569734
"B","reliability_shrunk","posterior_mean","atx_87b306550dba","Harlequin Duck","reporting__did_immediate_pre",-0.0250043645586088
"B","reliability_shrunk","posterior_mean","atx_87b306550dba","Harlequin Duck","reporting__did_spawn_start",0.0790781383453164
"B","reliability_shrunk","posterior_mean","atx_87b306550dba","Harlequin Duck","reporting__did_early_egg",0.0763571303718039
"B","reliability_shrunk","posterior_mean","atx_87b306550dba","Harlequin Duck","reporting__did_late_egg",0.110528638222147
"B","reliability_shrunk","posterior_mean","atx_87b306550dba","Harlequin Duck","reporting__did_active_0_14_day",0.0790005955887282
"B","reliability_shrunk","posterior_mean","atx_87b306550dba","Harlequin Duck","count__did_early_pre",-0.0050913486954315
"B","reliability_shrunk","posterior_mean","atx_87b306550dba","Harlequin Duck","count__did_immediate_pre",0.0334761500054006
"B","reliability_shrunk","posterior_mean","atx_87b306550dba","Harlequin Duck","count__did_spawn_start",0.124722501032604
"B","reliability_shrunk","posterior_mean","atx_87b306550dba","Harlequin Duck","count__did_early_egg",0.209546974170958
"B","reliability_shrunk","posterior_mean","atx_87b306550dba","Harlequin Duck","count__did_late_egg",0.081368672551078
"B","reliability_shrunk","posterior_mean","atx_87b306550dba","Harlequin Duck","count__did_active_0_14_day",0.188260057509285
"B","reliability_shrunk","posterior_mean","atx_d7dd9536145c","Barrow's Goldeneye","reporting__did_early_pre",-0.00907414541823708
"B","reliability_shrunk","posterior_mean","atx_d7dd9536145c","Barrow's Goldeneye","reporting__did_immediate_pre",-0.026779110370121
"B","reliability_shrunk","posterior_mean","atx_d7dd9536145c","Barrow's Goldeneye","reporting__did_spawn_start",-0.0117570592475501
"B","reliability_shrunk","posterior_mean","atx_d7dd9536145c","Barrow's Goldeneye","reporting__did_early_egg",0.0529255008928415
"B","reliability_shrunk","posterior_mean","atx_d7dd9536145c","Barrow's Goldeneye","reporting__did_late_egg",0.0490106604665744
"B","reliability_shrunk","posterior_mean","atx_d7dd9536145c","Barrow's Goldeneye","reporting__did_active_0_14_day",0.0350375298844474
"B","reliability_shrunk","posterior_mean","atx_d7dd9536145c","Barrow's Goldeneye","count__did_early_pre",-0.00141042518887621
"B","reliability_shrunk","posterior_mean","atx_d7dd9536145c","Barrow's Goldeneye","count__did_immediate_pre",0.0178944411615611
"B","reliability_shrunk","posterior_mean","atx_d7dd9536145c","Barrow's Goldeneye","count__did_spawn_start",0.0480879492389979
"B","reliability_shrunk","posterior_mean","atx_d7dd9536145c","Barrow's Goldeneye","count__did_early_egg",0.111053021445673
"B","reliability_shrunk","posterior_mean","atx_d7dd9536145c","Barrow's Goldeneye","count__did_late_egg",0.0957830218999217
"B","reliability_shrunk","posterior_mean","atx_d7dd9536145c","Barrow's Goldeneye","count__did_active_0_14_day",0.0936146651076418
"B","reliability_shrunk","posterior_mean","atx_d002764a39e8","Lesser Scaup","reporting__did_early_pre",-0.0107741691414603
"B","reliability_shrunk","posterior_mean","atx_d002764a39e8","Lesser Scaup","reporting__did_immediate_pre",0.00670788063231381
"B","reliability_shrunk","posterior_mean","atx_d002764a39e8","Lesser Scaup","reporting__did_spawn_start",0.111972372497468
"B","reliability_shrunk","posterior_mean","atx_d002764a39e8","Lesser Scaup","reporting__did_early_egg",0.17111512975679
"B","reliability_shrunk","posterior_mean","atx_d002764a39e8","Lesser Scaup","reporting__did_late_egg",0.117263838765263
"B","reliability_shrunk","posterior_mean","atx_d002764a39e8","Lesser Scaup","reporting__did_active_0_14_day",0.16496072707054
"B","reliability_shrunk","posterior_mean","atx_d002764a39e8","Lesser Scaup","count__did_early_pre",0.00124021838033507
"B","reliability_shrunk","posterior_mean","atx_d002764a39e8","Lesser Scaup","count__did_immediate_pre",0.0177207346281366
"B","reliability_shrunk","posterior_mean","atx_d002764a39e8","Lesser Scaup","count__did_spawn_start",0.00138824627599368
"B","reliability_shrunk","posterior_mean","atx_d002764a39e8","Lesser Scaup","count__did_early_egg",0.150376647859123
"B","reliability_shrunk","posterior_mean","atx_d002764a39e8","Lesser Scaup","count__did_late_egg",0.0758146918362374
"B","reliability_shrunk","posterior_mean","atx_d002764a39e8","Lesser Scaup","count__did_active_0_14_day",0.103275201185014
"B","reliability_shrunk","posterior_mean","atx_86eda7ed9025","Red-necked Grebe","reporting__did_early_pre",-0.010472912099262
"B","reliability_shrunk","posterior_mean","atx_86eda7ed9025","Red-necked Grebe","reporting__did_immediate_pre",0.0507278644626488
"B","reliability_shrunk","posterior_mean","atx_86eda7ed9025","Red-necked Grebe","reporting__did_spawn_start",0.0780493443091915
"B","reliability_shrunk","posterior_mean","atx_86eda7ed9025","Red-necked Grebe","reporting__did_early_egg",0.106226020616338
"B","reliability_shrunk","posterior_mean","atx_86eda7ed9025","Red-necked Grebe","reporting__did_late_egg",0.186395302540858
"B","reliability_shrunk","posterior_mean","atx_86eda7ed9025","Red-necked Grebe","reporting__did_active_0_14_day",0.101306202753189
"B","reliability_shrunk","posterior_mean","atx_86eda7ed9025","Red-necked Grebe","count__did_early_pre",0.00321663479426739
"B","reliability_shrunk","posterior_mean","atx_86eda7ed9025","Red-necked Grebe","count__did_immediate_pre",0.00254157526203305
"B","reliability_shrunk","posterior_mean","atx_86eda7ed9025","Red-necked Grebe","count__did_spawn_start",0.0195688994793085
"B","reliability_shrunk","posterior_mean","atx_86eda7ed9025","Red-necked Grebe","count__did_early_egg",0.0282232354989898
"B","reliability_shrunk","posterior_mean","atx_86eda7ed9025","Red-necked Grebe","count__did_late_egg",0.0175257411853561
"B","reliability_shrunk","posterior_mean","atx_86eda7ed9025","Red-necked Grebe","count__did_active_0_14_day",0.0245758706573395
"B","reliability_shrunk","posterior_mean","atx_c12b832d2b03","California Gull","reporting__did_early_pre",-0.0119737823624073
"B","reliability_shrunk","posterior_mean","atx_c12b832d2b03","California Gull","reporting__did_immediate_pre",-0.0304186281127045
"B","reliability_shrunk","posterior_mean","atx_c12b832d2b03","California Gull","reporting__did_spawn_start",0.282747236391266
"B","reliability_shrunk","posterior_mean","atx_c12b832d2b03","California Gull","reporting__did_early_egg",0.121996020308665
"B","reliability_shrunk","posterior_mean","atx_c12b832d2b03","California Gull","reporting__did_late_egg",0.0424523628912425
"B","reliability_shrunk","posterior_mean","atx_c12b832d2b03","California Gull","reporting__did_active_0_14_day",0.169409007057055
"B","reliability_shrunk","posterior_mean","atx_c12b832d2b03","California Gull","count__did_early_pre",0.00112605389113198
"B","reliability_shrunk","posterior_mean","atx_c12b832d2b03","California Gull","count__did_immediate_pre",0.0310355466710325
"B","reliability_shrunk","posterior_mean","atx_c12b832d2b03","California Gull","count__did_spawn_start",0.133082261135891
"B","reliability_shrunk","posterior_mean","atx_c12b832d2b03","California Gull","count__did_early_egg",0.17533709788222
"B","reliability_shrunk","posterior_mean","atx_c12b832d2b03","California Gull","count__did_late_egg",0.0963954771395971
"B","reliability_shrunk","posterior_mean","atx_c12b832d2b03","California Gull","count__did_active_0_14_day",0.163751264117641
"B","reliability_shrunk","posterior_mean","atx_8608f2ed61cf","Pigeon Guillemot","reporting__did_early_pre",-0.0119767397827908
"B","reliability_shrunk","posterior_mean","atx_8608f2ed61cf","Pigeon Guillemot","reporting__did_immediate_pre",-0.00272755187878031
"B","reliability_shrunk","posterior_mean","atx_8608f2ed61cf","Pigeon Guillemot","reporting__did_spawn_start",-0.056864503003487
"B","reliability_shrunk","posterior_mean","atx_8608f2ed61cf","Pigeon Guillemot","reporting__did_early_egg",-0.0407900553119248
"B","reliability_shrunk","posterior_mean","atx_8608f2ed61cf","Pigeon Guillemot","reporting__did_late_egg",0.0367921511039807
"B","reliability_shrunk","posterior_mean","atx_8608f2ed61cf","Pigeon Guillemot","reporting__did_active_0_14_day",-0.051897386915766
"B","reliability_shrunk","posterior_mean","atx_8608f2ed61cf","Pigeon Guillemot","count__did_early_pre",-0.00354303807683884
"B","reliability_shrunk","posterior_mean","atx_8608f2ed61cf","Pigeon Guillemot","count__did_immediate_pre",0.0128733972847111
"B","reliability_shrunk","posterior_mean","atx_8608f2ed61cf","Pigeon Guillemot","count__did_spawn_start",-0.00636779724468207
"B","reliability_shrunk","posterior_mean","atx_8608f2ed61cf","Pigeon Guillemot","count__did_early_egg",0.0212017081404076
"B","reliability_shrunk","posterior_mean","atx_8608f2ed61cf","Pigeon Guillemot","count__did_late_egg",0.0258463738169274
"B","reliability_shrunk","posterior_mean","atx_8608f2ed61cf","Pigeon Guillemot","count__did_active_0_14_day",0.0111054786157866
"B","reliability_shrunk","posterior_mean","atx_c34f23342a55","Pacific Loon","reporting__did_early_pre",-0.0113219210519103
"B","reliability_shrunk","posterior_mean","atx_c34f23342a55","Pacific Loon","reporting__did_immediate_pre",0.00856347100660288
"B","reliability_shrunk","posterior_mean","atx_c34f23342a55","Pacific Loon","reporting__did_spawn_start",-0.0509454956943413
"B","reliability_shrunk","posterior_mean","atx_c34f23342a55","Pacific Loon","reporting__did_early_egg",-0.0502775740432519
"B","reliability_shrunk","posterior_mean","atx_c34f23342a55","Pacific Loon","reporting__did_late_egg",0.0241381293383571
"B","reliability_shrunk","posterior_mean","atx_c34f23342a55","Pacific Loon","reporting__did_active_0_14_day",-0.0569022434313414
"B","reliability_shrunk","posterior_mean","atx_c34f23342a55","Pacific Loon","count__did_early_pre",-0.00374900817600506
"B","reliability_shrunk","posterior_mean","atx_c34f23342a55","Pacific Loon","count__did_immediate_pre",0.0121670163998052
"B","reliability_shrunk","posterior_mean","atx_c34f23342a55","Pacific Loon","count__did_spawn_start",0.108762479564668
"B","reliability_shrunk","posterior_mean","atx_c34f23342a55","Pacific Loon","count__did_early_egg",0.0829675914837806
"B","reliability_shrunk","posterior_mean","atx_c34f23342a55","Pacific Loon","count__did_late_egg",0.055059985666095
"B","reliability_shrunk","posterior_mean","atx_c34f23342a55","Pacific Loon","count__did_active_0_14_day",0.0921247663454373
"B","reliability_shrunk","posterior_mean","atx_v2_000003","Dunlin","reporting__did_early_pre",-0.0101205429311707
"B","reliability_shrunk","posterior_mean","atx_v2_000003","Dunlin","reporting__did_immediate_pre",-0.0149046161926582
"B","reliability_shrunk","posterior_mean","atx_v2_000003","Dunlin","reporting__did_spawn_start",-0.0684544975954967
"B","reliability_shrunk","posterior_mean","atx_v2_000003","Dunlin","reporting__did_early_egg",-0.0195801792333772
"B","reliability_shrunk","posterior_mean","atx_v2_000003","Dunlin","reporting__did_late_egg",-0.0435216267378175
"B","reliability_shrunk","posterior_mean","atx_v2_000003","Dunlin","reporting__did_active_0_14_day",-0.0386174330315956
"B","reliability_shrunk","posterior_mean","atx_v2_000003","Dunlin","count__did_early_pre",-0.00259216248874131
"B","reliability_shrunk","posterior_mean","atx_v2_000003","Dunlin","count__did_immediate_pre",0.0145831773146031
"B","reliability_shrunk","posterior_mean","atx_v2_000003","Dunlin","count__did_spawn_start",0.0156920828342596
"B","reliability_shrunk","posterior_mean","atx_v2_000003","Dunlin","count__did_early_egg",0.0341261976234757
"B","reliability_shrunk","posterior_mean","atx_v2_000003","Dunlin","count__did_late_egg",0.0242123775368315
"B","reliability_shrunk","posterior_mean","atx_v2_000003","Dunlin","count__did_active_0_14_day",0.0243593651786558
"B","reliability_shrunk","posterior_mean","atx_3083477933a8","White-winged Scoter","reporting__did_early_pre",-0.0139438707733768
"B","reliability_shrunk","posterior_mean","atx_3083477933a8","White-winged Scoter","reporting__did_immediate_pre",-0.0541325929693584
"B","reliability_shrunk","posterior_mean","atx_3083477933a8","White-winged Scoter","reporting__did_spawn_start",-0.0575264461500872
"B","reliability_shrunk","posterior_mean","atx_3083477933a8","White-winged Scoter","reporting__did_early_egg",-0.0546097962941939
"B","reliability_shrunk","posterior_mean","atx_3083477933a8","White-winged Scoter","reporting__did_late_egg",-0.0403011401461169
"B","reliability_shrunk","posterior_mean","atx_3083477933a8","White-winged Scoter","reporting__did_active_0_14_day",-0.0615708736782542
"B","reliability_shrunk","posterior_mean","atx_3083477933a8","White-winged Scoter","count__did_early_pre",0.00538139954905327
"B","reliability_shrunk","posterior_mean","atx_3083477933a8","White-winged Scoter","count__did_immediate_pre",0.0299156970058925
"B","reliability_shrunk","posterior_mean","atx_3083477933a8","White-winged Scoter","count__did_spawn_start",0.0901789724012445
"B","reliability_shrunk","posterior_mean","atx_3083477933a8","White-winged Scoter","count__did_early_egg",0.231823438598157
"B","reliability_shrunk","posterior_mean","atx_3083477933a8","White-winged Scoter","count__did_late_egg",0.0297938088867292
"B","reliability_shrunk","posterior_mean","atx_3083477933a8","White-winged Scoter","count__did_active_0_14_day",0.197253823375355
"B","reliability_shrunk","posterior_mean","atx_aa5353f6d6d2","Iceland Gull","reporting__did_early_pre",-0.00808988023750702
"B","reliability_shrunk","posterior_mean","atx_aa5353f6d6d2","Iceland Gull","reporting__did_immediate_pre",0.0552952001590345
"B","reliability_shrunk","posterior_mean","atx_aa5353f6d6d2","Iceland Gull","reporting__did_spawn_start",0.355844023188395
"B","reliability_shrunk","posterior_mean","atx_aa5353f6d6d2","Iceland Gull","reporting__did_early_egg",0.259532469805707
"B","reliability_shrunk","posterior_mean","atx_aa5353f6d6d2","Iceland Gull","reporting__did_late_egg",0.176799684965501
"B","reliability_shrunk","posterior_mean","atx_aa5353f6d6d2","Iceland Gull","reporting__did_active_0_14_day",0.297313397160406
"B","reliability_shrunk","posterior_mean","atx_aa5353f6d6d2","Iceland Gull","count__did_early_pre",0.00589168533880895
"B","reliability_shrunk","posterior_mean","atx_aa5353f6d6d2","Iceland Gull","count__did_immediate_pre",0.0486380964958127
"B","reliability_shrunk","posterior_mean","atx_aa5353f6d6d2","Iceland Gull","count__did_spawn_start",0.167764954614447
"B","reliability_shrunk","posterior_mean","atx_aa5353f6d6d2","Iceland Gull","count__did_early_egg",0.247101740238848
"B","reliability_shrunk","posterior_mean","atx_aa5353f6d6d2","Iceland Gull","count__did_late_egg",0.0598068034670042
"B","reliability_shrunk","posterior_mean","atx_aa5353f6d6d2","Iceland Gull","count__did_active_0_14_day",0.229648878244415
"B","reliability_shrunk","posterior_mean","atx_08bb40b40c0a","Ring-billed Gull","reporting__did_early_pre",-0.0128939486393279
"B","reliability_shrunk","posterior_mean","atx_08bb40b40c0a","Ring-billed Gull","reporting__did_immediate_pre",-0.0409576454861029
"B","reliability_shrunk","posterior_mean","atx_08bb40b40c0a","Ring-billed Gull","reporting__did_spawn_start",-0.120563674437242
"B","reliability_shrunk","posterior_mean","atx_08bb40b40c0a","Ring-billed Gull","reporting__did_early_egg",-0.139320797534423
"B","reliability_shrunk","posterior_mean","atx_08bb40b40c0a","Ring-billed Gull","reporting__did_late_egg",-0.227919046298967
"B","reliability_shrunk","posterior_mean","atx_08bb40b40c0a","Ring-billed Gull","reporting__did_active_0_14_day",-0.149884136850134
"B","reliability_shrunk","posterior_mean","atx_08bb40b40c0a","Ring-billed Gull","count__did_early_pre",-0.00691276400893173
"B","reliability_shrunk","posterior_mean","atx_08bb40b40c0a","Ring-billed Gull","count__did_immediate_pre",-0.00514893086044616
"B","reliability_shrunk","posterior_mean","atx_08bb40b40c0a","Ring-billed Gull","count__did_spawn_start",-0.0229377272443433
"B","reliability_shrunk","posterior_mean","atx_08bb40b40c0a","Ring-billed Gull","count__did_early_egg",-0.086894862015668
"B","reliability_shrunk","posterior_mean","atx_08bb40b40c0a","Ring-billed Gull","count__did_late_egg",-0.00210383200397977
"B","reliability_shrunk","posterior_mean","atx_08bb40b40c0a","Ring-billed Gull","count__did_active_0_14_day",-0.0753593792655763
"B","reliability_shrunk","posterior_mean","atx_4ae57d328ec6","Greater Scaup","reporting__did_early_pre",-0.00943452238149959
"B","reliability_shrunk","posterior_mean","atx_4ae57d328ec6","Greater Scaup","reporting__did_immediate_pre",-0.00143261700180591
"B","reliability_shrunk","posterior_mean","atx_4ae57d328ec6","Greater Scaup","reporting__did_spawn_start",0.115682680440713
"B","reliability_shrunk","posterior_mean","atx_4ae57d328ec6","Greater Scaup","reporting__did_early_egg",0.10719436911174
"B","reliability_shrunk","posterior_mean","atx_4ae57d328ec6","Greater Scaup","reporting__did_late_egg",0.086462395223251
"B","reliability_shrunk","posterior_mean","atx_4ae57d328ec6","Greater Scaup","reporting__did_active_0_14_day",0.1126149190036
"B","reliability_shrunk","posterior_mean","atx_4ae57d328ec6","Greater Scaup","count__did_early_pre",9.66775338561037e-05
"B","reliability_shrunk","posterior_mean","atx_4ae57d328ec6","Greater Scaup","count__did_immediate_pre",0.015465467949832
"B","reliability_shrunk","posterior_mean","atx_4ae57d328ec6","Greater Scaup","count__did_spawn_start",0.0329302888289427
"B","reliability_shrunk","posterior_mean","atx_4ae57d328ec6","Greater Scaup","count__did_early_egg",0.159886308576777
"B","reliability_shrunk","posterior_mean","atx_4ae57d328ec6","Greater Scaup","count__did_late_egg",0.146775731068365
"B","reliability_shrunk","posterior_mean","atx_4ae57d328ec6","Greater Scaup","count__did_active_0_14_day",0.125258473613389
"B","reliability_shrunk","posterior_mean","atx_15dd5efcd8d6","Black Turnstone","reporting__did_early_pre",-0.00855468903264797
"B","reliability_shrunk","posterior_mean","atx_15dd5efcd8d6","Black Turnstone","reporting__did_immediate_pre",0.025099665128601
"B","reliability_shrunk","posterior_mean","atx_15dd5efcd8d6","Black Turnstone","reporting__did_spawn_start",0.0235197952206031
"B","reliability_shrunk","posterior_mean","atx_15dd5efcd8d6","Black Turnstone","reporting__did_early_egg",0.0459205528658861
"B","reliability_shrunk","posterior_mean","atx_15dd5efcd8d6","Black Turnstone","reporting__did_late_egg",-0.0304992896923138
"B","reliability_shrunk","posterior_mean","atx_15dd5efcd8d6","Black Turnstone","reporting__did_active_0_14_day",0.0399905008656825
"B","reliability_shrunk","posterior_mean","atx_15dd5efcd8d6","Black Turnstone","count__did_early_pre",-0.000948489814422437
"B","reliability_shrunk","posterior_mean","atx_15dd5efcd8d6","Black Turnstone","count__did_immediate_pre",0.0215726672074886
"B","reliability_shrunk","posterior_mean","atx_15dd5efcd8d6","Black Turnstone","count__did_spawn_start",0.063951199838721
"B","reliability_shrunk","posterior_mean","atx_15dd5efcd8d6","Black Turnstone","count__did_early_egg",0.119361838090611
"B","reliability_shrunk","posterior_mean","atx_15dd5efcd8d6","Black Turnstone","count__did_late_egg",0.0259264816383354
"B","reliability_shrunk","posterior_mean","atx_15dd5efcd8d6","Black Turnstone","count__did_active_0_14_day",0.106725228848924
"B","reliability_shrunk","posterior_mean","atx_fadb8da1a816","Bonaparte's Gull","reporting__did_early_pre",-0.0106845742237406
"B","reliability_shrunk","posterior_mean","atx_fadb8da1a816","Bonaparte's Gull","reporting__did_immediate_pre",0.00650082145536983
"B","reliability_shrunk","posterior_mean","atx_fadb8da1a816","Bonaparte's Gull","reporting__did_spawn_start",0.0999871078907413
"B","reliability_shrunk","posterior_mean","atx_fadb8da1a816","Bonaparte's Gull","reporting__did_early_egg",0.142743410624904
"B","reliability_shrunk","posterior_mean","atx_fadb8da1a816","Bonaparte's Gull","reporting__did_late_egg",0.0993526929629622
"B","reliability_shrunk","posterior_mean","atx_fadb8da1a816","Bonaparte's Gull","reporting__did_active_0_14_day",0.135514236858031
"B","reliability_shrunk","posterior_mean","atx_fadb8da1a816","Bonaparte's Gull","count__did_early_pre",-0.000448853972991174
"B","reliability_shrunk","posterior_mean","atx_fadb8da1a816","Bonaparte's Gull","count__did_immediate_pre",0.0213672091841771
"B","reliability_shrunk","posterior_mean","atx_fadb8da1a816","Bonaparte's Gull","count__did_spawn_start",0.0989080507825184
"B","reliability_shrunk","posterior_mean","atx_fadb8da1a816","Bonaparte's Gull","count__did_early_egg",0.115540474819976
"B","reliability_shrunk","posterior_mean","atx_fadb8da1a816","Bonaparte's Gull","count__did_late_egg",0.0539298584055114
"B","reliability_shrunk","posterior_mean","atx_fadb8da1a816","Bonaparte's Gull","count__did_active_0_14_day",0.107072036615871
"B","reliability_shrunk","posterior_mean","atx_v2_000006","Black-bellied Plover","reporting__did_early_pre",-0.011480954248818
"B","reliability_shrunk","posterior_mean","atx_v2_000006","Black-bellied Plover","reporting__did_immediate_pre",-0.0403050525468409
"B","reliability_shrunk","posterior_mean","atx_v2_000006","Black-bellied Plover","reporting__did_spawn_start",-0.148851662317094
"B","reliability_shrunk","posterior_mean","atx_v2_000006","Black-bellied Plover","reporting__did_early_egg",-0.0762496293085672
"B","reliability_shrunk","posterior_mean","atx_v2_000006","Black-bellied Plover","reporting__did_late_egg",-0.0959896386197462
"B","reliability_shrunk","posterior_mean","atx_v2_000006","Black-bellied Plover","reporting__did_active_0_14_day",-0.108548870498276
"B","reliability_shrunk","posterior_mean","atx_v2_000006","Black-bellied Plover","count__did_early_pre",0.00338218985192742
"B","reliability_shrunk","posterior_mean","atx_v2_000006","Black-bellied Plover","count__did_immediate_pre",0.025003210569924
"B","reliability_shrunk","posterior_mean","atx_v2_000006","Black-bellied Plover","count__did_spawn_start",0.00879444237627369
"B","reliability_shrunk","posterior_mean","atx_v2_000006","Black-bellied Plover","count__did_early_egg",0.0666947306124446
"B","reliability_shrunk","posterior_mean","atx_v2_000006","Black-bellied Plover","count__did_late_egg",0.0339591190201266
"B","reliability_shrunk","posterior_mean","atx_v2_000006","Black-bellied Plover","count__did_active_0_14_day",0.0483849408246454
"B","reliability_shrunk","posterior_mean","atx_59441ff7abde","Brant","reporting__did_early_pre",-0.00998973637832284
"B","reliability_shrunk","posterior_mean","atx_59441ff7abde","Brant","reporting__did_immediate_pre",-0.033818470956545
"B","reliability_shrunk","posterior_mean","atx_59441ff7abde","Brant","reporting__did_spawn_start",0.0873093597659901
"B","reliability_shrunk","posterior_mean","atx_59441ff7abde","Brant","reporting__did_early_egg",0.0761157623588573
"B","reliability_shrunk","posterior_mean","atx_59441ff7abde","Brant","reporting__did_late_egg",0.0606045422133799
"B","reliability_shrunk","posterior_mean","atx_59441ff7abde","Brant","reporting__did_active_0_14_day",0.0812096960049642
"B","reliability_shrunk","posterior_mean","atx_59441ff7abde","Brant","count__did_early_pre",0.000294000321244838
"B","reliability_shrunk","posterior_mean","atx_59441ff7abde","Brant","count__did_immediate_pre",0.00693290782771273
"B","reliability_shrunk","posterior_mean","atx_59441ff7abde","Brant","count__did_spawn_start",0.0412827991362185
"B","reliability_shrunk","posterior_mean","atx_59441ff7abde","Brant","count__did_early_egg",0.0641645536018272
"B","reliability_shrunk","posterior_mean","atx_59441ff7abde","Brant","count__did_late_egg",0.0492049043915002
"B","reliability_shrunk","posterior_mean","atx_59441ff7abde","Brant","count__did_active_0_14_day",0.0569659546474223
"B","reliability_shrunk","posterior_mean","atx_acf526bb8010","Marbled Murrelet","reporting__did_early_pre",-0.0112647751059594
"B","reliability_shrunk","posterior_mean","atx_acf526bb8010","Marbled Murrelet","reporting__did_immediate_pre",0.0354834201147658
"B","reliability_shrunk","posterior_mean","atx_acf526bb8010","Marbled Murrelet","reporting__did_spawn_start",-0.0122794138751096
"B","reliability_shrunk","posterior_mean","atx_acf526bb8010","Marbled Murrelet","reporting__did_early_egg",0.0121098945801361
"B","reliability_shrunk","posterior_mean","atx_acf526bb8010","Marbled Murrelet","reporting__did_late_egg",0.00516922758574023
"B","reliability_shrunk","posterior_mean","atx_acf526bb8010","Marbled Murrelet","reporting__did_active_0_14_day",-0.000519032067521491
"B","reliability_shrunk","posterior_mean","atx_acf526bb8010","Marbled Murrelet","count__did_early_pre",0.00112412319014601
"B","reliability_shrunk","posterior_mean","atx_acf526bb8010","Marbled Murrelet","count__did_immediate_pre",0.0195706155893354
"B","reliability_shrunk","posterior_mean","atx_acf526bb8010","Marbled Murrelet","count__did_spawn_start",0.03458268168372
"B","reliability_shrunk","posterior_mean","atx_acf526bb8010","Marbled Murrelet","count__did_early_egg",0.135059663270968
"B","reliability_shrunk","posterior_mean","atx_acf526bb8010","Marbled Murrelet","count__did_late_egg",0.0297674912663266
"B","reliability_shrunk","posterior_mean","atx_acf526bb8010","Marbled Murrelet","count__did_active_0_14_day",0.105580684306686
"B","reliability_shrunk","posterior_mean","atx_40f730f5ad72","Long-tailed Duck","reporting__did_early_pre",-0.0102467718571216
"B","reliability_shrunk","posterior_mean","atx_40f730f5ad72","Long-tailed Duck","reporting__did_immediate_pre",-0.00913561416656744
"B","reliability_shrunk","posterior_mean","atx_40f730f5ad72","Long-tailed Duck","reporting__did_spawn_start",0.000119506095737083
"B","reliability_shrunk","posterior_mean","atx_40f730f5ad72","Long-tailed Duck","reporting__did_early_egg",0.112197323622125
"B","reliability_shrunk","posterior_mean","atx_40f730f5ad72","Long-tailed Duck","reporting__did_late_egg",0.0792178008450111
"B","reliability_shrunk","posterior_mean","atx_40f730f5ad72","Long-tailed Duck","reporting__did_active_0_14_day",0.0864470137960911
"B","reliability_shrunk","posterior_mean","atx_40f730f5ad72","Long-tailed Duck","count__did_early_pre",0.00103207969844839
"B","reliability_shrunk","posterior_mean","atx_40f730f5ad72","Long-tailed Duck","count__did_immediate_pre",0.020915646504097
"B","reliability_shrunk","posterior_mean","atx_40f730f5ad72","Long-tailed Duck","count__did_spawn_start",0.144047145806172
"B","reliability_shrunk","posterior_mean","atx_40f730f5ad72","Long-tailed Duck","count__did_early_egg",0.318703564322785
"B","reliability_shrunk","posterior_mean","atx_40f730f5ad72","Long-tailed Duck","count__did_late_egg",0.131232177041149
"B","reliability_shrunk","posterior_mean","atx_40f730f5ad72","Long-tailed Duck","count__did_active_0_14_day",0.276118424513004
"B","reliability_shrunk","posterior_mean","atx_98ca0000b734","Brandt's Cormorant","reporting__did_early_pre",-0.0103234436163941
"B","reliability_shrunk","posterior_mean","atx_98ca0000b734","Brandt's Cormorant","reporting__did_immediate_pre",0.012486658719391
"B","reliability_shrunk","posterior_mean","atx_98ca0000b734","Brandt's Cormorant","reporting__did_spawn_start",0.0456690311000682
"B","reliability_shrunk","posterior_mean","atx_98ca0000b734","Brandt's Cormorant","reporting__did_early_egg",0.0157785266253044
"B","reliability_shrunk","posterior_mean","atx_98ca0000b734","Brandt's Cormorant","reporting__did_late_egg",0.0836861534271208
"B","reliability_shrunk","posterior_mean","atx_98ca0000b734","Brandt's Cormorant","reporting__did_active_0_14_day",0.0212405082416214
"B","reliability_shrunk","posterior_mean","atx_98ca0000b734","Brandt's Cormorant","count__did_early_pre",0.000624210279813533
"B","reliability_shrunk","posterior_mean","atx_98ca0000b734","Brandt's Cormorant","count__did_immediate_pre",0.0184735900553131
"B","reliability_shrunk","posterior_mean","atx_98ca0000b734","Brandt's Cormorant","count__did_spawn_start",0.0694957062120131
"B","reliability_shrunk","posterior_mean","atx_98ca0000b734","Brandt's Cormorant","count__did_early_egg",0.067309724161624
"B","reliability_shrunk","posterior_mean","atx_98ca0000b734","Brandt's Cormorant","count__did_late_egg",0.0490452804209403
"B","reliability_shrunk","posterior_mean","atx_98ca0000b734","Brandt's Cormorant","count__did_active_0_14_day",0.0679596256800356
"B","reliability_shrunk","posterior_mean","atx_136b0e66254b","Common Murre","reporting__did_early_pre",-0.00990202810844949
"B","reliability_shrunk","posterior_mean","atx_136b0e66254b","Common Murre","reporting__did_immediate_pre",0.00656606692158766
"B","reliability_shrunk","posterior_mean","atx_136b0e66254b","Common Murre","reporting__did_spawn_start",-0.0331610850288123
"B","reliability_shrunk","posterior_mean","atx_136b0e66254b","Common Murre","reporting__did_early_egg",-0.0351732938949482
"B","reliability_shrunk","posterior_mean","atx_136b0e66254b","Common Murre","reporting__did_late_egg",0.0674257730195537
"B","reliability_shrunk","posterior_mean","atx_136b0e66254b","Common Murre","reporting__did_active_0_14_day",-0.0480294861947451
"B","reliability_shrunk","posterior_mean","atx_136b0e66254b","Common Murre","count__did_early_pre",-0.00145739272416502
"B","reliability_shrunk","posterior_mean","atx_136b0e66254b","Common Murre","count__did_immediate_pre",0.0215524165919111
"B","reliability_shrunk","posterior_mean","atx_136b0e66254b","Common Murre","count__did_spawn_start",0.0838973512105128
"B","reliability_shrunk","posterior_mean","atx_136b0e66254b","Common Murre","count__did_early_egg",-0.0132086565614474
"B","reliability_shrunk","posterior_mean","atx_136b0e66254b","Common Murre","count__did_late_egg",0.0386939477647181
"B","reliability_shrunk","posterior_mean","atx_136b0e66254b","Common Murre","count__did_active_0_14_day",0.0170555090322856
"B","reliability_shrunk","posterior_mean","atx_7571c026ae99","American Herring Gull","reporting__did_early_pre",-0.00983762216593718
"B","reliability_shrunk","posterior_mean","atx_7571c026ae99","American Herring Gull","reporting__did_immediate_pre",0.0272943976150905
"B","reliability_shrunk","posterior_mean","atx_7571c026ae99","American Herring Gull","reporting__did_spawn_start",0.283420071392218
"B","reliability_shrunk","posterior_mean","atx_7571c026ae99","American Herring Gull","reporting__did_early_egg",0.248921058381204
"B","reliability_shrunk","posterior_mean","atx_7571c026ae99","American Herring Gull","reporting__did_late_egg",0.146580742669346
"B","reliability_shrunk","posterior_mean","atx_7571c026ae99","American Herring Gull","reporting__did_active_0_14_day",0.270017109788572
"B","reliability_shrunk","posterior_mean","atx_7571c026ae99","American Herring Gull","count__did_early_pre",-0.00392159800547186
"B","reliability_shrunk","posterior_mean","atx_7571c026ae99","American Herring Gull","count__did_immediate_pre",-0.00129467463047886
"B","reliability_shrunk","posterior_mean","atx_7571c026ae99","American Herring Gull","count__did_spawn_start",-0.0282601476069065
"B","reliability_shrunk","posterior_mean","atx_7571c026ae99","American Herring Gull","count__did_early_egg",-6.27848058994684e-05
"B","reliability_shrunk","posterior_mean","atx_7571c026ae99","American Herring Gull","count__did_late_egg",-0.03456668670232
"B","reliability_shrunk","posterior_mean","atx_7571c026ae99","American Herring Gull","count__did_active_0_14_day",-0.00660914118728917
"B","reliability_shrunk","posterior_mean","atx_1328b44be502","Black Scoter","reporting__did_early_pre",-0.0124088665423019
"B","reliability_shrunk","posterior_mean","atx_1328b44be502","Black Scoter","reporting__did_immediate_pre",-0.0114286723677805
"B","reliability_shrunk","posterior_mean","atx_1328b44be502","Black Scoter","reporting__did_spawn_start",-0.00870380584234258
"B","reliability_shrunk","posterior_mean","atx_1328b44be502","Black Scoter","reporting__did_early_egg",0.0377888066528419
"B","reliability_shrunk","posterior_mean","atx_1328b44be502","Black Scoter","reporting__did_late_egg",0.0779336426337363
"B","reliability_shrunk","posterior_mean","atx_1328b44be502","Black Scoter","reporting__did_active_0_14_day",0.0242654896664616
"B","reliability_shrunk","posterior_mean","atx_1328b44be502","Black Scoter","count__did_early_pre",0.00338376356274236
"B","reliability_shrunk","posterior_mean","atx_1328b44be502","Black Scoter","count__did_immediate_pre",0.0223900943596802
"B","reliability_shrunk","posterior_mean","atx_1328b44be502","Black Scoter","count__did_spawn_start",0.0312458550274403
"B","reliability_shrunk","posterior_mean","atx_1328b44be502","Black Scoter","count__did_early_egg",0.116074743442725
"B","reliability_shrunk","posterior_mean","atx_1328b44be502","Black Scoter","count__did_late_egg",0.0268615766449098
"B","reliability_shrunk","posterior_mean","atx_1328b44be502","Black Scoter","count__did_active_0_14_day",0.0922059431354704
"B","reliability_shrunk","posterior_mean","atx_04cf65098f13","Red-throated Loon","reporting__did_early_pre",-0.0104140152209492
"B","reliability_shrunk","posterior_mean","atx_04cf65098f13","Red-throated Loon","reporting__did_immediate_pre",0.0103638345300627
"B","reliability_shrunk","posterior_mean","atx_04cf65098f13","Red-throated Loon","reporting__did_spawn_start",0.068803148687425
"B","reliability_shrunk","posterior_mean","atx_04cf65098f13","Red-throated Loon","reporting__did_early_egg",0.0183823156156747
"B","reliability_shrunk","posterior_mean","atx_04cf65098f13","Red-throated Loon","reporting__did_late_egg",0.0515260940043138
"B","reliability_shrunk","posterior_mean","atx_04cf65098f13","Red-throated Loon","reporting__did_active_0_14_day",0.0306551530412951
"B","reliability_shrunk","posterior_mean","atx_04cf65098f13","Red-throated Loon","count__did_early_pre",-0.00012868695837761
"B","reliability_shrunk","posterior_mean","atx_04cf65098f13","Red-throated Loon","count__did_immediate_pre",0.0125206422633886
"B","reliability_shrunk","posterior_mean","atx_04cf65098f13","Red-throated Loon","count__did_spawn_start",0.0495665018349647
"B","reliability_shrunk","posterior_mean","atx_04cf65098f13","Red-throated Loon","count__did_early_egg",0.0555357116747833
"B","reliability_shrunk","posterior_mean","atx_04cf65098f13","Red-throated Loon","count__did_late_egg",0.0466565453847405
"B","reliability_shrunk","posterior_mean","atx_04cf65098f13","Red-throated Loon","count__did_active_0_14_day",0.0480540165004591
"B","reliability_shrunk","posterior_mean","atx_ebf17f77fb66","Western Grebe","reporting__did_early_pre",-0.00994154604864804
"B","reliability_shrunk","posterior_mean","atx_ebf17f77fb66","Western Grebe","reporting__did_immediate_pre",-0.00845658309825364
"B","reliability_shrunk","posterior_mean","atx_ebf17f77fb66","Western Grebe","reporting__did_spawn_start",-0.068401171086305
"B","reliability_shrunk","posterior_mean","atx_ebf17f77fb66","Western Grebe","reporting__did_early_egg",-0.0799300771720841
"B","reliability_shrunk","posterior_mean","atx_ebf17f77fb66","Western Grebe","reporting__did_late_egg",0.0218081211105881
"B","reliability_shrunk","posterior_mean","atx_ebf17f77fb66","Western Grebe","reporting__did_active_0_14_day",-0.105293509235648
"B","reliability_shrunk","posterior_mean","atx_ebf17f77fb66","Western Grebe","count__did_early_pre",-0.0025441259518631
"B","reliability_shrunk","posterior_mean","atx_ebf17f77fb66","Western Grebe","count__did_immediate_pre",0.0154490637925018
"B","reliability_shrunk","posterior_mean","atx_ebf17f77fb66","Western Grebe","count__did_spawn_start",0.0471116149928637
"B","reliability_shrunk","posterior_mean","atx_ebf17f77fb66","Western Grebe","count__did_early_egg",0.0461728614168558
"B","reliability_shrunk","posterior_mean","atx_ebf17f77fb66","Western Grebe","count__did_late_egg",0.0358465389166003
"B","reliability_shrunk","posterior_mean","atx_ebf17f77fb66","Western Grebe","count__did_active_0_14_day",0.0416942773509988
"B","reliability_shrunk","posterior_mean","atx_5a9a3495d0ea","Western Gull","reporting__did_early_pre",-0.0107477175810623
"B","reliability_shrunk","posterior_mean","atx_5a9a3495d0ea","Western Gull","reporting__did_immediate_pre",0.0248770267303982
"B","reliability_shrunk","posterior_mean","atx_5a9a3495d0ea","Western Gull","reporting__did_spawn_start",0.0424229294257439
"B","reliability_shrunk","posterior_mean","atx_5a9a3495d0ea","Western Gull","reporting__did_early_egg",0.109927400266158
"B","reliability_shrunk","posterior_mean","atx_5a9a3495d0ea","Western Gull","reporting__did_late_egg",0.0656795275088774
"B","reliability_shrunk","posterior_mean","atx_5a9a3495d0ea","Western Gull","reporting__did_active_0_14_day",0.100544224727822
"B","reliability_shrunk","posterior_mean","atx_5a9a3495d0ea","Western Gull","count__did_early_pre",-0.00324748597836839
"B","reliability_shrunk","posterior_mean","atx_5a9a3495d0ea","Western Gull","count__did_immediate_pre",0.0262428838081537
"B","reliability_shrunk","posterior_mean","atx_5a9a3495d0ea","Western Gull","count__did_spawn_start",0.105009560332483
"B","reliability_shrunk","posterior_mean","atx_5a9a3495d0ea","Western Gull","count__did_early_egg",0.06334997044466
"B","reliability_shrunk","posterior_mean","atx_5a9a3495d0ea","Western Gull","count__did_late_egg",0.0127852950747685
"B","reliability_shrunk","posterior_mean","atx_5a9a3495d0ea","Western Gull","count__did_active_0_14_day",0.0751523818322645
"B","unweighted","clustering_matrix","atx_c9db024faf12","American Crow","reporting__did_early_pre",-0.631331589785396
"B","unweighted","clustering_matrix","atx_c9db024faf12","American Crow","reporting__did_immediate_pre",0.37095122189781
"B","unweighted","clustering_matrix","atx_c9db024faf12","American Crow","reporting__did_spawn_start",-0.214712409361127
"B","unweighted","clustering_matrix","atx_c9db024faf12","American Crow","reporting__did_early_egg",-0.234790311970682
"B","unweighted","clustering_matrix","atx_c9db024faf12","American Crow","reporting__did_late_egg",-0.877073632686021
"B","unweighted","clustering_matrix","atx_c9db024faf12","American Crow","reporting__did_active_0_14_day",-0.237918239844125
"B","unweighted","clustering_matrix","atx_c9db024faf12","American Crow","count__did_early_pre",0.274742285913266
"B","unweighted","clustering_matrix","atx_c9db024faf12","American Crow","count__did_immediate_pre",-0.567151854904308
"B","unweighted","clustering_matrix","atx_c9db024faf12","American Crow","count__did_spawn_start",-0.653861175039858
"B","unweighted","clustering_matrix","atx_c9db024faf12","American Crow","count__did_early_egg",-0.714627913179
"B","unweighted","clustering_matrix","atx_c9db024faf12","American Crow","count__did_late_egg",-0.846674487317185
"B","unweighted","clustering_matrix","atx_c9db024faf12","American Crow","count__did_active_0_14_day",-0.75247031499457
"B","unweighted","clustering_matrix","atx_725074cbfcb6","Glaucous-winged Gull","reporting__did_early_pre",-0.186929675440408
"B","unweighted","clustering_matrix","atx_725074cbfcb6","Glaucous-winged Gull","reporting__did_immediate_pre",-0.03512331303485
"B","unweighted","clustering_matrix","atx_725074cbfcb6","Glaucous-winged Gull","reporting__did_spawn_start",0.769694128225658
"B","unweighted","clustering_matrix","atx_725074cbfcb6","Glaucous-winged Gull","reporting__did_early_egg",0.33065698402308
"B","unweighted","clustering_matrix","atx_725074cbfcb6","Glaucous-winged Gull","reporting__did_late_egg",-0.30972748115133
"B","unweighted","clustering_matrix","atx_725074cbfcb6","Glaucous-winged Gull","reporting__did_active_0_14_day",0.47319274632338
"B","unweighted","clustering_matrix","atx_725074cbfcb6","Glaucous-winged Gull","count__did_early_pre",0.534918860647781
"B","unweighted","clustering_matrix","atx_725074cbfcb6","Glaucous-winged Gull","count__did_immediate_pre",0.132871083128004
"B","unweighted","clustering_matrix","atx_725074cbfcb6","Glaucous-winged Gull","count__did_spawn_start",1.77685511249805
"B","unweighted","clustering_matrix","atx_725074cbfcb6","Glaucous-winged Gull","count__did_early_egg",0.517407282617556
"B","unweighted","clustering_matrix","atx_725074cbfcb6","Glaucous-winged Gull","count__did_late_egg",-0.0150105206962024
"B","unweighted","clustering_matrix","atx_725074cbfcb6","Glaucous-winged Gull","count__did_active_0_14_day",0.844431238749676
"B","unweighted","clustering_matrix","atx_815c98107028","Mallard","reporting__did_early_pre",0.0357623236074119
"B","unweighted","clustering_matrix","atx_815c98107028","Mallard","reporting__did_immediate_pre",0.664615925118922
"B","unweighted","clustering_matrix","atx_815c98107028","Mallard","reporting__did_spawn_start",0.175852334501734
"B","unweighted","clustering_matrix","atx_815c98107028","Mallard","reporting__did_early_egg",-0.143686128516983
"B","unweighted","clustering_matrix","atx_815c98107028","Mallard","reporting__did_late_egg",-0.28833342683668
"B","unweighted","clustering_matrix","atx_815c98107028","Mallard","reporting__did_active_0_14_day",-0.0547815074076646
"B","unweighted","clustering_matrix","atx_815c98107028","Mallard","count__did_early_pre",0.434389559314064
"B","unweighted","clustering_matrix","atx_815c98107028","Mallard","count__did_immediate_pre",0.151612115005859
"B","unweighted","clustering_matrix","atx_815c98107028","Mallard","count__did_spawn_start",0.284018906547125
"B","unweighted","clustering_matrix","atx_815c98107028","Mallard","count__did_early_egg",0.0337025145343119
"B","unweighted","clustering_matrix","atx_815c98107028","Mallard","count__did_late_egg",0.747547552950327
"B","unweighted","clustering_matrix","atx_815c98107028","Mallard","count__did_active_0_14_day",0.0936866609956164
"B","unweighted","clustering_matrix","atx_fc0a9b777dcd","Bald Eagle","reporting__did_early_pre",0.086035450019331
"B","unweighted","clustering_matrix","atx_fc0a9b777dcd","Bald Eagle","reporting__did_immediate_pre",1.0438540766765
"B","unweighted","clustering_matrix","atx_fc0a9b777dcd","Bald Eagle","reporting__did_spawn_start",0.98091982476374
"B","unweighted","clustering_matrix","atx_fc0a9b777dcd","Bald Eagle","reporting__did_early_egg",-0.0416786540166175
"B","unweighted","clustering_matrix","atx_fc0a9b777dcd","Bald Eagle","reporting__did_late_egg",-0.190187819818341
"B","unweighted","clustering_matrix","atx_fc0a9b777dcd","Bald Eagle","reporting__did_active_0_14_day",0.258977283893416
"B","unweighted","clustering_matrix","atx_fc0a9b777dcd","Bald Eagle","count__did_early_pre",-0.161400179293932
"B","unweighted","clustering_matrix","atx_fc0a9b777dcd","Bald Eagle","count__did_immediate_pre",-0.0603811045004289
"B","unweighted","clustering_matrix","atx_fc0a9b777dcd","Bald Eagle","count__did_spawn_start",1.04756331295258
"B","unweighted","clustering_matrix","atx_fc0a9b777dcd","Bald Eagle","count__did_early_egg",-0.57549807864145
"B","unweighted","clustering_matrix","atx_fc0a9b777dcd","Bald Eagle","count__did_late_egg",-0.828377482762071
"B","unweighted","clustering_matrix","atx_fc0a9b777dcd","Bald Eagle","count__did_active_0_14_day",-0.244125911599909
"B","unweighted","clustering_matrix","atx_b3d3ea90f9cb","Canada Goose","reporting__did_early_pre",1.12031047538312
"B","unweighted","clustering_matrix","atx_b3d3ea90f9cb","Canada Goose","reporting__did_immediate_pre",1.29012421325191
"B","unweighted","clustering_matrix","atx_b3d3ea90f9cb","Canada Goose","reporting__did_spawn_start",0.184044669676084
"B","unweighted","clustering_matrix","atx_b3d3ea90f9cb","Canada Goose","reporting__did_early_egg",0.255268325681562
"B","unweighted","clustering_matrix","atx_b3d3ea90f9cb","Canada Goose","reporting__did_late_egg",0.615551902296258
"B","unweighted","clustering_matrix","atx_b3d3ea90f9cb","Canada Goose","reporting__did_active_0_14_day",0.244068769421648
"B","unweighted","clustering_matrix","atx_b3d3ea90f9cb","Canada Goose","count__did_early_pre",-0.669725325964256
"B","unweighted","clustering_matrix","atx_b3d3ea90f9cb","Canada Goose","count__did_immediate_pre",-0.473606102285779
"B","unweighted","clustering_matrix","atx_b3d3ea90f9cb","Canada Goose","count__did_spawn_start",-0.178319189851553
"B","unweighted","clustering_matrix","atx_b3d3ea90f9cb","Canada Goose","count__did_early_egg",-0.798189998405076
"B","unweighted","clustering_matrix","atx_b3d3ea90f9cb","Canada Goose","count__did_late_egg",-0.628868247915504
"B","unweighted","clustering_matrix","atx_b3d3ea90f9cb","Canada Goose","count__did_active_0_14_day",-0.7135684131664
"B","unweighted","clustering_matrix","atx_v2_000007","Common Raven","reporting__did_early_pre",0.383531367410073
"B","unweighted","clustering_matrix","atx_v2_000007","Common Raven","reporting__did_immediate_pre",-0.143519885276888
"B","unweighted","clustering_matrix","atx_v2_000007","Common Raven","reporting__did_spawn_start",-0.640147210754918
"B","unweighted","clustering_matrix","atx_v2_000007","Common Raven","reporting__did_early_egg",-0.739244424313151
"B","unweighted","clustering_matrix","atx_v2_000007","Common Raven","reporting__did_late_egg",-0.473736877853396
"B","unweighted","clustering_matrix","atx_v2_000007","Common Raven","reporting__did_active_0_14_day",-0.738486820802817
"B","unweighted","clustering_matrix","atx_v2_000007","Common Raven","count__did_early_pre",0.146184232947385
"B","unweighted","clustering_matrix","atx_v2_000007","Common Raven","count__did_immediate_pre",-0.0760524108992504
"B","unweighted","clustering_matrix","atx_v2_000007","Common Raven","count__did_spawn_start",-0.518482862335851
"B","unweighted","clustering_matrix","atx_v2_000007","Common Raven","count__did_early_egg",-0.654820213783737
"B","unweighted","clustering_matrix","atx_v2_000007","Common Raven","count__did_late_egg",-0.548591987849472
"B","unweighted","clustering_matrix","atx_v2_000007","Common Raven","count__did_active_0_14_day",-0.670954963428664
"B","unweighted","clustering_matrix","atx_99238953638b","Bufflehead","reporting__did_early_pre",0.331561505155326
"B","unweighted","clustering_matrix","atx_99238953638b","Bufflehead","reporting__did_immediate_pre",0.211262605447038
"B","unweighted","clustering_matrix","atx_99238953638b","Bufflehead","reporting__did_spawn_start",0.116785010362498
"B","unweighted","clustering_matrix","atx_99238953638b","Bufflehead","reporting__did_early_egg",-0.906947679341933
"B","unweighted","clustering_matrix","atx_99238953638b","Bufflehead","reporting__did_late_egg",-0.539875523545603
"B","unweighted","clustering_matrix","atx_99238953638b","Bufflehead","reporting__did_active_0_14_day",-0.63935493800308
"B","unweighted","clustering_matrix","atx_99238953638b","Bufflehead","count__did_early_pre",-0.189629271821467
"B","unweighted","clustering_matrix","atx_99238953638b","Bufflehead","count__did_immediate_pre",-0.532491805221596
"B","unweighted","clustering_matrix","atx_99238953638b","Bufflehead","count__did_spawn_start",0.0309619251839644
"B","unweighted","clustering_matrix","atx_99238953638b","Bufflehead","count__did_early_egg",0.000599393472331168
"B","unweighted","clustering_matrix","atx_99238953638b","Bufflehead","count__did_late_egg",-0.162937881257539
"B","unweighted","clustering_matrix","atx_99238953638b","Bufflehead","count__did_active_0_14_day",0.00762234135523965
"B","unweighted","clustering_matrix","atx_7b80ddaff058","Great Blue Heron","reporting__did_early_pre",0.507571730033035
"B","unweighted","clustering_matrix","atx_7b80ddaff058","Great Blue Heron","reporting__did_immediate_pre",0.0401002048434115
"B","unweighted","clustering_matrix","atx_7b80ddaff058","Great Blue Heron","reporting__did_spawn_start",0.492298474532329
"B","unweighted","clustering_matrix","atx_7b80ddaff058","Great Blue Heron","reporting__did_early_egg",-0.41647543589044
"B","unweighted","clustering_matrix","atx_7b80ddaff058","Great Blue Heron","reporting__did_late_egg",-0.408812717438604
"B","unweighted","clustering_matrix","atx_7b80ddaff058","Great Blue Heron","reporting__did_active_0_14_day",-0.163931075866663
"B","unweighted","clustering_matrix","atx_7b80ddaff058","Great Blue Heron","count__did_early_pre",0.164549895404584
"B","unweighted","clustering_matrix","atx_7b80ddaff058","Great Blue Heron","count__did_immediate_pre",0.391427481394552
"B","unweighted","clustering_matrix","atx_7b80ddaff058","Great Blue Heron","count__did_spawn_start",-0.183893044148763
"B","unweighted","clustering_matrix","atx_7b80ddaff058","Great Blue Heron","count__did_early_egg",-0.484608669657505
"B","unweighted","clustering_matrix","atx_7b80ddaff058","Great Blue Heron","count__did_late_egg",-0.27420449850344
"B","unweighted","clustering_matrix","atx_7b80ddaff058","Great Blue Heron","count__did_active_0_14_day",-0.450617038556156
"B","unweighted","clustering_matrix","atx_a113baee5693","American Wigeon","reporting__did_early_pre",0.245926233765567
"B","unweighted","clustering_matrix","atx_a113baee5693","American Wigeon","reporting__did_immediate_pre",0.682521970063222
"B","unweighted","clustering_matrix","atx_a113baee5693","American Wigeon","reporting__did_spawn_start",0.597587607545167
"B","unweighted","clustering_matrix","atx_a113baee5693","American Wigeon","reporting__did_early_egg",0.576746812164687
"B","unweighted","clustering_matrix","atx_a113baee5693","American Wigeon","reporting__did_late_egg",0.755984523324924
"B","unweighted","clustering_matrix","atx_a113baee5693","American Wigeon","reporting__did_active_0_14_day",0.605168842605338
"B","unweighted","clustering_matrix","atx_a113baee5693","American Wigeon","count__did_early_pre",0.214269280442534
"B","unweighted","clustering_matrix","atx_a113baee5693","American Wigeon","count__did_immediate_pre",0.632578043451033
"B","unweighted","clustering_matrix","atx_a113baee5693","American Wigeon","count__did_spawn_start",0.0898750079243462
"B","unweighted","clustering_matrix","atx_a113baee5693","American Wigeon","count__did_early_egg",0.0838327164947284
"B","unweighted","clustering_matrix","atx_a113baee5693","American Wigeon","count__did_late_egg",-0.160359381890333
"B","unweighted","clustering_matrix","atx_a113baee5693","American Wigeon","count__did_active_0_14_day",0.0912995929048041
"B","unweighted","clustering_matrix","atx_a444854c6b66","Double-crested Cormorant","reporting__did_early_pre",-0.0342285265140658
"B","unweighted","clustering_matrix","atx_a444854c6b66","Double-crested Cormorant","reporting__did_immediate_pre",0.0873680603199753
"B","unweighted","clustering_matrix","atx_a444854c6b66","Double-crested Cormorant","reporting__did_spawn_start",-0.0962821519695888
"B","unweighted","clustering_matrix","atx_a444854c6b66","Double-crested Cormorant","reporting__did_early_egg",-0.161325273974635
"B","unweighted","clustering_matrix","atx_a444854c6b66","Double-crested Cormorant","reporting__did_late_egg",-0.430789202476837
"B","unweighted","clustering_matrix","atx_a444854c6b66","Double-crested Cormorant","reporting__did_active_0_14_day",-0.148326489769604
"B","unweighted","clustering_matrix","atx_a444854c6b66","Double-crested Cormorant","count__did_early_pre",-0.122734943837792
"B","unweighted","clustering_matrix","atx_a444854c6b66","Double-crested Cormorant","count__did_immediate_pre",0.407099598363211
"B","unweighted","clustering_matrix","atx_a444854c6b66","Double-crested Cormorant","count__did_spawn_start",0.857907051530353
"B","unweighted","clustering_matrix","atx_a444854c6b66","Double-crested Cormorant","count__did_early_egg",0.0178158860343277
"B","unweighted","clustering_matrix","atx_a444854c6b66","Double-crested Cormorant","count__did_late_egg",0.107903524166672
"B","unweighted","clustering_matrix","atx_a444854c6b66","Double-crested Cormorant","count__did_active_0_14_day",0.212220863326294
"B","unweighted","clustering_matrix","atx_35518e24dfdd","Common Merganser","reporting__did_early_pre",-0.658182654787818
"B","unweighted","clustering_matrix","atx_35518e24dfdd","Common Merganser","reporting__did_immediate_pre",1.19328938296883
"B","unweighted","clustering_matrix","atx_35518e24dfdd","Common Merganser","reporting__did_spawn_start",1.18390577106411
"B","unweighted","clustering_matrix","atx_35518e24dfdd","Common Merganser","reporting__did_early_egg",0.745336973435237
"B","unweighted","clustering_matrix","atx_35518e24dfdd","Common Merganser","reporting__did_late_egg",0.456670396789575
"B","unweighted","clustering_matrix","atx_35518e24dfdd","Common Merganser","reporting__did_active_0_14_day",0.90374050040428
"B","unweighted","clustering_matrix","atx_35518e24dfdd","Common Merganser","count__did_early_pre",-0.0907132235113069
"B","unweighted","clustering_matrix","atx_35518e24dfdd","Common Merganser","count__did_immediate_pre",-0.230810806748697
"B","unweighted","clustering_matrix","atx_35518e24dfdd","Common Merganser","count__did_spawn_start",0.675572472141033
"B","unweighted","clustering_matrix","atx_35518e24dfdd","Common Merganser","count__did_early_egg",-0.0851089558580547
"B","unweighted","clustering_matrix","atx_35518e24dfdd","Common Merganser","count__did_late_egg",-0.451612908232604
"B","unweighted","clustering_matrix","atx_35518e24dfdd","Common Merganser","count__did_active_0_14_day",0.0835798432302302
"B","unweighted","clustering_matrix","atx_e0e678a61ad7","Short-billed Gull","reporting__did_early_pre",-1.41509937592969
"B","unweighted","clustering_matrix","atx_e0e678a61ad7","Short-billed Gull","reporting__did_immediate_pre",0.671287789644882
"B","unweighted","clustering_matrix","atx_e0e678a61ad7","Short-billed Gull","reporting__did_spawn_start",1.12421089406631
"B","unweighted","clustering_matrix","atx_e0e678a61ad7","Short-billed Gull","reporting__did_early_egg",0.985097523645044
"B","unweighted","clustering_matrix","atx_e0e678a61ad7","Short-billed Gull","reporting__did_late_egg",-0.294165924716517
"B","unweighted","clustering_matrix","atx_e0e678a61ad7","Short-billed Gull","reporting__did_active_0_14_day",1.06424104120433
"B","unweighted","clustering_matrix","atx_e0e678a61ad7","Short-billed Gull","count__did_early_pre",0.880455617675588
"B","unweighted","clustering_matrix","atx_e0e678a61ad7","Short-billed Gull","count__did_immediate_pre",0.0319041659654657
"B","unweighted","clustering_matrix","atx_e0e678a61ad7","Short-billed Gull","count__did_spawn_start",2.17398416921055
"B","unweighted","clustering_matrix","atx_e0e678a61ad7","Short-billed Gull","count__did_early_egg",1.53728901021762
"B","unweighted","clustering_matrix","atx_e0e678a61ad7","Short-billed Gull","count__did_late_egg",1.3760537565341
"B","unweighted","clustering_matrix","atx_e0e678a61ad7","Short-billed Gull","count__did_active_0_14_day",1.79510170922147
"B","unweighted","clustering_matrix","atx_82312e6f2848","Common Goldeneye","reporting__did_early_pre",0.955690177424928
"B","unweighted","clustering_matrix","atx_82312e6f2848","Common Goldeneye","reporting__did_immediate_pre",0.647445292940648
"B","unweighted","clustering_matrix","atx_82312e6f2848","Common Goldeneye","reporting__did_spawn_start",0.337381102937266
"B","unweighted","clustering_matrix","atx_82312e6f2848","Common Goldeneye","reporting__did_early_egg",-0.0887816258899202
"B","unweighted","clustering_matrix","atx_82312e6f2848","Common Goldeneye","reporting__did_late_egg",0.3370312333348
"B","unweighted","clustering_matrix","atx_82312e6f2848","Common Goldeneye","reporting__did_active_0_14_day",0.0337587748998785
"B","unweighted","clustering_matrix","atx_82312e6f2848","Common Goldeneye","count__did_early_pre",0.569265435124395
"B","unweighted","clustering_matrix","atx_82312e6f2848","Common Goldeneye","count__did_immediate_pre",-0.20028273698177
"B","unweighted","clustering_matrix","atx_82312e6f2848","Common Goldeneye","count__did_spawn_start",0.402468067030784
"B","unweighted","clustering_matrix","atx_82312e6f2848","Common Goldeneye","count__did_early_egg",0.973517445761898
"B","unweighted","clustering_matrix","atx_82312e6f2848","Common Goldeneye","count__did_late_egg",1.24958157735824
"B","unweighted","clustering_matrix","atx_82312e6f2848","Common Goldeneye","count__did_active_0_14_day",0.912829881269905
"B","unweighted","clustering_matrix","atx_04afbeb21fb0","Hooded Merganser","reporting__did_early_pre",-0.181167530588845
"B","unweighted","clustering_matrix","atx_04afbeb21fb0","Hooded Merganser","reporting__did_immediate_pre",-0.739856594291795
"B","unweighted","clustering_matrix","atx_04afbeb21fb0","Hooded Merganser","reporting__did_spawn_start",-0.24559242617763
"B","unweighted","clustering_matrix","atx_04afbeb21fb0","Hooded Merganser","reporting__did_early_egg",-0.582242557601118
"B","unweighted","clustering_matrix","atx_04afbeb21fb0","Hooded Merganser","reporting__did_late_egg",-0.726440817558914
"B","unweighted","clustering_matrix","atx_04afbeb21fb0","Hooded Merganser","reporting__did_active_0_14_day",-0.505207791065563
"B","unweighted","clustering_matrix","atx_04afbeb21fb0","Hooded Merganser","count__did_early_pre",-0.466807595196228
"B","unweighted","clustering_matrix","atx_04afbeb21fb0","Hooded Merganser","count__did_immediate_pre",-0.130546972607186
"B","unweighted","clustering_matrix","atx_04afbeb21fb0","Hooded Merganser","count__did_spawn_start",-0.693846877441042
"B","unweighted","clustering_matrix","atx_04afbeb21fb0","Hooded Merganser","count__did_early_egg",-0.656521886864621
"B","unweighted","clustering_matrix","atx_04afbeb21fb0","Hooded Merganser","count__did_late_egg",-0.614266721839094
"B","unweighted","clustering_matrix","atx_04afbeb21fb0","Hooded Merganser","count__did_active_0_14_day",-0.71270009355856
"B","unweighted","clustering_matrix","atx_35707a9578d5","Pelagic Cormorant","reporting__did_early_pre",-0.408691878396663
"B","unweighted","clustering_matrix","atx_35707a9578d5","Pelagic Cormorant","reporting__did_immediate_pre",0.231891937357113
"B","unweighted","clustering_matrix","atx_35707a9578d5","Pelagic Cormorant","reporting__did_spawn_start",-0.270666710243039
"B","unweighted","clustering_matrix","atx_35707a9578d5","Pelagic Cormorant","reporting__did_early_egg",0.0149232114201566
"B","unweighted","clustering_matrix","atx_35707a9578d5","Pelagic Cormorant","reporting__did_late_egg",-0.376850828964966
"B","unweighted","clustering_matrix","atx_35707a9578d5","Pelagic Cormorant","reporting__did_active_0_14_day",-0.0689168427072321
"B","unweighted","clustering_matrix","atx_35707a9578d5","Pelagic Cormorant","count__did_early_pre",0.38327975817067
"B","unweighted","clustering_matrix","atx_35707a9578d5","Pelagic Cormorant","count__did_immediate_pre",-0.276841573274069
"B","unweighted","clustering_matrix","atx_35707a9578d5","Pelagic Cormorant","count__did_spawn_start",-0.29914479346233
"B","unweighted","clustering_matrix","atx_35707a9578d5","Pelagic Cormorant","count__did_early_egg",-0.478002454675823
"B","unweighted","clustering_matrix","atx_35707a9578d5","Pelagic Cormorant","count__did_late_egg",-0.0866958915898472
"B","unweighted","clustering_matrix","atx_35707a9578d5","Pelagic Cormorant","count__did_active_0_14_day",-0.471543585208475
"B","unweighted","clustering_matrix","atx_1930f23cc4f8","Surf Scoter","reporting__did_early_pre",0.0107224289827972
"B","unweighted","clustering_matrix","atx_1930f23cc4f8","Surf Scoter","reporting__did_immediate_pre",-0.0526039502232277
"B","unweighted","clustering_matrix","atx_1930f23cc4f8","Surf Scoter","reporting__did_spawn_start",-0.0985812136712876
"B","unweighted","clustering_matrix","atx_1930f23cc4f8","Surf Scoter","reporting__did_early_egg",-0.448152018405179
"B","unweighted","clustering_matrix","atx_1930f23cc4f8","Surf Scoter","reporting__did_late_egg",-0.170127852044272
"B","unweighted","clustering_matrix","atx_1930f23cc4f8","Surf Scoter","reporting__did_active_0_14_day",-0.362122345332901
"B","unweighted","clustering_matrix","atx_1930f23cc4f8","Surf Scoter","count__did_early_pre",-0.821319897619109
"B","unweighted","clustering_matrix","atx_1930f23cc4f8","Surf Scoter","count__did_immediate_pre",-0.579688337289226
"B","unweighted","clustering_matrix","atx_1930f23cc4f8","Surf Scoter","count__did_spawn_start",-0.079768865432195
"B","unweighted","clustering_matrix","atx_1930f23cc4f8","Surf Scoter","count__did_early_egg",1.29128865911683
"B","unweighted","clustering_matrix","atx_1930f23cc4f8","Surf Scoter","count__did_late_egg",0.639577495117738
"B","unweighted","clustering_matrix","atx_1930f23cc4f8","Surf Scoter","count__did_active_0_14_day",1.06974034718304
"B","unweighted","clustering_matrix","atx_9ae1aa9b7fdf","Common Loon","reporting__did_early_pre",-0.793402239204343
"B","unweighted","clustering_matrix","atx_9ae1aa9b7fdf","Common Loon","reporting__did_immediate_pre",-0.0932787926007075
"B","unweighted","clustering_matrix","atx_9ae1aa9b7fdf","Common Loon","reporting__did_spawn_start",-1.20480481214236
"B","unweighted","clustering_matrix","atx_9ae1aa9b7fdf","Common Loon","reporting__did_early_egg",-0.887793469969569
"B","unweighted","clustering_matrix","atx_9ae1aa9b7fdf","Common Loon","reporting__did_late_egg",0.0296772493854788
"B","unweighted","clustering_matrix","atx_9ae1aa9b7fdf","Common Loon","reporting__did_active_0_14_day",-1.01576511354688
"B","unweighted","clustering_matrix","atx_9ae1aa9b7fdf","Common Loon","count__did_early_pre",-0.298070404590627
"B","unweighted","clustering_matrix","atx_9ae1aa9b7fdf","Common Loon","count__did_immediate_pre",-0.689736014594242
"B","unweighted","clustering_matrix","atx_9ae1aa9b7fdf","Common Loon","count__did_spawn_start",-0.261920787812471
"B","unweighted","clustering_matrix","atx_9ae1aa9b7fdf","Common Loon","count__did_early_egg",-0.724563771687787
"B","unweighted","clustering_matrix","atx_9ae1aa9b7fdf","Common Loon","count__did_late_egg",-1.02938615812776
"B","unweighted","clustering_matrix","atx_9ae1aa9b7fdf","Common Loon","count__did_active_0_14_day",-0.670746491297278
"B","unweighted","clustering_matrix","atx_7d980a7c8c37","Northern Pintail","reporting__did_early_pre",0.95820098561981
"B","unweighted","clustering_matrix","atx_7d980a7c8c37","Northern Pintail","reporting__did_immediate_pre",1.02014577373622
"B","unweighted","clustering_matrix","atx_7d980a7c8c37","Northern Pintail","reporting__did_spawn_start",1.31126616673232
"B","unweighted","clustering_matrix","atx_7d980a7c8c37","Northern Pintail","reporting__did_early_egg",1.48126237350688
"B","unweighted","clustering_matrix","atx_7d980a7c8c37","Northern Pintail","reporting__did_late_egg",1.55479949804405
"B","unweighted","clustering_matrix","atx_7d980a7c8c37","Northern Pintail","reporting__did_active_0_14_day",1.48818919024911
"B","unweighted","clustering_matrix","atx_7d980a7c8c37","Northern Pintail","count__did_early_pre",0.036213188745294
"B","unweighted","clustering_matrix","atx_7d980a7c8c37","Northern Pintail","count__did_immediate_pre",-0.251718976711151
"B","unweighted","clustering_matrix","atx_7d980a7c8c37","Northern Pintail","count__did_spawn_start",0.122504869835718
"B","unweighted","clustering_matrix","atx_7d980a7c8c37","Northern Pintail","count__did_early_egg",-0.157335096863853
"B","unweighted","clustering_matrix","atx_7d980a7c8c37","Northern Pintail","count__did_late_egg",-0.775566167915985
"B","unweighted","clustering_matrix","atx_7d980a7c8c37","Northern Pintail","count__did_active_0_14_day",-0.104414656220763
"B","unweighted","clustering_matrix","atx_v2_000002","Black Oystercatcher","reporting__did_early_pre",-0.079590681669312
"B","unweighted","clustering_matrix","atx_v2_000002","Black Oystercatcher","reporting__did_immediate_pre",-0.029071259916849
"B","unweighted","clustering_matrix","atx_v2_000002","Black Oystercatcher","reporting__did_spawn_start",-0.703053215266116
"B","unweighted","clustering_matrix","atx_v2_000002","Black Oystercatcher","reporting__did_early_egg",-0.631145561354046
"B","unweighted","clustering_matrix","atx_v2_000002","Black Oystercatcher","reporting__did_late_egg",0.00346290051066248
"B","unweighted","clustering_matrix","atx_v2_000002","Black Oystercatcher","reporting__did_active_0_14_day",-0.676761918178509
"B","unweighted","clustering_matrix","atx_v2_000002","Black Oystercatcher","count__did_early_pre",0.250732250202509
"B","unweighted","clustering_matrix","atx_v2_000002","Black Oystercatcher","count__did_immediate_pre",0.178498562528519
"B","unweighted","clustering_matrix","atx_v2_000002","Black Oystercatcher","count__did_spawn_start",-0.580577214140465
"B","unweighted","clustering_matrix","atx_v2_000002","Black Oystercatcher","count__did_early_egg",-0.549958619490907
"B","unweighted","clustering_matrix","atx_v2_000002","Black Oystercatcher","count__did_late_egg",-0.398398751233976
"B","unweighted","clustering_matrix","atx_v2_000002","Black Oystercatcher","count__did_active_0_14_day",-0.596869311878562
"B","unweighted","clustering_matrix","atx_c2d1fbbaf6d3","Red-breasted Merganser","reporting__did_early_pre",0.449787015643954
"B","unweighted","clustering_matrix","atx_c2d1fbbaf6d3","Red-breasted Merganser","reporting__did_immediate_pre",-0.38406107212396
"B","unweighted","clustering_matrix","atx_c2d1fbbaf6d3","Red-breasted Merganser","reporting__did_spawn_start",-0.130572805150011
"B","unweighted","clustering_matrix","atx_c2d1fbbaf6d3","Red-breasted Merganser","reporting__did_early_egg",-0.545668029367034
"B","unweighted","clustering_matrix","atx_c2d1fbbaf6d3","Red-breasted Merganser","reporting__did_late_egg",0.0263138307944127
"B","unweighted","clustering_matrix","atx_c2d1fbbaf6d3","Red-breasted Merganser","reporting__did_active_0_14_day",-0.444034339003366
"B","unweighted","clustering_matrix","atx_c2d1fbbaf6d3","Red-breasted Merganser","count__did_early_pre",-0.611143712853791
"B","unweighted","clustering_matrix","atx_c2d1fbbaf6d3","Red-breasted Merganser","count__did_immediate_pre",-0.23895865056597
"B","unweighted","clustering_matrix","atx_c2d1fbbaf6d3","Red-breasted Merganser","count__did_spawn_start",0.798204768429629
"B","unweighted","clustering_matrix","atx_c2d1fbbaf6d3","Red-breasted Merganser","count__did_early_egg",-0.15767076840958
"B","unweighted","clustering_matrix","atx_c2d1fbbaf6d3","Red-breasted Merganser","count__did_late_egg",-0.304241257512948
"B","unweighted","clustering_matrix","atx_c2d1fbbaf6d3","Red-breasted Merganser","count__did_active_0_14_day",0.0506268863775056
"B","unweighted","clustering_matrix","atx_6b4cfd1ab927","Horned Grebe","reporting__did_early_pre",0.616824728122741
"B","unweighted","clustering_matrix","atx_6b4cfd1ab927","Horned Grebe","reporting__did_immediate_pre",1.0868312453293
"B","unweighted","clustering_matrix","atx_6b4cfd1ab927","Horned Grebe","reporting__did_spawn_start",-0.580194167532006
"B","unweighted","clustering_matrix","atx_6b4cfd1ab927","Horned Grebe","reporting__did_early_egg",-0.25462779106378
"B","unweighted","clustering_matrix","atx_6b4cfd1ab927","Horned Grebe","reporting__did_late_egg",-0.0736312113244115
"B","unweighted","clustering_matrix","atx_6b4cfd1ab927","Horned Grebe","reporting__did_active_0_14_day",-0.360688660673814
"B","unweighted","clustering_matrix","atx_6b4cfd1ab927","Horned Grebe","count__did_early_pre",-0.615345122924729
"B","unweighted","clustering_matrix","atx_6b4cfd1ab927","Horned Grebe","count__did_immediate_pre",-0.710989431811007
"B","unweighted","clustering_matrix","atx_6b4cfd1ab927","Horned Grebe","count__did_spawn_start",-1.09837134505666
"B","unweighted","clustering_matrix","atx_6b4cfd1ab927","Horned Grebe","count__did_early_egg",-0.85796460614278
"B","unweighted","clustering_matrix","atx_6b4cfd1ab927","Horned Grebe","count__did_late_egg",-1.31361574985549
"B","unweighted","clustering_matrix","atx_6b4cfd1ab927","Horned Grebe","count__did_active_0_14_day",-0.975430312477217
"B","unweighted","clustering_matrix","atx_87b306550dba","Harlequin Duck","reporting__did_early_pre",-0.144074861300359
"B","unweighted","clustering_matrix","atx_87b306550dba","Harlequin Duck","reporting__did_immediate_pre",-0.82703980546704
"B","unweighted","clustering_matrix","atx_87b306550dba","Harlequin Duck","reporting__did_spawn_start",0.302481678637469
"B","unweighted","clustering_matrix","atx_87b306550dba","Harlequin Duck","reporting__did_early_egg",0.301734401836076
"B","unweighted","clustering_matrix","atx_87b306550dba","Harlequin Duck","reporting__did_late_egg",0.732816247477542
"B","unweighted","clustering_matrix","atx_87b306550dba","Harlequin Duck","reporting__did_active_0_14_day",0.313601908439119
"B","unweighted","clustering_matrix","atx_87b306550dba","Harlequin Duck","count__did_early_pre",-0.244927705650358
"B","unweighted","clustering_matrix","atx_87b306550dba","Harlequin Duck","count__did_immediate_pre",0.267483284597992
"B","unweighted","clustering_matrix","atx_87b306550dba","Harlequin Duck","count__did_spawn_start",0.750754552359765
"B","unweighted","clustering_matrix","atx_87b306550dba","Harlequin Duck","count__did_early_egg",0.860420535971053
"B","unweighted","clustering_matrix","atx_87b306550dba","Harlequin Duck","count__did_late_egg",0.289452575309601
"B","unweighted","clustering_matrix","atx_87b306550dba","Harlequin Duck","count__did_active_0_14_day",0.897592432629778
"B","unweighted","clustering_matrix","atx_d7dd9536145c","Barrow's Goldeneye","reporting__did_early_pre",0.752789358884987
"B","unweighted","clustering_matrix","atx_d7dd9536145c","Barrow's Goldeneye","reporting__did_immediate_pre",-0.746261475559007
"B","unweighted","clustering_matrix","atx_d7dd9536145c","Barrow's Goldeneye","reporting__did_spawn_start",-0.419722607549949
"B","unweighted","clustering_matrix","atx_d7dd9536145c","Barrow's Goldeneye","reporting__did_early_egg",0.0782729842527616
"B","unweighted","clustering_matrix","atx_d7dd9536145c","Barrow's Goldeneye","reporting__did_late_egg",0.0239202052443488
"B","unweighted","clustering_matrix","atx_d7dd9536145c","Barrow's Goldeneye","reporting__did_active_0_14_day",-0.065905749804886
"B","unweighted","clustering_matrix","atx_d7dd9536145c","Barrow's Goldeneye","count__did_early_pre",-0.118661082973627
"B","unweighted","clustering_matrix","atx_d7dd9536145c","Barrow's Goldeneye","count__did_immediate_pre",-0.0653621649979523
"B","unweighted","clustering_matrix","atx_d7dd9536145c","Barrow's Goldeneye","count__did_spawn_start",-0.194050287571795
"B","unweighted","clustering_matrix","atx_d7dd9536145c","Barrow's Goldeneye","count__did_early_egg",0.116551323956066
"B","unweighted","clustering_matrix","atx_d7dd9536145c","Barrow's Goldeneye","count__did_late_egg",0.830234237153158
"B","unweighted","clustering_matrix","atx_d7dd9536145c","Barrow's Goldeneye","count__did_active_0_14_day",0.0536027982546721
"B","unweighted","clustering_matrix","atx_d002764a39e8","Lesser Scaup","reporting__did_early_pre",-0.122008402433329
"B","unweighted","clustering_matrix","atx_d002764a39e8","Lesser Scaup","reporting__did_immediate_pre",-0.0896610264204815
"B","unweighted","clustering_matrix","atx_d002764a39e8","Lesser Scaup","reporting__did_spawn_start",0.672252727698688
"B","unweighted","clustering_matrix","atx_d002764a39e8","Lesser Scaup","reporting__did_early_egg",1.3488494160739
"B","unweighted","clustering_matrix","atx_d002764a39e8","Lesser Scaup","reporting__did_late_egg",0.97010709651671
"B","unweighted","clustering_matrix","atx_d002764a39e8","Lesser Scaup","reporting__did_active_0_14_day",1.20092177272473
"B","unweighted","clustering_matrix","atx_d002764a39e8","Lesser Scaup","count__did_early_pre",0.79351540792096
"B","unweighted","clustering_matrix","atx_d002764a39e8","Lesser Scaup","count__did_immediate_pre",-0.00632272494086853
"B","unweighted","clustering_matrix","atx_d002764a39e8","Lesser Scaup","count__did_spawn_start",-1.44620327415147
"B","unweighted","clustering_matrix","atx_d002764a39e8","Lesser Scaup","count__did_early_egg",0.710377031001032
"B","unweighted","clustering_matrix","atx_d002764a39e8","Lesser Scaup","count__did_late_egg",0.771813890480703
"B","unweighted","clustering_matrix","atx_d002764a39e8","Lesser Scaup","count__did_active_0_14_day",0.266142688901383
"B","unweighted","clustering_matrix","atx_86eda7ed9025","Red-necked Grebe","reporting__did_early_pre",0.131166524993621
"B","unweighted","clustering_matrix","atx_86eda7ed9025","Red-necked Grebe","reporting__did_immediate_pre",1.27853329956863
"B","unweighted","clustering_matrix","atx_86eda7ed9025","Red-necked Grebe","reporting__did_spawn_start",0.294858830724041
"B","unweighted","clustering_matrix","atx_86eda7ed9025","Red-necked Grebe","reporting__did_early_egg",0.551590731870604
"B","unweighted","clustering_matrix","atx_86eda7ed9025","Red-necked Grebe","reporting__did_late_egg",1.49004386359139
"B","unweighted","clustering_matrix","atx_86eda7ed9025","Red-necked Grebe","reporting__did_active_0_14_day",0.496995461548126
"B","unweighted","clustering_matrix","atx_86eda7ed9025","Red-necked Grebe","count__did_early_pre",0.433725698656018
"B","unweighted","clustering_matrix","atx_86eda7ed9025","Red-necked Grebe","count__did_immediate_pre",-0.614965983744141
"B","unweighted","clustering_matrix","atx_86eda7ed9025","Red-necked Grebe","count__did_spawn_start",-0.502584340113039
"B","unweighted","clustering_matrix","atx_86eda7ed9025","Red-necked Grebe","count__did_early_egg",-0.624595580836908
"B","unweighted","clustering_matrix","atx_86eda7ed9025","Red-necked Grebe","count__did_late_egg",-0.572076740506885
"B","unweighted","clustering_matrix","atx_86eda7ed9025","Red-necked Grebe","count__did_active_0_14_day",-0.641832195591255
"B","unweighted","clustering_matrix","atx_c12b832d2b03","California Gull","reporting__did_early_pre",-0.724734406339357
"B","unweighted","clustering_matrix","atx_c12b832d2b03","California Gull","reporting__did_immediate_pre",-0.921944402329087
"B","unweighted","clustering_matrix","atx_c12b832d2b03","California Gull","reporting__did_spawn_start",1.92829829663149
"B","unweighted","clustering_matrix","atx_c12b832d2b03","California Gull","reporting__did_early_egg",0.690106960675673
"B","unweighted","clustering_matrix","atx_c12b832d2b03","California Gull","reporting__did_late_egg",-0.04732679061804
"B","unweighted","clustering_matrix","atx_c12b832d2b03","California Gull","reporting__did_active_0_14_day",1.08273503229186
"B","unweighted","clustering_matrix","atx_c12b832d2b03","California Gull","count__did_early_pre",0.487638756042203
"B","unweighted","clustering_matrix","atx_c12b832d2b03","California Gull","count__did_immediate_pre",0.735348099488226
"B","unweighted","clustering_matrix","atx_c12b832d2b03","California Gull","count__did_spawn_start",1.03784150214665
"B","unweighted","clustering_matrix","atx_c12b832d2b03","California Gull","count__did_early_egg",0.79368439054428
"B","unweighted","clustering_matrix","atx_c12b832d2b03","California Gull","count__did_late_egg",0.957858961261742
"B","unweighted","clustering_matrix","atx_c12b832d2b03","California Gull","count__did_active_0_14_day",0.907351846713548
"B","unweighted","clustering_matrix","atx_8608f2ed61cf","Pigeon Guillemot","reporting__did_early_pre",-1.40924845651334
"B","unweighted","clustering_matrix","atx_8608f2ed61cf","Pigeon Guillemot","reporting__did_immediate_pre",-0.505099427952892
"B","unweighted","clustering_matrix","atx_8608f2ed61cf","Pigeon Guillemot","reporting__did_spawn_start",-0.991426584131662
"B","unweighted","clustering_matrix","atx_8608f2ed61cf","Pigeon Guillemot","reporting__did_early_egg",-0.876304138934698
"B","unweighted","clustering_matrix","atx_8608f2ed61cf","Pigeon Guillemot","reporting__did_late_egg",-0.112828120338598
"B","unweighted","clustering_matrix","atx_8608f2ed61cf","Pigeon Guillemot","reporting__did_active_0_14_day",-0.944156993346494
"B","unweighted","clustering_matrix","atx_8608f2ed61cf","Pigeon Guillemot","count__did_early_pre",-0.525532510874239
"B","unweighted","clustering_matrix","atx_8608f2ed61cf","Pigeon Guillemot","count__did_immediate_pre",-0.340739770634052
"B","unweighted","clustering_matrix","atx_8608f2ed61cf","Pigeon Guillemot","count__did_spawn_start",-0.963007111120564
"B","unweighted","clustering_matrix","atx_8608f2ed61cf","Pigeon Guillemot","count__did_early_egg",-0.717706315356574
"B","unweighted","clustering_matrix","atx_8608f2ed61cf","Pigeon Guillemot","count__did_late_egg",-0.472771019271162
"B","unweighted","clustering_matrix","atx_8608f2ed61cf","Pigeon Guillemot","count__did_active_0_14_day",-0.826128214995829
"B","unweighted","clustering_matrix","atx_c34f23342a55","Pacific Loon","reporting__did_early_pre",-0.357878339005211
"B","unweighted","clustering_matrix","atx_c34f23342a55","Pacific Loon","reporting__did_immediate_pre",0.0733308417827144
"B","unweighted","clustering_matrix","atx_c34f23342a55","Pacific Loon","reporting__did_spawn_start",-0.796316087749531
"B","unweighted","clustering_matrix","atx_c34f23342a55","Pacific Loon","reporting__did_early_egg",-0.88469481714282
"B","unweighted","clustering_matrix","atx_c34f23342a55","Pacific Loon","reporting__did_late_egg",-0.259189237508188
"B","unweighted","clustering_matrix","atx_c34f23342a55","Pacific Loon","reporting__did_active_0_14_day",-0.892719664380069
"B","unweighted","clustering_matrix","atx_c34f23342a55","Pacific Loon","count__did_early_pre",-0.816469019092722
"B","unweighted","clustering_matrix","atx_c34f23342a55","Pacific Loon","count__did_immediate_pre",-0.533106800401011
"B","unweighted","clustering_matrix","atx_c34f23342a55","Pacific Loon","count__did_spawn_start",0.812428461575381
"B","unweighted","clustering_matrix","atx_c34f23342a55","Pacific Loon","count__did_early_egg",-0.120278993535631
"B","unweighted","clustering_matrix","atx_c34f23342a55","Pacific Loon","count__did_late_egg",0.174791938307103
"B","unweighted","clustering_matrix","atx_c34f23342a55","Pacific Loon","count__did_active_0_14_day",0.0854038980775145
"B","unweighted","clustering_matrix","atx_v2_000003","Dunlin","reporting__did_early_pre",0.39880031499282
"B","unweighted","clustering_matrix","atx_v2_000003","Dunlin","reporting__did_immediate_pre",-0.688092639238268
"B","unweighted","clustering_matrix","atx_v2_000003","Dunlin","reporting__did_spawn_start",-1.00515380924898
"B","unweighted","clustering_matrix","atx_v2_000003","Dunlin","reporting__did_early_egg",-0.626916277625102
"B","unweighted","clustering_matrix","atx_v2_000003","Dunlin","reporting__did_late_egg",-1.1142826799671
"B","unweighted","clustering_matrix","atx_v2_000003","Dunlin","reporting__did_active_0_14_day",-0.762915880904709
"B","unweighted","clustering_matrix","atx_v2_000003","Dunlin","count__did_early_pre",-0.865409203462469
"B","unweighted","clustering_matrix","atx_v2_000003","Dunlin","count__did_immediate_pre",-0.359400108554247
"B","unweighted","clustering_matrix","atx_v2_000003","Dunlin","count__did_spawn_start",-1.19326844373138
"B","unweighted","clustering_matrix","atx_v2_000003","Dunlin","count__did_early_egg",-0.806407666209139
"B","unweighted","clustering_matrix","atx_v2_000003","Dunlin","count__did_late_egg",-0.648116831688065
"B","unweighted","clustering_matrix","atx_v2_000003","Dunlin","count__did_active_0_14_day",-0.95380112411136
"B","unweighted","clustering_matrix","atx_3083477933a8","White-winged Scoter","reporting__did_early_pre",-2.18238570004848
"B","unweighted","clustering_matrix","atx_3083477933a8","White-winged Scoter","reporting__did_immediate_pre",-1.90935795432113
"B","unweighted","clustering_matrix","atx_3083477933a8","White-winged Scoter","reporting__did_spawn_start",-0.846990347617742
"B","unweighted","clustering_matrix","atx_3083477933a8","White-winged Scoter","reporting__did_early_egg",-0.941006794550288
"B","unweighted","clustering_matrix","atx_3083477933a8","White-winged Scoter","reporting__did_late_egg",-1.03102400243319
"B","unweighted","clustering_matrix","atx_3083477933a8","White-winged Scoter","reporting__did_active_0_14_day",-0.949538799164962
"B","unweighted","clustering_matrix","atx_3083477933a8","White-winged Scoter","count__did_early_pre",1.60749122379394
"B","unweighted","clustering_matrix","atx_3083477933a8","White-winged Scoter","count__did_immediate_pre",0.851369134598213
"B","unweighted","clustering_matrix","atx_3083477933a8","White-winged Scoter","count__did_spawn_start",0.453390570918473
"B","unweighted","clustering_matrix","atx_3083477933a8","White-winged Scoter","count__did_early_egg",1.61218734815818
"B","unweighted","clustering_matrix","atx_3083477933a8","White-winged Scoter","count__did_late_egg",-0.423796383874887
"B","unweighted","clustering_matrix","atx_3083477933a8","White-winged Scoter","count__did_active_0_14_day",1.46269716089783
"B","unweighted","clustering_matrix","atx_aa5353f6d6d2","Iceland Gull","reporting__did_early_pre",1.46341979521668
"B","unweighted","clustering_matrix","atx_aa5353f6d6d2","Iceland Gull","reporting__did_immediate_pre",1.35724924468668
"B","unweighted","clustering_matrix","atx_aa5353f6d6d2","Iceland Gull","reporting__did_spawn_start",2.54524684455546
"B","unweighted","clustering_matrix","atx_aa5353f6d6d2","Iceland Gull","reporting__did_early_egg",1.94377040537497
"B","unweighted","clustering_matrix","atx_aa5353f6d6d2","Iceland Gull","reporting__did_late_egg",1.50134672635844
"B","unweighted","clustering_matrix","atx_aa5353f6d6d2","Iceland Gull","reporting__did_active_0_14_day",2.19658521385205
"B","unweighted","clustering_matrix","atx_aa5353f6d6d2","Iceland Gull","count__did_early_pre",1.87477502214821
"B","unweighted","clustering_matrix","atx_aa5353f6d6d2","Iceland Gull","count__did_immediate_pre",2.12440917344292
"B","unweighted","clustering_matrix","atx_aa5353f6d6d2","Iceland Gull","count__did_spawn_start",1.68063701377076
"B","unweighted","clustering_matrix","atx_aa5353f6d6d2","Iceland Gull","count__did_early_egg",1.70581153871203
"B","unweighted","clustering_matrix","atx_aa5353f6d6d2","Iceland Gull","count__did_late_egg",0.32490094077641
"B","unweighted","clustering_matrix","atx_aa5353f6d6d2","Iceland Gull","count__did_active_0_14_day",1.82369701301177
"B","unweighted","clustering_matrix","atx_08bb40b40c0a","Ring-billed Gull","reporting__did_early_pre",-2.67303349199437
"B","unweighted","clustering_matrix","atx_08bb40b40c0a","Ring-billed Gull","reporting__did_immediate_pre",-2.24623941383943
"B","unweighted","clustering_matrix","atx_08bb40b40c0a","Ring-billed Gull","reporting__did_spawn_start",-1.58230811168527
"B","unweighted","clustering_matrix","atx_08bb40b40c0a","Ring-billed Gull","reporting__did_early_egg",-1.99896927332665
"B","unweighted","clustering_matrix","atx_08bb40b40c0a","Ring-billed Gull","reporting__did_late_egg",-3.94293431188399
"B","unweighted","clustering_matrix","atx_08bb40b40c0a","Ring-billed Gull","reporting__did_active_0_14_day",-1.95296857783851
"B","unweighted","clustering_matrix","atx_08bb40b40c0a","Ring-billed Gull","count__did_early_pre",-2.95306257252372
"B","unweighted","clustering_matrix","atx_08bb40b40c0a","Ring-billed Gull","count__did_immediate_pre",-2.44400202333719
"B","unweighted","clustering_matrix","atx_08bb40b40c0a","Ring-billed Gull","count__did_spawn_start",-1.75160214592071
"B","unweighted","clustering_matrix","atx_08bb40b40c0a","Ring-billed Gull","count__did_early_egg",-2.24840843222697
"B","unweighted","clustering_matrix","atx_08bb40b40c0a","Ring-billed Gull","count__did_late_egg",-1.32211618607428
"B","unweighted","clustering_matrix","atx_08bb40b40c0a","Ring-billed Gull","count__did_active_0_14_day",-2.29721764823918
"B","unweighted","clustering_matrix","atx_4ae57d328ec6","Greater Scaup","reporting__did_early_pre",0.815733536966114
"B","unweighted","clustering_matrix","atx_4ae57d328ec6","Greater Scaup","reporting__did_immediate_pre",-0.215328499453599
"B","unweighted","clustering_matrix","atx_4ae57d328ec6","Greater Scaup","reporting__did_spawn_start",0.602407468605317
"B","unweighted","clustering_matrix","atx_4ae57d328ec6","Greater Scaup","reporting__did_early_egg",0.589757347116752
"B","unweighted","clustering_matrix","atx_4ae57d328ec6","Greater Scaup","reporting__did_late_egg",0.472805916217955
"B","unweighted","clustering_matrix","atx_4ae57d328ec6","Greater Scaup","reporting__did_active_0_14_day",0.616260530507013
"B","unweighted","clustering_matrix","atx_4ae57d328ec6","Greater Scaup","count__did_early_pre",0.259829458038743
"B","unweighted","clustering_matrix","atx_4ae57d328ec6","Greater Scaup","count__did_immediate_pre",-0.231539337820709
"B","unweighted","clustering_matrix","atx_4ae57d328ec6","Greater Scaup","count__did_spawn_start",-0.539240952651012
"B","unweighted","clustering_matrix","atx_4ae57d328ec6","Greater Scaup","count__did_early_egg",0.821415511306434
"B","unweighted","clustering_matrix","atx_4ae57d328ec6","Greater Scaup","count__did_late_egg",2.82276975036331
"B","unweighted","clustering_matrix","atx_4ae57d328ec6","Greater Scaup","count__did_active_0_14_day",0.568192017335531
"B","unweighted","clustering_matrix","atx_15dd5efcd8d6","Black Turnstone","reporting__did_early_pre",1.8106489935061
"B","unweighted","clustering_matrix","atx_15dd5efcd8d6","Black Turnstone","reporting__did_immediate_pre",0.68996890855501
"B","unweighted","clustering_matrix","atx_15dd5efcd8d6","Black Turnstone","reporting__did_spawn_start",-0.215495174173676
"B","unweighted","clustering_matrix","atx_15dd5efcd8d6","Black Turnstone","reporting__did_early_egg",0.0403754577312096
"B","unweighted","clustering_matrix","atx_15dd5efcd8d6","Black Turnstone","reporting__did_late_egg",-1.18847975181991
"B","unweighted","clustering_matrix","atx_15dd5efcd8d6","Black Turnstone","reporting__did_active_0_14_day",-0.0336975932370118
"B","unweighted","clustering_matrix","atx_15dd5efcd8d6","Black Turnstone","count__did_early_pre",-0.0763460067578934
"B","unweighted","clustering_matrix","atx_15dd5efcd8d6","Black Turnstone","count__did_immediate_pre",0.315063251862907
"B","unweighted","clustering_matrix","atx_15dd5efcd8d6","Black Turnstone","count__did_spawn_start",-0.0354171539032934
"B","unweighted","clustering_matrix","atx_15dd5efcd8d6","Black Turnstone","count__did_early_egg",0.436943108433663
"B","unweighted","clustering_matrix","atx_15dd5efcd8d6","Black Turnstone","count__did_late_egg",-0.57638945997487
"B","unweighted","clustering_matrix","atx_15dd5efcd8d6","Black Turnstone","count__did_active_0_14_day",0.360039423669343
"B","unweighted","clustering_matrix","atx_fadb8da1a816","Bonaparte's Gull","reporting__did_early_pre",-0.376194494472202
"B","unweighted","clustering_matrix","atx_fadb8da1a816","Bonaparte's Gull","reporting__did_immediate_pre",-0.846674768559134
"B","unweighted","clustering_matrix","atx_fadb8da1a816","Bonaparte's Gull","reporting__did_spawn_start",0.827690314763483
"B","unweighted","clustering_matrix","atx_fadb8da1a816","Bonaparte's Gull","reporting__did_early_egg",2.3901759326029
"B","unweighted","clustering_matrix","atx_fadb8da1a816","Bonaparte's Gull","reporting__did_late_egg",1.91103800705763
"B","unweighted","clustering_matrix","atx_fadb8da1a816","Bonaparte's Gull","reporting__did_active_0_14_day",2.02058696304015
"B","unweighted","clustering_matrix","atx_fadb8da1a816","Bonaparte's Gull","count__did_early_pre",0.6459304753764
"B","unweighted","clustering_matrix","atx_fadb8da1a816","Bonaparte's Gull","count__did_immediate_pre",4.44125810499013
"B","unweighted","clustering_matrix","atx_fadb8da1a816","Bonaparte's Gull","count__did_spawn_start",2.42211063616175
"B","unweighted","clustering_matrix","atx_fadb8da1a816","Bonaparte's Gull","count__did_early_egg",2.32114158590125
"B","unweighted","clustering_matrix","atx_fadb8da1a816","Bonaparte's Gull","count__did_late_egg",3.13726111866482
"B","unweighted","clustering_matrix","atx_fadb8da1a816","Bonaparte's Gull","count__did_active_0_14_day",2.51263572590723
"B","unweighted","clustering_matrix","atx_v2_000006","Black-bellied Plover","reporting__did_early_pre",-0.747656492570264
"B","unweighted","clustering_matrix","atx_v2_000006","Black-bellied Plover","reporting__did_immediate_pre",-1.79907611487689
"B","unweighted","clustering_matrix","atx_v2_000006","Black-bellied Plover","reporting__did_spawn_start",-1.88376008369417
"B","unweighted","clustering_matrix","atx_v2_000006","Black-bellied Plover","reporting__did_early_egg",-1.31154219257512
"B","unweighted","clustering_matrix","atx_v2_000006","Black-bellied Plover","reporting__did_late_egg",-1.95717581603481
"B","unweighted","clustering_matrix","atx_v2_000006","Black-bellied Plover","reporting__did_active_0_14_day",-1.53130528756885
"B","unweighted","clustering_matrix","atx_v2_000006","Black-bellied Plover","count__did_early_pre",1.13216078817024
"B","unweighted","clustering_matrix","atx_v2_000006","Black-bellied Plover","count__did_immediate_pre",0.43680322006605
"B","unweighted","clustering_matrix","atx_v2_000006","Black-bellied Plover","count__did_spawn_start",-0.987645784629092
"B","unweighted","clustering_matrix","atx_v2_000006","Black-bellied Plover","count__did_early_egg",-0.3061400239722
"B","unweighted","clustering_matrix","atx_v2_000006","Black-bellied Plover","count__did_late_egg",-0.322864589144306
"B","unweighted","clustering_matrix","atx_v2_000006","Black-bellied Plover","count__did_active_0_14_day",-0.484994357978709
"B","unweighted","clustering_matrix","atx_59441ff7abde","Brant","reporting__did_early_pre",0.618554963701386
"B","unweighted","clustering_matrix","atx_59441ff7abde","Brant","reporting__did_immediate_pre",-1.49140123331909
"B","unweighted","clustering_matrix","atx_59441ff7abde","Brant","reporting__did_spawn_start",0.390114818429451
"B","unweighted","clustering_matrix","atx_59441ff7abde","Brant","reporting__did_early_egg",0.335508081802768
"B","unweighted","clustering_matrix","atx_59441ff7abde","Brant","reporting__did_late_egg",0.191134056721251
"B","unweighted","clustering_matrix","atx_59441ff7abde","Brant","reporting__did_active_0_14_day",0.364599260165847
"B","unweighted","clustering_matrix","atx_59441ff7abde","Brant","count__did_early_pre",0.344031620610348
"B","unweighted","clustering_matrix","atx_59441ff7abde","Brant","count__did_immediate_pre",-0.912051093349633
"B","unweighted","clustering_matrix","atx_59441ff7abde","Brant","count__did_spawn_start",-0.394306551497916
"B","unweighted","clustering_matrix","atx_59441ff7abde","Brant","count__did_early_egg",-0.333466586749724
"B","unweighted","clustering_matrix","atx_59441ff7abde","Brant","count__did_late_egg",0.0299313116155583
"B","unweighted","clustering_matrix","atx_59441ff7abde","Brant","count__did_active_0_14_day",-0.371628515592084
"B","unweighted","clustering_matrix","atx_acf526bb8010","Marbled Murrelet","reporting__did_early_pre",-1.94176711617251
"B","unweighted","clustering_matrix","atx_acf526bb8010","Marbled Murrelet","reporting__did_immediate_pre",2.22795352242638
"B","unweighted","clustering_matrix","atx_acf526bb8010","Marbled Murrelet","reporting__did_spawn_start",-0.915180196707795
"B","unweighted","clustering_matrix","atx_acf526bb8010","Marbled Murrelet","reporting__did_early_egg",-0.455969240365223
"B","unweighted","clustering_matrix","atx_acf526bb8010","Marbled Murrelet","reporting__did_late_egg",-0.759620610789648
"B","unweighted","clustering_matrix","atx_acf526bb8010","Marbled Murrelet","reporting__did_active_0_14_day",-0.609304995398242
"B","unweighted","clustering_matrix","atx_acf526bb8010","Marbled Murrelet","count__did_early_pre",0.957031576085656
"B","unweighted","clustering_matrix","atx_acf526bb8010","Marbled Murrelet","count__did_immediate_pre",0.246294778994844
"B","unweighted","clustering_matrix","atx_acf526bb8010","Marbled Murrelet","count__did_spawn_start",-0.679406657691313
"B","unweighted","clustering_matrix","atx_acf526bb8010","Marbled Murrelet","count__did_early_egg",0.561959843149522
"B","unweighted","clustering_matrix","atx_acf526bb8010","Marbled Murrelet","count__did_late_egg",-0.435554504440239
"B","unweighted","clustering_matrix","atx_acf526bb8010","Marbled Murrelet","count__did_active_0_14_day",0.317347058254228
"B","unweighted","clustering_matrix","atx_40f730f5ad72","Long-tailed Duck","reporting__did_early_pre",0.394424943869685
"B","unweighted","clustering_matrix","atx_40f730f5ad72","Long-tailed Duck","reporting__did_immediate_pre",-0.67431015239045
"B","unweighted","clustering_matrix","atx_40f730f5ad72","Long-tailed Duck","reporting__did_spawn_start",-0.402952930039302
"B","unweighted","clustering_matrix","atx_40f730f5ad72","Long-tailed Duck","reporting__did_early_egg",0.732336803500674
"B","unweighted","clustering_matrix","atx_40f730f5ad72","Long-tailed Duck","reporting__did_late_egg",0.49463970986327
"B","unweighted","clustering_matrix","atx_40f730f5ad72","Long-tailed Duck","reporting__did_active_0_14_day",0.425029690639809
"B","unweighted","clustering_matrix","atx_40f730f5ad72","Long-tailed Duck","count__did_early_pre",0.513660104801696
"B","unweighted","clustering_matrix","atx_40f730f5ad72","Long-tailed Duck","count__did_immediate_pre",0.221323626040523
"B","unweighted","clustering_matrix","atx_40f730f5ad72","Long-tailed Duck","count__did_spawn_start",1.39792425374461
"B","unweighted","clustering_matrix","atx_40f730f5ad72","Long-tailed Duck","count__did_early_egg",2.67084560614305
"B","unweighted","clustering_matrix","atx_40f730f5ad72","Long-tailed Duck","count__did_late_egg",2.43430524508865
"B","unweighted","clustering_matrix","atx_40f730f5ad72","Long-tailed Duck","count__did_active_0_14_day",2.57187476799094
"B","unweighted","clustering_matrix","atx_98ca0000b734","Brandt's Cormorant","reporting__did_early_pre",0.515403932714233
"B","unweighted","clustering_matrix","atx_98ca0000b734","Brandt's Cormorant","reporting__did_immediate_pre",0.176472885624345
"B","unweighted","clustering_matrix","atx_98ca0000b734","Brandt's Cormorant","reporting__did_spawn_start",-0.00947792187560857
"B","unweighted","clustering_matrix","atx_98ca0000b734","Brandt's Cormorant","reporting__did_early_egg",-0.341204286760305
"B","unweighted","clustering_matrix","atx_98ca0000b734","Brandt's Cormorant","reporting__did_late_egg",0.70026381464445
"B","unweighted","clustering_matrix","atx_98ca0000b734","Brandt's Cormorant","reporting__did_active_0_14_day",-0.256321093778985
"B","unweighted","clustering_matrix","atx_98ca0000b734","Brandt's Cormorant","count__did_early_pre",0.672444634082854
"B","unweighted","clustering_matrix","atx_98ca0000b734","Brandt's Cormorant","count__did_immediate_pre",0.0794253937710045
"B","unweighted","clustering_matrix","atx_98ca0000b734","Brandt's Cormorant","count__did_spawn_start",0.0954968013027714
"B","unweighted","clustering_matrix","atx_98ca0000b734","Brandt's Cormorant","count__did_early_egg",-0.301234672329867
"B","unweighted","clustering_matrix","atx_98ca0000b734","Brandt's Cormorant","count__did_late_egg",0.138190700914121
"B","unweighted","clustering_matrix","atx_98ca0000b734","Brandt's Cormorant","count__did_active_0_14_day",-0.231876972164707
"B","unweighted","clustering_matrix","atx_136b0e66254b","Common Murre","reporting__did_early_pre",1.26982250773783
"B","unweighted","clustering_matrix","atx_136b0e66254b","Common Murre","reporting__did_immediate_pre",-0.335455714359229
"B","unweighted","clustering_matrix","atx_136b0e66254b","Common Murre","reporting__did_spawn_start",-1.12027211596306
"B","unweighted","clustering_matrix","atx_136b0e66254b","Common Murre","reporting__did_early_egg",-1.06741593210697
"B","unweighted","clustering_matrix","atx_136b0e66254b","Common Murre","reporting__did_late_egg",0.472616232720349
"B","unweighted","clustering_matrix","atx_136b0e66254b","Common Murre","reporting__did_active_0_14_day",-1.12424052800144
"B","unweighted","clustering_matrix","atx_136b0e66254b","Common Murre","count__did_early_pre",-0.780721219904394
"B","unweighted","clustering_matrix","atx_136b0e66254b","Common Murre","count__did_immediate_pre",1.75708736383992
"B","unweighted","clustering_matrix","atx_136b0e66254b","Common Murre","count__did_spawn_start",0.782604646554492
"B","unweighted","clustering_matrix","atx_136b0e66254b","Common Murre","count__did_early_egg",-2.10660435615439
"B","unweighted","clustering_matrix","atx_136b0e66254b","Common Murre","count__did_late_egg",0.0622853308865766
"B","unweighted","clustering_matrix","atx_136b0e66254b","Common Murre","count__did_active_0_14_day",-1.59518663888734
"B","unweighted","clustering_matrix","atx_7571c026ae99","American Herring Gull","reporting__did_early_pre",1.07840076097248
"B","unweighted","clustering_matrix","atx_7571c026ae99","American Herring Gull","reporting__did_immediate_pre",0.871450085571803
"B","unweighted","clustering_matrix","atx_7571c026ae99","American Herring Gull","reporting__did_spawn_start",2.30961231745067
"B","unweighted","clustering_matrix","atx_7571c026ae99","American Herring Gull","reporting__did_early_egg",2.40800525889891
"B","unweighted","clustering_matrix","atx_7571c026ae99","American Herring Gull","reporting__did_late_egg",1.64488571754488
"B","unweighted","clustering_matrix","atx_7571c026ae99","American Herring Gull","reporting__did_active_0_14_day",2.47186819804834
"B","unweighted","clustering_matrix","atx_7571c026ae99","American Herring Gull","count__did_early_pre",-0.924287310918457
"B","unweighted","clustering_matrix","atx_7571c026ae99","American Herring Gull","count__did_immediate_pre",-1.18182526601201
"B","unweighted","clustering_matrix","atx_7571c026ae99","American Herring Gull","count__did_spawn_start",-1.27972379292199
"B","unweighted","clustering_matrix","atx_7571c026ae99","American Herring Gull","count__did_early_egg",-1.00941547854265
"B","unweighted","clustering_matrix","atx_7571c026ae99","American Herring Gull","count__did_late_egg",-1.86645602711694
"B","unweighted","clustering_matrix","atx_7571c026ae99","American Herring Gull","count__did_active_0_14_day",-1.14473499719057
"B","unweighted","clustering_matrix","atx_1328b44be502","Black Scoter","reporting__did_early_pre",-1.84604018735103
"B","unweighted","clustering_matrix","atx_1328b44be502","Black Scoter","reporting__did_immediate_pre",-0.836619033986609
"B","unweighted","clustering_matrix","atx_1328b44be502","Black Scoter","reporting__did_spawn_start",-0.533096667878644
"B","unweighted","clustering_matrix","atx_1328b44be502","Black Scoter","reporting__did_early_egg",-0.0536068678934578
"B","unweighted","clustering_matrix","atx_1328b44be502","Black Scoter","reporting__did_late_egg",0.542266047917072
"B","unweighted","clustering_matrix","atx_1328b44be502","Black Scoter","reporting__did_active_0_14_day",-0.19740598918358
"B","unweighted","clustering_matrix","atx_1328b44be502","Black Scoter","count__did_early_pre",1.7678277746924
"B","unweighted","clustering_matrix","atx_1328b44be502","Black Scoter","count__did_immediate_pre",0.517405422046746
"B","unweighted","clustering_matrix","atx_1328b44be502","Black Scoter","count__did_spawn_start",-0.758385608121096
"B","unweighted","clustering_matrix","atx_1328b44be502","Black Scoter","count__did_early_egg",0.389789363422789
"B","unweighted","clustering_matrix","atx_1328b44be502","Black Scoter","count__did_late_egg",-0.587007146375152
"B","unweighted","clustering_matrix","atx_1328b44be502","Black Scoter","count__did_active_0_14_day",0.154116222225335
"B","unweighted","clustering_matrix","atx_04cf65098f13","Red-throated Loon","reporting__did_early_pre",0.831597467124748
"B","unweighted","clustering_matrix","atx_04cf65098f13","Red-throated Loon","reporting__did_immediate_pre",-0.224560684176128
"B","unweighted","clustering_matrix","atx_04cf65098f13","Red-throated Loon","reporting__did_spawn_start",0.361272136873261
"B","unweighted","clustering_matrix","atx_04cf65098f13","Red-throated Loon","reporting__did_early_egg",-0.48106812729383
"B","unweighted","clustering_matrix","atx_04cf65098f13","Red-throated Loon","reporting__did_late_egg",0.310452970762539
"B","unweighted","clustering_matrix","atx_04cf65098f13","Red-throated Loon","reporting__did_active_0_14_day",-0.250653759554053
"B","unweighted","clustering_matrix","atx_04cf65098f13","Red-throated Loon","count__did_early_pre",0.344887833804838
"B","unweighted","clustering_matrix","atx_04cf65098f13","Red-throated Loon","count__did_immediate_pre",-1.17043521759355
"B","unweighted","clustering_matrix","atx_04cf65098f13","Red-throated Loon","count__did_spawn_start",-1.06529352521831
"B","unweighted","clustering_matrix","atx_04cf65098f13","Red-throated Loon","count__did_early_egg",-0.500686632408216
"B","unweighted","clustering_matrix","atx_04cf65098f13","Red-throated Loon","count__did_late_egg",0.253497680481513
"B","unweighted","clustering_matrix","atx_04cf65098f13","Red-throated Loon","count__did_active_0_14_day",-0.666773955965418
"B","unweighted","clustering_matrix","atx_ebf17f77fb66","Western Grebe","reporting__did_early_pre",1.75716113872586
"B","unweighted","clustering_matrix","atx_ebf17f77fb66","Western Grebe","reporting__did_immediate_pre",-1.92143442279475
"B","unweighted","clustering_matrix","atx_ebf17f77fb66","Western Grebe","reporting__did_spawn_start",-2.37919713961595
"B","unweighted","clustering_matrix","atx_ebf17f77fb66","Western Grebe","reporting__did_early_egg",-2.28493438750159
"B","unweighted","clustering_matrix","atx_ebf17f77fb66","Western Grebe","reporting__did_late_egg",-0.516538810162238
"B","unweighted","clustering_matrix","atx_ebf17f77fb66","Western Grebe","reporting__did_active_0_14_day",-2.40099304127766
"B","unweighted","clustering_matrix","atx_ebf17f77fb66","Western Grebe","count__did_early_pre",-3.82145993865477
"B","unweighted","clustering_matrix","atx_ebf17f77fb66","Western Grebe","count__did_immediate_pre",-1.33538292783394
"B","unweighted","clustering_matrix","atx_ebf17f77fb66","Western Grebe","count__did_spawn_start",-1.95160467126164
"B","unweighted","clustering_matrix","atx_ebf17f77fb66","Western Grebe","count__did_early_egg",-1.15406350034435
"B","unweighted","clustering_matrix","atx_ebf17f77fb66","Western Grebe","count__did_late_egg",0.0327129844847368
"B","unweighted","clustering_matrix","atx_ebf17f77fb66","Western Grebe","count__did_active_0_14_day",-1.42106608455804
"B","unweighted","clustering_matrix","atx_5a9a3495d0ea","Western Gull","reporting__did_early_pre",-0.626202560057637
"B","unweighted","clustering_matrix","atx_5a9a3495d0ea","Western Gull","reporting__did_immediate_pre",1.83942314870014
"B","unweighted","clustering_matrix","atx_5a9a3495d0ea","Western Gull","reporting__did_spawn_start",-0.222224518577118
"B","unweighted","clustering_matrix","atx_5a9a3495d0ea","Western Gull","reporting__did_early_egg",1.6064153121373
"B","unweighted","clustering_matrix","atx_5a9a3495d0ea","Western Gull","reporting__did_late_egg",0.851325300853616
"B","unweighted","clustering_matrix","atx_5a9a3495d0ea","Western Gull","reporting__did_active_0_14_day",1.12790285538326
"B","unweighted","clustering_matrix","atx_5a9a3495d0ea","Western Gull","count__did_early_pre",-0.550184490386686
"B","unweighted","clustering_matrix","atx_5a9a3495d0ea","Western Gull","count__did_immediate_pre",0.295128294037879
"B","unweighted","clustering_matrix","atx_5a9a3495d0ea","Western Gull","count__did_spawn_start",0.596822353407028
"B","unweighted","clustering_matrix","atx_5a9a3495d0ea","Western Gull","count__did_early_egg",-0.332700822622167
"B","unweighted","clustering_matrix","atx_5a9a3495d0ea","Western Gull","count__did_late_egg",-0.714713588948844
"B","unweighted","clustering_matrix","atx_5a9a3495d0ea","Western Gull","count__did_active_0_14_day",-0.143150620821839
"B","inverse_variance","clustering_matrix","atx_c9db024faf12","American Crow","reporting__did_early_pre",-1.00482647957114
"B","inverse_variance","clustering_matrix","atx_c9db024faf12","American Crow","reporting__did_immediate_pre",0.599021618807386
"B","inverse_variance","clustering_matrix","atx_c9db024faf12","American Crow","reporting__did_spawn_start",-0.338025388957604
"B","inverse_variance","clustering_matrix","atx_c9db024faf12","American Crow","reporting__did_early_egg",-0.383087088702413
"B","inverse_variance","clustering_matrix","atx_c9db024faf12","American Crow","reporting__did_late_egg",-1.46129127547211
"B","inverse_variance","clustering_matrix","atx_c9db024faf12","American Crow","reporting__did_active_0_14_day",-0.384838304947266
"B","inverse_variance","clustering_matrix","atx_c9db024faf12","American Crow","count__did_early_pre",0.475817622897667
"B","inverse_variance","clustering_matrix","atx_c9db024faf12","American Crow","count__did_immediate_pre",-1.02468688386773
"B","inverse_variance","clustering_matrix","atx_c9db024faf12","American Crow","count__did_spawn_start",-1.16042305136511
"B","inverse_variance","clustering_matrix","atx_c9db024faf12","American Crow","count__did_early_egg",-1.3052088382887
"B","inverse_variance","clustering_matrix","atx_c9db024faf12","American Crow","count__did_late_egg",-1.57760271577909
"B","inverse_variance","clustering_matrix","atx_c9db024faf12","American Crow","count__did_active_0_14_day",-1.3578117588088
"B","inverse_variance","clustering_matrix","atx_725074cbfcb6","Glaucous-winged Gull","reporting__did_early_pre",-0.268023419446028
"B","inverse_variance","clustering_matrix","atx_725074cbfcb6","Glaucous-winged Gull","reporting__did_immediate_pre",-0.0500454848999708
"B","inverse_variance","clustering_matrix","atx_725074cbfcb6","Glaucous-winged Gull","reporting__did_spawn_start",1.04487477141608
"B","inverse_variance","clustering_matrix","atx_725074cbfcb6","Glaucous-winged Gull","reporting__did_early_egg",0.474155450845027
"B","inverse_variance","clustering_matrix","atx_725074cbfcb6","Glaucous-winged Gull","reporting__did_late_egg",-0.454046885111597
"B","inverse_variance","clustering_matrix","atx_725074cbfcb6","Glaucous-winged Gull","reporting__did_active_0_14_day",0.677122538913135
"B","inverse_variance","clustering_matrix","atx_725074cbfcb6","Glaucous-winged Gull","count__did_early_pre",0.803504783899657
"B","inverse_variance","clustering_matrix","atx_725074cbfcb6","Glaucous-winged Gull","count__did_immediate_pre",0.19988720684612
"B","inverse_variance","clustering_matrix","atx_725074cbfcb6","Glaucous-winged Gull","count__did_spawn_start",2.6101134144456
"B","inverse_variance","clustering_matrix","atx_725074cbfcb6","Glaucous-winged Gull","count__did_early_egg",0.778575670110233
"B","inverse_variance","clustering_matrix","atx_725074cbfcb6","Glaucous-winged Gull","count__did_late_egg",-0.0227940379283614
"B","inverse_variance","clustering_matrix","atx_725074cbfcb6","Glaucous-winged Gull","count__did_active_0_14_day",1.27598164240893
"B","inverse_variance","clustering_matrix","atx_815c98107028","Mallard","reporting__did_early_pre",0.0510654870730387
"B","inverse_variance","clustering_matrix","atx_815c98107028","Mallard","reporting__did_immediate_pre",0.942789848132968
"B","inverse_variance","clustering_matrix","atx_815c98107028","Mallard","reporting__did_spawn_start",0.247283790998239
"B","inverse_variance","clustering_matrix","atx_815c98107028","Mallard","reporting__did_early_egg",-0.21233128258923
"B","inverse_variance","clustering_matrix","atx_815c98107028","Mallard","reporting__did_late_egg",-0.429952323654953
"B","inverse_variance","clustering_matrix","atx_815c98107028","Mallard","reporting__did_active_0_14_day",-0.0802705450170366
"B","inverse_variance","clustering_matrix","atx_815c98107028","Mallard","count__did_early_pre",0.638181736873795
"B","inverse_variance","clustering_matrix","atx_815c98107028","Mallard","count__did_immediate_pre",0.22572472154197
"B","inverse_variance","clustering_matrix","atx_815c98107028","Mallard","count__did_spawn_start",0.417320611177669
"B","inverse_variance","clustering_matrix","atx_815c98107028","Mallard","count__did_early_egg",0.050565054224808
"B","inverse_variance","clustering_matrix","atx_815c98107028","Mallard","count__did_late_egg",1.1333629521785
"B","inverse_variance","clustering_matrix","atx_815c98107028","Mallard","count__did_active_0_14_day",0.140199875343272
"B","inverse_variance","clustering_matrix","atx_fc0a9b777dcd","Bald Eagle","reporting__did_early_pre",0.146073584916038
"B","inverse_variance","clustering_matrix","atx_fc0a9b777dcd","Bald Eagle","reporting__did_immediate_pre",1.74617510864618
"B","inverse_variance","clustering_matrix","atx_fc0a9b777dcd","Bald Eagle","reporting__did_spawn_start",1.54799218740589
"B","inverse_variance","clustering_matrix","atx_fc0a9b777dcd","Bald Eagle","reporting__did_early_egg",-0.0720942668878067
"B","inverse_variance","clustering_matrix","atx_fc0a9b777dcd","Bald Eagle","reporting__did_late_egg",-0.339216369809461
"B","inverse_variance","clustering_matrix","atx_fc0a9b777dcd","Bald Eagle","reporting__did_active_0_14_day",0.443134874354945
"B","inverse_variance","clustering_matrix","atx_fc0a9b777dcd","Bald Eagle","count__did_early_pre",-0.425910649556759
"B","inverse_variance","clustering_matrix","atx_fc0a9b777dcd","Bald Eagle","count__did_immediate_pre",-0.161818340409892
"B","inverse_variance","clustering_matrix","atx_fc0a9b777dcd","Bald Eagle","count__did_spawn_start",2.85592611444398
"B","inverse_variance","clustering_matrix","atx_fc0a9b777dcd","Bald Eagle","count__did_early_egg",-1.56929345677543
"B","inverse_variance","clustering_matrix","atx_fc0a9b777dcd","Bald Eagle","count__did_late_egg",-2.25045437466666
"B","inverse_variance","clustering_matrix","atx_fc0a9b777dcd","Bald Eagle","count__did_active_0_14_day",-0.661055717295407
"B","inverse_variance","clustering_matrix","atx_b3d3ea90f9cb","Canada Goose","reporting__did_early_pre",1.60411535356299
"B","inverse_variance","clustering_matrix","atx_b3d3ea90f9cb","Canada Goose","reporting__did_immediate_pre",1.88480844761095
"B","inverse_variance","clustering_matrix","atx_b3d3ea90f9cb","Canada Goose","reporting__did_spawn_start",0.263580799709807
"B","inverse_variance","clustering_matrix","atx_b3d3ea90f9cb","Canada Goose","reporting__did_early_egg",0.376179208097797
"B","inverse_variance","clustering_matrix","atx_b3d3ea90f9cb","Canada Goose","reporting__did_late_egg",0.934830167284531
"B","inverse_variance","clustering_matrix","atx_b3d3ea90f9cb","Canada Goose","reporting__did_active_0_14_day",0.356690152253228
"B","inverse_variance","clustering_matrix","atx_b3d3ea90f9cb","Canada Goose","count__did_early_pre",-0.756818819722207
"B","inverse_variance","clustering_matrix","atx_b3d3ea90f9cb","Canada Goose","count__did_immediate_pre",-0.558400628282202
"B","inverse_variance","clustering_matrix","atx_b3d3ea90f9cb","Canada Goose","count__did_spawn_start",-0.205106179384835
"B","inverse_variance","clustering_matrix","atx_b3d3ea90f9cb","Canada Goose","count__did_early_egg",-0.927849022398817
"B","inverse_variance","clustering_matrix","atx_b3d3ea90f9cb","Canada Goose","count__did_late_egg",-0.769438694626774
"B","inverse_variance","clustering_matrix","atx_b3d3ea90f9cb","Canada Goose","count__did_active_0_14_day",-0.824541629760565
"B","inverse_variance","clustering_matrix","atx_v2_000007","Common Raven","reporting__did_early_pre",0.637948178440105
"B","inverse_variance","clustering_matrix","atx_v2_000007","Common Raven","reporting__did_immediate_pre",-0.237120821640528
"B","inverse_variance","clustering_matrix","atx_v2_000007","Common Raven","reporting__did_spawn_start",-1.02388830274154
"B","inverse_variance","clustering_matrix","atx_v2_000007","Common Raven","reporting__did_early_egg",-1.24219662550278
"B","inverse_variance","clustering_matrix","atx_v2_000007","Common Raven","reporting__did_late_egg",-0.818450055090406
"B","inverse_variance","clustering_matrix","atx_v2_000007","Common Raven","reporting__did_active_0_14_day",-1.23428396690221
"B","inverse_variance","clustering_matrix","atx_v2_000007","Common Raven","count__did_early_pre",0.361681810476252
"B","inverse_variance","clustering_matrix","atx_v2_000007","Common Raven","count__did_immediate_pre",-0.187213558027335
"B","inverse_variance","clustering_matrix","atx_v2_000007","Common Raven","count__did_spawn_start",-1.18417263750952
"B","inverse_variance","clustering_matrix","atx_v2_000007","Common Raven","count__did_early_egg",-1.64508726400187
"B","inverse_variance","clustering_matrix","atx_v2_000007","Common Raven","count__did_late_egg",-1.40466382421727
"B","inverse_variance","clustering_matrix","atx_v2_000007","Common Raven","count__did_active_0_14_day",-1.66103209472101
"B","inverse_variance","clustering_matrix","atx_99238953638b","Bufflehead","reporting__did_early_pre",0.456710175101032
"B","inverse_variance","clustering_matrix","atx_99238953638b","Bufflehead","reporting__did_immediate_pre",0.292315228365102
"B","inverse_variance","clustering_matrix","atx_99238953638b","Bufflehead","reporting__did_spawn_start",0.161520982450522
"B","inverse_variance","clustering_matrix","atx_99238953638b","Bufflehead","reporting__did_early_egg",-1.28807432176121
"B","inverse_variance","clustering_matrix","atx_99238953638b","Bufflehead","reporting__did_late_egg",-0.782101566596457
"B","inverse_variance","clustering_matrix","atx_99238953638b","Bufflehead","reporting__did_active_0_14_day",-0.903004083984384
"B","inverse_variance","clustering_matrix","atx_99238953638b","Bufflehead","count__did_early_pre",-0.32387172581499
"B","inverse_variance","clustering_matrix","atx_99238953638b","Bufflehead","count__did_immediate_pre",-0.904114762884134
"B","inverse_variance","clustering_matrix","atx_99238953638b","Bufflehead","count__did_spawn_start",0.0506511183050096
"B","inverse_variance","clustering_matrix","atx_99238953638b","Bufflehead","count__did_early_egg",0.000966113283254318
"B","inverse_variance","clustering_matrix","atx_99238953638b","Bufflehead","count__did_late_egg",-0.267425052299227
"B","inverse_variance","clustering_matrix","atx_99238953638b","Bufflehead","count__did_active_0_14_day",0.012465796857394
"B","inverse_variance","clustering_matrix","atx_7b80ddaff058","Great Blue Heron","reporting__did_early_pre",0.715531937999664
"B","inverse_variance","clustering_matrix","atx_7b80ddaff058","Great Blue Heron","reporting__did_immediate_pre",0.0562420236539374
"B","inverse_variance","clustering_matrix","atx_7b80ddaff058","Great Blue Heron","reporting__did_spawn_start",0.708349302219896
"B","inverse_variance","clustering_matrix","atx_7b80ddaff058","Great Blue Heron","reporting__did_early_egg",-0.593542868983724
"B","inverse_variance","clustering_matrix","atx_7b80ddaff058","Great Blue Heron","reporting__did_late_egg",-0.601254697559138
"B","inverse_variance","clustering_matrix","atx_7b80ddaff058","Great Blue Heron","reporting__did_active_0_14_day",-0.234972901193259
"B","inverse_variance","clustering_matrix","atx_7b80ddaff058","Great Blue Heron","count__did_early_pre",0.267381224414299
"B","inverse_variance","clustering_matrix","atx_7b80ddaff058","Great Blue Heron","count__did_immediate_pre",0.628099064693288
"B","inverse_variance","clustering_matrix","atx_7b80ddaff058","Great Blue Heron","count__did_spawn_start",-0.304674638127253
"B","inverse_variance","clustering_matrix","atx_7b80ddaff058","Great Blue Heron","count__did_early_egg",-0.800586738845707
"B","inverse_variance","clustering_matrix","atx_7b80ddaff058","Great Blue Heron","count__did_late_egg",-0.463311025069002
"B","inverse_variance","clustering_matrix","atx_7b80ddaff058","Great Blue Heron","count__did_active_0_14_day",-0.74645412012679
"B","inverse_variance","clustering_matrix","atx_a113baee5693","American Wigeon","reporting__did_early_pre",0.328334946062023
"B","inverse_variance","clustering_matrix","atx_a113baee5693","American Wigeon","reporting__did_immediate_pre",0.915785857529708
"B","inverse_variance","clustering_matrix","atx_a113baee5693","American Wigeon","reporting__did_spawn_start",0.788044891392275
"B","inverse_variance","clustering_matrix","atx_a113baee5693","American Wigeon","reporting__did_early_egg",0.776746036994807
"B","inverse_variance","clustering_matrix","atx_a113baee5693","American Wigeon","reporting__did_late_egg",1.02153073530543
"B","inverse_variance","clustering_matrix","atx_a113baee5693","American Wigeon","reporting__did_active_0_14_day",0.81580632439911
"B","inverse_variance","clustering_matrix","atx_a113baee5693","American Wigeon","count__did_early_pre",0.207183344258684
"B","inverse_variance","clustering_matrix","atx_a113baee5693","American Wigeon","count__did_immediate_pre",0.621034804984546
"B","inverse_variance","clustering_matrix","atx_a113baee5693","American Wigeon","count__did_spawn_start",0.0885188074741592
"B","inverse_variance","clustering_matrix","atx_a113baee5693","American Wigeon","count__did_early_egg",0.0789921059731612
"B","inverse_variance","clustering_matrix","atx_a113baee5693","American Wigeon","count__did_late_egg",-0.150835420131017
"B","inverse_variance","clustering_matrix","atx_a113baee5693","American Wigeon","count__did_active_0_14_day",0.087561634920778
"B","inverse_variance","clustering_matrix","atx_a444854c6b66","Double-crested Cormorant","reporting__did_early_pre",-0.0394967097942506
"B","inverse_variance","clustering_matrix","atx_a444854c6b66","Double-crested Cormorant","reporting__did_immediate_pre",0.100293742077425
"B","inverse_variance","clustering_matrix","atx_a444854c6b66","Double-crested Cormorant","reporting__did_spawn_start",-0.113230852049199
"B","inverse_variance","clustering_matrix","atx_a444854c6b66","Double-crested Cormorant","reporting__did_early_egg",-0.189208074724357
"B","inverse_variance","clustering_matrix","atx_a444854c6b66","Double-crested Cormorant","reporting__did_late_egg",-0.498276301890977
"B","inverse_variance","clustering_matrix","atx_a444854c6b66","Double-crested Cormorant","reporting__did_active_0_14_day",-0.17494777066594
"B","inverse_variance","clustering_matrix","atx_a444854c6b66","Double-crested Cormorant","count__did_early_pre",-0.124274209466043
"B","inverse_variance","clustering_matrix","atx_a444854c6b66","Double-crested Cormorant","count__did_immediate_pre",0.406013526922371
"B","inverse_variance","clustering_matrix","atx_a444854c6b66","Double-crested Cormorant","count__did_spawn_start",0.902915452493111
"B","inverse_variance","clustering_matrix","atx_a444854c6b66","Double-crested Cormorant","count__did_early_egg",0.0188984658991624
"B","inverse_variance","clustering_matrix","atx_a444854c6b66","Double-crested Cormorant","count__did_late_egg",0.11159390514167
"B","inverse_variance","clustering_matrix","atx_a444854c6b66","Double-crested Cormorant","count__did_active_0_14_day",0.224911518605209
"B","inverse_variance","clustering_matrix","atx_35518e24dfdd","Common Merganser","reporting__did_early_pre",-0.88513018090066
"B","inverse_variance","clustering_matrix","atx_35518e24dfdd","Common Merganser","reporting__did_immediate_pre",1.63040518296207
"B","inverse_variance","clustering_matrix","atx_35518e24dfdd","Common Merganser","reporting__did_spawn_start",1.60446018790288
"B","inverse_variance","clustering_matrix","atx_35518e24dfdd","Common Merganser","reporting__did_early_egg",1.01501028670144
"B","inverse_variance","clustering_matrix","atx_35518e24dfdd","Common Merganser","reporting__did_late_egg",0.612791826428694
"B","inverse_variance","clustering_matrix","atx_35518e24dfdd","Common Merganser","reporting__did_active_0_14_day",1.23437191517568
"B","inverse_variance","clustering_matrix","atx_35518e24dfdd","Common Merganser","count__did_early_pre",-0.101136160681115
"B","inverse_variance","clustering_matrix","atx_35518e24dfdd","Common Merganser","count__did_immediate_pre",-0.258712663761819
"B","inverse_variance","clustering_matrix","atx_35518e24dfdd","Common Merganser","count__did_spawn_start",0.782567639141613
"B","inverse_variance","clustering_matrix","atx_35518e24dfdd","Common Merganser","count__did_early_egg",-0.0980852110598628
"B","inverse_variance","clustering_matrix","atx_35518e24dfdd","Common Merganser","count__did_late_egg",-0.497237698573383
"B","inverse_variance","clustering_matrix","atx_35518e24dfdd","Common Merganser","count__did_active_0_14_day",0.0969700597739424
"B","inverse_variance","clustering_matrix","atx_e0e678a61ad7","Short-billed Gull","reporting__did_early_pre",-1.70428446630373
"B","inverse_variance","clustering_matrix","atx_e0e678a61ad7","Short-billed Gull","reporting__did_immediate_pre",0.820243993247774
"B","inverse_variance","clustering_matrix","atx_e0e678a61ad7","Short-billed Gull","reporting__did_spawn_start",1.33111151968618
"B","inverse_variance","clustering_matrix","atx_e0e678a61ad7","Short-billed Gull","reporting__did_early_egg",1.18848810743753
"B","inverse_variance","clustering_matrix","atx_e0e678a61ad7","Short-billed Gull","reporting__did_late_egg",-0.355986766952438
"B","inverse_variance","clustering_matrix","atx_e0e678a61ad7","Short-billed Gull","reporting__did_active_0_14_day",1.28304722517077
"B","inverse_variance","clustering_matrix","atx_e0e678a61ad7","Short-billed Gull","count__did_early_pre",0.680691750663006
"B","inverse_variance","clustering_matrix","atx_e0e678a61ad7","Short-billed Gull","count__did_immediate_pre",0.0258155733975244
"B","inverse_variance","clustering_matrix","atx_e0e678a61ad7","Short-billed Gull","count__did_spawn_start",1.81373773031947
"B","inverse_variance","clustering_matrix","atx_e0e678a61ad7","Short-billed Gull","count__did_early_egg",1.2317559014163
"B","inverse_variance","clustering_matrix","atx_e0e678a61ad7","Short-billed Gull","count__did_late_egg",1.06703112609134
"B","inverse_variance","clustering_matrix","atx_e0e678a61ad7","Short-billed Gull","count__did_active_0_14_day",1.42718063157168
"B","inverse_variance","clustering_matrix","atx_82312e6f2848","Common Goldeneye","reporting__did_early_pre",1.22750366458033
"B","inverse_variance","clustering_matrix","atx_82312e6f2848","Common Goldeneye","reporting__did_immediate_pre",0.83759029165585
"B","inverse_variance","clustering_matrix","atx_82312e6f2848","Common Goldeneye","reporting__did_spawn_start",0.425466659272266
"B","inverse_variance","clustering_matrix","atx_82312e6f2848","Common Goldeneye","reporting__did_early_egg",-0.108403022215079
"B","inverse_variance","clustering_matrix","atx_82312e6f2848","Common Goldeneye","reporting__did_late_egg",0.392194831512591
"B","inverse_variance","clustering_matrix","atx_82312e6f2848","Common Goldeneye","reporting__did_active_0_14_day",0.0419805108972802
"B","inverse_variance","clustering_matrix","atx_82312e6f2848","Common Goldeneye","count__did_early_pre",0.674827385188125
"B","inverse_variance","clustering_matrix","atx_82312e6f2848","Common Goldeneye","count__did_immediate_pre",-0.240750934810462
"B","inverse_variance","clustering_matrix","atx_82312e6f2848","Common Goldeneye","count__did_spawn_start",0.472797592528295
"B","inverse_variance","clustering_matrix","atx_82312e6f2848","Common Goldeneye","count__did_early_egg",1.02439905326285
"B","inverse_variance","clustering_matrix","atx_82312e6f2848","Common Goldeneye","count__did_late_egg",1.18164688992935
"B","inverse_variance","clustering_matrix","atx_82312e6f2848","Common Goldeneye","count__did_active_0_14_day",1.00554725339405
"B","inverse_variance","clustering_matrix","atx_04afbeb21fb0","Hooded Merganser","reporting__did_early_pre",-0.196421803461347
"B","inverse_variance","clustering_matrix","atx_04afbeb21fb0","Hooded Merganser","reporting__did_immediate_pre",-0.796244885461498
"B","inverse_variance","clustering_matrix","atx_04afbeb21fb0","Hooded Merganser","reporting__did_spawn_start",-0.253088487065676
"B","inverse_variance","clustering_matrix","atx_04afbeb21fb0","Hooded Merganser","reporting__did_early_egg",-0.637429457639018
"B","inverse_variance","clustering_matrix","atx_04afbeb21fb0","Hooded Merganser","reporting__did_late_egg",-0.822607227689595
"B","inverse_variance","clustering_matrix","atx_04afbeb21fb0","Hooded Merganser","reporting__did_active_0_14_day",-0.554425639534425
"B","inverse_variance","clustering_matrix","atx_04afbeb21fb0","Hooded Merganser","count__did_early_pre",-0.560579020405062
"B","inverse_variance","clustering_matrix","atx_04afbeb21fb0","Hooded Merganser","count__did_immediate_pre",-0.151681180231489
"B","inverse_variance","clustering_matrix","atx_04afbeb21fb0","Hooded Merganser","count__did_spawn_start",-0.767244226445648
"B","inverse_variance","clustering_matrix","atx_04afbeb21fb0","Hooded Merganser","count__did_early_egg",-0.749622519841512
"B","inverse_variance","clustering_matrix","atx_04afbeb21fb0","Hooded Merganser","count__did_late_egg",-0.736158210917513
"B","inverse_variance","clustering_matrix","atx_04afbeb21fb0","Hooded Merganser","count__did_active_0_14_day",-0.82515242123293
"B","inverse_variance","clustering_matrix","atx_35707a9578d5","Pelagic Cormorant","reporting__did_early_pre",-0.386277041787703
"B","inverse_variance","clustering_matrix","atx_35707a9578d5","Pelagic Cormorant","reporting__did_immediate_pre",0.218061509585989
"B","inverse_variance","clustering_matrix","atx_35707a9578d5","Pelagic Cormorant","reporting__did_spawn_start",-0.261485589932419
"B","inverse_variance","clustering_matrix","atx_35707a9578d5","Pelagic Cormorant","reporting__did_early_egg",0.0142793107419075
"B","inverse_variance","clustering_matrix","atx_35707a9578d5","Pelagic Cormorant","reporting__did_late_egg",-0.356204388450021
"B","inverse_variance","clustering_matrix","atx_35707a9578d5","Pelagic Cormorant","reporting__did_active_0_14_day",-0.0661247130466071
"B","inverse_variance","clustering_matrix","atx_35707a9578d5","Pelagic Cormorant","count__did_early_pre",0.374112816778133
"B","inverse_variance","clustering_matrix","atx_35707a9578d5","Pelagic Cormorant","count__did_immediate_pre",-0.263973402781114
"B","inverse_variance","clustering_matrix","atx_35707a9578d5","Pelagic Cormorant","count__did_spawn_start",-0.301846883438498
"B","inverse_variance","clustering_matrix","atx_35707a9578d5","Pelagic Cormorant","count__did_early_egg",-0.475054368759569
"B","inverse_variance","clustering_matrix","atx_35707a9578d5","Pelagic Cormorant","count__did_late_egg",-0.0844760432401676
"B","inverse_variance","clustering_matrix","atx_35707a9578d5","Pelagic Cormorant","count__did_active_0_14_day",-0.469166057052876
"B","inverse_variance","clustering_matrix","atx_1930f23cc4f8","Surf Scoter","reporting__did_early_pre",0.0119533957813253
"B","inverse_variance","clustering_matrix","atx_1930f23cc4f8","Surf Scoter","reporting__did_immediate_pre",-0.0579805917712617
"B","inverse_variance","clustering_matrix","atx_1930f23cc4f8","Surf Scoter","reporting__did_spawn_start",-0.109282502775694
"B","inverse_variance","clustering_matrix","atx_1930f23cc4f8","Surf Scoter","reporting__did_early_egg",-0.475467807364923
"B","inverse_variance","clustering_matrix","atx_1930f23cc4f8","Surf Scoter","reporting__did_late_egg",-0.182064865099573
"B","inverse_variance","clustering_matrix","atx_1930f23cc4f8","Surf Scoter","reporting__did_active_0_14_day",-0.389277462721458
"B","inverse_variance","clustering_matrix","atx_1930f23cc4f8","Surf Scoter","count__did_early_pre",-0.555976883742126
"B","inverse_variance","clustering_matrix","atx_1930f23cc4f8","Surf Scoter","count__did_immediate_pre",-0.39069310439061
"B","inverse_variance","clustering_matrix","atx_1930f23cc4f8","Surf Scoter","count__did_spawn_start",-0.0550592701707907
"B","inverse_variance","clustering_matrix","atx_1930f23cc4f8","Surf Scoter","count__did_early_egg",0.776850299452445
"B","inverse_variance","clustering_matrix","atx_1930f23cc4f8","Surf Scoter","count__did_late_egg",0.381808896853576
"B","inverse_variance","clustering_matrix","atx_1930f23cc4f8","Surf Scoter","count__did_active_0_14_day",0.671520475054627
"B","inverse_variance","clustering_matrix","atx_9ae1aa9b7fdf","Common Loon","reporting__did_early_pre",-0.875459386378899
"B","inverse_variance","clustering_matrix","atx_9ae1aa9b7fdf","Common Loon","reporting__did_immediate_pre",-0.100573591426165
"B","inverse_variance","clustering_matrix","atx_9ae1aa9b7fdf","Common Loon","reporting__did_spawn_start",-1.26925109671095
"B","inverse_variance","clustering_matrix","atx_9ae1aa9b7fdf","Common Loon","reporting__did_early_egg",-0.975451760999643
"B","inverse_variance","clustering_matrix","atx_9ae1aa9b7fdf","Common Loon","reporting__did_late_egg",0.0335349785333412
"B","inverse_variance","clustering_matrix","atx_9ae1aa9b7fdf","Common Loon","reporting__did_active_0_14_day",-1.10896436592304
"B","inverse_variance","clustering_matrix","atx_9ae1aa9b7fdf","Common Loon","count__did_early_pre",-0.39996909799688
"B","inverse_variance","clustering_matrix","atx_9ae1aa9b7fdf","Common Loon","count__did_immediate_pre",-0.849619972892751
"B","inverse_variance","clustering_matrix","atx_9ae1aa9b7fdf","Common Loon","count__did_spawn_start",-0.319920876396931
"B","inverse_variance","clustering_matrix","atx_9ae1aa9b7fdf","Common Loon","count__did_early_egg",-0.958407236431272
"B","inverse_variance","clustering_matrix","atx_9ae1aa9b7fdf","Common Loon","count__did_late_egg",-1.40977927279413
"B","inverse_variance","clustering_matrix","atx_9ae1aa9b7fdf","Common Loon","count__did_active_0_14_day",-0.872230304093953
"B","inverse_variance","clustering_matrix","atx_7d980a7c8c37","Northern Pintail","reporting__did_early_pre",0.818023402752531
"B","inverse_variance","clustering_matrix","atx_7d980a7c8c37","Northern Pintail","reporting__did_immediate_pre",0.879503425445602
"B","inverse_variance","clustering_matrix","atx_7d980a7c8c37","Northern Pintail","reporting__did_spawn_start",1.15388321586029
"B","inverse_variance","clustering_matrix","atx_7d980a7c8c37","Northern Pintail","reporting__did_early_egg",1.27298901046032
"B","inverse_variance","clustering_matrix","atx_7d980a7c8c37","Northern Pintail","reporting__did_late_egg",1.30006284397554
"B","inverse_variance","clustering_matrix","atx_7d980a7c8c37","Northern Pintail","reporting__did_active_0_14_day",1.2704535958045
"B","inverse_variance","clustering_matrix","atx_7d980a7c8c37","Northern Pintail","count__did_early_pre",0.0197543613715576
"B","inverse_variance","clustering_matrix","atx_7d980a7c8c37","Northern Pintail","count__did_immediate_pre",-0.134687418441013
"B","inverse_variance","clustering_matrix","atx_7d980a7c8c37","Northern Pintail","count__did_spawn_start",0.0705824385110022
"B","inverse_variance","clustering_matrix","atx_7d980a7c8c37","Northern Pintail","count__did_early_egg",-0.0859318889872878
"B","inverse_variance","clustering_matrix","atx_7d980a7c8c37","Northern Pintail","count__did_late_egg",-0.400833117573038
"B","inverse_variance","clustering_matrix","atx_7d980a7c8c37","Northern Pintail","count__did_active_0_14_day",-0.0568433593415766
"B","inverse_variance","clustering_matrix","atx_v2_000002","Black Oystercatcher","reporting__did_early_pre",-0.07794537119159
"B","inverse_variance","clustering_matrix","atx_v2_000002","Black Oystercatcher","reporting__did_immediate_pre",-0.0285157567727885
"B","inverse_variance","clustering_matrix","atx_v2_000002","Black Oystercatcher","reporting__did_spawn_start",-0.686343968627978
"B","inverse_variance","clustering_matrix","atx_v2_000002","Black Oystercatcher","reporting__did_early_egg",-0.592451109320666
"B","inverse_variance","clustering_matrix","atx_v2_000002","Black Oystercatcher","reporting__did_late_egg",0.00319013787224245
"B","inverse_variance","clustering_matrix","atx_v2_000002","Black Oystercatcher","reporting__did_active_0_14_day",-0.641680982687535
"B","inverse_variance","clustering_matrix","atx_v2_000002","Black Oystercatcher","count__did_early_pre",0.275328280440024
"B","inverse_variance","clustering_matrix","atx_v2_000002","Black Oystercatcher","count__did_immediate_pre",0.197897365561234
"B","inverse_variance","clustering_matrix","atx_v2_000002","Black Oystercatcher","count__did_spawn_start",-0.632221967920632
"B","inverse_variance","clustering_matrix","atx_v2_000002","Black Oystercatcher","count__did_early_egg",-0.568987522503815
"B","inverse_variance","clustering_matrix","atx_v2_000002","Black Oystercatcher","count__did_late_egg",-0.408030074974835
"B","inverse_variance","clustering_matrix","atx_v2_000002","Black Oystercatcher","count__did_active_0_14_day",-0.628667783340922
"B","inverse_variance","clustering_matrix","atx_c2d1fbbaf6d3","Red-breasted Merganser","reporting__did_early_pre",0.492639016846034
"B","inverse_variance","clustering_matrix","atx_c2d1fbbaf6d3","Red-breasted Merganser","reporting__did_immediate_pre",-0.406205498602858
"B","inverse_variance","clustering_matrix","atx_c2d1fbbaf6d3","Red-breasted Merganser","reporting__did_spawn_start",-0.136873502059053
"B","inverse_variance","clustering_matrix","atx_c2d1fbbaf6d3","Red-breasted Merganser","reporting__did_early_egg",-0.571738094932461
"B","inverse_variance","clustering_matrix","atx_c2d1fbbaf6d3","Red-breasted Merganser","reporting__did_late_egg",0.0278027537258098
"B","inverse_variance","clustering_matrix","atx_c2d1fbbaf6d3","Red-breasted Merganser","reporting__did_active_0_14_day",-0.468190616491661
"B","inverse_variance","clustering_matrix","atx_c2d1fbbaf6d3","Red-breasted Merganser","count__did_early_pre",-0.54929582477571
"B","inverse_variance","clustering_matrix","atx_c2d1fbbaf6d3","Red-breasted Merganser","count__did_immediate_pre",-0.1924396612078
"B","inverse_variance","clustering_matrix","atx_c2d1fbbaf6d3","Red-breasted Merganser","count__did_spawn_start",0.648716496502356
"B","inverse_variance","clustering_matrix","atx_c2d1fbbaf6d3","Red-breasted Merganser","count__did_early_egg",-0.131341997746478
"B","inverse_variance","clustering_matrix","atx_c2d1fbbaf6d3","Red-breasted Merganser","count__did_late_egg",-0.258642004890858
"B","inverse_variance","clustering_matrix","atx_c2d1fbbaf6d3","Red-breasted Merganser","count__did_active_0_14_day",0.0424556753210437
"B","inverse_variance","clustering_matrix","atx_6b4cfd1ab927","Horned Grebe","reporting__did_early_pre",0.662632718719573
"B","inverse_variance","clustering_matrix","atx_6b4cfd1ab927","Horned Grebe","reporting__did_immediate_pre",1.16012967968454
"B","inverse_variance","clustering_matrix","atx_6b4cfd1ab927","Horned Grebe","reporting__did_spawn_start",-0.627868909698653
"B","inverse_variance","clustering_matrix","atx_6b4cfd1ab927","Horned Grebe","reporting__did_early_egg",-0.270042081191448
"B","inverse_variance","clustering_matrix","atx_6b4cfd1ab927","Horned Grebe","reporting__did_late_egg",-0.0773083065443156
"B","inverse_variance","clustering_matrix","atx_6b4cfd1ab927","Horned Grebe","reporting__did_active_0_14_day",-0.383816147412653
"B","inverse_variance","clustering_matrix","atx_6b4cfd1ab927","Horned Grebe","count__did_early_pre",-0.644741600349725
"B","inverse_variance","clustering_matrix","atx_6b4cfd1ab927","Horned Grebe","count__did_immediate_pre",-0.735477040431191
"B","inverse_variance","clustering_matrix","atx_6b4cfd1ab927","Horned Grebe","count__did_spawn_start",-1.20378457830724
"B","inverse_variance","clustering_matrix","atx_6b4cfd1ab927","Horned Grebe","count__did_early_egg",-0.887067101071618
"B","inverse_variance","clustering_matrix","atx_6b4cfd1ab927","Horned Grebe","count__did_late_egg",-1.31743144768031
"B","inverse_variance","clustering_matrix","atx_6b4cfd1ab927","Horned Grebe","count__did_active_0_14_day",-1.01668891155381
"B","inverse_variance","clustering_matrix","atx_87b306550dba","Harlequin Duck","reporting__did_early_pre",-0.127568391590899
"B","inverse_variance","clustering_matrix","atx_87b306550dba","Harlequin Duck","reporting__did_immediate_pre",-0.7261709847119
"B","inverse_variance","clustering_matrix","atx_87b306550dba","Harlequin Duck","reporting__did_spawn_start",0.27253338164371
"B","inverse_variance","clustering_matrix","atx_87b306550dba","Harlequin Duck","reporting__did_early_egg",0.247749099135056
"B","inverse_variance","clustering_matrix","atx_87b306550dba","Harlequin Duck","reporting__did_late_egg",0.586038898831423
"B","inverse_variance","clustering_matrix","atx_87b306550dba","Harlequin Duck","reporting__did_active_0_14_day",0.261783777187414
"B","inverse_variance","clustering_matrix","atx_87b306550dba","Harlequin Duck","count__did_early_pre",-0.261132476324664
"B","inverse_variance","clustering_matrix","atx_87b306550dba","Harlequin Duck","count__did_immediate_pre",0.271876746277956
"B","inverse_variance","clustering_matrix","atx_87b306550dba","Harlequin Duck","count__did_spawn_start",0.774008363730507
"B","inverse_variance","clustering_matrix","atx_87b306550dba","Harlequin Duck","count__did_early_egg",0.799682678247305
"B","inverse_variance","clustering_matrix","atx_87b306550dba","Harlequin Duck","count__did_late_egg",0.262694153700364
"B","inverse_variance","clustering_matrix","atx_87b306550dba","Harlequin Duck","count__did_active_0_14_day",0.859751452976252
"B","inverse_variance","clustering_matrix","atx_d7dd9536145c","Barrow's Goldeneye","reporting__did_early_pre",0.723616418228757
"B","inverse_variance","clustering_matrix","atx_d7dd9536145c","Barrow's Goldeneye","reporting__did_immediate_pre",-0.732192150092634
"B","inverse_variance","clustering_matrix","atx_d7dd9536145c","Barrow's Goldeneye","reporting__did_spawn_start",-0.408325666338922
"B","inverse_variance","clustering_matrix","atx_d7dd9536145c","Barrow's Goldeneye","reporting__did_early_egg",0.0743645437247921
"B","inverse_variance","clustering_matrix","atx_d7dd9536145c","Barrow's Goldeneye","reporting__did_late_egg",0.0207223977547469
"B","inverse_variance","clustering_matrix","atx_d7dd9536145c","Barrow's Goldeneye","reporting__did_active_0_14_day",-0.063828779517829
"B","inverse_variance","clustering_matrix","atx_d7dd9536145c","Barrow's Goldeneye","count__did_early_pre",-0.0680040883193362
"B","inverse_variance","clustering_matrix","atx_d7dd9536145c","Barrow's Goldeneye","count__did_immediate_pre",-0.0391543496925745
"B","inverse_variance","clustering_matrix","atx_d7dd9536145c","Barrow's Goldeneye","count__did_spawn_start",-0.113022495237104
"B","inverse_variance","clustering_matrix","atx_d7dd9536145c","Barrow's Goldeneye","count__did_early_egg",0.0672017678840163
"B","inverse_variance","clustering_matrix","atx_d7dd9536145c","Barrow's Goldeneye","count__did_late_egg",0.424832813908496
"B","inverse_variance","clustering_matrix","atx_d7dd9536145c","Barrow's Goldeneye","count__did_active_0_14_day",0.0317458420713849
"B","inverse_variance","clustering_matrix","atx_d002764a39e8","Lesser Scaup","reporting__did_early_pre",-0.0747550810571125
"B","inverse_variance","clustering_matrix","atx_d002764a39e8","Lesser Scaup","reporting__did_immediate_pre",-0.0527365870072301
"B","inverse_variance","clustering_matrix","atx_d002764a39e8","Lesser Scaup","reporting__did_spawn_start",0.418205786193896
"B","inverse_variance","clustering_matrix","atx_d002764a39e8","Lesser Scaup","reporting__did_early_egg",0.878741078367357
"B","inverse_variance","clustering_matrix","atx_d002764a39e8","Lesser Scaup","reporting__did_late_egg",0.617176770220225
"B","inverse_variance","clustering_matrix","atx_d002764a39e8","Lesser Scaup","reporting__did_active_0_14_day",0.777982742610891
"B","inverse_variance","clustering_matrix","atx_d002764a39e8","Lesser Scaup","count__did_early_pre",0.286222738499766
"B","inverse_variance","clustering_matrix","atx_d002764a39e8","Lesser Scaup","count__did_immediate_pre",-0.00212979923373044
"B","inverse_variance","clustering_matrix","atx_d002764a39e8","Lesser Scaup","count__did_spawn_start",-0.515845190585779
"B","inverse_variance","clustering_matrix","atx_d002764a39e8","Lesser Scaup","count__did_early_egg",0.270500920472173
"B","inverse_variance","clustering_matrix","atx_d002764a39e8","Lesser Scaup","count__did_late_egg",0.286283382258565
"B","inverse_variance","clustering_matrix","atx_d002764a39e8","Lesser Scaup","count__did_active_0_14_day",0.100737399040154
"B","inverse_variance","clustering_matrix","atx_86eda7ed9025","Red-necked Grebe","reporting__did_early_pre",0.113808067890395
"B","inverse_variance","clustering_matrix","atx_86eda7ed9025","Red-necked Grebe","reporting__did_immediate_pre",1.09293132346505
"B","inverse_variance","clustering_matrix","atx_86eda7ed9025","Red-necked Grebe","reporting__did_spawn_start",0.262245950549265
"B","inverse_variance","clustering_matrix","atx_86eda7ed9025","Red-necked Grebe","reporting__did_early_egg",0.4936152594851
"B","inverse_variance","clustering_matrix","atx_86eda7ed9025","Red-necked Grebe","reporting__did_late_egg",1.34289779262784
"B","inverse_variance","clustering_matrix","atx_86eda7ed9025","Red-necked Grebe","reporting__did_active_0_14_day",0.440789302503075
"B","inverse_variance","clustering_matrix","atx_86eda7ed9025","Red-necked Grebe","count__did_early_pre",0.328270959823721
"B","inverse_variance","clustering_matrix","atx_86eda7ed9025","Red-necked Grebe","count__did_immediate_pre",-0.44237313569574
"B","inverse_variance","clustering_matrix","atx_86eda7ed9025","Red-necked Grebe","count__did_spawn_start",-0.381139323519842
"B","inverse_variance","clustering_matrix","atx_86eda7ed9025","Red-necked Grebe","count__did_early_egg",-0.486181313988065
"B","inverse_variance","clustering_matrix","atx_86eda7ed9025","Red-necked Grebe","count__did_late_egg",-0.443833325284919
"B","inverse_variance","clustering_matrix","atx_86eda7ed9025","Red-necked Grebe","count__did_active_0_14_day",-0.491075666668866
"B","inverse_variance","clustering_matrix","atx_c12b832d2b03","California Gull","reporting__did_early_pre",-0.619033592074397
"B","inverse_variance","clustering_matrix","atx_c12b832d2b03","California Gull","reporting__did_immediate_pre",-0.841739088106019
"B","inverse_variance","clustering_matrix","atx_c12b832d2b03","California Gull","reporting__did_spawn_start",1.82195563618499
"B","inverse_variance","clustering_matrix","atx_c12b832d2b03","California Gull","reporting__did_early_egg",0.618729844581005
"B","inverse_variance","clustering_matrix","atx_c12b832d2b03","California Gull","reporting__did_late_egg",-0.0404661027961627
"B","inverse_variance","clustering_matrix","atx_c12b832d2b03","California Gull","reporting__did_active_0_14_day",0.948113916473771
"B","inverse_variance","clustering_matrix","atx_c12b832d2b03","California Gull","count__did_early_pre",0.222014392538461
"B","inverse_variance","clustering_matrix","atx_c12b832d2b03","California Gull","count__did_immediate_pre",0.372438884587784
"B","inverse_variance","clustering_matrix","atx_c12b832d2b03","California Gull","count__did_spawn_start",0.606822118940306
"B","inverse_variance","clustering_matrix","atx_c12b832d2b03","California Gull","count__did_early_egg",0.398565908212588
"B","inverse_variance","clustering_matrix","atx_c12b832d2b03","California Gull","count__did_late_egg",0.442939525459981
"B","inverse_variance","clustering_matrix","atx_c12b832d2b03","California Gull","count__did_active_0_14_day",0.440911183346358
"B","inverse_variance","clustering_matrix","atx_8608f2ed61cf","Pigeon Guillemot","reporting__did_early_pre",-0.873259084818292
"B","inverse_variance","clustering_matrix","atx_8608f2ed61cf","Pigeon Guillemot","reporting__did_immediate_pre",-0.305347097824889
"B","inverse_variance","clustering_matrix","atx_8608f2ed61cf","Pigeon Guillemot","reporting__did_spawn_start",-0.65881603070264
"B","inverse_variance","clustering_matrix","atx_8608f2ed61cf","Pigeon Guillemot","reporting__did_early_egg",-0.574004336565306
"B","inverse_variance","clustering_matrix","atx_8608f2ed61cf","Pigeon Guillemot","reporting__did_late_egg",-0.071840184404904
"B","inverse_variance","clustering_matrix","atx_8608f2ed61cf","Pigeon Guillemot","reporting__did_active_0_14_day",-0.604680330419894
"B","inverse_variance","clustering_matrix","atx_8608f2ed61cf","Pigeon Guillemot","count__did_early_pre",-0.291713371280174
"B","inverse_variance","clustering_matrix","atx_8608f2ed61cf","Pigeon Guillemot","count__did_immediate_pre",-0.177251033200851
"B","inverse_variance","clustering_matrix","atx_8608f2ed61cf","Pigeon Guillemot","count__did_spawn_start",-0.577575312000049
"B","inverse_variance","clustering_matrix","atx_8608f2ed61cf","Pigeon Guillemot","count__did_early_egg",-0.440229934050481
"B","inverse_variance","clustering_matrix","atx_8608f2ed61cf","Pigeon Guillemot","count__did_late_egg",-0.272037346946802
"B","inverse_variance","clustering_matrix","atx_8608f2ed61cf","Pigeon Guillemot","count__did_active_0_14_day",-0.49293476089814
"B","inverse_variance","clustering_matrix","atx_c34f23342a55","Pacific Loon","reporting__did_early_pre",-0.303398892816936
"B","inverse_variance","clustering_matrix","atx_c34f23342a55","Pacific Loon","reporting__did_immediate_pre",0.0578683591681824
"B","inverse_variance","clustering_matrix","atx_c34f23342a55","Pacific Loon","reporting__did_spawn_start",-0.660862947771724
"B","inverse_variance","clustering_matrix","atx_c34f23342a55","Pacific Loon","reporting__did_early_egg",-0.686752644688006
"B","inverse_variance","clustering_matrix","atx_c34f23342a55","Pacific Loon","reporting__did_late_egg",-0.198551219055106
"B","inverse_variance","clustering_matrix","atx_c34f23342a55","Pacific Loon","reporting__did_active_0_14_day",-0.70472546691529
"B","inverse_variance","clustering_matrix","atx_c34f23342a55","Pacific Loon","count__did_early_pre",-0.375133602677479
"B","inverse_variance","clustering_matrix","atx_c34f23342a55","Pacific Loon","count__did_immediate_pre",-0.2127475021376
"B","inverse_variance","clustering_matrix","atx_c34f23342a55","Pacific Loon","count__did_spawn_start",0.35896766502441
"B","inverse_variance","clustering_matrix","atx_c34f23342a55","Pacific Loon","count__did_early_egg",-0.0501152274492006
"B","inverse_variance","clustering_matrix","atx_c34f23342a55","Pacific Loon","count__did_late_egg",0.0707028802310025
"B","inverse_variance","clustering_matrix","atx_c34f23342a55","Pacific Loon","count__did_active_0_14_day",0.0361448574262708
"B","inverse_variance","clustering_matrix","atx_v2_000003","Dunlin","reporting__did_early_pre",0.30706353037623
"B","inverse_variance","clustering_matrix","atx_v2_000003","Dunlin","reporting__did_immediate_pre",-0.529733729027701
"B","inverse_variance","clustering_matrix","atx_v2_000003","Dunlin","reporting__did_spawn_start",-0.757816003009018
"B","inverse_variance","clustering_matrix","atx_v2_000003","Dunlin","reporting__did_early_egg",-0.440664823891773
"B","inverse_variance","clustering_matrix","atx_v2_000003","Dunlin","reporting__did_late_egg",-0.781054038958187
"B","inverse_variance","clustering_matrix","atx_v2_000003","Dunlin","reporting__did_active_0_14_day",-0.547575036618104
"B","inverse_variance","clustering_matrix","atx_v2_000003","Dunlin","count__did_early_pre",-0.305100327563121
"B","inverse_variance","clustering_matrix","atx_v2_000003","Dunlin","count__did_immediate_pre",-0.128671702201579
"B","inverse_variance","clustering_matrix","atx_v2_000003","Dunlin","count__did_spawn_start",-0.406972139835405
"B","inverse_variance","clustering_matrix","atx_v2_000003","Dunlin","count__did_early_egg",-0.241365490432828
"B","inverse_variance","clustering_matrix","atx_v2_000003","Dunlin","count__did_late_egg",-0.191413091137757
"B","inverse_variance","clustering_matrix","atx_v2_000003","Dunlin","count__did_active_0_14_day",-0.301213258698183
"B","inverse_variance","clustering_matrix","atx_3083477933a8","White-winged Scoter","reporting__did_early_pre",-1.71720688010366
"B","inverse_variance","clustering_matrix","atx_3083477933a8","White-winged Scoter","reporting__did_immediate_pre",-1.49295272390604
"B","inverse_variance","clustering_matrix","atx_3083477933a8","White-winged Scoter","reporting__did_spawn_start",-0.710082130343767
"B","inverse_variance","clustering_matrix","atx_3083477933a8","White-winged Scoter","reporting__did_early_egg",-0.707778352400577
"B","inverse_variance","clustering_matrix","atx_3083477933a8","White-winged Scoter","reporting__did_late_egg",-0.770736840971314
"B","inverse_variance","clustering_matrix","atx_3083477933a8","White-winged Scoter","reporting__did_active_0_14_day",-0.72319616876058
"B","inverse_variance","clustering_matrix","atx_3083477933a8","White-winged Scoter","count__did_early_pre",0.739505402231877
"B","inverse_variance","clustering_matrix","atx_3083477933a8","White-winged Scoter","count__did_immediate_pre",0.380373349622382
"B","inverse_variance","clustering_matrix","atx_3083477933a8","White-winged Scoter","count__did_spawn_start",0.219477854096006
"B","inverse_variance","clustering_matrix","atx_3083477933a8","White-winged Scoter","count__did_early_egg",0.651158879427804
"B","inverse_variance","clustering_matrix","atx_3083477933a8","White-winged Scoter","count__did_late_egg",-0.16873348612378
"B","inverse_variance","clustering_matrix","atx_3083477933a8","White-winged Scoter","count__did_active_0_14_day",0.607513749403049
"B","inverse_variance","clustering_matrix","atx_aa5353f6d6d2","Iceland Gull","reporting__did_early_pre",1.26493224883912
"B","inverse_variance","clustering_matrix","atx_aa5353f6d6d2","Iceland Gull","reporting__did_immediate_pre",1.20303190281163
"B","inverse_variance","clustering_matrix","atx_aa5353f6d6d2","Iceland Gull","reporting__did_spawn_start",2.32955537545609
"B","inverse_variance","clustering_matrix","atx_aa5353f6d6d2","Iceland Gull","reporting__did_early_egg",1.6628779805497
"B","inverse_variance","clustering_matrix","atx_aa5353f6d6d2","Iceland Gull","reporting__did_late_egg",1.18732790093064
"B","inverse_variance","clustering_matrix","atx_aa5353f6d6d2","Iceland Gull","reporting__did_active_0_14_day",1.88121683168423
"B","inverse_variance","clustering_matrix","atx_aa5353f6d6d2","Iceland Gull","count__did_early_pre",0.829418283566283
"B","inverse_variance","clustering_matrix","atx_aa5353f6d6d2","Iceland Gull","count__did_immediate_pre",0.975942998365601
"B","inverse_variance","clustering_matrix","atx_aa5353f6d6d2","Iceland Gull","count__did_spawn_start",0.857708095950693
"B","inverse_variance","clustering_matrix","atx_aa5353f6d6d2","Iceland Gull","count__did_early_egg",0.729840543529205
"B","inverse_variance","clustering_matrix","atx_aa5353f6d6d2","Iceland Gull","count__did_late_egg",0.124913983776745
"B","inverse_variance","clustering_matrix","atx_aa5353f6d6d2","Iceland Gull","count__did_active_0_14_day",0.791232278637445
"B","inverse_variance","clustering_matrix","atx_08bb40b40c0a","Ring-billed Gull","reporting__did_early_pre",-1.56817410751682
"B","inverse_variance","clustering_matrix","atx_08bb40b40c0a","Ring-billed Gull","reporting__did_immediate_pre",-1.35544272621951
"B","inverse_variance","clustering_matrix","atx_08bb40b40c0a","Ring-billed Gull","reporting__did_spawn_start",-1.07584615437347
"B","inverse_variance","clustering_matrix","atx_08bb40b40c0a","Ring-billed Gull","reporting__did_early_egg",-1.22486835385649
"B","inverse_variance","clustering_matrix","atx_08bb40b40c0a","Ring-billed Gull","reporting__did_late_egg",-2.30687738599461
"B","inverse_variance","clustering_matrix","atx_08bb40b40c0a","Ring-billed Gull","reporting__did_active_0_14_day",-1.21296667181303
"B","inverse_variance","clustering_matrix","atx_08bb40b40c0a","Ring-billed Gull","count__did_early_pre",-1.00850215115186
"B","inverse_variance","clustering_matrix","atx_08bb40b40c0a","Ring-billed Gull","count__did_immediate_pre",-0.888509599286353
"B","inverse_variance","clustering_matrix","atx_08bb40b40c0a","Ring-billed Gull","count__did_spawn_start",-0.697178385929968
"B","inverse_variance","clustering_matrix","atx_08bb40b40c0a","Ring-billed Gull","count__did_early_egg",-0.81655256122573
"B","inverse_variance","clustering_matrix","atx_08bb40b40c0a","Ring-billed Gull","count__did_late_egg",-0.4647045736633
"B","inverse_variance","clustering_matrix","atx_08bb40b40c0a","Ring-billed Gull","count__did_active_0_14_day",-0.839994214298356
"B","inverse_variance","clustering_matrix","atx_4ae57d328ec6","Greater Scaup","reporting__did_early_pre",0.654291804806821
"B","inverse_variance","clustering_matrix","atx_4ae57d328ec6","Greater Scaup","reporting__did_immediate_pre",-0.17711270639622
"B","inverse_variance","clustering_matrix","atx_4ae57d328ec6","Greater Scaup","reporting__did_spawn_start",0.539822765046601
"B","inverse_variance","clustering_matrix","atx_4ae57d328ec6","Greater Scaup","reporting__did_early_egg",0.476769373444832
"B","inverse_variance","clustering_matrix","atx_4ae57d328ec6","Greater Scaup","reporting__did_late_egg",0.362233385181492
"B","inverse_variance","clustering_matrix","atx_4ae57d328ec6","Greater Scaup","reporting__did_active_0_14_day",0.495102161247875
"B","inverse_variance","clustering_matrix","atx_4ae57d328ec6","Greater Scaup","count__did_early_pre",0.103838042521679
"B","inverse_variance","clustering_matrix","atx_4ae57d328ec6","Greater Scaup","count__did_immediate_pre",-0.0948050671622248
"B","inverse_variance","clustering_matrix","atx_4ae57d328ec6","Greater Scaup","count__did_spawn_start",-0.244722037468393
"B","inverse_variance","clustering_matrix","atx_4ae57d328ec6","Greater Scaup","count__did_early_egg",0.314398090675219
"B","inverse_variance","clustering_matrix","atx_4ae57d328ec6","Greater Scaup","count__did_late_egg",0.99241183361736
"B","inverse_variance","clustering_matrix","atx_4ae57d328ec6","Greater Scaup","count__did_active_0_14_day",0.217247804812586
"B","inverse_variance","clustering_matrix","atx_15dd5efcd8d6","Black Turnstone","reporting__did_early_pre",1.26073637522765
"B","inverse_variance","clustering_matrix","atx_15dd5efcd8d6","Black Turnstone","reporting__did_immediate_pre",0.456720145177404
"B","inverse_variance","clustering_matrix","atx_15dd5efcd8d6","Black Turnstone","reporting__did_spawn_start",-0.140653838549791
"B","inverse_variance","clustering_matrix","atx_15dd5efcd8d6","Black Turnstone","reporting__did_early_egg",0.0231273907478421
"B","inverse_variance","clustering_matrix","atx_15dd5efcd8d6","Black Turnstone","reporting__did_late_egg",-0.628084916760031
"B","inverse_variance","clustering_matrix","atx_15dd5efcd8d6","Black Turnstone","reporting__did_active_0_14_day",-0.0201287142061142
"B","inverse_variance","clustering_matrix","atx_15dd5efcd8d6","Black Turnstone","count__did_early_pre",-0.0342825799612327
"B","inverse_variance","clustering_matrix","atx_15dd5efcd8d6","Black Turnstone","count__did_immediate_pre",0.125110675975846
"B","inverse_variance","clustering_matrix","atx_15dd5efcd8d6","Black Turnstone","count__did_spawn_start",-0.0127787474476653
"B","inverse_variance","clustering_matrix","atx_15dd5efcd8d6","Black Turnstone","count__did_early_egg",0.139579283136303
"B","inverse_variance","clustering_matrix","atx_15dd5efcd8d6","Black Turnstone","count__did_late_egg",-0.176917427293533
"B","inverse_variance","clustering_matrix","atx_15dd5efcd8d6","Black Turnstone","count__did_active_0_14_day",0.123232750995915
"B","inverse_variance","clustering_matrix","atx_fadb8da1a816","Bonaparte's Gull","reporting__did_early_pre",-0.0963397599592076
"B","inverse_variance","clustering_matrix","atx_fadb8da1a816","Bonaparte's Gull","reporting__did_immediate_pre",-0.247020373416597
"B","inverse_variance","clustering_matrix","atx_fadb8da1a816","Bonaparte's Gull","reporting__did_spawn_start",0.302983403120782
"B","inverse_variance","clustering_matrix","atx_fadb8da1a816","Bonaparte's Gull","reporting__did_early_egg",0.729055336475417
"B","inverse_variance","clustering_matrix","atx_fadb8da1a816","Bonaparte's Gull","reporting__did_late_egg",0.573192431052162
"B","inverse_variance","clustering_matrix","atx_fadb8da1a816","Bonaparte's Gull","reporting__did_active_0_14_day",0.571169164333332
"B","inverse_variance","clustering_matrix","atx_fadb8da1a816","Bonaparte's Gull","count__did_early_pre",0.0651199694249012
"B","inverse_variance","clustering_matrix","atx_fadb8da1a816","Bonaparte's Gull","count__did_immediate_pre",0.499599028033837
"B","inverse_variance","clustering_matrix","atx_fadb8da1a816","Bonaparte's Gull","count__did_spawn_start",0.34960539965635
"B","inverse_variance","clustering_matrix","atx_fadb8da1a816","Bonaparte's Gull","count__did_early_egg",0.280240601614891
"B","inverse_variance","clustering_matrix","atx_fadb8da1a816","Bonaparte's Gull","count__did_late_egg",0.37019593758079
"B","inverse_variance","clustering_matrix","atx_fadb8da1a816","Bonaparte's Gull","count__did_active_0_14_day",0.278782754898923
"B","inverse_variance","clustering_matrix","atx_v2_000006","Black-bellied Plover","reporting__did_early_pre",-0.499908187631074
"B","inverse_variance","clustering_matrix","atx_v2_000006","Black-bellied Plover","reporting__did_immediate_pre",-1.23469337962568
"B","inverse_variance","clustering_matrix","atx_v2_000006","Black-bellied Plover","reporting__did_spawn_start",-1.25271259391908
"B","inverse_variance","clustering_matrix","atx_v2_000006","Black-bellied Plover","reporting__did_early_egg",-0.799022917403325
"B","inverse_variance","clustering_matrix","atx_v2_000006","Black-bellied Plover","reporting__did_late_egg",-1.1994684373158
"B","inverse_variance","clustering_matrix","atx_v2_000006","Black-bellied Plover","reporting__did_active_0_14_day",-0.954709289587633
"B","inverse_variance","clustering_matrix","atx_v2_000006","Black-bellied Plover","count__did_early_pre",0.506981109945068
"B","inverse_variance","clustering_matrix","atx_v2_000006","Black-bellied Plover","count__did_immediate_pre",0.205828155170104
"B","inverse_variance","clustering_matrix","atx_v2_000006","Black-bellied Plover","count__did_spawn_start",-0.438383078182348
"B","inverse_variance","clustering_matrix","atx_v2_000006","Black-bellied Plover","count__did_early_egg",-0.119741369470308
"B","inverse_variance","clustering_matrix","atx_v2_000006","Black-bellied Plover","count__did_late_egg",-0.126371805104132
"B","inverse_variance","clustering_matrix","atx_v2_000006","Black-bellied Plover","count__did_active_0_14_day",-0.198898940742786
"B","inverse_variance","clustering_matrix","atx_59441ff7abde","Brant","reporting__did_early_pre",0.417970768911926
"B","inverse_variance","clustering_matrix","atx_59441ff7abde","Brant","reporting__did_immediate_pre",-1.05041897994998
"B","inverse_variance","clustering_matrix","atx_59441ff7abde","Brant","reporting__did_spawn_start",0.293137702924406
"B","inverse_variance","clustering_matrix","atx_59441ff7abde","Brant","reporting__did_early_egg",0.231151095230598
"B","inverse_variance","clustering_matrix","atx_59441ff7abde","Brant","reporting__did_late_egg",0.130583745016623
"B","inverse_variance","clustering_matrix","atx_59441ff7abde","Brant","reporting__did_active_0_14_day",0.248672191124139
"B","inverse_variance","clustering_matrix","atx_59441ff7abde","Brant","count__did_early_pre",0.133861642130855
"B","inverse_variance","clustering_matrix","atx_59441ff7abde","Brant","count__did_immediate_pre",-0.387159055280012
"B","inverse_variance","clustering_matrix","atx_59441ff7abde","Brant","count__did_spawn_start",-0.178155559112684
"B","inverse_variance","clustering_matrix","atx_59441ff7abde","Brant","count__did_early_egg",-0.14003951760563
"B","inverse_variance","clustering_matrix","atx_59441ff7abde","Brant","count__did_late_egg",0.0122899136979832
"B","inverse_variance","clustering_matrix","atx_59441ff7abde","Brant","count__did_active_0_14_day",-0.152665662280538
"B","inverse_variance","clustering_matrix","atx_acf526bb8010","Marbled Murrelet","reporting__did_early_pre",-0.70821667139663
"B","inverse_variance","clustering_matrix","atx_acf526bb8010","Marbled Murrelet","reporting__did_immediate_pre",0.885612493070196
"B","inverse_variance","clustering_matrix","atx_acf526bb8010","Marbled Murrelet","reporting__did_spawn_start",-0.391390897981081
"B","inverse_variance","clustering_matrix","atx_acf526bb8010","Marbled Murrelet","reporting__did_early_egg",-0.191613232524381
"B","inverse_variance","clustering_matrix","atx_acf526bb8010","Marbled Murrelet","reporting__did_late_egg",-0.324588320121221
"B","inverse_variance","clustering_matrix","atx_acf526bb8010","Marbled Murrelet","reporting__did_active_0_14_day",-0.255158443468215
"B","inverse_variance","clustering_matrix","atx_acf526bb8010","Marbled Murrelet","count__did_early_pre",0.301880094527644
"B","inverse_variance","clustering_matrix","atx_acf526bb8010","Marbled Murrelet","count__did_immediate_pre",0.0794375650758796
"B","inverse_variance","clustering_matrix","atx_acf526bb8010","Marbled Murrelet","count__did_spawn_start",-0.247314716495813
"B","inverse_variance","clustering_matrix","atx_acf526bb8010","Marbled Murrelet","count__did_early_egg",0.202455557917543
"B","inverse_variance","clustering_matrix","atx_acf526bb8010","Marbled Murrelet","count__did_late_egg",-0.151513787236522
"B","inverse_variance","clustering_matrix","atx_acf526bb8010","Marbled Murrelet","count__did_active_0_14_day",0.114765425560829
"B","inverse_variance","clustering_matrix","atx_40f730f5ad72","Long-tailed Duck","reporting__did_early_pre",0.263128797800643
"B","inverse_variance","clustering_matrix","atx_40f730f5ad72","Long-tailed Duck","reporting__did_immediate_pre",-0.444399061544426
"B","inverse_variance","clustering_matrix","atx_40f730f5ad72","Long-tailed Duck","reporting__did_spawn_start",-0.293331279865417
"B","inverse_variance","clustering_matrix","atx_40f730f5ad72","Long-tailed Duck","reporting__did_early_egg",0.474409926703387
"B","inverse_variance","clustering_matrix","atx_40f730f5ad72","Long-tailed Duck","reporting__did_late_egg",0.292033847528478
"B","inverse_variance","clustering_matrix","atx_40f730f5ad72","Long-tailed Duck","reporting__did_active_0_14_day",0.277150396059485
"B","inverse_variance","clustering_matrix","atx_40f730f5ad72","Long-tailed Duck","count__did_early_pre",0.220445178902998
"B","inverse_variance","clustering_matrix","atx_40f730f5ad72","Long-tailed Duck","count__did_immediate_pre",0.092907110145604
"B","inverse_variance","clustering_matrix","atx_40f730f5ad72","Long-tailed Duck","count__did_spawn_start",0.646601928028247
"B","inverse_variance","clustering_matrix","atx_40f730f5ad72","Long-tailed Duck","count__did_early_egg",1.05474853935539
"B","inverse_variance","clustering_matrix","atx_40f730f5ad72","Long-tailed Duck","count__did_late_egg",0.844867876669458
"B","inverse_variance","clustering_matrix","atx_40f730f5ad72","Long-tailed Duck","count__did_active_0_14_day",1.02699459204164
"B","inverse_variance","clustering_matrix","atx_98ca0000b734","Brandt's Cormorant","reporting__did_early_pre",0.262207534344596
"B","inverse_variance","clustering_matrix","atx_98ca0000b734","Brandt's Cormorant","reporting__did_immediate_pre",0.0923883275692087
"B","inverse_variance","clustering_matrix","atx_98ca0000b734","Brandt's Cormorant","reporting__did_spawn_start",-0.00563372855120805
"B","inverse_variance","clustering_matrix","atx_98ca0000b734","Brandt's Cormorant","reporting__did_early_egg",-0.170706382681699
"B","inverse_variance","clustering_matrix","atx_98ca0000b734","Brandt's Cormorant","reporting__did_late_egg",0.339284321681349
"B","inverse_variance","clustering_matrix","atx_98ca0000b734","Brandt's Cormorant","reporting__did_active_0_14_day",-0.131018502513295
"B","inverse_variance","clustering_matrix","atx_98ca0000b734","Brandt's Cormorant","count__did_early_pre",0.213861330041982
"B","inverse_variance","clustering_matrix","atx_98ca0000b734","Brandt's Cormorant","count__did_immediate_pre",0.0271970173076098
"B","inverse_variance","clustering_matrix","atx_98ca0000b734","Brandt's Cormorant","count__did_spawn_start",0.0376889658424132
"B","inverse_variance","clustering_matrix","atx_98ca0000b734","Brandt's Cormorant","count__did_early_egg",-0.100654367006895
"B","inverse_variance","clustering_matrix","atx_98ca0000b734","Brandt's Cormorant","count__did_late_egg",0.0457663181290612
"B","inverse_variance","clustering_matrix","atx_98ca0000b734","Brandt's Cormorant","count__did_active_0_14_day",-0.0800692496646824
"B","inverse_variance","clustering_matrix","atx_136b0e66254b","Common Murre","reporting__did_early_pre",0.622540877209532
"B","inverse_variance","clustering_matrix","atx_136b0e66254b","Common Murre","reporting__did_immediate_pre",-0.139865566778591
"B","inverse_variance","clustering_matrix","atx_136b0e66254b","Common Murre","reporting__did_spawn_start",-0.512349651647173
"B","inverse_variance","clustering_matrix","atx_136b0e66254b","Common Murre","reporting__did_early_egg",-0.500270446473213
"B","inverse_variance","clustering_matrix","atx_136b0e66254b","Common Murre","reporting__did_late_egg",0.208912164825887
"B","inverse_variance","clustering_matrix","atx_136b0e66254b","Common Murre","reporting__did_active_0_14_day",-0.535256495857994
"B","inverse_variance","clustering_matrix","atx_136b0e66254b","Common Murre","count__did_early_pre",-0.190264230339479
"B","inverse_variance","clustering_matrix","atx_136b0e66254b","Common Murre","count__did_immediate_pre",0.317291657374478
"B","inverse_variance","clustering_matrix","atx_136b0e66254b","Common Murre","count__did_spawn_start",0.144408389153694
"B","inverse_variance","clustering_matrix","atx_136b0e66254b","Common Murre","count__did_early_egg",-0.456851840585737
"B","inverse_variance","clustering_matrix","atx_136b0e66254b","Common Murre","count__did_late_egg",0.0120141448724401
"B","inverse_variance","clustering_matrix","atx_136b0e66254b","Common Murre","count__did_active_0_14_day",-0.339304723032145
"B","inverse_variance","clustering_matrix","atx_7571c026ae99","American Herring Gull","reporting__did_early_pre",0.60206986315233
"B","inverse_variance","clustering_matrix","atx_7571c026ae99","American Herring Gull","reporting__did_immediate_pre",0.519018789139139
"B","inverse_variance","clustering_matrix","atx_7571c026ae99","American Herring Gull","reporting__did_spawn_start",1.53872790270042
"B","inverse_variance","clustering_matrix","atx_7571c026ae99","American Herring Gull","reporting__did_early_egg",1.36665403053795
"B","inverse_variance","clustering_matrix","atx_7571c026ae99","American Herring Gull","reporting__did_late_egg",0.863594299311467
"B","inverse_variance","clustering_matrix","atx_7571c026ae99","American Herring Gull","reporting__did_active_0_14_day",1.37124957786513
"B","inverse_variance","clustering_matrix","atx_7571c026ae99","American Herring Gull","count__did_early_pre",-0.409924141619468
"B","inverse_variance","clustering_matrix","atx_7571c026ae99","American Herring Gull","count__did_immediate_pre",-0.604156236717742
"B","inverse_variance","clustering_matrix","atx_7571c026ae99","American Herring Gull","count__did_spawn_start",-0.763532540052839
"B","inverse_variance","clustering_matrix","atx_7571c026ae99","American Herring Gull","count__did_early_egg",-0.467850368749269
"B","inverse_variance","clustering_matrix","atx_7571c026ae99","American Herring Gull","count__did_late_egg",-0.791484571212901
"B","inverse_variance","clustering_matrix","atx_7571c026ae99","American Herring Gull","count__did_active_0_14_day",-0.517382286857114
"B","inverse_variance","clustering_matrix","atx_1328b44be502","Black Scoter","reporting__did_early_pre",-1.15218429157703
"B","inverse_variance","clustering_matrix","atx_1328b44be502","Black Scoter","reporting__did_immediate_pre",-0.525821538553504
"B","inverse_variance","clustering_matrix","atx_1328b44be502","Black Scoter","reporting__did_spawn_start",-0.347502387071467
"B","inverse_variance","clustering_matrix","atx_1328b44be502","Black Scoter","reporting__did_early_egg",-0.0314464502562673
"B","inverse_variance","clustering_matrix","atx_1328b44be502","Black Scoter","reporting__did_late_egg",0.285328479053152
"B","inverse_variance","clustering_matrix","atx_1328b44be502","Black Scoter","reporting__did_active_0_14_day",-0.117305587661253
"B","inverse_variance","clustering_matrix","atx_1328b44be502","Black Scoter","count__did_early_pre",0.624624277351252
"B","inverse_variance","clustering_matrix","atx_1328b44be502","Black Scoter","count__did_immediate_pre",0.180936850972393
"B","inverse_variance","clustering_matrix","atx_1328b44be502","Black Scoter","count__did_spawn_start",-0.274583228774365
"B","inverse_variance","clustering_matrix","atx_1328b44be502","Black Scoter","count__did_early_egg",0.124608715023394
"B","inverse_variance","clustering_matrix","atx_1328b44be502","Black Scoter","count__did_late_egg",-0.156157477195914
"B","inverse_variance","clustering_matrix","atx_1328b44be502","Black Scoter","count__did_active_0_14_day",0.0501553611679344
"B","inverse_variance","clustering_matrix","atx_04cf65098f13","Red-throated Loon","reporting__did_early_pre",0.270229654042931
"B","inverse_variance","clustering_matrix","atx_04cf65098f13","Red-throated Loon","reporting__did_immediate_pre",-0.0664114451042538
"B","inverse_variance","clustering_matrix","atx_04cf65098f13","Red-throated Loon","reporting__did_spawn_start",0.0924000252981418
"B","inverse_variance","clustering_matrix","atx_04cf65098f13","Red-throated Loon","reporting__did_early_egg",-0.154640453633782
"B","inverse_variance","clustering_matrix","atx_04cf65098f13","Red-throated Loon","reporting__did_late_egg",0.0982249708347323
"B","inverse_variance","clustering_matrix","atx_04cf65098f13","Red-throated Loon","reporting__did_active_0_14_day",-0.0785376090249436
"B","inverse_variance","clustering_matrix","atx_04cf65098f13","Red-throated Loon","count__did_early_pre",0.0946585041422099
"B","inverse_variance","clustering_matrix","atx_04cf65098f13","Red-throated Loon","count__did_immediate_pre",-0.271463487054356
"B","inverse_variance","clustering_matrix","atx_04cf65098f13","Red-throated Loon","count__did_spawn_start",-0.208464012917011
"B","inverse_variance","clustering_matrix","atx_04cf65098f13","Red-throated Loon","count__did_early_egg",-0.137885289679624
"B","inverse_variance","clustering_matrix","atx_04cf65098f13","Red-throated Loon","count__did_late_egg",0.0647385056506557
"B","inverse_variance","clustering_matrix","atx_04cf65098f13","Red-throated Loon","count__did_active_0_14_day",-0.168069020894425
"B","inverse_variance","clustering_matrix","atx_ebf17f77fb66","Western Grebe","reporting__did_early_pre",0.706598800112582
"B","inverse_variance","clustering_matrix","atx_ebf17f77fb66","Western Grebe","reporting__did_immediate_pre",-0.726445459480382
"B","inverse_variance","clustering_matrix","atx_ebf17f77fb66","Western Grebe","reporting__did_spawn_start",-0.802502092641755
"B","inverse_variance","clustering_matrix","atx_ebf17f77fb66","Western Grebe","reporting__did_early_egg",-0.815569531929548
"B","inverse_variance","clustering_matrix","atx_ebf17f77fb66","Western Grebe","reporting__did_late_egg",-0.182437318684826
"B","inverse_variance","clustering_matrix","atx_ebf17f77fb66","Western Grebe","reporting__did_active_0_14_day",-0.870775152015713
"B","inverse_variance","clustering_matrix","atx_ebf17f77fb66","Western Grebe","count__did_early_pre",-0.633884061762064
"B","inverse_variance","clustering_matrix","atx_ebf17f77fb66","Western Grebe","count__did_immediate_pre",-0.160731978063609
"B","inverse_variance","clustering_matrix","atx_ebf17f77fb66","Western Grebe","count__did_spawn_start",-0.294405913931669
"B","inverse_variance","clustering_matrix","atx_ebf17f77fb66","Western Grebe","count__did_early_egg",-0.172901081592831
"B","inverse_variance","clustering_matrix","atx_ebf17f77fb66","Western Grebe","count__did_late_egg",0.00464702396681984
"B","inverse_variance","clustering_matrix","atx_ebf17f77fb66","Western Grebe","count__did_active_0_14_day",-0.218210543206374
"B","inverse_variance","clustering_matrix","atx_5a9a3495d0ea","Western Gull","reporting__did_early_pre",-0.176448814130136
"B","inverse_variance","clustering_matrix","atx_5a9a3495d0ea","Western Gull","reporting__did_immediate_pre",0.574795859391299
"B","inverse_variance","clustering_matrix","atx_5a9a3495d0ea","Western Gull","reporting__did_spawn_start",-0.0744802846598971
"B","inverse_variance","clustering_matrix","atx_5a9a3495d0ea","Western Gull","reporting__did_early_egg",0.493670196481742
"B","inverse_variance","clustering_matrix","atx_5a9a3495d0ea","Western Gull","reporting__did_late_egg",0.247595862471059
"B","inverse_variance","clustering_matrix","atx_5a9a3495d0ea","Western Gull","reporting__did_active_0_14_day",0.344790655362458
"B","inverse_variance","clustering_matrix","atx_5a9a3495d0ea","Western Gull","count__did_early_pre",-0.282053823518195
"B","inverse_variance","clustering_matrix","atx_5a9a3495d0ea","Western Gull","count__did_immediate_pre",0.182988804583167
"B","inverse_variance","clustering_matrix","atx_5a9a3495d0ea","Western Gull","count__did_spawn_start",0.397202655257439
"B","inverse_variance","clustering_matrix","atx_5a9a3495d0ea","Western Gull","count__did_early_egg",-0.190864130310451
"B","inverse_variance","clustering_matrix","atx_5a9a3495d0ea","Western Gull","count__did_late_egg",-0.383842807201464
"B","inverse_variance","clustering_matrix","atx_5a9a3495d0ea","Western Gull","count__did_active_0_14_day",-0.0826917940597222
"B","reliability_shrunk","clustering_matrix","atx_c9db024faf12","American Crow","reporting__did_early_pre",-2.11212455856268
"B","reliability_shrunk","clustering_matrix","atx_c9db024faf12","American Crow","reporting__did_immediate_pre",0.434899811508097
"B","reliability_shrunk","clustering_matrix","atx_c9db024faf12","American Crow","reporting__did_spawn_start",-0.393248310072786
"B","reliability_shrunk","clustering_matrix","atx_c9db024faf12","American Crow","reporting__did_early_egg",-0.319124359622978
"B","reliability_shrunk","clustering_matrix","atx_c9db024faf12","American Crow","reporting__did_late_egg",-1.26844600905192
"B","reliability_shrunk","clustering_matrix","atx_c9db024faf12","American Crow","reporting__did_active_0_14_day",-0.328833948100002
"B","reliability_shrunk","clustering_matrix","atx_c9db024faf12","American Crow","count__did_early_pre",1.32659342634902
"B","reliability_shrunk","clustering_matrix","atx_c9db024faf12","American Crow","count__did_immediate_pre",-2.07153332283561
"B","reliability_shrunk","clustering_matrix","atx_c9db024faf12","American Crow","count__did_spawn_start",-1.14965984483133
"B","reliability_shrunk","clustering_matrix","atx_c9db024faf12","American Crow","count__did_early_egg",-0.96642827544478
"B","reliability_shrunk","clustering_matrix","atx_c9db024faf12","American Crow","count__did_late_egg",-1.22096045569522
"B","reliability_shrunk","clustering_matrix","atx_c9db024faf12","American Crow","count__did_active_0_14_day",-1.0518238846345
"B","reliability_shrunk","clustering_matrix","atx_725074cbfcb6","Glaucous-winged Gull","reporting__did_early_pre",-0.607521776257927
"B","reliability_shrunk","clustering_matrix","atx_725074cbfcb6","Glaucous-winged Gull","reporting__did_immediate_pre",-0.352826015248429
"B","reliability_shrunk","clustering_matrix","atx_725074cbfcb6","Glaucous-winged Gull","reporting__did_spawn_start",0.888831597622477
"B","reliability_shrunk","clustering_matrix","atx_725074cbfcb6","Glaucous-winged Gull","reporting__did_early_egg",0.512439289837075
"B","reliability_shrunk","clustering_matrix","atx_725074cbfcb6","Glaucous-winged Gull","reporting__did_late_egg",-0.388464528474163
"B","reliability_shrunk","clustering_matrix","atx_725074cbfcb6","Glaucous-winged Gull","reporting__did_active_0_14_day",0.63672703141702
"B","reliability_shrunk","clustering_matrix","atx_725074cbfcb6","Glaucous-winged Gull","count__did_early_pre",2.31230192325784
"B","reliability_shrunk","clustering_matrix","atx_725074cbfcb6","Glaucous-winged Gull","count__did_immediate_pre",0.978940349901921
"B","reliability_shrunk","clustering_matrix","atx_725074cbfcb6","Glaucous-winged Gull","count__did_spawn_start",2.55783459389883
"B","reliability_shrunk","clustering_matrix","atx_725074cbfcb6","Glaucous-winged Gull","count__did_early_egg",0.916660094126042
"B","reliability_shrunk","clustering_matrix","atx_725074cbfcb6","Glaucous-winged Gull","count__did_late_egg",0.351850983215367
"B","reliability_shrunk","clustering_matrix","atx_725074cbfcb6","Glaucous-winged Gull","count__did_active_0_14_day",1.34290821970473
"B","reliability_shrunk","clustering_matrix","atx_815c98107028","Mallard","reporting__did_early_pre",-0.0392254417864749
"B","reliability_shrunk","clustering_matrix","atx_815c98107028","Mallard","reporting__did_immediate_pre",0.959887685895474
"B","reliability_shrunk","clustering_matrix","atx_815c98107028","Mallard","reporting__did_spawn_start",0.124392377382063
"B","reliability_shrunk","clustering_matrix","atx_815c98107028","Mallard","reporting__did_early_egg",-0.180747677004857
"B","reliability_shrunk","clustering_matrix","atx_815c98107028","Mallard","reporting__did_late_egg",-0.357591668736264
"B","reliability_shrunk","clustering_matrix","atx_815c98107028","Mallard","reporting__did_active_0_14_day",-0.0762371254081415
"B","reliability_shrunk","clustering_matrix","atx_815c98107028","Mallard","count__did_early_pre",1.79990928000111
"B","reliability_shrunk","clustering_matrix","atx_815c98107028","Mallard","count__did_immediate_pre",1.04720834065478
"B","reliability_shrunk","clustering_matrix","atx_815c98107028","Mallard","count__did_spawn_start",0.298636704348795
"B","reliability_shrunk","clustering_matrix","atx_815c98107028","Mallard","count__did_early_egg",0.180669737923948
"B","reliability_shrunk","clustering_matrix","atx_815c98107028","Mallard","count__did_late_egg",1.77078735533959
"B","reliability_shrunk","clustering_matrix","atx_815c98107028","Mallard","count__did_active_0_14_day",0.221545725498228
"B","reliability_shrunk","clustering_matrix","atx_fc0a9b777dcd","Bald Eagle","reporting__did_early_pre",0.120365869307909
"B","reliability_shrunk","clustering_matrix","atx_fc0a9b777dcd","Bald Eagle","reporting__did_immediate_pre",1.84340745223704
"B","reliability_shrunk","clustering_matrix","atx_fc0a9b777dcd","Bald Eagle","reporting__did_spawn_start",1.1929577114848
"B","reliability_shrunk","clustering_matrix","atx_fc0a9b777dcd","Bald Eagle","reporting__did_early_egg",-0.030804896672743
"B","reliability_shrunk","clustering_matrix","atx_fc0a9b777dcd","Bald Eagle","reporting__did_late_egg",-0.215225786252415
"B","reliability_shrunk","clustering_matrix","atx_fc0a9b777dcd","Bald Eagle","reporting__did_active_0_14_day",0.355566357630497
"B","reliability_shrunk","clustering_matrix","atx_fc0a9b777dcd","Bald Eagle","count__did_early_pre",-1.52851280871032
"B","reliability_shrunk","clustering_matrix","atx_fc0a9b777dcd","Bald Eagle","count__did_immediate_pre",0.262140756337226
"B","reliability_shrunk","clustering_matrix","atx_fc0a9b777dcd","Bald Eagle","count__did_spawn_start",1.52543293540257
"B","reliability_shrunk","clustering_matrix","atx_fc0a9b777dcd","Bald Eagle","count__did_early_egg",-0.759074920804568
"B","reliability_shrunk","clustering_matrix","atx_fc0a9b777dcd","Bald Eagle","count__did_late_egg",-1.21232015495761
"B","reliability_shrunk","clustering_matrix","atx_fc0a9b777dcd","Bald Eagle","count__did_active_0_14_day",-0.284707461490087
"B","reliability_shrunk","clustering_matrix","atx_b3d3ea90f9cb","Canada Goose","reporting__did_early_pre",2.71963987456618
"B","reliability_shrunk","clustering_matrix","atx_b3d3ea90f9cb","Canada Goose","reporting__did_immediate_pre",2.17397637975889
"B","reliability_shrunk","clustering_matrix","atx_b3d3ea90f9cb","Canada Goose","reporting__did_spawn_start",0.135126371523095
"B","reliability_shrunk","clustering_matrix","atx_b3d3ea90f9cb","Canada Goose","reporting__did_early_egg",0.404686237633513
"B","reliability_shrunk","clustering_matrix","atx_b3d3ea90f9cb","Canada Goose","reporting__did_late_egg",1.00395093345462
"B","reliability_shrunk","clustering_matrix","atx_b3d3ea90f9cb","Canada Goose","reporting__did_active_0_14_day",0.328469156305611
"B","reliability_shrunk","clustering_matrix","atx_b3d3ea90f9cb","Canada Goose","count__did_early_pre",-2.16761224633992
"B","reliability_shrunk","clustering_matrix","atx_b3d3ea90f9cb","Canada Goose","count__did_immediate_pre",-1.22039173627822
"B","reliability_shrunk","clustering_matrix","atx_b3d3ea90f9cb","Canada Goose","count__did_spawn_start",-0.378077861250521
"B","reliability_shrunk","clustering_matrix","atx_b3d3ea90f9cb","Canada Goose","count__did_early_egg",-1.06368954979583
"B","reliability_shrunk","clustering_matrix","atx_b3d3ea90f9cb","Canada Goose","count__did_late_egg",-0.770291855883456
"B","reliability_shrunk","clustering_matrix","atx_b3d3ea90f9cb","Canada Goose","count__did_active_0_14_day",-0.961829746900544
"B","reliability_shrunk","clustering_matrix","atx_v2_000007","Common Raven","reporting__did_early_pre",1.11362589705572
"B","reliability_shrunk","clustering_matrix","atx_v2_000007","Common Raven","reporting__did_immediate_pre",-0.625146825374971
"B","reliability_shrunk","clustering_matrix","atx_v2_000007","Common Raven","reporting__did_spawn_start",-0.960408751412532
"B","reliability_shrunk","clustering_matrix","atx_v2_000007","Common Raven","reporting__did_early_egg",-1.07666367557781
"B","reliability_shrunk","clustering_matrix","atx_v2_000007","Common Raven","reporting__did_late_egg",-0.652749858564898
"B","reliability_shrunk","clustering_matrix","atx_v2_000007","Common Raven","reporting__did_active_0_14_day",-1.02004892937959
"B","reliability_shrunk","clustering_matrix","atx_v2_000007","Common Raven","count__did_early_pre",0.881270900129981
"B","reliability_shrunk","clustering_matrix","atx_v2_000007","Common Raven","count__did_immediate_pre",0.174224169366585
"B","reliability_shrunk","clustering_matrix","atx_v2_000007","Common Raven","count__did_spawn_start",-0.961805629608728
"B","reliability_shrunk","clustering_matrix","atx_v2_000007","Common Raven","count__did_early_egg",-0.881951731412436
"B","reliability_shrunk","clustering_matrix","atx_v2_000007","Common Raven","count__did_late_egg",-0.660363571654332
"B","reliability_shrunk","clustering_matrix","atx_v2_000007","Common Raven","count__did_active_0_14_day",-0.938462800278304
"B","reliability_shrunk","clustering_matrix","atx_99238953638b","Bufflehead","reporting__did_early_pre",0.663414074656309
"B","reliability_shrunk","clustering_matrix","atx_99238953638b","Bufflehead","reporting__did_immediate_pre",0.110651935968576
"B","reliability_shrunk","clustering_matrix","atx_99238953638b","Bufflehead","reporting__did_spawn_start",0.04796636266985
"B","reliability_shrunk","clustering_matrix","atx_99238953638b","Bufflehead","reporting__did_early_egg",-1.29167946158722
"B","reliability_shrunk","clustering_matrix","atx_99238953638b","Bufflehead","reporting__did_late_egg",-0.730857592101397
"B","reliability_shrunk","clustering_matrix","atx_99238953638b","Bufflehead","reporting__did_active_0_14_day",-0.863177753188088
"B","reliability_shrunk","clustering_matrix","atx_99238953638b","Bufflehead","count__did_early_pre",-1.17689920502119
"B","reliability_shrunk","clustering_matrix","atx_99238953638b","Bufflehead","count__did_immediate_pre",-1.85066824736879
"B","reliability_shrunk","clustering_matrix","atx_99238953638b","Bufflehead","count__did_spawn_start",-0.0873417984751582
"B","reliability_shrunk","clustering_matrix","atx_99238953638b","Bufflehead","count__did_early_egg",0.132693547031943
"B","reliability_shrunk","clustering_matrix","atx_99238953638b","Bufflehead","count__did_late_egg",0.0807111839584921
"B","reliability_shrunk","clustering_matrix","atx_99238953638b","Bufflehead","count__did_active_0_14_day",0.0951618202388177
"B","reliability_shrunk","clustering_matrix","atx_7b80ddaff058","Great Blue Heron","reporting__did_early_pre",1.12763697633293
"B","reliability_shrunk","clustering_matrix","atx_7b80ddaff058","Great Blue Heron","reporting__did_immediate_pre",-0.207612488268666
"B","reliability_shrunk","clustering_matrix","atx_7b80ddaff058","Great Blue Heron","reporting__did_spawn_start",0.537063004875423
"B","reliability_shrunk","clustering_matrix","atx_7b80ddaff058","Great Blue Heron","reporting__did_early_egg",-0.577473145221813
"B","reliability_shrunk","clustering_matrix","atx_7b80ddaff058","Great Blue Heron","reporting__did_late_egg",-0.537020871889586
"B","reliability_shrunk","clustering_matrix","atx_7b80ddaff058","Great Blue Heron","reporting__did_active_0_14_day",-0.223311413711773
"B","reliability_shrunk","clustering_matrix","atx_7b80ddaff058","Great Blue Heron","count__did_early_pre",0.676322725555957
"B","reliability_shrunk","clustering_matrix","atx_7b80ddaff058","Great Blue Heron","count__did_immediate_pre",2.11454741721372
"B","reliability_shrunk","clustering_matrix","atx_7b80ddaff058","Great Blue Heron","count__did_spawn_start",-0.417892637285422
"B","reliability_shrunk","clustering_matrix","atx_7b80ddaff058","Great Blue Heron","count__did_early_egg",-0.609897744946528
"B","reliability_shrunk","clustering_matrix","atx_7b80ddaff058","Great Blue Heron","count__did_late_egg",-0.128164485965774
"B","reliability_shrunk","clustering_matrix","atx_7b80ddaff058","Great Blue Heron","count__did_active_0_14_day",-0.593503625125676
"B","reliability_shrunk","clustering_matrix","atx_a113baee5693","American Wigeon","reporting__did_early_pre",0.434636064343262
"B","reliability_shrunk","clustering_matrix","atx_a113baee5693","American Wigeon","reporting__did_immediate_pre",0.958320137968349
"B","reliability_shrunk","clustering_matrix","atx_a113baee5693","American Wigeon","reporting__did_spawn_start",0.663462778321182
"B","reliability_shrunk","clustering_matrix","atx_a113baee5693","American Wigeon","reporting__did_early_egg",0.859972757104264
"B","reliability_shrunk","clustering_matrix","atx_a113baee5693","American Wigeon","reporting__did_late_egg",1.18000163369656
"B","reliability_shrunk","clustering_matrix","atx_a113baee5693","American Wigeon","reporting__did_active_0_14_day",0.807078634582816
"B","reliability_shrunk","clustering_matrix","atx_a113baee5693","American Wigeon","count__did_early_pre",0.444128752734508
"B","reliability_shrunk","clustering_matrix","atx_a113baee5693","American Wigeon","count__did_immediate_pre",2.05014964673261
"B","reliability_shrunk","clustering_matrix","atx_a113baee5693","American Wigeon","count__did_spawn_start",0.014819233439736
"B","reliability_shrunk","clustering_matrix","atx_a113baee5693","American Wigeon","count__did_early_egg",0.223886233614441
"B","reliability_shrunk","clustering_matrix","atx_a113baee5693","American Wigeon","count__did_late_egg",0.0394597634545493
"B","reliability_shrunk","clustering_matrix","atx_a113baee5693","American Wigeon","count__did_active_0_14_day",0.194250431596425
"B","reliability_shrunk","clustering_matrix","atx_a444854c6b66","Double-crested Cormorant","reporting__did_early_pre",-0.144104445415695
"B","reliability_shrunk","clustering_matrix","atx_a444854c6b66","Double-crested Cormorant","reporting__did_immediate_pre",-0.0824627892687766
"B","reliability_shrunk","clustering_matrix","atx_a444854c6b66","Double-crested Cormorant","reporting__did_spawn_start",-0.213893302262208
"B","reliability_shrunk","clustering_matrix","atx_a444854c6b66","Double-crested Cormorant","reporting__did_early_egg",-0.198029562326851
"B","reliability_shrunk","clustering_matrix","atx_a444854c6b66","Double-crested Cormorant","reporting__did_late_egg",-0.53660270196536
"B","reliability_shrunk","clustering_matrix","atx_a444854c6b66","Double-crested Cormorant","reporting__did_active_0_14_day",-0.194666688996042
"B","reliability_shrunk","clustering_matrix","atx_a444854c6b66","Double-crested Cormorant","count__did_early_pre",-0.40220451043472
"B","reliability_shrunk","clustering_matrix","atx_a444854c6b66","Double-crested Cormorant","count__did_immediate_pre",1.4497098023967
"B","reliability_shrunk","clustering_matrix","atx_a444854c6b66","Double-crested Cormorant","count__did_spawn_start",1.10084723632447
"B","reliability_shrunk","clustering_matrix","atx_a444854c6b66","Double-crested Cormorant","count__did_early_egg",0.13849504399017
"B","reliability_shrunk","clustering_matrix","atx_a444854c6b66","Double-crested Cormorant","count__did_late_egg",0.507750883863194
"B","reliability_shrunk","clustering_matrix","atx_a444854c6b66","Double-crested Cormorant","count__did_active_0_14_day",0.374573251679185
"B","reliability_shrunk","clustering_matrix","atx_35518e24dfdd","Common Merganser","reporting__did_early_pre",-1.60475221016417
"B","reliability_shrunk","clustering_matrix","atx_35518e24dfdd","Common Merganser","reporting__did_immediate_pre",1.90096802045191
"B","reliability_shrunk","clustering_matrix","atx_35518e24dfdd","Common Merganser","reporting__did_spawn_start",1.42161759730544
"B","reliability_shrunk","clustering_matrix","atx_35518e24dfdd","Common Merganser","reporting__did_early_egg",1.10563592225847
"B","reliability_shrunk","clustering_matrix","atx_35518e24dfdd","Common Merganser","reporting__did_late_egg",0.739783171885542
"B","reliability_shrunk","clustering_matrix","atx_35518e24dfdd","Common Merganser","reporting__did_active_0_14_day",1.20884654871618
"B","reliability_shrunk","clustering_matrix","atx_35518e24dfdd","Common Merganser","count__did_early_pre",-0.36901091700636
"B","reliability_shrunk","clustering_matrix","atx_35518e24dfdd","Common Merganser","count__did_immediate_pre",-0.392404617356311
"B","reliability_shrunk","clustering_matrix","atx_35518e24dfdd","Common Merganser","count__did_spawn_start",0.859240008344485
"B","reliability_shrunk","clustering_matrix","atx_35518e24dfdd","Common Merganser","count__did_early_egg",-0.00835227553350655
"B","reliability_shrunk","clustering_matrix","atx_35518e24dfdd","Common Merganser","count__did_late_egg",-0.449482178351204
"B","reliability_shrunk","clustering_matrix","atx_35518e24dfdd","Common Merganser","count__did_active_0_14_day",0.195454393851595
"B","reliability_shrunk","clustering_matrix","atx_e0e678a61ad7","Short-billed Gull","reporting__did_early_pre",-2.69233764467089
"B","reliability_shrunk","clustering_matrix","atx_e0e678a61ad7","Short-billed Gull","reporting__did_immediate_pre",0.87857209227186
"B","reliability_shrunk","clustering_matrix","atx_e0e678a61ad7","Short-billed Gull","reporting__did_spawn_start",1.30242535555024
"B","reliability_shrunk","clustering_matrix","atx_e0e678a61ad7","Short-billed Gull","reporting__did_early_egg",1.409621637579
"B","reliability_shrunk","clustering_matrix","atx_e0e678a61ad7","Short-billed Gull","reporting__did_late_egg",-0.349895846215572
"B","reliability_shrunk","clustering_matrix","atx_e0e678a61ad7","Short-billed Gull","reporting__did_active_0_14_day",1.39096680173831
"B","reliability_shrunk","clustering_matrix","atx_e0e678a61ad7","Short-billed Gull","count__did_early_pre",1.417240452255
"B","reliability_shrunk","clustering_matrix","atx_e0e678a61ad7","Short-billed Gull","count__did_immediate_pre",0.300750820222405
"B","reliability_shrunk","clustering_matrix","atx_e0e678a61ad7","Short-billed Gull","count__did_spawn_start",2.76128650344458
"B","reliability_shrunk","clustering_matrix","atx_e0e678a61ad7","Short-billed Gull","count__did_early_egg",2.20912787249841
"B","reliability_shrunk","clustering_matrix","atx_e0e678a61ad7","Short-billed Gull","count__did_late_egg",2.34964950461443
"B","reliability_shrunk","clustering_matrix","atx_e0e678a61ad7","Short-billed Gull","count__did_active_0_14_day",2.47855802325999
"B","reliability_shrunk","clustering_matrix","atx_82312e6f2848","Common Goldeneye","reporting__did_early_pre",1.87670854270348
"B","reliability_shrunk","clustering_matrix","atx_82312e6f2848","Common Goldeneye","reporting__did_immediate_pre",0.873494711502646
"B","reliability_shrunk","clustering_matrix","atx_82312e6f2848","Common Goldeneye","reporting__did_spawn_start",0.328245834675703
"B","reliability_shrunk","clustering_matrix","atx_82312e6f2848","Common Goldeneye","reporting__did_early_egg",-0.0976298004487108
"B","reliability_shrunk","clustering_matrix","atx_82312e6f2848","Common Goldeneye","reporting__did_late_egg",0.537811381174273
"B","reliability_shrunk","clustering_matrix","atx_82312e6f2848","Common Goldeneye","reporting__did_active_0_14_day",0.0428087797574617
"B","reliability_shrunk","clustering_matrix","atx_82312e6f2848","Common Goldeneye","count__did_early_pre",1.78762174561666
"B","reliability_shrunk","clustering_matrix","atx_82312e6f2848","Common Goldeneye","count__did_immediate_pre",-0.313814935865628
"B","reliability_shrunk","clustering_matrix","atx_82312e6f2848","Common Goldeneye","count__did_spawn_start",0.46427668589609
"B","reliability_shrunk","clustering_matrix","atx_82312e6f2848","Common Goldeneye","count__did_early_egg",1.53231373682957
"B","reliability_shrunk","clustering_matrix","atx_82312e6f2848","Common Goldeneye","count__did_late_egg",2.37341629563489
"B","reliability_shrunk","clustering_matrix","atx_82312e6f2848","Common Goldeneye","count__did_active_0_14_day",1.38813019654085
"B","reliability_shrunk","clustering_matrix","atx_04afbeb21fb0","Hooded Merganser","reporting__did_early_pre",-0.348434849586659
"B","reliability_shrunk","clustering_matrix","atx_04afbeb21fb0","Hooded Merganser","reporting__did_immediate_pre",-1.29617271407489
"B","reliability_shrunk","clustering_matrix","atx_04afbeb21fb0","Hooded Merganser","reporting__did_spawn_start",-0.377601540606487
"B","reliability_shrunk","clustering_matrix","atx_04afbeb21fb0","Hooded Merganser","reporting__did_early_egg",-0.769287351336122
"B","reliability_shrunk","clustering_matrix","atx_04afbeb21fb0","Hooded Merganser","reporting__did_late_egg",-0.943227797177757
"B","reliability_shrunk","clustering_matrix","atx_04afbeb21fb0","Hooded Merganser","reporting__did_active_0_14_day",-0.648211596127573
"B","reliability_shrunk","clustering_matrix","atx_04afbeb21fb0","Hooded Merganser","count__did_early_pre",-1.68412033341853
"B","reliability_shrunk","clustering_matrix","atx_04afbeb21fb0","Hooded Merganser","count__did_immediate_pre",-0.0753607320289669
"B","reliability_shrunk","clustering_matrix","atx_04afbeb21fb0","Hooded Merganser","count__did_spawn_start",-1.11298347045548
"B","reliability_shrunk","clustering_matrix","atx_04afbeb21fb0","Hooded Merganser","count__did_early_egg",-0.852613730948056
"B","reliability_shrunk","clustering_matrix","atx_04afbeb21fb0","Hooded Merganser","count__did_late_egg",-0.741991463680436
"B","reliability_shrunk","clustering_matrix","atx_04afbeb21fb0","Hooded Merganser","count__did_active_0_14_day",-0.960767568636841
"B","reliability_shrunk","clustering_matrix","atx_35707a9578d5","Pelagic Cormorant","reporting__did_early_pre",-0.529239845616734
"B","reliability_shrunk","clustering_matrix","atx_35707a9578d5","Pelagic Cormorant","reporting__did_immediate_pre",0.14172730540825
"B","reliability_shrunk","clustering_matrix","atx_35707a9578d5","Pelagic Cormorant","reporting__did_spawn_start",-0.39472668582797
"B","reliability_shrunk","clustering_matrix","atx_35707a9578d5","Pelagic Cormorant","reporting__did_early_egg",0.0418220670076805
"B","reliability_shrunk","clustering_matrix","atx_35707a9578d5","Pelagic Cormorant","reporting__did_late_egg",-0.429876232180951
"B","reliability_shrunk","clustering_matrix","atx_35707a9578d5","Pelagic Cormorant","reporting__did_active_0_14_day",-0.085784608059431
"B","reliability_shrunk","clustering_matrix","atx_35707a9578d5","Pelagic Cormorant","count__did_early_pre",0.867497066349506
"B","reliability_shrunk","clustering_matrix","atx_35707a9578d5","Pelagic Cormorant","count__did_immediate_pre",-0.458052051705585
"B","reliability_shrunk","clustering_matrix","atx_35707a9578d5","Pelagic Cormorant","count__did_spawn_start",-0.53085225410531
"B","reliability_shrunk","clustering_matrix","atx_35707a9578d5","Pelagic Cormorant","count__did_early_egg",-0.58272095882198
"B","reliability_shrunk","clustering_matrix","atx_35707a9578d5","Pelagic Cormorant","count__did_late_egg",0.166820469727005
"B","reliability_shrunk","clustering_matrix","atx_35707a9578d5","Pelagic Cormorant","count__did_active_0_14_day",-0.60127769701963
"B","reliability_shrunk","clustering_matrix","atx_1930f23cc4f8","Surf Scoter","reporting__did_early_pre",-0.0635647276172058
"B","reliability_shrunk","clustering_matrix","atx_1930f23cc4f8","Surf Scoter","reporting__did_immediate_pre",-0.286991899474973
"B","reliability_shrunk","clustering_matrix","atx_1930f23cc4f8","Surf Scoter","reporting__did_spawn_start",-0.210885259866096
"B","reliability_shrunk","clustering_matrix","atx_1930f23cc4f8","Surf Scoter","reporting__did_early_egg",-0.580811169077959
"B","reliability_shrunk","clustering_matrix","atx_1930f23cc4f8","Surf Scoter","reporting__did_late_egg",-0.169303463893207
"B","reliability_shrunk","clustering_matrix","atx_1930f23cc4f8","Surf Scoter","reporting__did_active_0_14_day",-0.462495153571063
"B","reliability_shrunk","clustering_matrix","atx_1930f23cc4f8","Surf Scoter","count__did_early_pre",-1.1291840349517
"B","reliability_shrunk","clustering_matrix","atx_1930f23cc4f8","Surf Scoter","count__did_immediate_pre",-0.819937550974994
"B","reliability_shrunk","clustering_matrix","atx_1930f23cc4f8","Surf Scoter","count__did_spawn_start",-0.174941912069306
"B","reliability_shrunk","clustering_matrix","atx_1930f23cc4f8","Surf Scoter","count__did_early_egg",1.67070720390868
"B","reliability_shrunk","clustering_matrix","atx_1930f23cc4f8","Surf Scoter","count__did_late_egg",1.00869501423928
"B","reliability_shrunk","clustering_matrix","atx_1930f23cc4f8","Surf Scoter","count__did_active_0_14_day",1.37282861675735
"B","reliability_shrunk","clustering_matrix","atx_9ae1aa9b7fdf","Common Loon","reporting__did_early_pre",-1.31171258917405
"B","reliability_shrunk","clustering_matrix","atx_9ae1aa9b7fdf","Common Loon","reporting__did_immediate_pre",-0.33864984416399
"B","reliability_shrunk","clustering_matrix","atx_9ae1aa9b7fdf","Common Loon","reporting__did_spawn_start",-1.52991415004631
"B","reliability_shrunk","clustering_matrix","atx_9ae1aa9b7fdf","Common Loon","reporting__did_early_egg",-1.18757851071418
"B","reliability_shrunk","clustering_matrix","atx_9ae1aa9b7fdf","Common Loon","reporting__did_late_egg",0.105539557534401
"B","reliability_shrunk","clustering_matrix","atx_9ae1aa9b7fdf","Common Loon","reporting__did_active_0_14_day",-1.3002945752353
"B","reliability_shrunk","clustering_matrix","atx_9ae1aa9b7fdf","Common Loon","count__did_early_pre",-1.30062286321542
"B","reliability_shrunk","clustering_matrix","atx_9ae1aa9b7fdf","Common Loon","count__did_immediate_pre",-2.01796325537312
"B","reliability_shrunk","clustering_matrix","atx_9ae1aa9b7fdf","Common Loon","count__did_spawn_start",-0.507178967683176
"B","reliability_shrunk","clustering_matrix","atx_9ae1aa9b7fdf","Common Loon","count__did_early_egg",-0.964787164893036
"B","reliability_shrunk","clustering_matrix","atx_9ae1aa9b7fdf","Common Loon","count__did_late_egg",-1.51414804208902
"B","reliability_shrunk","clustering_matrix","atx_9ae1aa9b7fdf","Common Loon","count__did_active_0_14_day",-0.909618284474761
"B","reliability_shrunk","clustering_matrix","atx_7d980a7c8c37","Northern Pintail","reporting__did_early_pre",0.858969780965249
"B","reliability_shrunk","clustering_matrix","atx_7d980a7c8c37","Northern Pintail","reporting__did_immediate_pre",1.05661066256798
"B","reliability_shrunk","clustering_matrix","atx_7d980a7c8c37","Northern Pintail","reporting__did_spawn_start",1.38511095458918
"B","reliability_shrunk","clustering_matrix","atx_7d980a7c8c37","Northern Pintail","reporting__did_early_egg",1.86236002536298
"B","reliability_shrunk","clustering_matrix","atx_7d980a7c8c37","Northern Pintail","reporting__did_late_egg",1.92282543672663
"B","reliability_shrunk","clustering_matrix","atx_7d980a7c8c37","Northern Pintail","reporting__did_active_0_14_day",1.76211399038043
"B","reliability_shrunk","clustering_matrix","atx_7d980a7c8c37","Northern Pintail","count__did_early_pre",0.00202703964486524
"B","reliability_shrunk","clustering_matrix","atx_7d980a7c8c37","Northern Pintail","count__did_immediate_pre",-0.186582212468463
"B","reliability_shrunk","clustering_matrix","atx_7d980a7c8c37","Northern Pintail","count__did_spawn_start",0.0752288935947826
"B","reliability_shrunk","clustering_matrix","atx_7d980a7c8c37","Northern Pintail","count__did_early_egg",-0.150085134405079
"B","reliability_shrunk","clustering_matrix","atx_7d980a7c8c37","Northern Pintail","count__did_late_egg",-0.772628351367995
"B","reliability_shrunk","clustering_matrix","atx_7d980a7c8c37","Northern Pintail","count__did_active_0_14_day",-0.10231902387929
"B","reliability_shrunk","clustering_matrix","atx_v2_000002","Black Oystercatcher","reporting__did_early_pre",-0.160658299393786
"B","reliability_shrunk","clustering_matrix","atx_v2_000002","Black Oystercatcher","reporting__did_immediate_pre",-0.209038183478181
"B","reliability_shrunk","clustering_matrix","atx_v2_000002","Black Oystercatcher","reporting__did_spawn_start",-0.899956748411575
"B","reliability_shrunk","clustering_matrix","atx_v2_000002","Black Oystercatcher","reporting__did_early_egg",-0.793643346897578
"B","reliability_shrunk","clustering_matrix","atx_v2_000002","Black Oystercatcher","reporting__did_late_egg",0.0578204184215144
"B","reliability_shrunk","clustering_matrix","atx_v2_000002","Black Oystercatcher","reporting__did_active_0_14_day",-0.8321897100092
"B","reliability_shrunk","clustering_matrix","atx_v2_000002","Black Oystercatcher","count__did_early_pre",0.65076609616187
"B","reliability_shrunk","clustering_matrix","atx_v2_000002","Black Oystercatcher","count__did_immediate_pre",0.89957941403931
"B","reliability_shrunk","clustering_matrix","atx_v2_000002","Black Oystercatcher","count__did_spawn_start",-0.946472377914621
"B","reliability_shrunk","clustering_matrix","atx_v2_000002","Black Oystercatcher","count__did_early_egg",-0.689377986223883
"B","reliability_shrunk","clustering_matrix","atx_v2_000002","Black Oystercatcher","count__did_late_egg",-0.355587205208068
"B","reliability_shrunk","clustering_matrix","atx_v2_000002","Black Oystercatcher","count__did_active_0_14_day",-0.784531285856441
"B","reliability_shrunk","clustering_matrix","atx_c2d1fbbaf6d3","Red-breasted Merganser","reporting__did_early_pre",0.611183417110216
"B","reliability_shrunk","clustering_matrix","atx_c2d1fbbaf6d3","Red-breasted Merganser","reporting__did_immediate_pre",-0.753482075329146
"B","reliability_shrunk","clustering_matrix","atx_c2d1fbbaf6d3","Red-breasted Merganser","reporting__did_spawn_start",-0.243125941656283
"B","reliability_shrunk","clustering_matrix","atx_c2d1fbbaf6d3","Red-breasted Merganser","reporting__did_early_egg",-0.709776591023565
"B","reliability_shrunk","clustering_matrix","atx_c2d1fbbaf6d3","Red-breasted Merganser","reporting__did_late_egg",0.0966269796764782
"B","reliability_shrunk","clustering_matrix","atx_c2d1fbbaf6d3","Red-breasted Merganser","reporting__did_active_0_14_day",-0.563906639025618
"B","reliability_shrunk","clustering_matrix","atx_c2d1fbbaf6d3","Red-breasted Merganser","count__did_early_pre",-1.38506712785037
"B","reliability_shrunk","clustering_matrix","atx_c2d1fbbaf6d3","Red-breasted Merganser","count__did_immediate_pre",-0.294257679565556
"B","reliability_shrunk","clustering_matrix","atx_c2d1fbbaf6d3","Red-breasted Merganser","count__did_spawn_start",0.94387251339375
"B","reliability_shrunk","clustering_matrix","atx_c2d1fbbaf6d3","Red-breasted Merganser","count__did_early_egg",-0.126367620883708
"B","reliability_shrunk","clustering_matrix","atx_c2d1fbbaf6d3","Red-breasted Merganser","count__did_late_egg",-0.201803104767852
"B","reliability_shrunk","clustering_matrix","atx_c2d1fbbaf6d3","Red-breasted Merganser","count__did_active_0_14_day",0.127202082078123
"B","reliability_shrunk","clustering_matrix","atx_6b4cfd1ab927","Horned Grebe","reporting__did_early_pre",0.835481562631552
"B","reliability_shrunk","clustering_matrix","atx_6b4cfd1ab927","Horned Grebe","reporting__did_immediate_pre",1.40100264933114
"B","reliability_shrunk","clustering_matrix","atx_6b4cfd1ab927","Horned Grebe","reporting__did_spawn_start",-0.790349818738745
"B","reliability_shrunk","clustering_matrix","atx_6b4cfd1ab927","Horned Grebe","reporting__did_early_egg",-0.319300796667208
"B","reliability_shrunk","clustering_matrix","atx_6b4cfd1ab927","Horned Grebe","reporting__did_late_egg",-0.0384818940551372
"B","reliability_shrunk","clustering_matrix","atx_6b4cfd1ab927","Horned Grebe","reporting__did_active_0_14_day",-0.459419647975103
"B","reliability_shrunk","clustering_matrix","atx_6b4cfd1ab927","Horned Grebe","count__did_early_pre",-1.78186400357822
"B","reliability_shrunk","clustering_matrix","atx_6b4cfd1ab927","Horned Grebe","count__did_immediate_pre",-1.77229284736434
"B","reliability_shrunk","clustering_matrix","atx_6b4cfd1ab927","Horned Grebe","count__did_spawn_start",-1.68933973750567
"B","reliability_shrunk","clustering_matrix","atx_6b4cfd1ab927","Horned Grebe","count__did_early_egg",-1.13743360668777
"B","reliability_shrunk","clustering_matrix","atx_6b4cfd1ab927","Horned Grebe","count__did_late_egg",-1.90082070046008
"B","reliability_shrunk","clustering_matrix","atx_6b4cfd1ab927","Horned Grebe","count__did_active_0_14_day",-1.32470157093525
"B","reliability_shrunk","clustering_matrix","atx_87b306550dba","Harlequin Duck","reporting__did_early_pre",-0.197290844775242
"B","reliability_shrunk","clustering_matrix","atx_87b306550dba","Harlequin Duck","reporting__did_immediate_pre",-1.11777486358837
"B","reliability_shrunk","clustering_matrix","atx_87b306550dba","Harlequin Duck","reporting__did_spawn_start",0.264625347098319
"B","reliability_shrunk","clustering_matrix","atx_87b306550dba","Harlequin Duck","reporting__did_early_egg",0.385680709686916
"B","reliability_shrunk","clustering_matrix","atx_87b306550dba","Harlequin Duck","reporting__did_late_egg",0.90528734453678
"B","reliability_shrunk","clustering_matrix","atx_87b306550dba","Harlequin Duck","reporting__did_active_0_14_day",0.367977157596673
"B","reliability_shrunk","clustering_matrix","atx_87b306550dba","Harlequin Duck","count__did_early_pre",-0.781579615638354
"B","reliability_shrunk","clustering_matrix","atx_87b306550dba","Harlequin Duck","count__did_immediate_pre",1.07783748783057
"B","reliability_shrunk","clustering_matrix","atx_87b306550dba","Harlequin Duck","count__did_spawn_start",0.944526991946163
"B","reliability_shrunk","clustering_matrix","atx_87b306550dba","Harlequin Duck","count__did_early_egg",1.33047717259934
"B","reliability_shrunk","clustering_matrix","atx_87b306550dba","Harlequin Duck","count__did_late_egg",0.768066156016366
"B","reliability_shrunk","clustering_matrix","atx_87b306550dba","Harlequin Duck","count__did_active_0_14_day",1.32970912973165
"B","reliability_shrunk","clustering_matrix","atx_d7dd9536145c","Barrow's Goldeneye","reporting__did_early_pre",0.836539439561777
"B","reliability_shrunk","clustering_matrix","atx_d7dd9536145c","Barrow's Goldeneye","reporting__did_immediate_pre",-1.1754752113403
"B","reliability_shrunk","clustering_matrix","atx_d7dd9536145c","Barrow's Goldeneye","reporting__did_spawn_start",-0.569339828371367
"B","reliability_shrunk","clustering_matrix","atx_d7dd9536145c","Barrow's Goldeneye","reporting__did_early_egg",0.123852202551353
"B","reliability_shrunk","clustering_matrix","atx_d7dd9536145c","Barrow's Goldeneye","reporting__did_late_egg",0.0790504408818402
"B","reliability_shrunk","clustering_matrix","atx_d7dd9536145c","Barrow's Goldeneye","reporting__did_active_0_14_day",-0.0823444330171876
"B","reliability_shrunk","clustering_matrix","atx_d7dd9536145c","Barrow's Goldeneye","count__did_early_pre",-0.148806392784874
"B","reliability_shrunk","clustering_matrix","atx_d7dd9536145c","Barrow's Goldeneye","count__did_immediate_pre",0.0495713530014928
"B","reliability_shrunk","clustering_matrix","atx_d7dd9536145c","Barrow's Goldeneye","count__did_spawn_start",-0.270942135946734
"B","reliability_shrunk","clustering_matrix","atx_d7dd9536145c","Barrow's Goldeneye","count__did_early_egg",0.190459364446483
"B","reliability_shrunk","clustering_matrix","atx_d7dd9536145c","Barrow's Goldeneye","count__did_late_egg",1.07984356761106
"B","reliability_shrunk","clustering_matrix","atx_d7dd9536145c","Barrow's Goldeneye","count__did_active_0_14_day",0.0947525517615716
"B","reliability_shrunk","clustering_matrix","atx_d002764a39e8","Lesser Scaup","reporting__did_early_pre",-0.0840194345648438
"B","reliability_shrunk","clustering_matrix","atx_d002764a39e8","Lesser Scaup","reporting__did_immediate_pre",-0.0867497085260311
"B","reliability_shrunk","clustering_matrix","atx_d002764a39e8","Lesser Scaup","reporting__did_spawn_start",0.566629927741123
"B","reliability_shrunk","clustering_matrix","atx_d002764a39e8","Lesser Scaup","reporting__did_early_egg",1.44452066532888
"B","reliability_shrunk","clustering_matrix","atx_d002764a39e8","Lesser Scaup","reporting__did_late_egg",0.995746612628291
"B","reliability_shrunk","clustering_matrix","atx_d002764a39e8","Lesser Scaup","reporting__did_active_0_14_day",1.24848224790699
"B","reliability_shrunk","clustering_matrix","atx_d002764a39e8","Lesser Scaup","count__did_early_pre",0.306855418969343
"B","reliability_shrunk","clustering_matrix","atx_d002764a39e8","Lesser Scaup","count__did_immediate_pre",0.0381081336903759
"B","reliability_shrunk","clustering_matrix","atx_d002764a39e8","Lesser Scaup","count__did_spawn_start",-1.01162693026996
"B","reliability_shrunk","clustering_matrix","atx_d002764a39e8","Lesser Scaup","count__did_early_egg",0.645610499638708
"B","reliability_shrunk","clustering_matrix","atx_d002764a39e8","Lesser Scaup","count__did_late_egg",0.647935466145249
"B","reliability_shrunk","clustering_matrix","atx_d002764a39e8","Lesser Scaup","count__did_active_0_14_day",0.220805624951232
"B","reliability_shrunk","clustering_matrix","atx_86eda7ed9025","Red-necked Grebe","reporting__did_early_pre",0.0791105499173303
"B","reliability_shrunk","clustering_matrix","atx_86eda7ed9025","Red-necked Grebe","reporting__did_immediate_pre",1.34442334091495
"B","reliability_shrunk","clustering_matrix","atx_86eda7ed9025","Red-necked Grebe","reporting__did_spawn_start",0.255179907207226
"B","reliability_shrunk","clustering_matrix","atx_86eda7ed9025","Red-necked Grebe","reporting__did_early_egg",0.71944012447895
"B","reliability_shrunk","clustering_matrix","atx_86eda7ed9025","Red-necked Grebe","reporting__did_late_egg",1.92423887877577
"B","reliability_shrunk","clustering_matrix","atx_86eda7ed9025","Red-necked Grebe","reporting__did_active_0_14_day",0.596457504383087
"B","reliability_shrunk","clustering_matrix","atx_86eda7ed9025","Red-necked Grebe","count__did_early_pre",0.646613466567252
"B","reliability_shrunk","clustering_matrix","atx_86eda7ed9025","Red-necked Grebe","count__did_immediate_pre",-0.963593007549267
"B","reliability_shrunk","clustering_matrix","atx_86eda7ed9025","Red-necked Grebe","count__did_spawn_start",-0.723271062370179
"B","reliability_shrunk","clustering_matrix","atx_86eda7ed9025","Red-necked Grebe","count__did_early_egg",-0.768253616522826
"B","reliability_shrunk","clustering_matrix","atx_86eda7ed9025","Red-necked Grebe","count__did_late_egg",-0.612834459620473
"B","reliability_shrunk","clustering_matrix","atx_86eda7ed9025","Red-necked Grebe","count__did_active_0_14_day",-0.806082778707667
"B","reliability_shrunk","clustering_matrix","atx_c12b832d2b03","California Gull","reporting__did_early_pre",-0.733607190886648
"B","reliability_shrunk","clustering_matrix","atx_c12b832d2b03","California Gull","reporting__did_immediate_pre",-1.29380282650308
"B","reliability_shrunk","clustering_matrix","atx_c12b832d2b03","California Gull","reporting__did_spawn_start",2.1345275390982
"B","reliability_shrunk","clustering_matrix","atx_c12b832d2b03","California Gull","reporting__did_early_egg",0.895656442711426
"B","reliability_shrunk","clustering_matrix","atx_c12b832d2b03","California Gull","reporting__did_late_egg",-0.0090328752411304
"B","reliability_shrunk","clustering_matrix","atx_c12b832d2b03","California Gull","reporting__did_active_0_14_day",1.29404678001896
"B","reliability_shrunk","clustering_matrix","atx_c12b832d2b03","California Gull","count__did_early_pre",0.287229846299927
"B","reliability_shrunk","clustering_matrix","atx_c12b832d2b03","California Gull","count__did_immediate_pre",0.916777505101277
"B","reliability_shrunk","clustering_matrix","atx_c12b832d2b03","California Gull","count__did_spawn_start",1.07711771094067
"B","reliability_shrunk","clustering_matrix","atx_c12b832d2b03","California Gull","count__did_early_egg",0.934515114983023
"B","reliability_shrunk","clustering_matrix","atx_c12b832d2b03","California Gull","count__did_late_egg",1.09309076349361
"B","reliability_shrunk","clustering_matrix","atx_c12b832d2b03","California Gull","count__did_active_0_14_day",1.00991230868118
"B","reliability_shrunk","clustering_matrix","atx_8608f2ed61cf","Pigeon Guillemot","reporting__did_early_pre",-0.735208627114478
"B","reliability_shrunk","clustering_matrix","atx_8608f2ed61cf","Pigeon Guillemot","reporting__did_immediate_pre",-0.39351349044254
"B","reliability_shrunk","clustering_matrix","atx_8608f2ed61cf","Pigeon Guillemot","reporting__did_spawn_start",-0.983474858005114
"B","reliability_shrunk","clustering_matrix","atx_8608f2ed61cf","Pigeon Guillemot","reporting__did_early_egg",-0.923339338203558
"B","reliability_shrunk","clustering_matrix","atx_8608f2ed61cf","Pigeon Guillemot","reporting__did_late_egg",-0.0850541625422189
"B","reliability_shrunk","clustering_matrix","atx_8608f2ed61cf","Pigeon Guillemot","reporting__did_active_0_14_day",-0.972834424699997
"B","reliability_shrunk","clustering_matrix","atx_8608f2ed61cf","Pigeon Guillemot","count__did_early_pre",-0.515415567849705
"B","reliability_shrunk","clustering_matrix","atx_8608f2ed61cf","Pigeon Guillemot","count__did_immediate_pre",-0.281776731589175
"B","reliability_shrunk","clustering_matrix","atx_8608f2ed61cf","Pigeon Guillemot","count__did_spawn_start",-1.13464234868547
"B","reliability_shrunk","clustering_matrix","atx_8608f2ed61cf","Pigeon Guillemot","count__did_early_egg",-0.849524253021114
"B","reliability_shrunk","clustering_matrix","atx_8608f2ed61cf","Pigeon Guillemot","count__did_late_egg",-0.432862041724984
"B","reliability_shrunk","clustering_matrix","atx_8608f2ed61cf","Pigeon Guillemot","count__did_active_0_14_day",-0.981847798403045
"B","reliability_shrunk","clustering_matrix","atx_c34f23342a55","Pacific Loon","reporting__did_early_pre",-0.380625814285574
"B","reliability_shrunk","clustering_matrix","atx_c34f23342a55","Pacific Loon","reporting__did_immediate_pre",-0.0264209509162987
"B","reliability_shrunk","clustering_matrix","atx_c34f23342a55","Pacific Loon","reporting__did_spawn_start",-0.929131981014821
"B","reliability_shrunk","clustering_matrix","atx_c34f23342a55","Pacific Loon","reporting__did_early_egg",-1.02935428129893
"B","reliability_shrunk","clustering_matrix","atx_c34f23342a55","Pacific Loon","reporting__did_late_egg",-0.255008054784134
"B","reliability_shrunk","clustering_matrix","atx_c34f23342a55","Pacific Loon","reporting__did_active_0_14_day",-1.02410007032281
"B","reliability_shrunk","clustering_matrix","atx_c34f23342a55","Pacific Loon","count__did_early_pre",-0.550823085345996
"B","reliability_shrunk","clustering_matrix","atx_c34f23342a55","Pacific Loon","count__did_immediate_pre",-0.32839212849582
"B","reliability_shrunk","clustering_matrix","atx_c34f23342a55","Pacific Loon","count__did_spawn_start",0.691391651283765
"B","reliability_shrunk","clustering_matrix","atx_c34f23342a55","Pacific Loon","count__did_early_egg",-0.134615316996043
"B","reliability_shrunk","clustering_matrix","atx_c34f23342a55","Pacific Loon","count__did_late_egg",0.199018320352985
"B","reliability_shrunk","clustering_matrix","atx_c34f23342a55","Pacific Loon","count__did_active_0_14_day",0.0753119828104096
"B","reliability_shrunk","clustering_matrix","atx_v2_000003","Dunlin","reporting__did_early_pre",0.26991763115036
"B","reliability_shrunk","clustering_matrix","atx_v2_000003","Dunlin","reporting__did_immediate_pre",-0.78941291499712
"B","reliability_shrunk","clustering_matrix","atx_v2_000003","Dunlin","reporting__did_spawn_start",-1.08988352039324
"B","reliability_shrunk","clustering_matrix","atx_v2_000003","Dunlin","reporting__did_early_egg",-0.686337033470021
"B","reliability_shrunk","clustering_matrix","atx_v2_000003","Dunlin","reporting__did_late_egg",-1.16373407930569
"B","reliability_shrunk","clustering_matrix","atx_v2_000003","Dunlin","reporting__did_active_0_14_day",-0.836805468106644
"B","reliability_shrunk","clustering_matrix","atx_v2_000003","Dunlin","count__did_early_pre",-0.3519542491503
"B","reliability_shrunk","clustering_matrix","atx_v2_000003","Dunlin","count__did_immediate_pre",-0.16894514678902
"B","reliability_shrunk","clustering_matrix","atx_v2_000003","Dunlin","count__did_spawn_start",-0.784759657739656
"B","reliability_shrunk","clustering_matrix","atx_v2_000003","Dunlin","count__did_early_egg",-0.699929808242582
"B","reliability_shrunk","clustering_matrix","atx_v2_000003","Dunlin","count__did_late_egg",-0.468204818456319
"B","reliability_shrunk","clustering_matrix","atx_v2_000003","Dunlin","count__did_active_0_14_day",-0.808907795946038
"B","reliability_shrunk","clustering_matrix","atx_3083477933a8","White-winged Scoter","reporting__did_early_pre",-1.80040546243872
"B","reliability_shrunk","clustering_matrix","atx_3083477933a8","White-winged Scoter","reporting__did_immediate_pre",-2.0647887389251
"B","reliability_shrunk","clustering_matrix","atx_3083477933a8","White-winged Scoter","reporting__did_spawn_start",-0.989552210694758
"B","reliability_shrunk","clustering_matrix","atx_3083477933a8","White-winged Scoter","reporting__did_early_egg",-1.07776317601801
"B","reliability_shrunk","clustering_matrix","atx_3083477933a8","White-winged Scoter","reporting__did_late_egg",-1.12048030265586
"B","reliability_shrunk","clustering_matrix","atx_3083477933a8","White-winged Scoter","reporting__did_active_0_14_day",-1.07192168979129
"B","reliability_shrunk","clustering_matrix","atx_3083477933a8","White-winged Scoter","count__did_early_pre",1.01874974382648
"B","reliability_shrunk","clustering_matrix","atx_3083477933a8","White-winged Scoter","count__did_immediate_pre",0.842876529392927
"B","reliability_shrunk","clustering_matrix","atx_3083477933a8","White-winged Scoter","count__did_spawn_start",0.396646282302539
"B","reliability_shrunk","clustering_matrix","atx_3083477933a8","White-winged Scoter","count__did_early_egg",1.58831600886295
"B","reliability_shrunk","clustering_matrix","atx_3083477933a8","White-winged Scoter","count__did_late_egg",-0.347480380803906
"B","reliability_shrunk","clustering_matrix","atx_3083477933a8","White-winged Scoter","count__did_active_0_14_day",1.44706201966307
"B","reliability_shrunk","clustering_matrix","atx_aa5353f6d6d2","Iceland Gull","reporting__did_early_pre",1.36951673525328
"B","reliability_shrunk","clustering_matrix","atx_aa5353f6d6d2","Iceland Gull","reporting__did_immediate_pre",1.49291607506976
"B","reliability_shrunk","clustering_matrix","atx_aa5353f6d6d2","Iceland Gull","reporting__did_spawn_start",2.80563495387775
"B","reliability_shrunk","clustering_matrix","atx_aa5353f6d6d2","Iceland Gull","reporting__did_early_egg",2.43250915203187
"B","reliability_shrunk","clustering_matrix","atx_aa5353f6d6d2","Iceland Gull","reporting__did_late_egg",1.79536186357834
"B","reliability_shrunk","clustering_matrix","atx_aa5353f6d6d2","Iceland Gull","reporting__did_active_0_14_day",2.60419445682732
"B","reliability_shrunk","clustering_matrix","atx_aa5353f6d6d2","Iceland Gull","count__did_early_pre",1.10647098638558
"B","reliability_shrunk","clustering_matrix","atx_aa5353f6d6d2","Iceland Gull","count__did_immediate_pre",2.07840271918164
"B","reliability_shrunk","clustering_matrix","atx_aa5353f6d6d2","Iceland Gull","count__did_spawn_start",1.62720565702656
"B","reliability_shrunk","clustering_matrix","atx_aa5353f6d6d2","Iceland Gull","count__did_early_egg",1.76515464176155
"B","reliability_shrunk","clustering_matrix","atx_aa5353f6d6d2","Iceland Gull","count__did_late_egg",0.301690354411727
"B","reliability_shrunk","clustering_matrix","atx_aa5353f6d6d2","Iceland Gull","count__did_active_0_14_day",1.86976073841816
"B","reliability_shrunk","clustering_matrix","atx_08bb40b40c0a","Ring-billed Gull","reporting__did_early_pre",-1.23187507992838
"B","reliability_shrunk","clustering_matrix","atx_08bb40b40c0a","Ring-billed Gull","reporting__did_immediate_pre",-1.6364462425146
"B","reliability_shrunk","clustering_matrix","atx_08bb40b40c0a","Ring-billed Gull","reporting__did_spawn_start",-1.56830201850878
"B","reliability_shrunk","clustering_matrix","atx_08bb40b40c0a","Ring-billed Gull","reporting__did_early_egg",-2.02433648252244
"B","reliability_shrunk","clustering_matrix","atx_08bb40b40c0a","Ring-billed Gull","reporting__did_late_egg",-3.64034268281857
"B","reliability_shrunk","clustering_matrix","atx_08bb40b40c0a","Ring-billed Gull","reporting__did_active_0_14_day",-1.97653033131259
"B","reliability_shrunk","clustering_matrix","atx_08bb40b40c0a","Ring-billed Gull","count__did_early_pre",-1.09469202778864
"B","reliability_shrunk","clustering_matrix","atx_08bb40b40c0a","Ring-billed Gull","count__did_immediate_pre",-1.47110390283644
"B","reliability_shrunk","clustering_matrix","atx_08bb40b40c0a","Ring-billed Gull","count__did_spawn_start",-1.39745119788676
"B","reliability_shrunk","clustering_matrix","atx_08bb40b40c0a","Ring-billed Gull","count__did_early_egg",-2.10068751298169
"B","reliability_shrunk","clustering_matrix","atx_08bb40b40c0a","Ring-billed Gull","count__did_late_egg",-1.03741536657419
"B","reliability_shrunk","clustering_matrix","atx_08bb40b40c0a","Ring-billed Gull","count__did_active_0_14_day",-2.11006273094511
"B","reliability_shrunk","clustering_matrix","atx_4ae57d328ec6","Greater Scaup","reporting__did_early_pre",0.641396155953288
"B","reliability_shrunk","clustering_matrix","atx_4ae57d328ec6","Greater Scaup","reporting__did_immediate_pre",-0.351412704948162
"B","reliability_shrunk","clustering_matrix","atx_4ae57d328ec6","Greater Scaup","reporting__did_spawn_start",0.600694560140605
"B","reliability_shrunk","clustering_matrix","atx_4ae57d328ec6","Greater Scaup","reporting__did_early_egg",0.73026059435561
"B","reliability_shrunk","clustering_matrix","atx_4ae57d328ec6","Greater Scaup","reporting__did_late_egg",0.582057959835265
"B","reliability_shrunk","clustering_matrix","atx_4ae57d328ec6","Greater Scaup","reporting__did_active_0_14_day",0.712294719283916
"B","reliability_shrunk","clustering_matrix","atx_4ae57d328ec6","Greater Scaup","count__did_early_pre",0.110273766130744
"B","reliability_shrunk","clustering_matrix","atx_4ae57d328ec6","Greater Scaup","count__did_immediate_pre",-0.110721136163805
"B","reliability_shrunk","clustering_matrix","atx_4ae57d328ec6","Greater Scaup","count__did_spawn_start",-0.511351557654133
"B","reliability_shrunk","clustering_matrix","atx_4ae57d328ec6","Greater Scaup","count__did_early_egg",0.755680024392728
"B","reliability_shrunk","clustering_matrix","atx_4ae57d328ec6","Greater Scaup","count__did_late_egg",2.18279830319987
"B","reliability_shrunk","clustering_matrix","atx_4ae57d328ec6","Greater Scaup","count__did_active_0_14_day",0.507648821453826
"B","reliability_shrunk","clustering_matrix","atx_15dd5efcd8d6","Black Turnstone","reporting__did_early_pre",1.11782385868103
"B","reliability_shrunk","clustering_matrix","atx_15dd5efcd8d6","Black Turnstone","reporting__did_immediate_pre",0.511202040017632
"B","reliability_shrunk","clustering_matrix","atx_15dd5efcd8d6","Black Turnstone","reporting__did_spawn_start",-0.245460221058636
"B","reliability_shrunk","clustering_matrix","atx_15dd5efcd8d6","Black Turnstone","reporting__did_early_egg",0.045577873140902
"B","reliability_shrunk","clustering_matrix","atx_15dd5efcd8d6","Black Turnstone","reporting__did_late_egg",-0.988833410730749
"B","reliability_shrunk","clustering_matrix","atx_15dd5efcd8d6","Black Turnstone","reporting__did_active_0_14_day",-0.031610260256417
"B","reliability_shrunk","clustering_matrix","atx_15dd5efcd8d6","Black Turnstone","count__did_early_pre",-0.0693968817959638
"B","reliability_shrunk","clustering_matrix","atx_15dd5efcd8d6","Black Turnstone","count__did_immediate_pre",0.29230437523794
"B","reliability_shrunk","clustering_matrix","atx_15dd5efcd8d6","Black Turnstone","count__did_spawn_start",-0.0193416382505946
"B","reliability_shrunk","clustering_matrix","atx_15dd5efcd8d6","Black Turnstone","count__did_early_egg",0.286629724938823
"B","reliability_shrunk","clustering_matrix","atx_15dd5efcd8d6","Black Turnstone","count__did_late_egg",-0.431129337139945
"B","reliability_shrunk","clustering_matrix","atx_15dd5efcd8d6","Black Turnstone","count__did_active_0_14_day",0.265822442459294
"B","reliability_shrunk","clustering_matrix","atx_fadb8da1a816","Bonaparte's Gull","reporting__did_early_pre",-0.0355039959525444
"B","reliability_shrunk","clustering_matrix","atx_fadb8da1a816","Bonaparte's Gull","reporting__did_immediate_pre",-0.0934815945445228
"B","reliability_shrunk","clustering_matrix","atx_fadb8da1a816","Bonaparte's Gull","reporting__did_spawn_start",0.456592259902283
"B","reliability_shrunk","clustering_matrix","atx_fadb8da1a816","Bonaparte's Gull","reporting__did_early_egg",1.12749086286291
"B","reliability_shrunk","clustering_matrix","atx_fadb8da1a816","Bonaparte's Gull","reporting__did_late_egg",0.755185232223286
"B","reliability_shrunk","clustering_matrix","atx_fadb8da1a816","Bonaparte's Gull","reporting__did_active_0_14_day",0.946856551471507
"B","reliability_shrunk","clustering_matrix","atx_fadb8da1a816","Bonaparte's Gull","count__did_early_pre",0.0164935696281241
"B","reliability_shrunk","clustering_matrix","atx_fadb8da1a816","Bonaparte's Gull","count__did_immediate_pre",0.278745815671883
"B","reliability_shrunk","clustering_matrix","atx_fadb8da1a816","Bonaparte's Gull","count__did_spawn_start",0.535094606708099
"B","reliability_shrunk","clustering_matrix","atx_fadb8da1a816","Bonaparte's Gull","count__did_early_egg",0.242399373131379
"B","reliability_shrunk","clustering_matrix","atx_fadb8da1a816","Bonaparte's Gull","count__did_late_egg",0.174574056963071
"B","reliability_shrunk","clustering_matrix","atx_fadb8da1a816","Bonaparte's Gull","count__did_active_0_14_day",0.270347676305498
"B","reliability_shrunk","clustering_matrix","atx_v2_000006","Black-bellied Plover","reporting__did_early_pre",-0.466741918839994
"B","reliability_shrunk","clustering_matrix","atx_v2_000006","Black-bellied Plover","reporting__did_immediate_pre",-1.61522921002938
"B","reliability_shrunk","clustering_matrix","atx_v2_000006","Black-bellied Plover","reporting__did_spawn_start",-1.82801628567692
"B","reliability_shrunk","clustering_matrix","atx_v2_000006","Black-bellied Plover","reporting__did_early_egg",-1.31956988339631
"B","reliability_shrunk","clustering_matrix","atx_v2_000006","Black-bellied Plover","reporting__did_late_egg",-1.86842251770821
"B","reliability_shrunk","clustering_matrix","atx_v2_000006","Black-bellied Plover","reporting__did_active_0_14_day",-1.55312576218575
"B","reliability_shrunk","clustering_matrix","atx_v2_000006","Black-bellied Plover","count__did_early_pre",0.675073391694375
"B","reliability_shrunk","clustering_matrix","atx_v2_000006","Black-bellied Plover","count__did_immediate_pre",0.51869235354044
"B","reliability_shrunk","clustering_matrix","atx_v2_000006","Black-bellied Plover","count__did_spawn_start",-0.894160297996111
"B","reliability_shrunk","clustering_matrix","atx_v2_000006","Black-bellied Plover","count__did_early_egg",-0.322965471189362
"B","reliability_shrunk","clustering_matrix","atx_v2_000006","Black-bellied Plover","count__did_late_egg",-0.257386157301268
"B","reliability_shrunk","clustering_matrix","atx_v2_000006","Black-bellied Plover","count__did_active_0_14_day",-0.495416120010871
"B","reliability_shrunk","clustering_matrix","atx_59441ff7abde","Brant","reporting__did_early_pre",0.340749073896157
"B","reliability_shrunk","clustering_matrix","atx_59441ff7abde","Brant","reporting__did_immediate_pre",-1.40433815675657
"B","reliability_shrunk","clustering_matrix","atx_59441ff7abde","Brant","reporting__did_spawn_start",0.340196845794119
"B","reliability_shrunk","clustering_matrix","atx_59441ff7abde","Brant","reporting__did_early_egg",0.382983627669771
"B","reliability_shrunk","clustering_matrix","atx_59441ff7abde","Brant","reporting__did_late_egg",0.234765783051948
"B","reliability_shrunk","clustering_matrix","atx_59441ff7abde","Brant","reporting__did_active_0_14_day",0.390605370559726
"B","reliability_shrunk","clustering_matrix","atx_59441ff7abde","Brant","count__did_early_pre",0.144194757940555
"B","reliability_shrunk","clustering_matrix","atx_59441ff7abde","Brant","count__did_immediate_pre",-0.673800751172602
"B","reliability_shrunk","clustering_matrix","atx_59441ff7abde","Brant","count__did_spawn_start",-0.378875824694368
"B","reliability_shrunk","clustering_matrix","atx_59441ff7abde","Brant","count__did_early_egg",-0.352250993498817
"B","reliability_shrunk","clustering_matrix","atx_59441ff7abde","Brant","count__did_late_egg",0.072374929084256
"B","reliability_shrunk","clustering_matrix","atx_59441ff7abde","Brant","count__did_active_0_14_day",-0.383448921215608
"B","reliability_shrunk","clustering_matrix","atx_acf526bb8010","Marbled Murrelet","reporting__did_early_pre",-0.349681418071073
"B","reliability_shrunk","clustering_matrix","atx_acf526bb8010","Marbled Murrelet","reporting__did_immediate_pre",0.848797581748764
"B","reliability_shrunk","clustering_matrix","atx_acf526bb8010","Marbled Murrelet","reporting__did_spawn_start",-0.574135607762773
"B","reliability_shrunk","clustering_matrix","atx_acf526bb8010","Marbled Murrelet","reporting__did_early_egg",-0.332227443052608
"B","reliability_shrunk","clustering_matrix","atx_acf526bb8010","Marbled Murrelet","reporting__did_late_egg",-0.509775965265346
"B","reliability_shrunk","clustering_matrix","atx_acf526bb8010","Marbled Murrelet","reporting__did_active_0_14_day",-0.446556693433135
"B","reliability_shrunk","clustering_matrix","atx_acf526bb8010","Marbled Murrelet","count__did_early_pre",0.28689794701349
"B","reliability_shrunk","clustering_matrix","atx_acf526bb8010","Marbled Murrelet","count__did_immediate_pre",0.160185241209799
"B","reliability_shrunk","clustering_matrix","atx_acf526bb8010","Marbled Murrelet","count__did_spawn_start",-0.485143633746104
"B","reliability_shrunk","clustering_matrix","atx_acf526bb8010","Marbled Murrelet","count__did_early_egg",0.468324131140502
"B","reliability_shrunk","clustering_matrix","atx_acf526bb8010","Marbled Murrelet","count__did_late_egg",-0.348049621868476
"B","reliability_shrunk","clustering_matrix","atx_acf526bb8010","Marbled Murrelet","count__did_active_0_14_day",0.250888141112456
"B","reliability_shrunk","clustering_matrix","atx_40f730f5ad72","Long-tailed Duck","reporting__did_early_pre",0.201564962673919
"B","reliability_shrunk","clustering_matrix","atx_40f730f5ad72","Long-tailed Duck","reporting__did_immediate_pre",-0.601851732472972
"B","reliability_shrunk","clustering_matrix","atx_40f730f5ad72","Long-tailed Duck","reporting__did_spawn_start",-0.460300137117704
"B","reliability_shrunk","clustering_matrix","atx_40f730f5ad72","Long-tailed Duck","reporting__did_early_egg",0.786164350938017
"B","reliability_shrunk","clustering_matrix","atx_40f730f5ad72","Long-tailed Duck","reporting__did_late_egg",0.484757114688893
"B","reliability_shrunk","clustering_matrix","atx_40f730f5ad72","Long-tailed Duck","reporting__did_active_0_14_day",0.444252158845942
"B","reliability_shrunk","clustering_matrix","atx_40f730f5ad72","Long-tailed Duck","count__did_early_pre",0.271075108864186
"B","reliability_shrunk","clustering_matrix","atx_40f730f5ad72","Long-tailed Duck","count__did_immediate_pre",0.24894634910936
"B","reliability_shrunk","clustering_matrix","atx_40f730f5ad72","Long-tailed Duck","count__did_spawn_start",1.25102723994172
"B","reliability_shrunk","clustering_matrix","atx_40f730f5ad72","Long-tailed Duck","count__did_early_egg",2.59390962918283
"B","reliability_shrunk","clustering_matrix","atx_40f730f5ad72","Long-tailed Duck","count__did_late_egg",1.8465965833507
"B","reliability_shrunk","clustering_matrix","atx_40f730f5ad72","Long-tailed Duck","count__did_active_0_14_day",2.47610691527317
"B","reliability_shrunk","clustering_matrix","atx_98ca0000b734","Brandt's Cormorant","reporting__did_early_pre",0.160047384166593
"B","reliability_shrunk","clustering_matrix","atx_98ca0000b734","Brandt's Cormorant","reporting__did_immediate_pre",0.101129312256927
"B","reliability_shrunk","clustering_matrix","atx_98ca0000b734","Brandt's Cormorant","reporting__did_spawn_start",-0.0421063243727966
"B","reliability_shrunk","clustering_matrix","atx_98ca0000b734","Brandt's Cormorant","reporting__did_early_egg",-0.291233603828642
"B","reliability_shrunk","clustering_matrix","atx_98ca0000b734","Brandt's Cormorant","reporting__did_late_egg",0.544770755198174
"B","reliability_shrunk","clustering_matrix","atx_98ca0000b734","Brandt's Cormorant","reporting__did_active_0_14_day",-0.223669807678816
"B","reliability_shrunk","clustering_matrix","atx_98ca0000b734","Brandt's Cormorant","count__did_early_pre",0.200959865753775
"B","reliability_shrunk","clustering_matrix","atx_98ca0000b734","Brandt's Cormorant","count__did_immediate_pre",0.0877904726396068
"B","reliability_shrunk","clustering_matrix","atx_98ca0000b734","Brandt's Cormorant","count__did_spawn_start",0.0685974984496765
"B","reliability_shrunk","clustering_matrix","atx_98ca0000b734","Brandt's Cormorant","count__did_early_egg",-0.315847231149598
"B","reliability_shrunk","clustering_matrix","atx_98ca0000b734","Brandt's Cormorant","count__did_late_egg",0.0689223175812875
"B","reliability_shrunk","clustering_matrix","atx_98ca0000b734","Brandt's Cormorant","count__did_active_0_14_day",-0.240000772148298
"B","reliability_shrunk","clustering_matrix","atx_136b0e66254b","Common Murre","reporting__did_early_pre",0.388242897107708
"B","reliability_shrunk","clustering_matrix","atx_136b0e66254b","Common Murre","reporting__did_immediate_pre",-0.0913603408609895
"B","reliability_shrunk","clustering_matrix","atx_136b0e66254b","Common Murre","reporting__did_spawn_start",-0.765851891860619
"B","reliability_shrunk","clustering_matrix","atx_136b0e66254b","Common Murre","reporting__did_early_egg",-0.860576812103358
"B","reliability_shrunk","clustering_matrix","atx_136b0e66254b","Common Murre","reporting__did_late_egg",0.326380508145837
"B","reliability_shrunk","clustering_matrix","atx_136b0e66254b","Common Murre","reporting__did_active_0_14_day",-0.933214821810086
"B","reliability_shrunk","clustering_matrix","atx_136b0e66254b","Common Murre","count__did_early_pre",-0.156880398838317
"B","reliability_shrunk","clustering_matrix","atx_136b0e66254b","Common Murre","count__did_immediate_pre",0.290967999207785
"B","reliability_shrunk","clustering_matrix","atx_136b0e66254b","Common Murre","count__did_spawn_start",0.297016070449599
"B","reliability_shrunk","clustering_matrix","atx_136b0e66254b","Common Murre","count__did_early_egg",-1.2478068628638
"B","reliability_shrunk","clustering_matrix","atx_136b0e66254b","Common Murre","count__did_late_egg",-0.154973442401213
"B","reliability_shrunk","clustering_matrix","atx_136b0e66254b","Common Murre","count__did_active_0_14_day",-0.904210324295537
"B","reliability_shrunk","clustering_matrix","atx_7571c026ae99","American Herring Gull","reporting__did_early_pre",0.423118564497683
"B","reliability_shrunk","clustering_matrix","atx_7571c026ae99","American Herring Gull","reporting__did_immediate_pre",0.582556950039926
"B","reliability_shrunk","clustering_matrix","atx_7571c026ae99","American Herring Gull","reporting__did_spawn_start",2.14070489076915
"B","reliability_shrunk","clustering_matrix","atx_7571c026ae99","American Herring Gull","reporting__did_early_egg",2.31393566509733
"B","reliability_shrunk","clustering_matrix","atx_7571c026ae99","American Herring Gull","reporting__did_late_egg",1.38949668033537
"B","reliability_shrunk","clustering_matrix","atx_7571c026ae99","American Herring Gull","reporting__did_active_0_14_day",2.32459367489321
"B","reliability_shrunk","clustering_matrix","atx_7571c026ae99","American Herring Gull","count__did_early_pre",-0.580492330694058
"B","reliability_shrunk","clustering_matrix","atx_7571c026ae99","American Herring Gull","count__did_immediate_pre",-1.216754319235
"B","reliability_shrunk","clustering_matrix","atx_7571c026ae99","American Herring Gull","count__did_spawn_start",-1.48186791965199
"B","reliability_shrunk","clustering_matrix","atx_7571c026ae99","American Herring Gull","count__did_early_egg",-1.09565002997866
"B","reliability_shrunk","clustering_matrix","atx_7571c026ae99","American Herring Gull","count__did_late_egg",-1.73957573232356
"B","reliability_shrunk","clustering_matrix","atx_7571c026ae99","American Herring Gull","count__did_active_0_14_day",-1.21299255565874
"B","reliability_shrunk","clustering_matrix","atx_1328b44be502","Black Scoter","reporting__did_early_pre",-0.969204257752707
"B","reliability_shrunk","clustering_matrix","atx_1328b44be502","Black Scoter","reporting__did_immediate_pre",-0.676403397712664
"B","reliability_shrunk","clustering_matrix","atx_1328b44be502","Black Scoter","reporting__did_spawn_start",-0.541307665957408
"B","reliability_shrunk","clustering_matrix","atx_1328b44be502","Black Scoter","reporting__did_early_egg",-0.0452874665179648
"B","reliability_shrunk","clustering_matrix","atx_1328b44be502","Black Scoter","reporting__did_late_egg",0.467509816533182
"B","reliability_shrunk","clustering_matrix","atx_1328b44be502","Black Scoter","reporting__did_active_0_14_day",-0.192684378774144
"B","reliability_shrunk","clustering_matrix","atx_1328b44be502","Black Scoter","count__did_early_pre",0.675343922190983
"B","reliability_shrunk","clustering_matrix","atx_1328b44be502","Black Scoter","count__did_immediate_pre",0.346247923196142
"B","reliability_shrunk","clustering_matrix","atx_1328b44be502","Black Scoter","count__did_spawn_start",-0.538067669848791
"B","reliability_shrunk","clustering_matrix","atx_1328b44be502","Black Scoter","count__did_early_egg",0.248583262877073
"B","reliability_shrunk","clustering_matrix","atx_1328b44be502","Black Scoter","count__did_late_egg",-0.410903554228122
"B","reliability_shrunk","clustering_matrix","atx_1328b44be502","Black Scoter","count__did_active_0_14_day",0.0763711977207826
"B","reliability_shrunk","clustering_matrix","atx_04cf65098f13","Red-throated Loon","reporting__did_early_pre",0.111003071914889
"B","reliability_shrunk","clustering_matrix","atx_04cf65098f13","Red-throated Loon","reporting__did_immediate_pre",0.0321122771717278
"B","reliability_shrunk","clustering_matrix","atx_04cf65098f13","Red-throated Loon","reporting__did_spawn_start",0.170289849625195
"B","reliability_shrunk","clustering_matrix","atx_04cf65098f13","Red-throated Loon","reporting__did_early_egg",-0.262138479016398
"B","reliability_shrunk","clustering_matrix","atx_04cf65098f13","Red-throated Loon","reporting__did_late_egg",0.112834776671117
"B","reliability_shrunk","clustering_matrix","atx_04cf65098f13","Red-throated Loon","reporting__did_active_0_14_day",-0.127233907376241
"B","reliability_shrunk","clustering_matrix","atx_04cf65098f13","Red-throated Loon","count__did_early_pre",0.0715322340631791
"B","reliability_shrunk","clustering_matrix","atx_04cf65098f13","Red-throated Loon","count__did_immediate_pre",-0.305055695787008
"B","reliability_shrunk","clustering_matrix","atx_04cf65098f13","Red-throated Loon","count__did_spawn_start",-0.247491420932394
"B","reliability_shrunk","clustering_matrix","atx_04cf65098f13","Red-throated Loon","count__did_early_egg",-0.452125485164342
"B","reliability_shrunk","clustering_matrix","atx_04cf65098f13","Red-throated Loon","count__did_late_egg",0.0172548015146186
"B","reliability_shrunk","clustering_matrix","atx_04cf65098f13","Red-throated Loon","count__did_active_0_14_day",-0.499734102752491
"B","reliability_shrunk","clustering_matrix","atx_ebf17f77fb66","Western Grebe","reporting__did_early_pre",0.366844024821377
"B","reliability_shrunk","clustering_matrix","atx_ebf17f77fb66","Western Grebe","reporting__did_immediate_pre",-0.579775146337697
"B","reliability_shrunk","clustering_matrix","atx_ebf17f77fb66","Western Grebe","reporting__did_spawn_start",-1.08939392546997
"B","reliability_shrunk","clustering_matrix","atx_ebf17f77fb66","Western Grebe","reporting__did_early_egg",-1.36069575432902
"B","reliability_shrunk","clustering_matrix","atx_ebf17f77fb66","Western Grebe","reporting__did_late_egg",-0.286301976558537
"B","reliability_shrunk","clustering_matrix","atx_ebf17f77fb66","Western Grebe","reporting__did_active_0_14_day",-1.51978051115912
"B","reliability_shrunk","clustering_matrix","atx_ebf17f77fb66","Western Grebe","count__did_early_pre",-0.343696475197373
"B","reliability_shrunk","clustering_matrix","atx_ebf17f77fb66","Western Grebe","count__did_immediate_pre",-0.111803677213839
"B","reliability_shrunk","clustering_matrix","atx_ebf17f77fb66","Western Grebe","count__did_spawn_start",-0.286427372134671
"B","reliability_shrunk","clustering_matrix","atx_ebf17f77fb66","Western Grebe","count__did_early_egg",-0.56049575291953
"B","reliability_shrunk","clustering_matrix","atx_ebf17f77fb66","Western Grebe","count__did_late_egg",-0.216561915035897
"B","reliability_shrunk","clustering_matrix","atx_ebf17f77fb66","Western Grebe","count__did_active_0_14_day",-0.582717558127372
"B","reliability_shrunk","clustering_matrix","atx_5a9a3495d0ea","Western Gull","reporting__did_early_pre",-0.0696959764117475
"B","reliability_shrunk","clustering_matrix","atx_5a9a3495d0ea","Western Gull","reporting__did_immediate_pre",0.503963644008525
"B","reliability_shrunk","clustering_matrix","atx_5a9a3495d0ea","Western Gull","reporting__did_spawn_start",-0.0719090420875083
"B","reliability_shrunk","clustering_matrix","atx_5a9a3495d0ea","Western Gull","reporting__did_early_egg",0.760799890299946
"B","reliability_shrunk","clustering_matrix","atx_5a9a3495d0ea","Western Gull","reporting__did_late_egg",0.302926998514958
"B","reliability_shrunk","clustering_matrix","atx_5a9a3495d0ea","Western Gull","reporting__did_active_0_14_day",0.588652426395479
"B","reliability_shrunk","clustering_matrix","atx_5a9a3495d0ea","Western Gull","count__did_early_pre",-0.464608357773973
"B","reliability_shrunk","clustering_matrix","atx_5a9a3495d0ea","Western Gull","count__did_immediate_pre",0.600500711141056
"B","reliability_shrunk","clustering_matrix","atx_5a9a3495d0ea","Western Gull","count__did_spawn_start",0.631868141855778
"B","reliability_shrunk","clustering_matrix","atx_5a9a3495d0ea","Western Gull","count__did_early_egg",-0.361679382549078
"B","reliability_shrunk","clustering_matrix","atx_5a9a3495d0ea","Western Gull","count__did_late_egg",-0.715368676212201
"B","reliability_shrunk","clustering_matrix","atx_5a9a3495d0ea","Western Gull","count__did_active_0_14_day",-0.146147904105505
