"analysis_version","stage","analysis_taxon_id","species","analysis_role","outcome","engine","n","converged","singular_fit","rank_deficient","convergence_message","maximum_absolute_gradient","event_block_variance","observer_variance","location_variance","residual_variance","status","analysis_variant","offset_days"
"post_stage4a_staged_refit_v1_s1_anchor","s1_anchor","atx_04afbeb21fb0","Hooded Merganser","core_species","checklist_reporting","lme4_glmer_nAGQ0",217200,TRUE,FALSE,FALSE,"",,0.162809784632489,0.227499559199565,4.71550959405846,,"completed","placebo_offset_m90",-90
"post_stage4a_staged_refit_v1_s1_anchor","s1_anchor","atx_04afbeb21fb0","Hooded Merganser","core_species","conditional_positive_numeric_count","lme4_lmer_REML",20340,TRUE,FALSE,FALSE,"",0.0234032268053852,0.0269285477422452,0.0175642269261694,0.0675972602169611,0.437059667340494,"completed","placebo_offset_m90",-90
"post_stage4a_staged_refit_v1_s1_anchor","s1_anchor","atx_04cf65098f13","Red-throated Loon","core_species","checklist_reporting","lme4_glmer_nAGQ0",217200,TRUE,FALSE,FALSE,"",,0.241246473638775,1.1978988288079,7.83442926959798,,"completed","placebo_offset_m90",-90
"post_stage4a_staged_refit_v1_s1_anchor","s1_anchor","atx_04cf65098f13","Red-throated Loon","core_species","conditional_positive_numeric_count","lme4_lmer_REML",1488,FALSE,,,"failed_insufficient_support",,,,,,"failed_insufficient_support","placebo_offset_m90",-90
"post_stage4a_staged_refit_v1_s1_anchor","s1_anchor","atx_08bb40b40c0a","Ring-billed Gull","core_species","checklist_reporting","lme4_glmer_nAGQ0",217200,TRUE,FALSE,FALSE,"",,1.61047451443674,0.860815111110452,4.09803431504399,,"completed","placebo_offset_m90",-90
"post_stage4a_staged_refit_v1_s1_anchor","s1_anchor","atx_08bb40b40c0a","Ring-billed Gull","core_species","conditional_positive_numeric_count","lme4_lmer_REML",4549,FALSE,,,"failed_insufficient_support",,,,,,"failed_insufficient_support","placebo_offset_m90",-90
"post_stage4a_staged_refit_v1_s1_anchor","s1_anchor","atx_1328b44be502","Black Scoter","core_species","checklist_reporting","lme4_glmer_nAGQ0",217178,TRUE,FALSE,FALSE,"",,2.16909255867363,0.437335474709058,10.9024937826591,,"completed","placebo_offset_m90",-90
"post_stage4a_staged_refit_v1_s1_anchor","s1_anchor","atx_1328b44be502","Black Scoter","core_species","conditional_positive_numeric_count","lme4_lmer_REML",1684,FALSE,,,"failed_insufficient_support",,,,,,"failed_insufficient_support","placebo_offset_m90",-90
"post_stage4a_staged_refit_v1_s1_anchor","s1_anchor","atx_136b0e66254b","Common Murre","core_species","checklist_reporting","lme4_glmer_nAGQ0",217200,TRUE,FALSE,FALSE,"",,1.05278175825634,1.41394095588475,12.8734724006464,,"completed","placebo_offset_m90",-90
"post_stage4a_staged_refit_v1_s1_anchor","s1_anchor","atx_136b0e66254b","Common Murre","core_species","conditional_positive_numeric_count","lme4_lmer_REML",2023,FALSE,,,"failed_insufficient_support",,,,,,"failed_insufficient_support","placebo_offset_m90",-90
"post_stage4a_staged_refit_v1_s1_anchor","s1_anchor","atx_15dd5efcd8d6","Black Turnstone","core_species","checklist_reporting","lme4_glmer_nAGQ0",217200,TRUE,FALSE,FALSE,"",,1.47848759667174,0.360641084708498,12.6776553006885,,"completed","placebo_offset_m90",-90
"post_stage4a_staged_refit_v1_s1_anchor","s1_anchor","atx_15dd5efcd8d6","Black Turnstone","core_species","conditional_positive_numeric_count","lme4_lmer_REML",4421,FALSE,,,"failed_insufficient_support",,,,,,"failed_insufficient_support","placebo_offset_m90",-90
"post_stage4a_staged_refit_v1_s1_anchor","s1_anchor","atx_1812dd827ede","Surfbird","core_species","checklist_reporting","lme4_glmer_nAGQ0",217200,TRUE,FALSE,FALSE,"",,0.426871432817466,0.295788932784359,17.8366403521403,,"completed","placebo_offset_m90",-90
"post_stage4a_staged_refit_v1_s1_anchor","s1_anchor","atx_1812dd827ede","Surfbird","core_species","conditional_positive_numeric_count","lme4_lmer_REML",1063,FALSE,,,"failed_insufficient_support",,,,,,"failed_insufficient_support","placebo_offset_m90",-90
"post_stage4a_staged_refit_v1_s1_anchor","s1_anchor","atx_1930f23cc4f8","Surf Scoter","core_species","checklist_reporting","lme4_glmer_nAGQ0",217183,TRUE,FALSE,FALSE,"",,0.73045286673158,0.763667805094333,11.9154174003039,,"completed","placebo_offset_m90",-90
"post_stage4a_staged_refit_v1_s1_anchor","s1_anchor","atx_1930f23cc4f8","Surf Scoter","core_species","conditional_positive_numeric_count","lme4_lmer_REML",16632,FALSE,,,"failed_insufficient_support",,,,,,"failed_insufficient_support","placebo_offset_m90",-90
"post_stage4a_staged_refit_v1_s1_anchor","s1_anchor","atx_3083477933a8","White-winged Scoter","core_species","checklist_reporting","lme4_glmer_nAGQ0",217199,TRUE,FALSE,FALSE,"",,0.911213085043897,0.821285822314463,10.7516881771472,,"completed","placebo_offset_m90",-90
"post_stage4a_staged_refit_v1_s1_anchor","s1_anchor","atx_3083477933a8","White-winged Scoter","core_species","conditional_positive_numeric_count","lme4_lmer_REML",4706,FALSE,,,"failed_insufficient_support",,,,,,"failed_insufficient_support","placebo_offset_m90",-90
"post_stage4a_staged_refit_v1_s1_anchor","s1_anchor","atx_35518e24dfdd","Common Merganser","core_species","checklist_reporting","lme4_glmer_nAGQ0",217093,TRUE,FALSE,FALSE,"",,0.161360481455142,0.246974299208321,3.98718888452874,,"completed","placebo_offset_m90",-90
"post_stage4a_staged_refit_v1_s1_anchor","s1_anchor","atx_35518e24dfdd","Common Merganser","core_species","conditional_positive_numeric_count","lme4_lmer_REML",27776,TRUE,FALSE,FALSE,"",0.0177162291947752,0.0563389422159332,0.0260501243694582,0.152889407177368,0.802790738980919,"completed","placebo_offset_m90",-90
"post_stage4a_staged_refit_v1_s1_anchor","s1_anchor","atx_35707a9578d5","Pelagic Cormorant","core_species","checklist_reporting","lme4_glmer_nAGQ0",217200,TRUE,FALSE,FALSE,"",,0.077941002711173,0.968951098083286,11.8317583049483,,"completed","placebo_offset_m90",-90
"post_stage4a_staged_refit_v1_s1_anchor","s1_anchor","atx_35707a9578d5","Pelagic Cormorant","core_species","conditional_positive_numeric_count","lme4_lmer_REML",18881,TRUE,FALSE,FALSE,"",0.00304367858916521,0.01960034446095,0.099285057947428,0.256391481197322,0.59436479589351,"completed","placebo_offset_m90",-90
"post_stage4a_staged_refit_v1_s1_anchor","s1_anchor","atx_40f730f5ad72","Long-tailed Duck","core_species","checklist_reporting","lme4_glmer_nAGQ0",217200,TRUE,FALSE,FALSE,"",,1.7190424352291,0.986666129862396,12.8046601639195,,"completed","placebo_offset_m90",-90
"post_stage4a_staged_refit_v1_s1_anchor","s1_anchor","atx_40f730f5ad72","Long-tailed Duck","core_species","conditional_positive_numeric_count","lme4_lmer_REML",2946,FALSE,,,"failed_insufficient_support",,,,,,"failed_insufficient_support","placebo_offset_m90",-90
"post_stage4a_staged_refit_v1_s1_anchor","s1_anchor","atx_4ae57d328ec6","Greater Scaup","core_species","checklist_reporting","lme4_glmer_nAGQ0",216227,TRUE,FALSE,FALSE,"",,0.481358278312689,0.727635569484034,7.84184524383395,,"completed","placebo_offset_m90",-90
"post_stage4a_staged_refit_v1_s1_anchor","s1_anchor","atx_4ae57d328ec6","Greater Scaup","core_species","conditional_positive_numeric_count","lme4_lmer_REML",4514,FALSE,,,"failed_insufficient_support",,,,,,"failed_insufficient_support","placebo_offset_m90",-90
"post_stage4a_staged_refit_v1_s1_anchor","s1_anchor","atx_59441ff7abde","Brant","core_species","checklist_reporting","lme4_glmer_nAGQ0",217200,TRUE,FALSE,FALSE,"",,3.01688943190794,0.417761938764693,12.9629264486075,,"completed","placebo_offset_m90",-90
"post_stage4a_staged_refit_v1_s1_anchor","s1_anchor","atx_59441ff7abde","Brant","core_species","conditional_positive_numeric_count","lme4_lmer_REML",3796,FALSE,,,"failed_insufficient_support",,,,,,"failed_insufficient_support","placebo_offset_m90",-90
"post_stage4a_staged_refit_v1_s1_anchor","s1_anchor","atx_5a9a3495d0ea","Western Gull","core_species","checklist_reporting","lme4_glmer_nAGQ0",216824,TRUE,FALSE,FALSE,"",,1.42184225737194,1.236387709865,8.41344193534417,,"completed","placebo_offset_m90",-90
"post_stage4a_staged_refit_v1_s1_anchor","s1_anchor","atx_5a9a3495d0ea","Western Gull","core_species","conditional_positive_numeric_count","lme4_lmer_REML",712,FALSE,,,"failed_insufficient_support",,,,,,"failed_insufficient_support","placebo_offset_m90",-90
"post_stage4a_staged_refit_v1_s1_anchor","s1_anchor","atx_6b4cfd1ab927","Horned Grebe","core_species","checklist_reporting","lme4_glmer_nAGQ0",217142,TRUE,FALSE,FALSE,"",,1.60817960723945,0.883668147823553,10.8998151623874,,"completed","placebo_offset_m90",-90
"post_stage4a_staged_refit_v1_s1_anchor","s1_anchor","atx_6b4cfd1ab927","Horned Grebe","core_species","conditional_positive_numeric_count","lme4_lmer_REML",13054,TRUE,FALSE,FALSE,"",0.00731179170543328,0.0151143309975084,0.117928655710877,0.198112488435272,0.59414797209254,"completed","placebo_offset_m90",-90
"post_stage4a_staged_refit_v1_s1_anchor","s1_anchor","atx_6cbe5bbd310c","Rhinoceros Auklet","core_species","checklist_reporting","lme4_glmer_nAGQ0",217200,TRUE,FALSE,FALSE,"",,2.00916032345853,1.20466498718148,14.6430930448172,,"completed","placebo_offset_m90",-90
"post_stage4a_staged_refit_v1_s1_anchor","s1_anchor","atx_6cbe5bbd310c","Rhinoceros Auklet","core_species","conditional_positive_numeric_count","lme4_lmer_REML",1816,FALSE,,,"failed_insufficient_support",,,,,,"failed_insufficient_support","placebo_offset_m90",-90
"post_stage4a_staged_refit_v1_s1_anchor","s1_anchor","atx_725074cbfcb6","Glaucous-winged Gull","core_species","checklist_reporting","lme4_glmer_nAGQ0",217037,TRUE,FALSE,FALSE,"",,0.228831383830821,2.04081404707554,4.9891904602449,,"completed","placebo_offset_m90",-90
"post_stage4a_staged_refit_v1_s1_anchor","s1_anchor","atx_725074cbfcb6","Glaucous-winged Gull","core_species","conditional_positive_numeric_count","lme4_lmer_REML",85053,TRUE,FALSE,FALSE,"",0.0304727291222662,0.0354582110309236,0.298902553486213,0.582813436493631,0.966552186031024,"completed","placebo_offset_m90",-90
"post_stage4a_staged_refit_v1_s1_anchor","s1_anchor","atx_7571c026ae99","American Herring Gull","core_species","checklist_reporting","lme4_glmer_nAGQ0",217179,TRUE,FALSE,FALSE,"",,0.514941566480365,2.19425955086258,4.47793220640632,,"completed","placebo_offset_m90",-90
"post_stage4a_staged_refit_v1_s1_anchor","s1_anchor","atx_7571c026ae99","American Herring Gull","core_species","conditional_positive_numeric_count","lme4_lmer_REML",1851,FALSE,,,"failed_insufficient_support",,,,,,"failed_insufficient_support","placebo_offset_m90",-90
"post_stage4a_staged_refit_v1_s1_anchor","s1_anchor","atx_7b80ddaff058","Great Blue Heron","core_species","checklist_reporting","lme4_glmer_nAGQ0",217200,TRUE,FALSE,FALSE,"",,0.0254861412898377,0.211814871389959,2.94541954542396,,"completed","placebo_offset_m90",-90
"post_stage4a_staged_refit_v1_s1_anchor","s1_anchor","atx_7b80ddaff058","Great Blue Heron","core_species","conditional_positive_numeric_count","lme4_lmer_REML",50285,TRUE,FALSE,FALSE,"",0.0497152359457687,0.0175455587413909,0.0343555051765336,0.124334302993817,0.443746604948226,"completed","placebo_offset_m90",-90
"post_stage4a_staged_refit_v1_s1_anchor","s1_anchor","atx_7d980a7c8c37","Northern Pintail","core_species","checklist_reporting","lme4_glmer_nAGQ0",217200,TRUE,FALSE,FALSE,"",,0.13777013546407,0.357710361216198,10.8685839995306,,"completed","placebo_offset_m90",-90
"post_stage4a_staged_refit_v1_s1_anchor","s1_anchor","atx_7d980a7c8c37","Northern Pintail","core_species","conditional_positive_numeric_count","lme4_lmer_REML",14278,FALSE,,,"failed_insufficient_support",,,,,,"failed_insufficient_support","placebo_offset_m90",-90
"post_stage4a_staged_refit_v1_s1_anchor","s1_anchor","atx_815c98107028","Mallard","core_species","checklist_reporting","lme4_glmer_nAGQ0",217200,TRUE,FALSE,FALSE,"",,0.0611205365491478,0.54599663505959,4.76488395804613,,"completed","placebo_offset_m90",-90
"post_stage4a_staged_refit_v1_s1_anchor","s1_anchor","atx_815c98107028","Mallard","core_species","conditional_positive_numeric_count","lme4_lmer_REML",81526,TRUE,FALSE,FALSE,"",0.0152885331772268,0.0481539814436992,0.15118331886033,0.784708958326842,1.05782826797421,"completed","placebo_offset_m90",-90
"post_stage4a_staged_refit_v1_s1_anchor","s1_anchor","atx_82312e6f2848","Common Goldeneye","core_species","checklist_reporting","lme4_glmer_nAGQ0",216892,TRUE,FALSE,FALSE,"",,0.337211846343277,0.636272832189602,6.96087529501225,,"completed","placebo_offset_m90",-90
"post_stage4a_staged_refit_v1_s1_anchor","s1_anchor","atx_82312e6f2848","Common Goldeneye","core_species","conditional_positive_numeric_count","lme4_lmer_REML",21195,TRUE,FALSE,FALSE,"",0.00313142663799226,0.0544990905864755,0.10511633781727,0.336874159670019,0.789707452242445,"completed","placebo_offset_m90",-90
"post_stage4a_staged_refit_v1_s1_anchor","s1_anchor","atx_8608f2ed61cf","Pigeon Guillemot","core_species","checklist_reporting","lme4_glmer_nAGQ0",217200,TRUE,FALSE,FALSE,"",,0.642861189195744,0.87182110281185,11.153417618029,,"completed","placebo_offset_m90",-90
"post_stage4a_staged_refit_v1_s1_anchor","s1_anchor","atx_8608f2ed61cf","Pigeon Guillemot","core_species","conditional_positive_numeric_count","lme4_lmer_REML",6342,FALSE,,,"failed_insufficient_support",,,,,,"failed_insufficient_support","placebo_offset_m90",-90
"post_stage4a_staged_refit_v1_s1_anchor","s1_anchor","atx_86eda7ed9025","Red-necked Grebe","core_species","checklist_reporting","lme4_glmer_nAGQ0",217200,TRUE,FALSE,FALSE,"",,1.09153105800422,1.20852286995794,9.71156176496296,,"completed","placebo_offset_m90",-90
"post_stage4a_staged_refit_v1_s1_anchor","s1_anchor","atx_86eda7ed9025","Red-necked Grebe","core_species","conditional_positive_numeric_count","lme4_lmer_REML",8109,FALSE,,,"failed_insufficient_support",,,,,,"failed_insufficient_support","placebo_offset_m90",-90
"post_stage4a_staged_refit_v1_s1_anchor","s1_anchor","atx_87b306550dba","Harlequin Duck","core_species","checklist_reporting","lme4_glmer_nAGQ0",217200,TRUE,FALSE,FALSE,"",,1.48265667599667,0.501015713200232,14.3295288321622,,"completed","placebo_offset_m90",-90
"post_stage4a_staged_refit_v1_s1_anchor","s1_anchor","atx_87b306550dba","Harlequin Duck","core_species","conditional_positive_numeric_count","lme4_lmer_REML",12030,FALSE,,,"failed_insufficient_support",,,,,,"failed_insufficient_support","placebo_offset_m90",-90
"post_stage4a_staged_refit_v1_s1_anchor","s1_anchor","atx_98ca0000b734","Brandt's Cormorant","core_species","checklist_reporting","lme4_glmer_nAGQ0",217200,TRUE,FALSE,FALSE,"",,0.222731392064975,1.38234755082835,11.0195480424021,,"completed","placebo_offset_m90",-90
"post_stage4a_staged_refit_v1_s1_anchor","s1_anchor","atx_98ca0000b734","Brandt's Cormorant","core_species","conditional_positive_numeric_count","lme4_lmer_REML",2573,FALSE,,,"failed_insufficient_support",,,,,,"failed_insufficient_support","placebo_offset_m90",-90
"post_stage4a_staged_refit_v1_s1_anchor","s1_anchor","atx_99238953638b","Bufflehead","core_species","checklist_reporting","lme4_glmer_nAGQ0",217200,TRUE,FALSE,FALSE,"",,0.380071063340056,0.571884582646241,6.71245209966001,,"completed","placebo_offset_m90",-90
"post_stage4a_staged_refit_v1_s1_anchor","s1_anchor","atx_99238953638b","Bufflehead","core_species","conditional_positive_numeric_count","lme4_lmer_REML",50039,TRUE,FALSE,FALSE,"",0.00960513716563582,0.111413673918759,0.0920397435562173,0.497298768546981,0.712347539323428,"completed","placebo_offset_m90",-90
"post_stage4a_staged_refit_v1_s1_anchor","s1_anchor","atx_9ae1aa9b7fdf","Common Loon","core_species","checklist_reporting","lme4_glmer_nAGQ0",217199,TRUE,FALSE,FALSE,"",,1.30713906853636,0.683136754765869,7.69124324038372,,"completed","placebo_offset_m90",-90
"post_stage4a_staged_refit_v1_s1_anchor","s1_anchor","atx_9ae1aa9b7fdf","Common Loon","core_species","conditional_positive_numeric_count","lme4_lmer_REML",15359,FALSE,,,"failed_insufficient_support",,,,,,"failed_insufficient_support","placebo_offset_m90",-90
"post_stage4a_staged_refit_v1_s1_anchor","s1_anchor","atx_a113baee5693","American Wigeon","core_species","checklist_reporting","lme4_glmer_nAGQ0",217190,TRUE,FALSE,FALSE,"",,0.103257718497365,0.429113241552171,7.08078942542288,,"completed","placebo_offset_m90",-90
"post_stage4a_staged_refit_v1_s1_anchor","s1_anchor","atx_a113baee5693","American Wigeon","core_species","conditional_positive_numeric_count","lme4_lmer_REML",34665,TRUE,FALSE,FALSE,"",0.00582986103836447,0.059444246461697,0.132517061837856,0.639355669876076,1.35186719556265,"completed","placebo_offset_m90",-90
"post_stage4a_staged_refit_v1_s1_anchor","s1_anchor","atx_a444854c6b66","Double-crested Cormorant","core_species","checklist_reporting","lme4_glmer_nAGQ0",217200,TRUE,FALSE,FALSE,"",,0.129821794087344,0.596856473392079,6.30511997461484,,"completed","placebo_offset_m90",-90
"post_stage4a_staged_refit_v1_s1_anchor","s1_anchor","atx_a444854c6b66","Double-crested Cormorant","core_species","conditional_positive_numeric_count","lme4_lmer_REML",29011,TRUE,FALSE,FALSE,"",0.0212477607419714,0.00973078998470779,0.0815030887094353,0.204988398744911,0.724975580560314,"completed","placebo_offset_m90",-90
"post_stage4a_staged_refit_v1_s1_anchor","s1_anchor","atx_aa5353f6d6d2","Iceland Gull","core_species","checklist_reporting","lme4_glmer_nAGQ0",217184,TRUE,FALSE,FALSE,"",,0.803567713287269,1.71160544750261,5.36097864627967,,"completed","placebo_offset_m90",-90
"post_stage4a_staged_refit_v1_s1_anchor","s1_anchor","atx_aa5353f6d6d2","Iceland Gull","core_species","conditional_positive_numeric_count","lme4_lmer_REML",4317,FALSE,,,"failed_insufficient_support",,,,,,"failed_insufficient_support","placebo_offset_m90",-90
"post_stage4a_staged_refit_v1_s1_anchor","s1_anchor","atx_acf526bb8010","Marbled Murrelet","core_species","checklist_reporting","lme4_glmer_nAGQ0",217200,TRUE,FALSE,FALSE,"",,0.347591958189585,1.01598396443352,10.6800146309409,,"completed","placebo_offset_m90",-90
"post_stage4a_staged_refit_v1_s1_anchor","s1_anchor","atx_acf526bb8010","Marbled Murrelet","core_species","conditional_positive_numeric_count","lme4_lmer_REML",3103,FALSE,,,"failed_insufficient_support",,,,,,"failed_insufficient_support","placebo_offset_m90",-90
"post_stage4a_staged_refit_v1_s1_anchor","s1_anchor","atx_b3d3ea90f9cb","Canada Goose","core_species","checklist_reporting","lme4_glmer_nAGQ0",217083,TRUE,FALSE,FALSE,"",,0.477741612455508,0.333725561296056,3.18344024544112,,"completed","placebo_offset_m90",-90
"post_stage4a_staged_refit_v1_s1_anchor","s1_anchor","atx_b3d3ea90f9cb","Canada Goose","core_species","conditional_positive_numeric_count","lme4_lmer_REML",68271,TRUE,FALSE,FALSE,"",0.0221651862375438,0.0234676272835047,0.0779028773827631,0.490557947819838,1.16481859767387,"completed","placebo_offset_m90",-90
"post_stage4a_staged_refit_v1_s1_anchor","s1_anchor","atx_c12b832d2b03","California Gull","core_species","checklist_reporting","lme4_glmer_nAGQ0",217200,TRUE,FALSE,FALSE,"",,0.283572265762335,1.081506832361,5.21470745199219,,"completed","placebo_offset_m90",-90
"post_stage4a_staged_refit_v1_s1_anchor","s1_anchor","atx_c12b832d2b03","California Gull","core_species","conditional_positive_numeric_count","lme4_lmer_REML",6644,FALSE,,,"failed_insufficient_support",,,,,,"failed_insufficient_support","placebo_offset_m90",-90
"post_stage4a_staged_refit_v1_s1_anchor","s1_anchor","atx_c2d1fbbaf6d3","Red-breasted Merganser","core_species","checklist_reporting","lme4_glmer_nAGQ0",217092,TRUE,FALSE,FALSE,"",,0.715945246686484,0.765972570343734,8.34109867776623,,"completed","placebo_offset_m90",-90
"post_stage4a_staged_refit_v1_s1_anchor","s1_anchor","atx_c2d1fbbaf6d3","Red-breasted Merganser","core_species","conditional_positive_numeric_count","lme4_lmer_REML",13364,FALSE,,,"failed_insufficient_support",,,,,,"failed_insufficient_support","placebo_offset_m90",-90
"post_stage4a_staged_refit_v1_s1_anchor","s1_anchor","atx_c34f23342a55","Pacific Loon","core_species","checklist_reporting","lme4_glmer_nAGQ0",217200,TRUE,FALSE,FALSE,"",,1.42558790428067,1.03932733916062,9.72258977702217,,"completed","placebo_offset_m90",-90
"post_stage4a_staged_refit_v1_s1_anchor","s1_anchor","atx_c34f23342a55","Pacific Loon","core_species","conditional_positive_numeric_count","lme4_lmer_REML",6049,FALSE,,,"failed_insufficient_support",,,,,,"failed_insufficient_support","placebo_offset_m90",-90
"post_stage4a_staged_refit_v1_s1_anchor","s1_anchor","atx_c9db024faf12","American Crow","core_species","checklist_reporting","lme4_glmer_nAGQ0",217200,TRUE,FALSE,FALSE,"",,0.788184670398261,0.888260522717624,2.41268004546867,,"completed","placebo_offset_m90",-90
"post_stage4a_staged_refit_v1_s1_anchor","s1_anchor","atx_c9db024faf12","American Crow","core_species","conditional_positive_numeric_count","lme4_lmer_REML",112180,TRUE,FALSE,FALSE,"",0.0138621544465423,0.0403595821694596,0.12151136320283,0.237082463182066,0.727437989232003,"completed","placebo_offset_m90",-90
"post_stage4a_staged_refit_v1_s1_anchor","s1_anchor","atx_d002764a39e8","Lesser Scaup","core_species","checklist_reporting","lme4_glmer_nAGQ0",216290,TRUE,FALSE,FALSE,"",,0.24041253915033,0.467722333757012,9.38986125747437,,"completed","placebo_offset_m90",-90
"post_stage4a_staged_refit_v1_s1_anchor","s1_anchor","atx_d002764a39e8","Lesser Scaup","core_species","conditional_positive_numeric_count","lme4_lmer_REML",9378,FALSE,,,"failed_insufficient_support",,,,,,"failed_insufficient_support","placebo_offset_m90",-90
"post_stage4a_staged_refit_v1_s1_anchor","s1_anchor","atx_d7dd9536145c","Barrow's Goldeneye","core_species","checklist_reporting","lme4_glmer_nAGQ0",216814,TRUE,FALSE,FALSE,"",,0.414684304286215,0.681252641450823,9.08346331609557,,"completed","placebo_offset_m90",-90
"post_stage4a_staged_refit_v1_s1_anchor","s1_anchor","atx_d7dd9536145c","Barrow's Goldeneye","core_species","conditional_positive_numeric_count","lme4_lmer_REML",10960,TRUE,FALSE,FALSE,"",0.0159243063535541,0.0914933420973471,0.119104640296869,0.315380450516068,1.24072487258178,"completed","placebo_offset_m90",-90
"post_stage4a_staged_refit_v1_s1_anchor","s1_anchor","atx_e0e678a61ad7","Short-billed Gull","core_species","checklist_reporting","lme4_glmer_nAGQ0",217200,TRUE,FALSE,FALSE,"",,0.403939228480649,1.31889075732162,7.17225975790245,,"completed","placebo_offset_m90",-90
"post_stage4a_staged_refit_v1_s1_anchor","s1_anchor","atx_e0e678a61ad7","Short-billed Gull","core_species","conditional_positive_numeric_count","lme4_lmer_REML",22003,TRUE,FALSE,FALSE,"",0.0162614742293954,0.157194741065198,0.332186891055467,0.555799453244816,1.77902626276459,"completed","placebo_offset_m90",-90
"post_stage4a_staged_refit_v1_s1_anchor","s1_anchor","atx_ebf17f77fb66","Western Grebe","core_species","checklist_reporting","lme4_glmer_nAGQ0",217186,TRUE,FALSE,FALSE,"",,0.142607566533198,0.721612600527239,7.88447456584257,,"completed","placebo_offset_m90",-90
"post_stage4a_staged_refit_v1_s1_anchor","s1_anchor","atx_ebf17f77fb66","Western Grebe","core_species","conditional_positive_numeric_count","lme4_lmer_REML",1346,FALSE,,,"failed_insufficient_support",,,,,,"failed_insufficient_support","placebo_offset_m90",-90
"post_stage4a_staged_refit_v1_s1_anchor","s1_anchor","atx_fadb8da1a816","Bonaparte's Gull","core_species","checklist_reporting","lme4_glmer_nAGQ0",217200,TRUE,FALSE,FALSE,"",,0.606145942744114,0.46397863725952,8.00421949091635,,"completed","placebo_offset_m90",-90
"post_stage4a_staged_refit_v1_s1_anchor","s1_anchor","atx_fadb8da1a816","Bonaparte's Gull","core_species","conditional_positive_numeric_count","lme4_lmer_REML",4025,FALSE,,,"failed_insufficient_support",,,,,,"failed_insufficient_support","placebo_offset_m90",-90
"post_stage4a_staged_refit_v1_s1_anchor","s1_anchor","atx_fc0a9b777dcd","Bald Eagle","core_species","checklist_reporting","lme4_glmer_nAGQ0",217199,TRUE,FALSE,FALSE,"",,0.407214401373893,0.359066159103918,1.28884040575308,,"completed","placebo_offset_m90",-90
"post_stage4a_staged_refit_v1_s1_anchor","s1_anchor","atx_fc0a9b777dcd","Bald Eagle","core_species","conditional_positive_numeric_count","lme4_lmer_REML",83359,TRUE,FALSE,FALSE,"",0.00951971742324531,0.0217419450515746,0.0429555235042083,0.109952215440163,0.351309232219361,"completed","placebo_offset_m90",-90
"post_stage4a_staged_refit_v1_s1_anchor","s1_anchor","atx_v2_000002","Black Oystercatcher","core_species","checklist_reporting","lme4_glmer_nAGQ0",217200,TRUE,FALSE,FALSE,"",,1.18643283354365,0.2258707742663,11.2022132150406,,"completed","placebo_offset_m90",-90
"post_stage4a_staged_refit_v1_s1_anchor","s1_anchor","atx_v2_000002","Black Oystercatcher","core_species","conditional_positive_numeric_count","lme4_lmer_REML",13626,FALSE,,,"failed_insufficient_support",,,,,,"failed_insufficient_support","placebo_offset_m90",-90
"post_stage4a_staged_refit_v1_s1_anchor","s1_anchor","atx_v2_000003","Dunlin","core_species","checklist_reporting","lme4_glmer_nAGQ0",217200,TRUE,FALSE,FALSE,"",,0.797483730835388,0.369151046291068,11.7915615959721,,"completed","placebo_offset_m90",-90
"post_stage4a_staged_refit_v1_s1_anchor","s1_anchor","atx_v2_000003","Dunlin","core_species","conditional_positive_numeric_count","lme4_lmer_REML",5908,FALSE,,,"failed_insufficient_support",,,,,,"failed_insufficient_support","placebo_offset_m90",-90
"post_stage4a_staged_refit_v1_s1_anchor","s1_anchor","atx_v2_000006","Black-bellied Plover","core_species","checklist_reporting","lme4_glmer_nAGQ0",217200,TRUE,FALSE,FALSE,"",,0.949474936259407,0.428229282539253,13.694039765842,,"completed","placebo_offset_m90",-90
"post_stage4a_staged_refit_v1_s1_anchor","s1_anchor","atx_v2_000006","Black-bellied Plover","core_species","conditional_positive_numeric_count","lme4_lmer_REML",3973,FALSE,,,"failed_insufficient_support",,,,,,"failed_insufficient_support","placebo_offset_m90",-90
"post_stage4a_staged_refit_v1_s1_anchor","s1_anchor","atx_v2_000007","Common Raven","core_species","checklist_reporting","lme4_glmer_nAGQ0",217200,TRUE,FALSE,FALSE,"",,0.485961398136411,0.594867967320672,1.35841816631637,,"completed","placebo_offset_m90",-90
"post_stage4a_staged_refit_v1_s1_anchor","s1_anchor","atx_v2_000007","Common Raven","core_species","conditional_positive_numeric_count","lme4_lmer_REML",60940,TRUE,FALSE,FALSE,"",0.0176944013219327,0.0128723701102645,0.0380661039488832,0.0937176522057047,0.287881845876005,"completed","placebo_offset_m90",-90
"post_stage4a_staged_refit_v1_s1_anchor","s1_anchor","atx_v2_000011","Glaucous Gull","core_species","checklist_reporting","lme4_glmer_nAGQ0",217200,TRUE,FALSE,FALSE,"",,1.48550865466121,0.684247852231496,10.158014180483,,"completed","placebo_offset_m90",-90
"post_stage4a_staged_refit_v1_s1_anchor","s1_anchor","atx_v2_000011","Glaucous Gull","core_species","conditional_positive_numeric_count","lme4_lmer_REML",185,FALSE,,,"failed_insufficient_support",,,,,,"failed_insufficient_support","placebo_offset_m90",-90
"post_stage4a_staged_refit_v1_s1_anchor","s1_anchor","atx_04afbeb21fb0","Hooded Merganser","core_species","checklist_reporting","lme4_glmer_nAGQ0",217200,FALSE,,,"failed_insufficient_support",,,,,,"failed_insufficient_support","placebo_offset_m180",-180
"post_stage4a_staged_refit_v1_s1_anchor","s1_anchor","atx_04afbeb21fb0","Hooded Merganser","core_species","conditional_positive_numeric_count","lme4_lmer_REML",20340,FALSE,,,"failed_insufficient_support",,,,,,"failed_insufficient_support","placebo_offset_m180",-180
"post_stage4a_staged_refit_v1_s1_anchor","s1_anchor","atx_04cf65098f13","Red-throated Loon","core_species","checklist_reporting","lme4_glmer_nAGQ0",217200,FALSE,,,"failed_insufficient_support",,,,,,"failed_insufficient_support","placebo_offset_m180",-180
"post_stage4a_staged_refit_v1_s1_anchor","s1_anchor","atx_04cf65098f13","Red-throated Loon","core_species","conditional_positive_numeric_count","lme4_lmer_REML",1488,FALSE,,,"failed_insufficient_support",,,,,,"failed_insufficient_support","placebo_offset_m180",-180
"post_stage4a_staged_refit_v1_s1_anchor","s1_anchor","atx_08bb40b40c0a","Ring-billed Gull","core_species","checklist_reporting","lme4_glmer_nAGQ0",217200,FALSE,,,"failed_insufficient_support",,,,,,"failed_insufficient_support","placebo_offset_m180",-180
"post_stage4a_staged_refit_v1_s1_anchor","s1_anchor","atx_08bb40b40c0a","Ring-billed Gull","core_species","conditional_positive_numeric_count","lme4_lmer_REML",4549,FALSE,,,"failed_insufficient_support",,,,,,"failed_insufficient_support","placebo_offset_m180",-180
"post_stage4a_staged_refit_v1_s1_anchor","s1_anchor","atx_1328b44be502","Black Scoter","core_species","checklist_reporting","lme4_glmer_nAGQ0",217178,FALSE,,,"failed_insufficient_support",,,,,,"failed_insufficient_support","placebo_offset_m180",-180
"post_stage4a_staged_refit_v1_s1_anchor","s1_anchor","atx_1328b44be502","Black Scoter","core_species","conditional_positive_numeric_count","lme4_lmer_REML",1684,FALSE,,,"failed_insufficient_support",,,,,,"failed_insufficient_support","placebo_offset_m180",-180
"post_stage4a_staged_refit_v1_s1_anchor","s1_anchor","atx_136b0e66254b","Common Murre","core_species","checklist_reporting","lme4_glmer_nAGQ0",217200,FALSE,,,"failed_insufficient_support",,,,,,"failed_insufficient_support","placebo_offset_m180",-180
"post_stage4a_staged_refit_v1_s1_anchor","s1_anchor","atx_136b0e66254b","Common Murre","core_species","conditional_positive_numeric_count","lme4_lmer_REML",2023,FALSE,,,"failed_insufficient_support",,,,,,"failed_insufficient_support","placebo_offset_m180",-180
"post_stage4a_staged_refit_v1_s1_anchor","s1_anchor","atx_15dd5efcd8d6","Black Turnstone","core_species","checklist_reporting","lme4_glmer_nAGQ0",217200,FALSE,,,"failed_insufficient_support",,,,,,"failed_insufficient_support","placebo_offset_m180",-180
"post_stage4a_staged_refit_v1_s1_anchor","s1_anchor","atx_15dd5efcd8d6","Black Turnstone","core_species","conditional_positive_numeric_count","lme4_lmer_REML",4421,FALSE,,,"failed_insufficient_support",,,,,,"failed_insufficient_support","placebo_offset_m180",-180
"post_stage4a_staged_refit_v1_s1_anchor","s1_anchor","atx_1812dd827ede","Surfbird","core_species","checklist_reporting","lme4_glmer_nAGQ0",217200,FALSE,,,"failed_insufficient_support",,,,,,"failed_insufficient_support","placebo_offset_m180",-180
"post_stage4a_staged_refit_v1_s1_anchor","s1_anchor","atx_1812dd827ede","Surfbird","core_species","conditional_positive_numeric_count","lme4_lmer_REML",1063,FALSE,,,"failed_insufficient_support",,,,,,"failed_insufficient_support","placebo_offset_m180",-180
"post_stage4a_staged_refit_v1_s1_anchor","s1_anchor","atx_1930f23cc4f8","Surf Scoter","core_species","checklist_reporting","lme4_glmer_nAGQ0",217183,FALSE,,,"failed_insufficient_support",,,,,,"failed_insufficient_support","placebo_offset_m180",-180
"post_stage4a_staged_refit_v1_s1_anchor","s1_anchor","atx_1930f23cc4f8","Surf Scoter","core_species","conditional_positive_numeric_count","lme4_lmer_REML",16632,FALSE,,,"failed_insufficient_support",,,,,,"failed_insufficient_support","placebo_offset_m180",-180
"post_stage4a_staged_refit_v1_s1_anchor","s1_anchor","atx_3083477933a8","White-winged Scoter","core_species","checklist_reporting","lme4_glmer_nAGQ0",217199,FALSE,,,"failed_insufficient_support",,,,,,"failed_insufficient_support","placebo_offset_m180",-180
"post_stage4a_staged_refit_v1_s1_anchor","s1_anchor","atx_3083477933a8","White-winged Scoter","core_species","conditional_positive_numeric_count","lme4_lmer_REML",4706,FALSE,,,"failed_insufficient_support",,,,,,"failed_insufficient_support","placebo_offset_m180",-180
"post_stage4a_staged_refit_v1_s1_anchor","s1_anchor","atx_35518e24dfdd","Common Merganser","core_species","checklist_reporting","lme4_glmer_nAGQ0",217093,FALSE,,,"failed_insufficient_support",,,,,,"failed_insufficient_support","placebo_offset_m180",-180
"post_stage4a_staged_refit_v1_s1_anchor","s1_anchor","atx_35518e24dfdd","Common Merganser","core_species","conditional_positive_numeric_count","lme4_lmer_REML",27776,FALSE,,,"failed_insufficient_support",,,,,,"failed_insufficient_support","placebo_offset_m180",-180
"post_stage4a_staged_refit_v1_s1_anchor","s1_anchor","atx_35707a9578d5","Pelagic Cormorant","core_species","checklist_reporting","lme4_glmer_nAGQ0",217200,FALSE,,,"failed_insufficient_support",,,,,,"failed_insufficient_support","placebo_offset_m180",-180
"post_stage4a_staged_refit_v1_s1_anchor","s1_anchor","atx_35707a9578d5","Pelagic Cormorant","core_species","conditional_positive_numeric_count","lme4_lmer_REML",18881,FALSE,,,"failed_insufficient_support",,,,,,"failed_insufficient_support","placebo_offset_m180",-180
"post_stage4a_staged_refit_v1_s1_anchor","s1_anchor","atx_40f730f5ad72","Long-tailed Duck","core_species","checklist_reporting","lme4_glmer_nAGQ0",217200,FALSE,,,"failed_insufficient_support",,,,,,"failed_insufficient_support","placebo_offset_m180",-180
"post_stage4a_staged_refit_v1_s1_anchor","s1_anchor","atx_40f730f5ad72","Long-tailed Duck","core_species","conditional_positive_numeric_count","lme4_lmer_REML",2946,FALSE,,,"failed_insufficient_support",,,,,,"failed_insufficient_support","placebo_offset_m180",-180
"post_stage4a_staged_refit_v1_s1_anchor","s1_anchor","atx_4ae57d328ec6","Greater Scaup","core_species","checklist_reporting","lme4_glmer_nAGQ0",216227,FALSE,,,"failed_insufficient_support",,,,,,"failed_insufficient_support","placebo_offset_m180",-180
"post_stage4a_staged_refit_v1_s1_anchor","s1_anchor","atx_4ae57d328ec6","Greater Scaup","core_species","conditional_positive_numeric_count","lme4_lmer_REML",4514,FALSE,,,"failed_insufficient_support",,,,,,"failed_insufficient_support","placebo_offset_m180",-180
"post_stage4a_staged_refit_v1_s1_anchor","s1_anchor","atx_59441ff7abde","Brant","core_species","checklist_reporting","lme4_glmer_nAGQ0",217200,FALSE,,,"failed_insufficient_support",,,,,,"failed_insufficient_support","placebo_offset_m180",-180
"post_stage4a_staged_refit_v1_s1_anchor","s1_anchor","atx_59441ff7abde","Brant","core_species","conditional_positive_numeric_count","lme4_lmer_REML",3796,FALSE,,,"failed_insufficient_support",,,,,,"failed_insufficient_support","placebo_offset_m180",-180
"post_stage4a_staged_refit_v1_s1_anchor","s1_anchor","atx_5a9a3495d0ea","Western Gull","core_species","checklist_reporting","lme4_glmer_nAGQ0",216824,FALSE,,,"failed_insufficient_support",,,,,,"failed_insufficient_support","placebo_offset_m180",-180
"post_stage4a_staged_refit_v1_s1_anchor","s1_anchor","atx_5a9a3495d0ea","Western Gull","core_species","conditional_positive_numeric_count","lme4_lmer_REML",712,FALSE,,,"failed_insufficient_support",,,,,,"failed_insufficient_support","placebo_offset_m180",-180
"post_stage4a_staged_refit_v1_s1_anchor","s1_anchor","atx_6b4cfd1ab927","Horned Grebe","core_species","checklist_reporting","lme4_glmer_nAGQ0",217142,FALSE,,,"failed_insufficient_support",,,,,,"failed_insufficient_support","placebo_offset_m180",-180
"post_stage4a_staged_refit_v1_s1_anchor","s1_anchor","atx_6b4cfd1ab927","Horned Grebe","core_species","conditional_positive_numeric_count","lme4_lmer_REML",13054,FALSE,,,"failed_insufficient_support",,,,,,"failed_insufficient_support","placebo_offset_m180",-180
"post_stage4a_staged_refit_v1_s1_anchor","s1_anchor","atx_6cbe5bbd310c","Rhinoceros Auklet","core_species","checklist_reporting","lme4_glmer_nAGQ0",217200,FALSE,,,"failed_insufficient_support",,,,,,"failed_insufficient_support","placebo_offset_m180",-180
"post_stage4a_staged_refit_v1_s1_anchor","s1_anchor","atx_6cbe5bbd310c","Rhinoceros Auklet","core_species","conditional_positive_numeric_count","lme4_lmer_REML",1816,FALSE,,,"failed_insufficient_support",,,,,,"failed_insufficient_support","placebo_offset_m180",-180
"post_stage4a_staged_refit_v1_s1_anchor","s1_anchor","atx_725074cbfcb6","Glaucous-winged Gull","core_species","checklist_reporting","lme4_glmer_nAGQ0",217037,FALSE,,,"failed_insufficient_support",,,,,,"failed_insufficient_support","placebo_offset_m180",-180
"post_stage4a_staged_refit_v1_s1_anchor","s1_anchor","atx_725074cbfcb6","Glaucous-winged Gull","core_species","conditional_positive_numeric_count","lme4_lmer_REML",85053,FALSE,,,"failed_insufficient_support",,,,,,"failed_insufficient_support","placebo_offset_m180",-180
"post_stage4a_staged_refit_v1_s1_anchor","s1_anchor","atx_7571c026ae99","American Herring Gull","core_species","checklist_reporting","lme4_glmer_nAGQ0",217179,FALSE,,,"failed_insufficient_support",,,,,,"failed_insufficient_support","placebo_offset_m180",-180
"post_stage4a_staged_refit_v1_s1_anchor","s1_anchor","atx_7571c026ae99","American Herring Gull","core_species","conditional_positive_numeric_count","lme4_lmer_REML",1851,FALSE,,,"failed_insufficient_support",,,,,,"failed_insufficient_support","placebo_offset_m180",-180
"post_stage4a_staged_refit_v1_s1_anchor","s1_anchor","atx_7b80ddaff058","Great Blue Heron","core_species","checklist_reporting","lme4_glmer_nAGQ0",217200,FALSE,,,"failed_insufficient_support",,,,,,"failed_insufficient_support","placebo_offset_m180",-180
"post_stage4a_staged_refit_v1_s1_anchor","s1_anchor","atx_7b80ddaff058","Great Blue Heron","core_species","conditional_positive_numeric_count","lme4_lmer_REML",50285,FALSE,,,"failed_insufficient_support",,,,,,"failed_insufficient_support","placebo_offset_m180",-180
"post_stage4a_staged_refit_v1_s1_anchor","s1_anchor","atx_7d980a7c8c37","Northern Pintail","core_species","checklist_reporting","lme4_glmer_nAGQ0",217200,FALSE,,,"failed_insufficient_support",,,,,,"failed_insufficient_support","placebo_offset_m180",-180
"post_stage4a_staged_refit_v1_s1_anchor","s1_anchor","atx_7d980a7c8c37","Northern Pintail","core_species","conditional_positive_numeric_count","lme4_lmer_REML",14278,FALSE,,,"failed_insufficient_support",,,,,,"failed_insufficient_support","placebo_offset_m180",-180
"post_stage4a_staged_refit_v1_s1_anchor","s1_anchor","atx_815c98107028","Mallard","core_species","checklist_reporting","lme4_glmer_nAGQ0",217200,FALSE,,,"failed_insufficient_support",,,,,,"failed_insufficient_support","placebo_offset_m180",-180
"post_stage4a_staged_refit_v1_s1_anchor","s1_anchor","atx_815c98107028","Mallard","core_species","conditional_positive_numeric_count","lme4_lmer_REML",81526,FALSE,,,"failed_insufficient_support",,,,,,"failed_insufficient_support","placebo_offset_m180",-180
"post_stage4a_staged_refit_v1_s1_anchor","s1_anchor","atx_82312e6f2848","Common Goldeneye","core_species","checklist_reporting","lme4_glmer_nAGQ0",216892,FALSE,,,"failed_insufficient_support",,,,,,"failed_insufficient_support","placebo_offset_m180",-180
"post_stage4a_staged_refit_v1_s1_anchor","s1_anchor","atx_82312e6f2848","Common Goldeneye","core_species","conditional_positive_numeric_count","lme4_lmer_REML",21195,FALSE,,,"failed_insufficient_support",,,,,,"failed_insufficient_support","placebo_offset_m180",-180
"post_stage4a_staged_refit_v1_s1_anchor","s1_anchor","atx_8608f2ed61cf","Pigeon Guillemot","core_species","checklist_reporting","lme4_glmer_nAGQ0",217200,FALSE,,,"failed_insufficient_support",,,,,,"failed_insufficient_support","placebo_offset_m180",-180
"post_stage4a_staged_refit_v1_s1_anchor","s1_anchor","atx_8608f2ed61cf","Pigeon Guillemot","core_species","conditional_positive_numeric_count","lme4_lmer_REML",6342,FALSE,,,"failed_insufficient_support",,,,,,"failed_insufficient_support","placebo_offset_m180",-180
"post_stage4a_staged_refit_v1_s1_anchor","s1_anchor","atx_86eda7ed9025","Red-necked Grebe","core_species","checklist_reporting","lme4_glmer_nAGQ0",217200,FALSE,,,"failed_insufficient_support",,,,,,"failed_insufficient_support","placebo_offset_m180",-180
"post_stage4a_staged_refit_v1_s1_anchor","s1_anchor","atx_86eda7ed9025","Red-necked Grebe","core_species","conditional_positive_numeric_count","lme4_lmer_REML",8109,FALSE,,,"failed_insufficient_support",,,,,,"failed_insufficient_support","placebo_offset_m180",-180
"post_stage4a_staged_refit_v1_s1_anchor","s1_anchor","atx_87b306550dba","Harlequin Duck","core_species","checklist_reporting","lme4_glmer_nAGQ0",217200,FALSE,,,"failed_insufficient_support",,,,,,"failed_insufficient_support","placebo_offset_m180",-180
"post_stage4a_staged_refit_v1_s1_anchor","s1_anchor","atx_87b306550dba","Harlequin Duck","core_species","conditional_positive_numeric_count","lme4_lmer_REML",12030,FALSE,,,"failed_insufficient_support",,,,,,"failed_insufficient_support","placebo_offset_m180",-180
"post_stage4a_staged_refit_v1_s1_anchor","s1_anchor","atx_98ca0000b734","Brandt's Cormorant","core_species","checklist_reporting","lme4_glmer_nAGQ0",217200,FALSE,,,"failed_insufficient_support",,,,,,"failed_insufficient_support","placebo_offset_m180",-180
"post_stage4a_staged_refit_v1_s1_anchor","s1_anchor","atx_98ca0000b734","Brandt's Cormorant","core_species","conditional_positive_numeric_count","lme4_lmer_REML",2573,FALSE,,,"failed_insufficient_support",,,,,,"failed_insufficient_support","placebo_offset_m180",-180
"post_stage4a_staged_refit_v1_s1_anchor","s1_anchor","atx_99238953638b","Bufflehead","core_species","checklist_reporting","lme4_glmer_nAGQ0",217200,FALSE,,,"failed_insufficient_support",,,,,,"failed_insufficient_support","placebo_offset_m180",-180
"post_stage4a_staged_refit_v1_s1_anchor","s1_anchor","atx_99238953638b","Bufflehead","core_species","conditional_positive_numeric_count","lme4_lmer_REML",50039,FALSE,,,"failed_insufficient_support",,,,,,"failed_insufficient_support","placebo_offset_m180",-180
"post_stage4a_staged_refit_v1_s1_anchor","s1_anchor","atx_9ae1aa9b7fdf","Common Loon","core_species","checklist_reporting","lme4_glmer_nAGQ0",217199,FALSE,,,"failed_insufficient_support",,,,,,"failed_insufficient_support","placebo_offset_m180",-180
"post_stage4a_staged_refit_v1_s1_anchor","s1_anchor","atx_9ae1aa9b7fdf","Common Loon","core_species","conditional_positive_numeric_count","lme4_lmer_REML",15359,FALSE,,,"failed_insufficient_support",,,,,,"failed_insufficient_support","placebo_offset_m180",-180
"post_stage4a_staged_refit_v1_s1_anchor","s1_anchor","atx_a113baee5693","American Wigeon","core_species","checklist_reporting","lme4_glmer_nAGQ0",217190,FALSE,,,"failed_insufficient_support",,,,,,"failed_insufficient_support","placebo_offset_m180",-180
"post_stage4a_staged_refit_v1_s1_anchor","s1_anchor","atx_a113baee5693","American Wigeon","core_species","conditional_positive_numeric_count","lme4_lmer_REML",34665,FALSE,,,"failed_insufficient_support",,,,,,"failed_insufficient_support","placebo_offset_m180",-180
"post_stage4a_staged_refit_v1_s1_anchor","s1_anchor","atx_a444854c6b66","Double-crested Cormorant","core_species","checklist_reporting","lme4_glmer_nAGQ0",217200,FALSE,,,"failed_insufficient_support",,,,,,"failed_insufficient_support","placebo_offset_m180",-180
"post_stage4a_staged_refit_v1_s1_anchor","s1_anchor","atx_a444854c6b66","Double-crested Cormorant","core_species","conditional_positive_numeric_count","lme4_lmer_REML",29011,FALSE,,,"failed_insufficient_support",,,,,,"failed_insufficient_support","placebo_offset_m180",-180
"post_stage4a_staged_refit_v1_s1_anchor","s1_anchor","atx_aa5353f6d6d2","Iceland Gull","core_species","checklist_reporting","lme4_glmer_nAGQ0",217184,FALSE,,,"failed_insufficient_support",,,,,,"failed_insufficient_support","placebo_offset_m180",-180
"post_stage4a_staged_refit_v1_s1_anchor","s1_anchor","atx_aa5353f6d6d2","Iceland Gull","core_species","conditional_positive_numeric_count","lme4_lmer_REML",4317,FALSE,,,"failed_insufficient_support",,,,,,"failed_insufficient_support","placebo_offset_m180",-180
"post_stage4a_staged_refit_v1_s1_anchor","s1_anchor","atx_acf526bb8010","Marbled Murrelet","core_species","checklist_reporting","lme4_glmer_nAGQ0",217200,FALSE,,,"failed_insufficient_support",,,,,,"failed_insufficient_support","placebo_offset_m180",-180
"post_stage4a_staged_refit_v1_s1_anchor","s1_anchor","atx_acf526bb8010","Marbled Murrelet","core_species","conditional_positive_numeric_count","lme4_lmer_REML",3103,FALSE,,,"failed_insufficient_support",,,,,,"failed_insufficient_support","placebo_offset_m180",-180
"post_stage4a_staged_refit_v1_s1_anchor","s1_anchor","atx_b3d3ea90f9cb","Canada Goose","core_species","checklist_reporting","lme4_glmer_nAGQ0",217083,FALSE,,,"failed_insufficient_support",,,,,,"failed_insufficient_support","placebo_offset_m180",-180
"post_stage4a_staged_refit_v1_s1_anchor","s1_anchor","atx_b3d3ea90f9cb","Canada Goose","core_species","conditional_positive_numeric_count","lme4_lmer_REML",68271,FALSE,,,"failed_insufficient_support",,,,,,"failed_insufficient_support","placebo_offset_m180",-180
"post_stage4a_staged_refit_v1_s1_anchor","s1_anchor","atx_c12b832d2b03","California Gull","core_species","checklist_reporting","lme4_glmer_nAGQ0",217200,FALSE,,,"failed_insufficient_support",,,,,,"failed_insufficient_support","placebo_offset_m180",-180
"post_stage4a_staged_refit_v1_s1_anchor","s1_anchor","atx_c12b832d2b03","California Gull","core_species","conditional_positive_numeric_count","lme4_lmer_REML",6644,FALSE,,,"failed_insufficient_support",,,,,,"failed_insufficient_support","placebo_offset_m180",-180
"post_stage4a_staged_refit_v1_s1_anchor","s1_anchor","atx_c2d1fbbaf6d3","Red-breasted Merganser","core_species","checklist_reporting","lme4_glmer_nAGQ0",217092,FALSE,,,"failed_insufficient_support",,,,,,"failed_insufficient_support","placebo_offset_m180",-180
"post_stage4a_staged_refit_v1_s1_anchor","s1_anchor","atx_c2d1fbbaf6d3","Red-breasted Merganser","core_species","conditional_positive_numeric_count","lme4_lmer_REML",13364,FALSE,,,"failed_insufficient_support",,,,,,"failed_insufficient_support","placebo_offset_m180",-180
"post_stage4a_staged_refit_v1_s1_anchor","s1_anchor","atx_c34f23342a55","Pacific Loon","core_species","checklist_reporting","lme4_glmer_nAGQ0",217200,FALSE,,,"failed_insufficient_support",,,,,,"failed_insufficient_support","placebo_offset_m180",-180
"post_stage4a_staged_refit_v1_s1_anchor","s1_anchor","atx_c34f23342a55","Pacific Loon","core_species","conditional_positive_numeric_count","lme4_lmer_REML",6049,FALSE,,,"failed_insufficient_support",,,,,,"failed_insufficient_support","placebo_offset_m180",-180
"post_stage4a_staged_refit_v1_s1_anchor","s1_anchor","atx_c9db024faf12","American Crow","core_species","checklist_reporting","lme4_glmer_nAGQ0",217200,FALSE,,,"failed_insufficient_support",,,,,,"failed_insufficient_support","placebo_offset_m180",-180
"post_stage4a_staged_refit_v1_s1_anchor","s1_anchor","atx_c9db024faf12","American Crow","core_species","conditional_positive_numeric_count","lme4_lmer_REML",112180,FALSE,,,"failed_insufficient_support",,,,,,"failed_insufficient_support","placebo_offset_m180",-180
"post_stage4a_staged_refit_v1_s1_anchor","s1_anchor","atx_d002764a39e8","Lesser Scaup","core_species","checklist_reporting","lme4_glmer_nAGQ0",216290,FALSE,,,"failed_insufficient_support",,,,,,"failed_insufficient_support","placebo_offset_m180",-180
"post_stage4a_staged_refit_v1_s1_anchor","s1_anchor","atx_d002764a39e8","Lesser Scaup","core_species","conditional_positive_numeric_count","lme4_lmer_REML",9378,FALSE,,,"failed_insufficient_support",,,,,,"failed_insufficient_support","placebo_offset_m180",-180
"post_stage4a_staged_refit_v1_s1_anchor","s1_anchor","atx_d7dd9536145c","Barrow's Goldeneye","core_species","checklist_reporting","lme4_glmer_nAGQ0",216814,FALSE,,,"failed_insufficient_support",,,,,,"failed_insufficient_support","placebo_offset_m180",-180
"post_stage4a_staged_refit_v1_s1_anchor","s1_anchor","atx_d7dd9536145c","Barrow's Goldeneye","core_species","conditional_positive_numeric_count","lme4_lmer_REML",10960,FALSE,,,"failed_insufficient_support",,,,,,"failed_insufficient_support","placebo_offset_m180",-180
"post_stage4a_staged_refit_v1_s1_anchor","s1_anchor","atx_e0e678a61ad7","Short-billed Gull","core_species","checklist_reporting","lme4_glmer_nAGQ0",217200,FALSE,,,"failed_insufficient_support",,,,,,"failed_insufficient_support","placebo_offset_m180",-180
"post_stage4a_staged_refit_v1_s1_anchor","s1_anchor","atx_e0e678a61ad7","Short-billed Gull","core_species","conditional_positive_numeric_count","lme4_lmer_REML",22003,FALSE,,,"failed_insufficient_support",,,,,,"failed_insufficient_support","placebo_offset_m180",-180
"post_stage4a_staged_refit_v1_s1_anchor","s1_anchor","atx_ebf17f77fb66","Western Grebe","core_species","checklist_reporting","lme4_glmer_nAGQ0",217186,FALSE,,,"failed_insufficient_support",,,,,,"failed_insufficient_support","placebo_offset_m180",-180
"post_stage4a_staged_refit_v1_s1_anchor","s1_anchor","atx_ebf17f77fb66","Western Grebe","core_species","conditional_positive_numeric_count","lme4_lmer_REML",1346,FALSE,,,"failed_insufficient_support",,,,,,"failed_insufficient_support","placebo_offset_m180",-180
"post_stage4a_staged_refit_v1_s1_anchor","s1_anchor","atx_fadb8da1a816","Bonaparte's Gull","core_species","checklist_reporting","lme4_glmer_nAGQ0",217200,FALSE,,,"failed_insufficient_support",,,,,,"failed_insufficient_support","placebo_offset_m180",-180
"post_stage4a_staged_refit_v1_s1_anchor","s1_anchor","atx_fadb8da1a816","Bonaparte's Gull","core_species","conditional_positive_numeric_count","lme4_lmer_REML",4025,FALSE,,,"failed_insufficient_support",,,,,,"failed_insufficient_support","placebo_offset_m180",-180
"post_stage4a_staged_refit_v1_s1_anchor","s1_anchor","atx_fc0a9b777dcd","Bald Eagle","core_species","checklist_reporting","lme4_glmer_nAGQ0",217199,FALSE,,,"failed_insufficient_support",,,,,,"failed_insufficient_support","placebo_offset_m180",-180
"post_stage4a_staged_refit_v1_s1_anchor","s1_anchor","atx_fc0a9b777dcd","Bald Eagle","core_species","conditional_positive_numeric_count","lme4_lmer_REML",83359,FALSE,,,"failed_insufficient_support",,,,,,"failed_insufficient_support","placebo_offset_m180",-180
"post_stage4a_staged_refit_v1_s1_anchor","s1_anchor","atx_v2_000002","Black Oystercatcher","core_species","checklist_reporting","lme4_glmer_nAGQ0",217200,FALSE,,,"failed_insufficient_support",,,,,,"failed_insufficient_support","placebo_offset_m180",-180
"post_stage4a_staged_refit_v1_s1_anchor","s1_anchor","atx_v2_000002","Black Oystercatcher","core_species","conditional_positive_numeric_count","lme4_lmer_REML",13626,FALSE,,,"failed_insufficient_support",,,,,,"failed_insufficient_support","placebo_offset_m180",-180
"post_stage4a_staged_refit_v1_s1_anchor","s1_anchor","atx_v2_000003","Dunlin","core_species","checklist_reporting","lme4_glmer_nAGQ0",217200,FALSE,,,"failed_insufficient_support",,,,,,"failed_insufficient_support","placebo_offset_m180",-180
"post_stage4a_staged_refit_v1_s1_anchor","s1_anchor","atx_v2_000003","Dunlin","core_species","conditional_positive_numeric_count","lme4_lmer_REML",5908,FALSE,,,"failed_insufficient_support",,,,,,"failed_insufficient_support","placebo_offset_m180",-180
"post_stage4a_staged_refit_v1_s1_anchor","s1_anchor","atx_v2_000006","Black-bellied Plover","core_species","checklist_reporting","lme4_glmer_nAGQ0",217200,FALSE,,,"failed_insufficient_support",,,,,,"failed_insufficient_support","placebo_offset_m180",-180
"post_stage4a_staged_refit_v1_s1_anchor","s1_anchor","atx_v2_000006","Black-bellied Plover","core_species","conditional_positive_numeric_count","lme4_lmer_REML",3973,FALSE,,,"failed_insufficient_support",,,,,,"failed_insufficient_support","placebo_offset_m180",-180
"post_stage4a_staged_refit_v1_s1_anchor","s1_anchor","atx_v2_000007","Common Raven","core_species","checklist_reporting","lme4_glmer_nAGQ0",217200,FALSE,,,"failed_insufficient_support",,,,,,"failed_insufficient_support","placebo_offset_m180",-180
"post_stage4a_staged_refit_v1_s1_anchor","s1_anchor","atx_v2_000007","Common Raven","core_species","conditional_positive_numeric_count","lme4_lmer_REML",60940,FALSE,,,"failed_insufficient_support",,,,,,"failed_insufficient_support","placebo_offset_m180",-180
"post_stage4a_staged_refit_v1_s1_anchor","s1_anchor","atx_v2_000011","Glaucous Gull","core_species","checklist_reporting","lme4_glmer_nAGQ0",217200,FALSE,,,"failed_insufficient_support",,,,,,"failed_insufficient_support","placebo_offset_m180",-180
"post_stage4a_staged_refit_v1_s1_anchor","s1_anchor","atx_v2_000011","Glaucous Gull","core_species","conditional_positive_numeric_count","lme4_lmer_REML",185,FALSE,,,"failed_insufficient_support",,,,,,"failed_insufficient_support","placebo_offset_m180",-180
"post_stage4a_staged_refit_v1_s1_anchor","s1_anchor","atx_04afbeb21fb0","Hooded Merganser","core_species","checklist_reporting","lme4_glmer_nAGQ0",217200,FALSE,,,"failed_insufficient_support",,,,,,"failed_insufficient_support","placebo_offset_p180",180
"post_stage4a_staged_refit_v1_s1_anchor","s1_anchor","atx_04afbeb21fb0","Hooded Merganser","core_species","conditional_positive_numeric_count","lme4_lmer_REML",20340,FALSE,,,"failed_insufficient_support",,,,,,"failed_insufficient_support","placebo_offset_p180",180
"post_stage4a_staged_refit_v1_s1_anchor","s1_anchor","atx_04cf65098f13","Red-throated Loon","core_species","checklist_reporting","lme4_glmer_nAGQ0",217200,FALSE,,,"failed_insufficient_support",,,,,,"failed_insufficient_support","placebo_offset_p180",180
"post_stage4a_staged_refit_v1_s1_anchor","s1_anchor","atx_04cf65098f13","Red-throated Loon","core_species","conditional_positive_numeric_count","lme4_lmer_REML",1488,FALSE,,,"failed_insufficient_support",,,,,,"failed_insufficient_support","placebo_offset_p180",180
"post_stage4a_staged_refit_v1_s1_anchor","s1_anchor","atx_08bb40b40c0a","Ring-billed Gull","core_species","checklist_reporting","lme4_glmer_nAGQ0",217200,FALSE,,,"failed_insufficient_support",,,,,,"failed_insufficient_support","placebo_offset_p180",180
"post_stage4a_staged_refit_v1_s1_anchor","s1_anchor","atx_08bb40b40c0a","Ring-billed Gull","core_species","conditional_positive_numeric_count","lme4_lmer_REML",4549,FALSE,,,"failed_insufficient_support",,,,,,"failed_insufficient_support","placebo_offset_p180",180
"post_stage4a_staged_refit_v1_s1_anchor","s1_anchor","atx_1328b44be502","Black Scoter","core_species","checklist_reporting","lme4_glmer_nAGQ0",217178,FALSE,,,"failed_insufficient_support",,,,,,"failed_insufficient_support","placebo_offset_p180",180
"post_stage4a_staged_refit_v1_s1_anchor","s1_anchor","atx_1328b44be502","Black Scoter","core_species","conditional_positive_numeric_count","lme4_lmer_REML",1684,FALSE,,,"failed_insufficient_support",,,,,,"failed_insufficient_support","placebo_offset_p180",180
"post_stage4a_staged_refit_v1_s1_anchor","s1_anchor","atx_136b0e66254b","Common Murre","core_species","checklist_reporting","lme4_glmer_nAGQ0",217200,FALSE,,,"failed_insufficient_support",,,,,,"failed_insufficient_support","placebo_offset_p180",180
"post_stage4a_staged_refit_v1_s1_anchor","s1_anchor","atx_136b0e66254b","Common Murre","core_species","conditional_positive_numeric_count","lme4_lmer_REML",2023,FALSE,,,"failed_insufficient_support",,,,,,"failed_insufficient_support","placebo_offset_p180",180
"post_stage4a_staged_refit_v1_s1_anchor","s1_anchor","atx_15dd5efcd8d6","Black Turnstone","core_species","checklist_reporting","lme4_glmer_nAGQ0",217200,FALSE,,,"failed_insufficient_support",,,,,,"failed_insufficient_support","placebo_offset_p180",180
"post_stage4a_staged_refit_v1_s1_anchor","s1_anchor","atx_15dd5efcd8d6","Black Turnstone","core_species","conditional_positive_numeric_count","lme4_lmer_REML",4421,FALSE,,,"failed_insufficient_support",,,,,,"failed_insufficient_support","placebo_offset_p180",180
"post_stage4a_staged_refit_v1_s1_anchor","s1_anchor","atx_1812dd827ede","Surfbird","core_species","checklist_reporting","lme4_glmer_nAGQ0",217200,FALSE,,,"failed_insufficient_support",,,,,,"failed_insufficient_support","placebo_offset_p180",180
"post_stage4a_staged_refit_v1_s1_anchor","s1_anchor","atx_1812dd827ede","Surfbird","core_species","conditional_positive_numeric_count","lme4_lmer_REML",1063,FALSE,,,"failed_insufficient_support",,,,,,"failed_insufficient_support","placebo_offset_p180",180
"post_stage4a_staged_refit_v1_s1_anchor","s1_anchor","atx_1930f23cc4f8","Surf Scoter","core_species","checklist_reporting","lme4_glmer_nAGQ0",217183,FALSE,,,"failed_insufficient_support",,,,,,"failed_insufficient_support","placebo_offset_p180",180
"post_stage4a_staged_refit_v1_s1_anchor","s1_anchor","atx_1930f23cc4f8","Surf Scoter","core_species","conditional_positive_numeric_count","lme4_lmer_REML",16632,FALSE,,,"failed_insufficient_support",,,,,,"failed_insufficient_support","placebo_offset_p180",180
"post_stage4a_staged_refit_v1_s1_anchor","s1_anchor","atx_3083477933a8","White-winged Scoter","core_species","checklist_reporting","lme4_glmer_nAGQ0",217199,FALSE,,,"failed_insufficient_support",,,,,,"failed_insufficient_support","placebo_offset_p180",180
"post_stage4a_staged_refit_v1_s1_anchor","s1_anchor","atx_3083477933a8","White-winged Scoter","core_species","conditional_positive_numeric_count","lme4_lmer_REML",4706,FALSE,,,"failed_insufficient_support",,,,,,"failed_insufficient_support","placebo_offset_p180",180
"post_stage4a_staged_refit_v1_s1_anchor","s1_anchor","atx_35518e24dfdd","Common Merganser","core_species","checklist_reporting","lme4_glmer_nAGQ0",217093,FALSE,,,"failed_insufficient_support",,,,,,"failed_insufficient_support","placebo_offset_p180",180
"post_stage4a_staged_refit_v1_s1_anchor","s1_anchor","atx_35518e24dfdd","Common Merganser","core_species","conditional_positive_numeric_count","lme4_lmer_REML",27776,FALSE,,,"failed_insufficient_support",,,,,,"failed_insufficient_support","placebo_offset_p180",180
"post_stage4a_staged_refit_v1_s1_anchor","s1_anchor","atx_35707a9578d5","Pelagic Cormorant","core_species","checklist_reporting","lme4_glmer_nAGQ0",217200,FALSE,,,"failed_insufficient_support",,,,,,"failed_insufficient_support","placebo_offset_p180",180
"post_stage4a_staged_refit_v1_s1_anchor","s1_anchor","atx_35707a9578d5","Pelagic Cormorant","core_species","conditional_positive_numeric_count","lme4_lmer_REML",18881,FALSE,,,"failed_insufficient_support",,,,,,"failed_insufficient_support","placebo_offset_p180",180
"post_stage4a_staged_refit_v1_s1_anchor","s1_anchor","atx_40f730f5ad72","Long-tailed Duck","core_species","checklist_reporting","lme4_glmer_nAGQ0",217200,FALSE,,,"failed_insufficient_support",,,,,,"failed_insufficient_support","placebo_offset_p180",180
"post_stage4a_staged_refit_v1_s1_anchor","s1_anchor","atx_40f730f5ad72","Long-tailed Duck","core_species","conditional_positive_numeric_count","lme4_lmer_REML",2946,FALSE,,,"failed_insufficient_support",,,,,,"failed_insufficient_support","placebo_offset_p180",180
"post_stage4a_staged_refit_v1_s1_anchor","s1_anchor","atx_4ae57d328ec6","Greater Scaup","core_species","checklist_reporting","lme4_glmer_nAGQ0",216227,FALSE,,,"failed_insufficient_support",,,,,,"failed_insufficient_support","placebo_offset_p180",180
"post_stage4a_staged_refit_v1_s1_anchor","s1_anchor","atx_4ae57d328ec6","Greater Scaup","core_species","conditional_positive_numeric_count","lme4_lmer_REML",4514,FALSE,,,"failed_insufficient_support",,,,,,"failed_insufficient_support","placebo_offset_p180",180
"post_stage4a_staged_refit_v1_s1_anchor","s1_anchor","atx_59441ff7abde","Brant","core_species","checklist_reporting","lme4_glmer_nAGQ0",217200,FALSE,,,"failed_insufficient_support",,,,,,"failed_insufficient_support","placebo_offset_p180",180
"post_stage4a_staged_refit_v1_s1_anchor","s1_anchor","atx_59441ff7abde","Brant","core_species","conditional_positive_numeric_count","lme4_lmer_REML",3796,FALSE,,,"failed_insufficient_support",,,,,,"failed_insufficient_support","placebo_offset_p180",180
"post_stage4a_staged_refit_v1_s1_anchor","s1_anchor","atx_5a9a3495d0ea","Western Gull","core_species","checklist_reporting","lme4_glmer_nAGQ0",216824,FALSE,,,"failed_insufficient_support",,,,,,"failed_insufficient_support","placebo_offset_p180",180
"post_stage4a_staged_refit_v1_s1_anchor","s1_anchor","atx_5a9a3495d0ea","Western Gull","core_species","conditional_positive_numeric_count","lme4_lmer_REML",712,FALSE,,,"failed_insufficient_support",,,,,,"failed_insufficient_support","placebo_offset_p180",180
"post_stage4a_staged_refit_v1_s1_anchor","s1_anchor","atx_6b4cfd1ab927","Horned Grebe","core_species","checklist_reporting","lme4_glmer_nAGQ0",217142,FALSE,,,"failed_insufficient_support",,,,,,"failed_insufficient_support","placebo_offset_p180",180
"post_stage4a_staged_refit_v1_s1_anchor","s1_anchor","atx_6b4cfd1ab927","Horned Grebe","core_species","conditional_positive_numeric_count","lme4_lmer_REML",13054,FALSE,,,"failed_insufficient_support",,,,,,"failed_insufficient_support","placebo_offset_p180",180
"post_stage4a_staged_refit_v1_s1_anchor","s1_anchor","atx_6cbe5bbd310c","Rhinoceros Auklet","core_species","checklist_reporting","lme4_glmer_nAGQ0",217200,FALSE,,,"failed_insufficient_support",,,,,,"failed_insufficient_support","placebo_offset_p180",180
"post_stage4a_staged_refit_v1_s1_anchor","s1_anchor","atx_6cbe5bbd310c","Rhinoceros Auklet","core_species","conditional_positive_numeric_count","lme4_lmer_REML",1816,FALSE,,,"failed_insufficient_support",,,,,,"failed_insufficient_support","placebo_offset_p180",180
"post_stage4a_staged_refit_v1_s1_anchor","s1_anchor","atx_725074cbfcb6","Glaucous-winged Gull","core_species","checklist_reporting","lme4_glmer_nAGQ0",217037,FALSE,,,"failed_insufficient_support",,,,,,"failed_insufficient_support","placebo_offset_p180",180
"post_stage4a_staged_refit_v1_s1_anchor","s1_anchor","atx_725074cbfcb6","Glaucous-winged Gull","core_species","conditional_positive_numeric_count","lme4_lmer_REML",85053,FALSE,,,"failed_insufficient_support",,,,,,"failed_insufficient_support","placebo_offset_p180",180
"post_stage4a_staged_refit_v1_s1_anchor","s1_anchor","atx_7571c026ae99","American Herring Gull","core_species","checklist_reporting","lme4_glmer_nAGQ0",217179,FALSE,,,"failed_insufficient_support",,,,,,"failed_insufficient_support","placebo_offset_p180",180
"post_stage4a_staged_refit_v1_s1_anchor","s1_anchor","atx_7571c026ae99","American Herring Gull","core_species","conditional_positive_numeric_count","lme4_lmer_REML",1851,FALSE,,,"failed_insufficient_support",,,,,,"failed_insufficient_support","placebo_offset_p180",180
"post_stage4a_staged_refit_v1_s1_anchor","s1_anchor","atx_7b80ddaff058","Great Blue Heron","core_species","checklist_reporting","lme4_glmer_nAGQ0",217200,FALSE,,,"failed_insufficient_support",,,,,,"failed_insufficient_support","placebo_offset_p180",180
"post_stage4a_staged_refit_v1_s1_anchor","s1_anchor","atx_7b80ddaff058","Great Blue Heron","core_species","conditional_positive_numeric_count","lme4_lmer_REML",50285,FALSE,,,"failed_insufficient_support",,,,,,"failed_insufficient_support","placebo_offset_p180",180
"post_stage4a_staged_refit_v1_s1_anchor","s1_anchor","atx_7d980a7c8c37","Northern Pintail","core_species","checklist_reporting","lme4_glmer_nAGQ0",217200,FALSE,,,"failed_insufficient_support",,,,,,"failed_insufficient_support","placebo_offset_p180",180
"post_stage4a_staged_refit_v1_s1_anchor","s1_anchor","atx_7d980a7c8c37","Northern Pintail","core_species","conditional_positive_numeric_count","lme4_lmer_REML",14278,FALSE,,,"failed_insufficient_support",,,,,,"failed_insufficient_support","placebo_offset_p180",180
"post_stage4a_staged_refit_v1_s1_anchor","s1_anchor","atx_815c98107028","Mallard","core_species","checklist_reporting","lme4_glmer_nAGQ0",217200,FALSE,,,"failed_insufficient_support",,,,,,"failed_insufficient_support","placebo_offset_p180",180
"post_stage4a_staged_refit_v1_s1_anchor","s1_anchor","atx_815c98107028","Mallard","core_species","conditional_positive_numeric_count","lme4_lmer_REML",81526,FALSE,,,"failed_insufficient_support",,,,,,"failed_insufficient_support","placebo_offset_p180",180
"post_stage4a_staged_refit_v1_s1_anchor","s1_anchor","atx_82312e6f2848","Common Goldeneye","core_species","checklist_reporting","lme4_glmer_nAGQ0",216892,FALSE,,,"failed_insufficient_support",,,,,,"failed_insufficient_support","placebo_offset_p180",180
"post_stage4a_staged_refit_v1_s1_anchor","s1_anchor","atx_82312e6f2848","Common Goldeneye","core_species","conditional_positive_numeric_count","lme4_lmer_REML",21195,FALSE,,,"failed_insufficient_support",,,,,,"failed_insufficient_support","placebo_offset_p180",180
"post_stage4a_staged_refit_v1_s1_anchor","s1_anchor","atx_8608f2ed61cf","Pigeon Guillemot","core_species","checklist_reporting","lme4_glmer_nAGQ0",217200,FALSE,,,"failed_insufficient_support",,,,,,"failed_insufficient_support","placebo_offset_p180",180
"post_stage4a_staged_refit_v1_s1_anchor","s1_anchor","atx_8608f2ed61cf","Pigeon Guillemot","core_species","conditional_positive_numeric_count","lme4_lmer_REML",6342,FALSE,,,"failed_insufficient_support",,,,,,"failed_insufficient_support","placebo_offset_p180",180
"post_stage4a_staged_refit_v1_s1_anchor","s1_anchor","atx_86eda7ed9025","Red-necked Grebe","core_species","checklist_reporting","lme4_glmer_nAGQ0",217200,FALSE,,,"failed_insufficient_support",,,,,,"failed_insufficient_support","placebo_offset_p180",180
"post_stage4a_staged_refit_v1_s1_anchor","s1_anchor","atx_86eda7ed9025","Red-necked Grebe","core_species","conditional_positive_numeric_count","lme4_lmer_REML",8109,FALSE,,,"failed_insufficient_support",,,,,,"failed_insufficient_support","placebo_offset_p180",180
"post_stage4a_staged_refit_v1_s1_anchor","s1_anchor","atx_87b306550dba","Harlequin Duck","core_species","checklist_reporting","lme4_glmer_nAGQ0",217200,FALSE,,,"failed_insufficient_support",,,,,,"failed_insufficient_support","placebo_offset_p180",180
"post_stage4a_staged_refit_v1_s1_anchor","s1_anchor","atx_87b306550dba","Harlequin Duck","core_species","conditional_positive_numeric_count","lme4_lmer_REML",12030,FALSE,,,"failed_insufficient_support",,,,,,"failed_insufficient_support","placebo_offset_p180",180
"post_stage4a_staged_refit_v1_s1_anchor","s1_anchor","atx_98ca0000b734","Brandt's Cormorant","core_species","checklist_reporting","lme4_glmer_nAGQ0",217200,FALSE,,,"failed_insufficient_support",,,,,,"failed_insufficient_support","placebo_offset_p180",180
"post_stage4a_staged_refit_v1_s1_anchor","s1_anchor","atx_98ca0000b734","Brandt's Cormorant","core_species","conditional_positive_numeric_count","lme4_lmer_REML",2573,FALSE,,,"failed_insufficient_support",,,,,,"failed_insufficient_support","placebo_offset_p180",180
"post_stage4a_staged_refit_v1_s1_anchor","s1_anchor","atx_99238953638b","Bufflehead","core_species","checklist_reporting","lme4_glmer_nAGQ0",217200,FALSE,,,"failed_insufficient_support",,,,,,"failed_insufficient_support","placebo_offset_p180",180
"post_stage4a_staged_refit_v1_s1_anchor","s1_anchor","atx_99238953638b","Bufflehead","core_species","conditional_positive_numeric_count","lme4_lmer_REML",50039,FALSE,,,"failed_insufficient_support",,,,,,"failed_insufficient_support","placebo_offset_p180",180
"post_stage4a_staged_refit_v1_s1_anchor","s1_anchor","atx_9ae1aa9b7fdf","Common Loon","core_species","checklist_reporting","lme4_glmer_nAGQ0",217199,FALSE,,,"failed_insufficient_support",,,,,,"failed_insufficient_support","placebo_offset_p180",180
"post_stage4a_staged_refit_v1_s1_anchor","s1_anchor","atx_9ae1aa9b7fdf","Common Loon","core_species","conditional_positive_numeric_count","lme4_lmer_REML",15359,FALSE,,,"failed_insufficient_support",,,,,,"failed_insufficient_support","placebo_offset_p180",180
"post_stage4a_staged_refit_v1_s1_anchor","s1_anchor","atx_a113baee5693","American Wigeon","core_species","checklist_reporting","lme4_glmer_nAGQ0",217190,FALSE,,,"failed_insufficient_support",,,,,,"failed_insufficient_support","placebo_offset_p180",180
"post_stage4a_staged_refit_v1_s1_anchor","s1_anchor","atx_a113baee5693","American Wigeon","core_species","conditional_positive_numeric_count","lme4_lmer_REML",34665,FALSE,,,"failed_insufficient_support",,,,,,"failed_insufficient_support","placebo_offset_p180",180
"post_stage4a_staged_refit_v1_s1_anchor","s1_anchor","atx_a444854c6b66","Double-crested Cormorant","core_species","checklist_reporting","lme4_glmer_nAGQ0",217200,FALSE,,,"failed_insufficient_support",,,,,,"failed_insufficient_support","placebo_offset_p180",180
"post_stage4a_staged_refit_v1_s1_anchor","s1_anchor","atx_a444854c6b66","Double-crested Cormorant","core_species","conditional_positive_numeric_count","lme4_lmer_REML",29011,FALSE,,,"failed_insufficient_support",,,,,,"failed_insufficient_support","placebo_offset_p180",180
"post_stage4a_staged_refit_v1_s1_anchor","s1_anchor","atx_aa5353f6d6d2","Iceland Gull","core_species","checklist_reporting","lme4_glmer_nAGQ0",217184,FALSE,,,"failed_insufficient_support",,,,,,"failed_insufficient_support","placebo_offset_p180",180
"post_stage4a_staged_refit_v1_s1_anchor","s1_anchor","atx_aa5353f6d6d2","Iceland Gull","core_species","conditional_positive_numeric_count","lme4_lmer_REML",4317,FALSE,,,"failed_insufficient_support",,,,,,"failed_insufficient_support","placebo_offset_p180",180
"post_stage4a_staged_refit_v1_s1_anchor","s1_anchor","atx_acf526bb8010","Marbled Murrelet","core_species","checklist_reporting","lme4_glmer_nAGQ0",217200,FALSE,,,"failed_insufficient_support",,,,,,"failed_insufficient_support","placebo_offset_p180",180
"post_stage4a_staged_refit_v1_s1_anchor","s1_anchor","atx_acf526bb8010","Marbled Murrelet","core_species","conditional_positive_numeric_count","lme4_lmer_REML",3103,FALSE,,,"failed_insufficient_support",,,,,,"failed_insufficient_support","placebo_offset_p180",180
"post_stage4a_staged_refit_v1_s1_anchor","s1_anchor","atx_b3d3ea90f9cb","Canada Goose","core_species","checklist_reporting","lme4_glmer_nAGQ0",217083,FALSE,,,"failed_insufficient_support",,,,,,"failed_insufficient_support","placebo_offset_p180",180
"post_stage4a_staged_refit_v1_s1_anchor","s1_anchor","atx_b3d3ea90f9cb","Canada Goose","core_species","conditional_positive_numeric_count","lme4_lmer_REML",68271,FALSE,,,"failed_insufficient_support",,,,,,"failed_insufficient_support","placebo_offset_p180",180
"post_stage4a_staged_refit_v1_s1_anchor","s1_anchor","atx_c12b832d2b03","California Gull","core_species","checklist_reporting","lme4_glmer_nAGQ0",217200,FALSE,,,"failed_insufficient_support",,,,,,"failed_insufficient_support","placebo_offset_p180",180
"post_stage4a_staged_refit_v1_s1_anchor","s1_anchor","atx_c12b832d2b03","California Gull","core_species","conditional_positive_numeric_count","lme4_lmer_REML",6644,FALSE,,,"failed_insufficient_support",,,,,,"failed_insufficient_support","placebo_offset_p180",180
"post_stage4a_staged_refit_v1_s1_anchor","s1_anchor","atx_c2d1fbbaf6d3","Red-breasted Merganser","core_species","checklist_reporting","lme4_glmer_nAGQ0",217092,FALSE,,,"failed_insufficient_support",,,,,,"failed_insufficient_support","placebo_offset_p180",180
"post_stage4a_staged_refit_v1_s1_anchor","s1_anchor","atx_c2d1fbbaf6d3","Red-breasted Merganser","core_species","conditional_positive_numeric_count","lme4_lmer_REML",13364,FALSE,,,"failed_insufficient_support",,,,,,"failed_insufficient_support","placebo_offset_p180",180
"post_stage4a_staged_refit_v1_s1_anchor","s1_anchor","atx_c34f23342a55","Pacific Loon","core_species","checklist_reporting","lme4_glmer_nAGQ0",217200,FALSE,,,"failed_insufficient_support",,,,,,"failed_insufficient_support","placebo_offset_p180",180
"post_stage4a_staged_refit_v1_s1_anchor","s1_anchor","atx_c34f23342a55","Pacific Loon","core_species","conditional_positive_numeric_count","lme4_lmer_REML",6049,FALSE,,,"failed_insufficient_support",,,,,,"failed_insufficient_support","placebo_offset_p180",180
"post_stage4a_staged_refit_v1_s1_anchor","s1_anchor","atx_c9db024faf12","American Crow","core_species","checklist_reporting","lme4_glmer_nAGQ0",217200,FALSE,,,"failed_insufficient_support",,,,,,"failed_insufficient_support","placebo_offset_p180",180
"post_stage4a_staged_refit_v1_s1_anchor","s1_anchor","atx_c9db024faf12","American Crow","core_species","conditional_positive_numeric_count","lme4_lmer_REML",112180,FALSE,,,"failed_insufficient_support",,,,,,"failed_insufficient_support","placebo_offset_p180",180
"post_stage4a_staged_refit_v1_s1_anchor","s1_anchor","atx_d002764a39e8","Lesser Scaup","core_species","checklist_reporting","lme4_glmer_nAGQ0",216290,FALSE,,,"failed_insufficient_support",,,,,,"failed_insufficient_support","placebo_offset_p180",180
"post_stage4a_staged_refit_v1_s1_anchor","s1_anchor","atx_d002764a39e8","Lesser Scaup","core_species","conditional_positive_numeric_count","lme4_lmer_REML",9378,FALSE,,,"failed_insufficient_support",,,,,,"failed_insufficient_support","placebo_offset_p180",180
"post_stage4a_staged_refit_v1_s1_anchor","s1_anchor","atx_d7dd9536145c","Barrow's Goldeneye","core_species","checklist_reporting","lme4_glmer_nAGQ0",216814,FALSE,,,"failed_insufficient_support",,,,,,"failed_insufficient_support","placebo_offset_p180",180
"post_stage4a_staged_refit_v1_s1_anchor","s1_anchor","atx_d7dd9536145c","Barrow's Goldeneye","core_species","conditional_positive_numeric_count","lme4_lmer_REML",10960,FALSE,,,"failed_insufficient_support",,,,,,"failed_insufficient_support","placebo_offset_p180",180
"post_stage4a_staged_refit_v1_s1_anchor","s1_anchor","atx_e0e678a61ad7","Short-billed Gull","core_species","checklist_reporting","lme4_glmer_nAGQ0",217200,FALSE,,,"failed_insufficient_support",,,,,,"failed_insufficient_support","placebo_offset_p180",180
"post_stage4a_staged_refit_v1_s1_anchor","s1_anchor","atx_e0e678a61ad7","Short-billed Gull","core_species","conditional_positive_numeric_count","lme4_lmer_REML",22003,FALSE,,,"failed_insufficient_support",,,,,,"failed_insufficient_support","placebo_offset_p180",180
"post_stage4a_staged_refit_v1_s1_anchor","s1_anchor","atx_ebf17f77fb66","Western Grebe","core_species","checklist_reporting","lme4_glmer_nAGQ0",217186,FALSE,,,"failed_insufficient_support",,,,,,"failed_insufficient_support","placebo_offset_p180",180
"post_stage4a_staged_refit_v1_s1_anchor","s1_anchor","atx_ebf17f77fb66","Western Grebe","core_species","conditional_positive_numeric_count","lme4_lmer_REML",1346,FALSE,,,"failed_insufficient_support",,,,,,"failed_insufficient_support","placebo_offset_p180",180
"post_stage4a_staged_refit_v1_s1_anchor","s1_anchor","atx_fadb8da1a816","Bonaparte's Gull","core_species","checklist_reporting","lme4_glmer_nAGQ0",217200,FALSE,,,"failed_insufficient_support",,,,,,"failed_insufficient_support","placebo_offset_p180",180
"post_stage4a_staged_refit_v1_s1_anchor","s1_anchor","atx_fadb8da1a816","Bonaparte's Gull","core_species","conditional_positive_numeric_count","lme4_lmer_REML",4025,FALSE,,,"failed_insufficient_support",,,,,,"failed_insufficient_support","placebo_offset_p180",180
"post_stage4a_staged_refit_v1_s1_anchor","s1_anchor","atx_fc0a9b777dcd","Bald Eagle","core_species","checklist_reporting","lme4_glmer_nAGQ0",217199,FALSE,,,"failed_insufficient_support",,,,,,"failed_insufficient_support","placebo_offset_p180",180
"post_stage4a_staged_refit_v1_s1_anchor","s1_anchor","atx_fc0a9b777dcd","Bald Eagle","core_species","conditional_positive_numeric_count","lme4_lmer_REML",83359,FALSE,,,"failed_insufficient_support",,,,,,"failed_insufficient_support","placebo_offset_p180",180
"post_stage4a_staged_refit_v1_s1_anchor","s1_anchor","atx_v2_000002","Black Oystercatcher","core_species","checklist_reporting","lme4_glmer_nAGQ0",217200,FALSE,,,"failed_insufficient_support",,,,,,"failed_insufficient_support","placebo_offset_p180",180
"post_stage4a_staged_refit_v1_s1_anchor","s1_anchor","atx_v2_000002","Black Oystercatcher","core_species","conditional_positive_numeric_count","lme4_lmer_REML",13626,FALSE,,,"failed_insufficient_support",,,,,,"failed_insufficient_support","placebo_offset_p180",180
"post_stage4a_staged_refit_v1_s1_anchor","s1_anchor","atx_v2_000003","Dunlin","core_species","checklist_reporting","lme4_glmer_nAGQ0",217200,FALSE,,,"failed_insufficient_support",,,,,,"failed_insufficient_support","placebo_offset_p180",180
"post_stage4a_staged_refit_v1_s1_anchor","s1_anchor","atx_v2_000003","Dunlin","core_species","conditional_positive_numeric_count","lme4_lmer_REML",5908,FALSE,,,"failed_insufficient_support",,,,,,"failed_insufficient_support","placebo_offset_p180",180
"post_stage4a_staged_refit_v1_s1_anchor","s1_anchor","atx_v2_000006","Black-bellied Plover","core_species","checklist_reporting","lme4_glmer_nAGQ0",217200,FALSE,,,"failed_insufficient_support",,,,,,"failed_insufficient_support","placebo_offset_p180",180
"post_stage4a_staged_refit_v1_s1_anchor","s1_anchor","atx_v2_000006","Black-bellied Plover","core_species","conditional_positive_numeric_count","lme4_lmer_REML",3973,FALSE,,,"failed_insufficient_support",,,,,,"failed_insufficient_support","placebo_offset_p180",180
"post_stage4a_staged_refit_v1_s1_anchor","s1_anchor","atx_v2_000007","Common Raven","core_species","checklist_reporting","lme4_glmer_nAGQ0",217200,FALSE,,,"failed_insufficient_support",,,,,,"failed_insufficient_support","placebo_offset_p180",180
"post_stage4a_staged_refit_v1_s1_anchor","s1_anchor","atx_v2_000007","Common Raven","core_species","conditional_positive_numeric_count","lme4_lmer_REML",60940,FALSE,,,"failed_insufficient_support",,,,,,"failed_insufficient_support","placebo_offset_p180",180
"post_stage4a_staged_refit_v1_s1_anchor","s1_anchor","atx_v2_000011","Glaucous Gull","core_species","checklist_reporting","lme4_glmer_nAGQ0",217200,FALSE,,,"failed_insufficient_support",,,,,,"failed_insufficient_support","placebo_offset_p180",180
"post_stage4a_staged_refit_v1_s1_anchor","s1_anchor","atx_v2_000011","Glaucous Gull","core_species","conditional_positive_numeric_count","lme4_lmer_REML",185,FALSE,,,"failed_insufficient_support",,,,,,"failed_insufficient_support","placebo_offset_p180",180
"post_stage4a_staged_refit_v1_s1_anchor","s1_anchor","atx_04afbeb21fb0","Hooded Merganser","core_species","checklist_reporting","lme4_glmer_nAGQ0",217200,TRUE,FALSE,FALSE,"",,0.165419652439746,0.210350114344041,4.70861171768719,,"completed","placebo_offset_p90",90
"post_stage4a_staged_refit_v1_s1_anchor","s1_anchor","atx_04afbeb21fb0","Hooded Merganser","core_species","conditional_positive_numeric_count","lme4_lmer_REML",20340,TRUE,FALSE,FALSE,"",0.0388347325497307,0.0362353399739114,0.0172288898839664,0.0678400878139253,0.435124824812142,"completed","placebo_offset_p90",90
"post_stage4a_staged_refit_v1_s1_anchor","s1_anchor","atx_04cf65098f13","Red-throated Loon","core_species","checklist_reporting","lme4_glmer_nAGQ0",217200,TRUE,FALSE,FALSE,"",,0.314100257154173,1.1727993282388,7.3698686441065,,"completed","placebo_offset_p90",90
"post_stage4a_staged_refit_v1_s1_anchor","s1_anchor","atx_04cf65098f13","Red-throated Loon","core_species","conditional_positive_numeric_count","lme4_lmer_REML",1488,FALSE,,,"failed_insufficient_support",,,,,,"failed_insufficient_support","placebo_offset_p90",90
"post_stage4a_staged_refit_v1_s1_anchor","s1_anchor","atx_08bb40b40c0a","Ring-billed Gull","core_species","checklist_reporting","lme4_glmer_nAGQ0",217200,TRUE,FALSE,FALSE,"",,1.613969623312,0.829214341592823,4.06157673752969,,"completed","placebo_offset_p90",90
"post_stage4a_staged_refit_v1_s1_anchor","s1_anchor","atx_08bb40b40c0a","Ring-billed Gull","core_species","conditional_positive_numeric_count","lme4_lmer_REML",4549,FALSE,,,"failed_insufficient_support",,,,,,"failed_insufficient_support","placebo_offset_p90",90
"post_stage4a_staged_refit_v1_s1_anchor","s1_anchor","atx_1328b44be502","Black Scoter","core_species","checklist_reporting","lme4_glmer_nAGQ0",217178,TRUE,FALSE,FALSE,"",,2.29082303875931,0.420913479046965,10.2514722205111,,"completed","placebo_offset_p90",90
"post_stage4a_staged_refit_v1_s1_anchor","s1_anchor","atx_1328b44be502","Black Scoter","core_species","conditional_positive_numeric_count","lme4_lmer_REML",1684,FALSE,,,"failed_insufficient_support",,,,,,"failed_insufficient_support","placebo_offset_p90",90
"post_stage4a_staged_refit_v1_s1_anchor","s1_anchor","atx_136b0e66254b","Common Murre","core_species","checklist_reporting","lme4_glmer_nAGQ0",217200,TRUE,FALSE,FALSE,"",,1.21624879312556,1.44575407914954,12.0264630139253,,"completed","placebo_offset_p90",90
"post_stage4a_staged_refit_v1_s1_anchor","s1_anchor","atx_136b0e66254b","Common Murre","core_species","conditional_positive_numeric_count","lme4_lmer_REML",2023,FALSE,,,"failed_insufficient_support",,,,,,"failed_insufficient_support","placebo_offset_p90",90
"post_stage4a_staged_refit_v1_s1_anchor","s1_anchor","atx_15dd5efcd8d6","Black Turnstone","core_species","checklist_reporting","lme4_glmer_nAGQ0",217200,TRUE,FALSE,FALSE,"",,1.92092878565965,0.336368225675255,11.8504155332644,,"completed","placebo_offset_p90",90
"post_stage4a_staged_refit_v1_s1_anchor","s1_anchor","atx_15dd5efcd8d6","Black Turnstone","core_species","conditional_positive_numeric_count","lme4_lmer_REML",4421,FALSE,,,"failed_insufficient_support",,,,,,"failed_insufficient_support","placebo_offset_p90",90
"post_stage4a_staged_refit_v1_s1_anchor","s1_anchor","atx_1812dd827ede","Surfbird","core_species","checklist_reporting","lme4_glmer_nAGQ0",217200,TRUE,FALSE,FALSE,"",,0.339353691457886,0.30468213712054,17.4294813609529,,"completed","placebo_offset_p90",90
"post_stage4a_staged_refit_v1_s1_anchor","s1_anchor","atx_1812dd827ede","Surfbird","core_species","conditional_positive_numeric_count","lme4_lmer_REML",1063,FALSE,,,"failed_insufficient_support",,,,,,"failed_insufficient_support","placebo_offset_p90",90
"post_stage4a_staged_refit_v1_s1_anchor","s1_anchor","atx_1930f23cc4f8","Surf Scoter","core_species","checklist_reporting","lme4_glmer_nAGQ0",217183,TRUE,FALSE,FALSE,"",,0.981823463616629,0.741819347790625,11.7866873472021,,"completed","placebo_offset_p90",90
"post_stage4a_staged_refit_v1_s1_anchor","s1_anchor","atx_1930f23cc4f8","Surf Scoter","core_species","conditional_positive_numeric_count","lme4_lmer_REML",16632,FALSE,,,"failed_insufficient_support",,,,,,"failed_insufficient_support","placebo_offset_p90",90
"post_stage4a_staged_refit_v1_s1_anchor","s1_anchor","atx_3083477933a8","White-winged Scoter","core_species","checklist_reporting","lme4_glmer_nAGQ0",217199,TRUE,FALSE,FALSE,"",,0.984320441716942,0.800136184375577,10.5734437744774,,"completed","placebo_offset_p90",90
"post_stage4a_staged_refit_v1_s1_anchor","s1_anchor","atx_3083477933a8","White-winged Scoter","core_species","conditional_positive_numeric_count","lme4_lmer_REML",4706,FALSE,,,"failed_insufficient_support",,,,,,"failed_insufficient_support","placebo_offset_p90",90
"post_stage4a_staged_refit_v1_s1_anchor","s1_anchor","atx_35518e24dfdd","Common Merganser","core_species","checklist_reporting","lme4_glmer_nAGQ0",217093,TRUE,FALSE,FALSE,"",,0.19515426330549,0.240534483624736,3.90931599279352,,"completed","placebo_offset_p90",90
"post_stage4a_staged_refit_v1_s1_anchor","s1_anchor","atx_35518e24dfdd","Common Merganser","core_species","conditional_positive_numeric_count","lme4_lmer_REML",27776,TRUE,FALSE,FALSE,"",0.0122695928439498,0.048725220849184,0.0264431696796933,0.154143736789012,0.80164000822262,"completed","placebo_offset_p90",90
"post_stage4a_staged_refit_v1_s1_anchor","s1_anchor","atx_35707a9578d5","Pelagic Cormorant","core_species","checklist_reporting","lme4_glmer_nAGQ0",217200,TRUE,FALSE,FALSE,"",,0.119369957372696,0.970243111249948,11.7239533586616,,"completed","placebo_offset_p90",90
"post_stage4a_staged_refit_v1_s1_anchor","s1_anchor","atx_35707a9578d5","Pelagic Cormorant","core_species","conditional_positive_numeric_count","lme4_lmer_REML",18881,TRUE,FALSE,FALSE,"",0.00658241333439946,0.021274586038454,0.0997717300967724,0.254569572927631,0.594759778176139,"completed","placebo_offset_p90",90
"post_stage4a_staged_refit_v1_s1_anchor","s1_anchor","atx_40f730f5ad72","Long-tailed Duck","core_species","checklist_reporting","lme4_glmer_nAGQ0",217200,TRUE,FALSE,FALSE,"",,1.75382614277252,0.947695952122248,11.9020196230377,,"completed","placebo_offset_p90",90
"post_stage4a_staged_refit_v1_s1_anchor","s1_anchor","atx_40f730f5ad72","Long-tailed Duck","core_species","conditional_positive_numeric_count","lme4_lmer_REML",2946,FALSE,,,"failed_insufficient_support",,,,,,"failed_insufficient_support","placebo_offset_p90",90
"post_stage4a_staged_refit_v1_s1_anchor","s1_anchor","atx_4ae57d328ec6","Greater Scaup","core_species","checklist_reporting","lme4_glmer_nAGQ0",216227,TRUE,FALSE,FALSE,"",,0.665273589375659,0.769096701031674,7.28908268448165,,"completed","placebo_offset_p90",90
"post_stage4a_staged_refit_v1_s1_anchor","s1_anchor","atx_4ae57d328ec6","Greater Scaup","core_species","conditional_positive_numeric_count","lme4_lmer_REML",4514,FALSE,,,"failed_insufficient_support",,,,,,"failed_insufficient_support","placebo_offset_p90",90
"post_stage4a_staged_refit_v1_s1_anchor","s1_anchor","atx_59441ff7abde","Brant","core_species","checklist_reporting","lme4_glmer_nAGQ0",217200,TRUE,FALSE,FALSE,"",,3.32340379296035,0.379401925404642,12.3792160909712,,"completed","placebo_offset_p90",90
"post_stage4a_staged_refit_v1_s1_anchor","s1_anchor","atx_59441ff7abde","Brant","core_species","conditional_positive_numeric_count","lme4_lmer_REML",3796,FALSE,,,"failed_insufficient_support",,,,,,"failed_insufficient_support","placebo_offset_p90",90
"post_stage4a_staged_refit_v1_s1_anchor","s1_anchor","atx_5a9a3495d0ea","Western Gull","core_species","checklist_reporting","lme4_glmer_nAGQ0",216824,TRUE,FALSE,FALSE,"",,1.42528683755638,1.22070185795496,7.8494183997335,,"completed","placebo_offset_p90",90
"post_stage4a_staged_refit_v1_s1_anchor","s1_anchor","atx_5a9a3495d0ea","Western Gull","core_species","conditional_positive_numeric_count","lme4_lmer_REML",712,FALSE,,,"failed_insufficient_support",,,,,,"failed_insufficient_support","placebo_offset_p90",90
"post_stage4a_staged_refit_v1_s1_anchor","s1_anchor","atx_6b4cfd1ab927","Horned Grebe","core_species","checklist_reporting","lme4_glmer_nAGQ0",217142,TRUE,FALSE,FALSE,"",,1.97596217466658,0.903077227356322,10.7434405734668,,"completed","placebo_offset_p90",90
"post_stage4a_staged_refit_v1_s1_anchor","s1_anchor","atx_6b4cfd1ab927","Horned Grebe","core_species","conditional_positive_numeric_count","lme4_lmer_REML",13054,FALSE,,,"failed_insufficient_support",,,,,,"failed_insufficient_support","placebo_offset_p90",90
"post_stage4a_staged_refit_v1_s1_anchor","s1_anchor","atx_6cbe5bbd310c","Rhinoceros Auklet","core_species","checklist_reporting","lme4_glmer_nAGQ0",217200,TRUE,FALSE,FALSE,"",,1.98857210737853,1.20539072660701,14.6304811696684,,"completed","placebo_offset_p90",90
"post_stage4a_staged_refit_v1_s1_anchor","s1_anchor","atx_6cbe5bbd310c","Rhinoceros Auklet","core_species","conditional_positive_numeric_count","lme4_lmer_REML",1816,FALSE,,,"failed_insufficient_support",,,,,,"failed_insufficient_support","placebo_offset_p90",90
"post_stage4a_staged_refit_v1_s1_anchor","s1_anchor","atx_725074cbfcb6","Glaucous-winged Gull","core_species","checklist_reporting","lme4_glmer_nAGQ0",217037,TRUE,FALSE,FALSE,"",,0.196037187187229,2.06519261629356,4.95887282552331,,"completed","placebo_offset_p90",90
"post_stage4a_staged_refit_v1_s1_anchor","s1_anchor","atx_725074cbfcb6","Glaucous-winged Gull","core_species","conditional_positive_numeric_count","lme4_lmer_REML",85053,TRUE,FALSE,FALSE,"",0.0125409860629588,0.0465403863918852,0.290396236200638,0.584165182834569,0.952924690730912,"completed","placebo_offset_p90",90
"post_stage4a_staged_refit_v1_s1_anchor","s1_anchor","atx_7571c026ae99","American Herring Gull","core_species","checklist_reporting","lme4_glmer_nAGQ0",217179,TRUE,FALSE,FALSE,"",,0.439513419322885,2.04606378493226,4.07474883138568,,"completed","placebo_offset_p90",90
"post_stage4a_staged_refit_v1_s1_anchor","s1_anchor","atx_7571c026ae99","American Herring Gull","core_species","conditional_positive_numeric_count","lme4_lmer_REML",1851,FALSE,,,"failed_insufficient_support",,,,,,"failed_insufficient_support","placebo_offset_p90",90
"post_stage4a_staged_refit_v1_s1_anchor","s1_anchor","atx_7b80ddaff058","Great Blue Heron","core_species","checklist_reporting","lme4_glmer_nAGQ0",217200,TRUE,FALSE,FALSE,"",,0.0297749489126333,0.210456994661322,2.97533719632283,,"completed","placebo_offset_p90",90
"post_stage4a_staged_refit_v1_s1_anchor","s1_anchor","atx_7b80ddaff058","Great Blue Heron","core_species","conditional_positive_numeric_count","lme4_lmer_REML",50285,TRUE,FALSE,FALSE,"",0.156377791427076,0.018083042444421,0.034402728771413,0.12465176231457,0.443394282356183,"completed","placebo_offset_p90",90
"post_stage4a_staged_refit_v1_s1_anchor","s1_anchor","atx_7d980a7c8c37","Northern Pintail","core_species","checklist_reporting","lme4_glmer_nAGQ0",217200,TRUE,FALSE,FALSE,"",,0.384624322770888,0.33394609139369,11.0244375215719,,"completed","placebo_offset_p90",90
"post_stage4a_staged_refit_v1_s1_anchor","s1_anchor","atx_7d980a7c8c37","Northern Pintail","core_species","conditional_positive_numeric_count","lme4_lmer_REML",14278,FALSE,,,"failed_insufficient_support",,,,,,"failed_insufficient_support","placebo_offset_p90",90
"post_stage4a_staged_refit_v1_s1_anchor","s1_anchor","atx_815c98107028","Mallard","core_species","checklist_reporting","lme4_glmer_nAGQ0",217200,TRUE,FALSE,FALSE,"",,0.0755832447868287,0.523831413419769,4.79766762108108,,"completed","placebo_offset_p90",90
"post_stage4a_staged_refit_v1_s1_anchor","s1_anchor","atx_815c98107028","Mallard","core_species","conditional_positive_numeric_count","lme4_lmer_REML",81526,TRUE,FALSE,FALSE,"",0.0705794082023203,0.0707915670704557,0.14016444637953,0.792975236166693,1.01874320578122,"completed","placebo_offset_p90",90
"post_stage4a_staged_refit_v1_s1_anchor","s1_anchor","atx_82312e6f2848","Common Goldeneye","core_species","checklist_reporting","lme4_glmer_nAGQ0",216892,TRUE,FALSE,FALSE,"",,0.653538308097161,0.614356825707097,6.8770552279464,,"completed","placebo_offset_p90",90
"post_stage4a_staged_refit_v1_s1_anchor","s1_anchor","atx_82312e6f2848","Common Goldeneye","core_species","conditional_positive_numeric_count","lme4_lmer_REML",21195,FALSE,,,"failed_insufficient_support",,,,,,"failed_insufficient_support","placebo_offset_p90",90
"post_stage4a_staged_refit_v1_s1_anchor","s1_anchor","atx_8608f2ed61cf","Pigeon Guillemot","core_species","checklist_reporting","lme4_glmer_nAGQ0",217200,TRUE,FALSE,FALSE,"",,0.738239366172693,0.856283036716797,11.3113986070541,,"completed","placebo_offset_p90",90
"post_stage4a_staged_refit_v1_s1_anchor","s1_anchor","atx_8608f2ed61cf","Pigeon Guillemot","core_species","conditional_positive_numeric_count","lme4_lmer_REML",6342,TRUE,FALSE,FALSE,"",0.0494198502565268,0.0323795347829127,0.0661963763337452,0.155184542194713,0.531012436090613,"completed","placebo_offset_p90",90
"post_stage4a_staged_refit_v1_s1_anchor","s1_anchor","atx_86eda7ed9025","Red-necked Grebe","core_species","checklist_reporting","lme4_glmer_nAGQ0",217200,TRUE,FALSE,FALSE,"",,1.30504367030403,1.20697937633225,9.48666393255581,,"completed","placebo_offset_p90",90
"post_stage4a_staged_refit_v1_s1_anchor","s1_anchor","atx_86eda7ed9025","Red-necked Grebe","core_species","conditional_positive_numeric_count","lme4_lmer_REML",8109,FALSE,,,"failed_insufficient_support",,,,,,"failed_insufficient_support","placebo_offset_p90",90
"post_stage4a_staged_refit_v1_s1_anchor","s1_anchor","atx_87b306550dba","Harlequin Duck","core_species","checklist_reporting","lme4_glmer_nAGQ0",217200,TRUE,FALSE,FALSE,"",,1.60546945199736,0.484331207944295,14.3595566064426,,"completed","placebo_offset_p90",90
"post_stage4a_staged_refit_v1_s1_anchor","s1_anchor","atx_87b306550dba","Harlequin Duck","core_species","conditional_positive_numeric_count","lme4_lmer_REML",12030,FALSE,,,"failed_insufficient_support",,,,,,"failed_insufficient_support","placebo_offset_p90",90
"post_stage4a_staged_refit_v1_s1_anchor","s1_anchor","atx_98ca0000b734","Brandt's Cormorant","core_species","checklist_reporting","lme4_glmer_nAGQ0",217200,TRUE,FALSE,FALSE,"",,0.276876524296263,1.34233860918641,10.7611448786184,,"completed","placebo_offset_p90",90
"post_stage4a_staged_refit_v1_s1_anchor","s1_anchor","atx_98ca0000b734","Brandt's Cormorant","core_species","conditional_positive_numeric_count","lme4_lmer_REML",2573,FALSE,,,"failed_insufficient_support",,,,,,"failed_insufficient_support","placebo_offset_p90",90
"post_stage4a_staged_refit_v1_s1_anchor","s1_anchor","atx_99238953638b","Bufflehead","core_species","checklist_reporting","lme4_glmer_nAGQ0",217200,TRUE,FALSE,FALSE,"",,0.748546280000308,0.521976489042939,7.03056988887217,,"completed","placebo_offset_p90",90
"post_stage4a_staged_refit_v1_s1_anchor","s1_anchor","atx_99238953638b","Bufflehead","core_species","conditional_positive_numeric_count","lme4_lmer_REML",50039,TRUE,FALSE,FALSE,"",0.00966072548180819,0.101237702415242,0.0935404252997629,0.501358804809407,0.704736098316241,"completed","placebo_offset_p90",90
"post_stage4a_staged_refit_v1_s1_anchor","s1_anchor","atx_9ae1aa9b7fdf","Common Loon","core_species","checklist_reporting","lme4_glmer_nAGQ0",217199,TRUE,FALSE,FALSE,"",,1.48741299461776,0.661973817957747,7.567399238311,,"completed","placebo_offset_p90",90
"post_stage4a_staged_refit_v1_s1_anchor","s1_anchor","atx_9ae1aa9b7fdf","Common Loon","core_species","conditional_positive_numeric_count","lme4_lmer_REML",15359,TRUE,FALSE,FALSE,"",0.00706442733644508,0.0397057445733461,0.07958045401776,0.0967441368375506,0.394491447714395,"completed","placebo_offset_p90",90
"post_stage4a_staged_refit_v1_s1_anchor","s1_anchor","atx_a113baee5693","American Wigeon","core_species","checklist_reporting","lme4_glmer_nAGQ0",217190,TRUE,FALSE,FALSE,"",,0.181552852063194,0.376165477036303,7.12013775526788,,"completed","placebo_offset_p90",90
"post_stage4a_staged_refit_v1_s1_anchor","s1_anchor","atx_a113baee5693","American Wigeon","core_species","conditional_positive_numeric_count","lme4_lmer_REML",34665,TRUE,FALSE,FALSE,"",0.00788633769843727,0.0694052346364124,0.132285507612679,0.6527041772601,1.28562614028491,"completed","placebo_offset_p90",90
"post_stage4a_staged_refit_v1_s1_anchor","s1_anchor","atx_a444854c6b66","Double-crested Cormorant","core_species","checklist_reporting","lme4_glmer_nAGQ0",217200,TRUE,FALSE,FALSE,"",,0.143532343569117,0.590777959544544,6.19101711432765,,"completed","placebo_offset_p90",90
"post_stage4a_staged_refit_v1_s1_anchor","s1_anchor","atx_a444854c6b66","Double-crested Cormorant","core_species","conditional_positive_numeric_count","lme4_lmer_REML",29011,TRUE,FALSE,FALSE,"",0.0333147181663662,0.0108604980245708,0.0815270112112619,0.205614441573697,0.724669994695671,"completed","placebo_offset_p90",90
"post_stage4a_staged_refit_v1_s1_anchor","s1_anchor","atx_aa5353f6d6d2","Iceland Gull","core_species","checklist_reporting","lme4_glmer_nAGQ0",217184,TRUE,FALSE,FALSE,"",,0.840065409855184,1.67856544223853,5.08487256310987,,"completed","placebo_offset_p90",90
"post_stage4a_staged_refit_v1_s1_anchor","s1_anchor","atx_aa5353f6d6d2","Iceland Gull","core_species","conditional_positive_numeric_count","lme4_lmer_REML",4317,FALSE,,,"failed_insufficient_support",,,,,,"failed_insufficient_support","placebo_offset_p90",90
"post_stage4a_staged_refit_v1_s1_anchor","s1_anchor","atx_acf526bb8010","Marbled Murrelet","core_species","checklist_reporting","lme4_glmer_nAGQ0",217200,TRUE,FALSE,FALSE,"",,0.338965969140296,1.01024384372452,10.7778306325065,,"completed","placebo_offset_p90",90
"post_stage4a_staged_refit_v1_s1_anchor","s1_anchor","atx_acf526bb8010","Marbled Murrelet","core_species","conditional_positive_numeric_count","lme4_lmer_REML",3103,FALSE,,,"failed_insufficient_support",,,,,,"failed_insufficient_support","placebo_offset_p90",90
"post_stage4a_staged_refit_v1_s1_anchor","s1_anchor","atx_b3d3ea90f9cb","Canada Goose","core_species","checklist_reporting","lme4_glmer_nAGQ0",217083,TRUE,FALSE,FALSE,"",,1.01431645534608,0.333513985110858,3.12890317953872,,"completed","placebo_offset_p90",90
"post_stage4a_staged_refit_v1_s1_anchor","s1_anchor","atx_b3d3ea90f9cb","Canada Goose","core_species","conditional_positive_numeric_count","lme4_lmer_REML",68271,TRUE,FALSE,FALSE,"",0.015120895113796,0.0683271215800959,0.07643272836609,0.509819488268148,1.15531659854061,"completed","placebo_offset_p90",90
"post_stage4a_staged_refit_v1_s1_anchor","s1_anchor","atx_c12b832d2b03","California Gull","core_species","checklist_reporting","lme4_glmer_nAGQ0",217200,TRUE,FALSE,FALSE,"",,0.344299350934786,1.0691730296923,5.04635808523039,,"completed","placebo_offset_p90",90
"post_stage4a_staged_refit_v1_s1_anchor","s1_anchor","atx_c12b832d2b03","California Gull","core_species","conditional_positive_numeric_count","lme4_lmer_REML",6644,TRUE,FALSE,FALSE,"",0.0181866198545322,0.328067559068013,0.231670489746577,0.455752999754535,1.88728306029656,"completed","placebo_offset_p90",90
"post_stage4a_staged_refit_v1_s1_anchor","s1_anchor","atx_c2d1fbbaf6d3","Red-breasted Merganser","core_species","checklist_reporting","lme4_glmer_nAGQ0",217092,TRUE,FALSE,FALSE,"",,0.809515096817738,0.717204543213454,8.09928300693513,,"completed","placebo_offset_p90",90
"post_stage4a_staged_refit_v1_s1_anchor","s1_anchor","atx_c2d1fbbaf6d3","Red-breasted Merganser","core_species","conditional_positive_numeric_count","lme4_lmer_REML",13364,FALSE,,,"failed_insufficient_support",,,,,,"failed_insufficient_support","placebo_offset_p90",90
"post_stage4a_staged_refit_v1_s1_anchor","s1_anchor","atx_c34f23342a55","Pacific Loon","core_species","checklist_reporting","lme4_glmer_nAGQ0",217200,TRUE,FALSE,FALSE,"",,1.44297492380038,1.05727054810203,9.54317896700251,,"completed","placebo_offset_p90",90
"post_stage4a_staged_refit_v1_s1_anchor","s1_anchor","atx_c34f23342a55","Pacific Loon","core_species","conditional_positive_numeric_count","lme4_lmer_REML",6049,FALSE,,,"failed_insufficient_support",,,,,,"failed_insufficient_support","placebo_offset_p90",90
"post_stage4a_staged_refit_v1_s1_anchor","s1_anchor","atx_c9db024faf12","American Crow","core_species","checklist_reporting","lme4_glmer_nAGQ0",217200,TRUE,FALSE,FALSE,"",,1.13067335692899,0.886197495740869,2.4301637937806,,"completed","placebo_offset_p90",90
"post_stage4a_staged_refit_v1_s1_anchor","s1_anchor","atx_c9db024faf12","American Crow","core_species","conditional_positive_numeric_count","lme4_lmer_REML",112180,TRUE,FALSE,FALSE,"",0.0534416176378727,0.0429606664195233,0.117903858536031,0.233601583925991,0.720879496961864,"completed","placebo_offset_p90",90
"post_stage4a_staged_refit_v1_s1_anchor","s1_anchor","atx_d002764a39e8","Lesser Scaup","core_species","checklist_reporting","lme4_glmer_nAGQ0",216290,TRUE,FALSE,FALSE,"",,0.502722598208421,0.475525606653977,9.12459229154324,,"completed","placebo_offset_p90",90
"post_stage4a_staged_refit_v1_s1_anchor","s1_anchor","atx_d002764a39e8","Lesser Scaup","core_species","conditional_positive_numeric_count","lme4_lmer_REML",9378,FALSE,,,"failed_insufficient_support",,,,,,"failed_insufficient_support","placebo_offset_p90",90
"post_stage4a_staged_refit_v1_s1_anchor","s1_anchor","atx_d7dd9536145c","Barrow's Goldeneye","core_species","checklist_reporting","lme4_glmer_nAGQ0",216814,TRUE,FALSE,FALSE,"",,0.70259996935375,0.666337920070852,9.20645643402581,,"completed","placebo_offset_p90",90
"post_stage4a_staged_refit_v1_s1_anchor","s1_anchor","atx_d7dd9536145c","Barrow's Goldeneye","core_species","conditional_positive_numeric_count","lme4_lmer_REML",10960,FALSE,,,"failed_insufficient_support",,,,,,"failed_insufficient_support","placebo_offset_p90",90
"post_stage4a_staged_refit_v1_s1_anchor","s1_anchor","atx_e0e678a61ad7","Short-billed Gull","core_species","checklist_reporting","lme4_glmer_nAGQ0",217200,TRUE,FALSE,FALSE,"",,0.60114495551029,1.3116423555946,7.12275852873711,,"completed","placebo_offset_p90",90
"post_stage4a_staged_refit_v1_s1_anchor","s1_anchor","atx_e0e678a61ad7","Short-billed Gull","core_species","conditional_positive_numeric_count","lme4_lmer_REML",22003,TRUE,FALSE,FALSE,"",0.0736430956749246,0.165320003134405,0.328400933756219,0.558815556603904,1.75864121119652,"completed","placebo_offset_p90",90
"post_stage4a_staged_refit_v1_s1_anchor","s1_anchor","atx_ebf17f77fb66","Western Grebe","core_species","checklist_reporting","lme4_glmer_nAGQ0",217186,TRUE,FALSE,FALSE,"",,0.151199750338226,0.708647685728375,7.36508912674048,,"completed","placebo_offset_p90",90
"post_stage4a_staged_refit_v1_s1_anchor","s1_anchor","atx_ebf17f77fb66","Western Grebe","core_species","conditional_positive_numeric_count","lme4_lmer_REML",1346,FALSE,,,"failed_insufficient_support",,,,,,"failed_insufficient_support","placebo_offset_p90",90
"post_stage4a_staged_refit_v1_s1_anchor","s1_anchor","atx_fadb8da1a816","Bonaparte's Gull","core_species","checklist_reporting","lme4_glmer_nAGQ0",217200,TRUE,FALSE,FALSE,"",,0.663242170479649,0.461736045722879,7.87575081700061,,"completed","placebo_offset_p90",90
"post_stage4a_staged_refit_v1_s1_anchor","s1_anchor","atx_fadb8da1a816","Bonaparte's Gull","core_species","conditional_positive_numeric_count","lme4_lmer_REML",4025,FALSE,,,"failed_insufficient_support",,,,,,"failed_insufficient_support","placebo_offset_p90",90
"post_stage4a_staged_refit_v1_s1_anchor","s1_anchor","atx_fc0a9b777dcd","Bald Eagle","core_species","checklist_reporting","lme4_glmer_nAGQ0",217199,TRUE,FALSE,FALSE,"",,0.420352023529158,0.358469642888214,1.28551965833995,,"completed","placebo_offset_p90",90
"post_stage4a_staged_refit_v1_s1_anchor","s1_anchor","atx_fc0a9b777dcd","Bald Eagle","core_species","conditional_positive_numeric_count","lme4_lmer_REML",83359,TRUE,FALSE,FALSE,"",0.0580943014938384,0.0250149277101584,0.042494581061661,0.109389999160281,0.350437715088064,"completed","placebo_offset_p90",90
"post_stage4a_staged_refit_v1_s1_anchor","s1_anchor","atx_v2_000002","Black Oystercatcher","core_species","checklist_reporting","lme4_glmer_nAGQ0",217200,TRUE,FALSE,FALSE,"",,1.27562687435889,0.228655025947411,11.1197069529512,,"completed","placebo_offset_p90",90
"post_stage4a_staged_refit_v1_s1_anchor","s1_anchor","atx_v2_000002","Black Oystercatcher","core_species","conditional_positive_numeric_count","lme4_lmer_REML",13626,TRUE,FALSE,FALSE,"",0.0231006561079994,0.0256084838952206,0.0188596655905543,0.116359701571987,0.455065750143395,"completed","placebo_offset_p90",90
"post_stage4a_staged_refit_v1_s1_anchor","s1_anchor","atx_v2_000003","Dunlin","core_species","checklist_reporting","lme4_glmer_nAGQ0",217200,TRUE,FALSE,FALSE,"",,0.682085701873385,0.367117708522714,11.3586172564395,,"completed","placebo_offset_p90",90
"post_stage4a_staged_refit_v1_s1_anchor","s1_anchor","atx_v2_000003","Dunlin","core_species","conditional_positive_numeric_count","lme4_lmer_REML",5908,FALSE,,,"failed_insufficient_support",,,,,,"failed_insufficient_support","placebo_offset_p90",90
"post_stage4a_staged_refit_v1_s1_anchor","s1_anchor","atx_v2_000006","Black-bellied Plover","core_species","checklist_reporting","lme4_glmer_nAGQ0",217200,TRUE,FALSE,FALSE,"",,1.07902540389409,0.424804715546551,13.2055211107353,,"completed","placebo_offset_p90",90
"post_stage4a_staged_refit_v1_s1_anchor","s1_anchor","atx_v2_000006","Black-bellied Plover","core_species","conditional_positive_numeric_count","lme4_lmer_REML",3973,FALSE,,,"failed_insufficient_support",,,,,,"failed_insufficient_support","placebo_offset_p90",90
"post_stage4a_staged_refit_v1_s1_anchor","s1_anchor","atx_v2_000007","Common Raven","core_species","checklist_reporting","lme4_glmer_nAGQ0",217200,TRUE,FALSE,FALSE,"",,0.53491806828345,0.592253925347721,1.37890984640788,,"completed","placebo_offset_p90",90
"post_stage4a_staged_refit_v1_s1_anchor","s1_anchor","atx_v2_000007","Common Raven","core_species","conditional_positive_numeric_count","lme4_lmer_REML",60940,TRUE,FALSE,FALSE,"",0.0737231312086806,0.014978657866523,0.0378582675003161,0.0929952785182251,0.287359918996874,"completed","placebo_offset_p90",90
"post_stage4a_staged_refit_v1_s1_anchor","s1_anchor","atx_v2_000011","Glaucous Gull","core_species","checklist_reporting","lme4_glmer_nAGQ0",217200,TRUE,FALSE,FALSE,"",,1.53344890870537,0.554871627693624,8.77701993845455,,"completed","placebo_offset_p90",90
"post_stage4a_staged_refit_v1_s1_anchor","s1_anchor","atx_v2_000011","Glaucous Gull","core_species","conditional_positive_numeric_count","lme4_lmer_REML",185,FALSE,,,"failed_insufficient_support",,,,,,"failed_insufficient_support","placebo_offset_p90",90
