"analysis_version","stage","analysis_taxon_id","species","analysis_role","outcome","comparison","primary_comparison","estimate","standard_error","conf_low","conf_high","ratio","ratio_conf_low","ratio_conf_high","p_value","q_value","n","full_fixed_effect_covariance_used","status","multiplicity_family","analysis_variant","offset_days","placebo_seed"
"post_stage4a_staged_refit_v1_s1_anchor","s1_anchor","atx_c9db024faf12","American Crow","core_species","checklist_reporting","active_minus_pre14",TRUE,,,,,,,,,,217200,TRUE,"failed_insufficient_support","placebo_offset_m180__fixed_49_species__checklist_reporting__active_minus_pre14","placebo_offset_m180",-180,20260727
"post_stage4a_staged_refit_v1_s1_anchor","s1_anchor","atx_7571c026ae99","American Herring Gull","core_species","checklist_reporting","active_minus_pre14",TRUE,,,,,,,,,,217179,TRUE,"failed_insufficient_support","placebo_offset_m180__fixed_49_species__checklist_reporting__active_minus_pre14","placebo_offset_m180",-180,20260727
"post_stage4a_staged_refit_v1_s1_anchor","s1_anchor","atx_a113baee5693","American Wigeon","core_species","checklist_reporting","active_minus_pre14",TRUE,,,,,,,,,,217190,TRUE,"failed_insufficient_support","placebo_offset_m180__fixed_49_species__checklist_reporting__active_minus_pre14","placebo_offset_m180",-180,20260727
"post_stage4a_staged_refit_v1_s1_anchor","s1_anchor","atx_fc0a9b777dcd","Bald Eagle","core_species","checklist_reporting","active_minus_pre14",TRUE,,,,,,,,,,217199,TRUE,"failed_insufficient_support","placebo_offset_m180__fixed_49_species__checklist_reporting__active_minus_pre14","placebo_offset_m180",-180,20260727
"post_stage4a_staged_refit_v1_s1_anchor","s1_anchor","atx_d7dd9536145c","Barrow's Goldeneye","core_species","checklist_reporting","active_minus_pre14",TRUE,,,,,,,,,,216814,TRUE,"failed_insufficient_support","placebo_offset_m180__fixed_49_species__checklist_reporting__active_minus_pre14","placebo_offset_m180",-180,20260727
"post_stage4a_staged_refit_v1_s1_anchor","s1_anchor","atx_v2_000006","Black-bellied Plover","core_species","checklist_reporting","active_minus_pre14",TRUE,,,,,,,,,,217200,TRUE,"failed_insufficient_support","placebo_offset_m180__fixed_49_species__checklist_reporting__active_minus_pre14","placebo_offset_m180",-180,20260727
"post_stage4a_staged_refit_v1_s1_anchor","s1_anchor","atx_v2_000002","Black Oystercatcher","core_species","checklist_reporting","active_minus_pre14",TRUE,,,,,,,,,,217200,TRUE,"failed_insufficient_support","placebo_offset_m180__fixed_49_species__checklist_reporting__active_minus_pre14","placebo_offset_m180",-180,20260727
"post_stage4a_staged_refit_v1_s1_anchor","s1_anchor","atx_1328b44be502","Black Scoter","core_species","checklist_reporting","active_minus_pre14",TRUE,,,,,,,,,,217178,TRUE,"failed_insufficient_support","placebo_offset_m180__fixed_49_species__checklist_reporting__active_minus_pre14","placebo_offset_m180",-180,20260727
"post_stage4a_staged_refit_v1_s1_anchor","s1_anchor","atx_15dd5efcd8d6","Black Turnstone","core_species","checklist_reporting","active_minus_pre14",TRUE,,,,,,,,,,217200,TRUE,"failed_insufficient_support","placebo_offset_m180__fixed_49_species__checklist_reporting__active_minus_pre14","placebo_offset_m180",-180,20260727
"post_stage4a_staged_refit_v1_s1_anchor","s1_anchor","atx_fadb8da1a816","Bonaparte's Gull","core_species","checklist_reporting","active_minus_pre14",TRUE,,,,,,,,,,217200,TRUE,"failed_insufficient_support","placebo_offset_m180__fixed_49_species__checklist_reporting__active_minus_pre14","placebo_offset_m180",-180,20260727
"post_stage4a_staged_refit_v1_s1_anchor","s1_anchor","atx_98ca0000b734","Brandt's Cormorant","core_species","checklist_reporting","active_minus_pre14",TRUE,,,,,,,,,,217200,TRUE,"failed_insufficient_support","placebo_offset_m180__fixed_49_species__checklist_reporting__active_minus_pre14","placebo_offset_m180",-180,20260727
"post_stage4a_staged_refit_v1_s1_anchor","s1_anchor","atx_59441ff7abde","Brant","core_species","checklist_reporting","active_minus_pre14",TRUE,,,,,,,,,,217200,TRUE,"failed_insufficient_support","placebo_offset_m180__fixed_49_species__checklist_reporting__active_minus_pre14","placebo_offset_m180",-180,20260727
"post_stage4a_staged_refit_v1_s1_anchor","s1_anchor","atx_99238953638b","Bufflehead","core_species","checklist_reporting","active_minus_pre14",TRUE,,,,,,,,,,217200,TRUE,"failed_insufficient_support","placebo_offset_m180__fixed_49_species__checklist_reporting__active_minus_pre14","placebo_offset_m180",-180,20260727
"post_stage4a_staged_refit_v1_s1_anchor","s1_anchor","atx_c12b832d2b03","California Gull","core_species","checklist_reporting","active_minus_pre14",TRUE,,,,,,,,,,217200,TRUE,"failed_insufficient_support","placebo_offset_m180__fixed_49_species__checklist_reporting__active_minus_pre14","placebo_offset_m180",-180,20260727
"post_stage4a_staged_refit_v1_s1_anchor","s1_anchor","atx_b3d3ea90f9cb","Canada Goose","core_species","checklist_reporting","active_minus_pre14",TRUE,,,,,,,,,,217083,TRUE,"failed_insufficient_support","placebo_offset_m180__fixed_49_species__checklist_reporting__active_minus_pre14","placebo_offset_m180",-180,20260727
"post_stage4a_staged_refit_v1_s1_anchor","s1_anchor","atx_82312e6f2848","Common Goldeneye","core_species","checklist_reporting","active_minus_pre14",TRUE,,,,,,,,,,216892,TRUE,"failed_insufficient_support","placebo_offset_m180__fixed_49_species__checklist_reporting__active_minus_pre14","placebo_offset_m180",-180,20260727
"post_stage4a_staged_refit_v1_s1_anchor","s1_anchor","atx_9ae1aa9b7fdf","Common Loon","core_species","checklist_reporting","active_minus_pre14",TRUE,,,,,,,,,,217199,TRUE,"failed_insufficient_support","placebo_offset_m180__fixed_49_species__checklist_reporting__active_minus_pre14","placebo_offset_m180",-180,20260727
"post_stage4a_staged_refit_v1_s1_anchor","s1_anchor","atx_35518e24dfdd","Common Merganser","core_species","checklist_reporting","active_minus_pre14",TRUE,,,,,,,,,,217093,TRUE,"failed_insufficient_support","placebo_offset_m180__fixed_49_species__checklist_reporting__active_minus_pre14","placebo_offset_m180",-180,20260727
"post_stage4a_staged_refit_v1_s1_anchor","s1_anchor","atx_136b0e66254b","Common Murre","core_species","checklist_reporting","active_minus_pre14",TRUE,,,,,,,,,,217200,TRUE,"failed_insufficient_support","placebo_offset_m180__fixed_49_species__checklist_reporting__active_minus_pre14","placebo_offset_m180",-180,20260727
"post_stage4a_staged_refit_v1_s1_anchor","s1_anchor","atx_v2_000007","Common Raven","core_species","checklist_reporting","active_minus_pre14",TRUE,,,,,,,,,,217200,TRUE,"failed_insufficient_support","placebo_offset_m180__fixed_49_species__checklist_reporting__active_minus_pre14","placebo_offset_m180",-180,20260727
"post_stage4a_staged_refit_v1_s1_anchor","s1_anchor","atx_a444854c6b66","Double-crested Cormorant","core_species","checklist_reporting","active_minus_pre14",TRUE,,,,,,,,,,217200,TRUE,"failed_insufficient_support","placebo_offset_m180__fixed_49_species__checklist_reporting__active_minus_pre14","placebo_offset_m180",-180,20260727
"post_stage4a_staged_refit_v1_s1_anchor","s1_anchor","atx_v2_000003","Dunlin","core_species","checklist_reporting","active_minus_pre14",TRUE,,,,,,,,,,217200,TRUE,"failed_insufficient_support","placebo_offset_m180__fixed_49_species__checklist_reporting__active_minus_pre14","placebo_offset_m180",-180,20260727
"post_stage4a_staged_refit_v1_s1_anchor","s1_anchor","atx_725074cbfcb6","Glaucous-winged Gull","core_species","checklist_reporting","active_minus_pre14",TRUE,,,,,,,,,,217037,TRUE,"failed_insufficient_support","placebo_offset_m180__fixed_49_species__checklist_reporting__active_minus_pre14","placebo_offset_m180",-180,20260727
"post_stage4a_staged_refit_v1_s1_anchor","s1_anchor","atx_v2_000011","Glaucous Gull","core_species","checklist_reporting","active_minus_pre14",TRUE,,,,,,,,,,217200,TRUE,"failed_insufficient_support","placebo_offset_m180__fixed_49_species__checklist_reporting__active_minus_pre14","placebo_offset_m180",-180,20260727
"post_stage4a_staged_refit_v1_s1_anchor","s1_anchor","atx_7b80ddaff058","Great Blue Heron","core_species","checklist_reporting","active_minus_pre14",TRUE,,,,,,,,,,217200,TRUE,"failed_insufficient_support","placebo_offset_m180__fixed_49_species__checklist_reporting__active_minus_pre14","placebo_offset_m180",-180,20260727
"post_stage4a_staged_refit_v1_s1_anchor","s1_anchor","atx_4ae57d328ec6","Greater Scaup","core_species","checklist_reporting","active_minus_pre14",TRUE,,,,,,,,,,216227,TRUE,"failed_insufficient_support","placebo_offset_m180__fixed_49_species__checklist_reporting__active_minus_pre14","placebo_offset_m180",-180,20260727
"post_stage4a_staged_refit_v1_s1_anchor","s1_anchor","atx_87b306550dba","Harlequin Duck","core_species","checklist_reporting","active_minus_pre14",TRUE,,,,,,,,,,217200,TRUE,"failed_insufficient_support","placebo_offset_m180__fixed_49_species__checklist_reporting__active_minus_pre14","placebo_offset_m180",-180,20260727
"post_stage4a_staged_refit_v1_s1_anchor","s1_anchor","atx_04afbeb21fb0","Hooded Merganser","core_species","checklist_reporting","active_minus_pre14",TRUE,,,,,,,,,,217200,TRUE,"failed_insufficient_support","placebo_offset_m180__fixed_49_species__checklist_reporting__active_minus_pre14","placebo_offset_m180",-180,20260727
"post_stage4a_staged_refit_v1_s1_anchor","s1_anchor","atx_6b4cfd1ab927","Horned Grebe","core_species","checklist_reporting","active_minus_pre14",TRUE,,,,,,,,,,217142,TRUE,"failed_insufficient_support","placebo_offset_m180__fixed_49_species__checklist_reporting__active_minus_pre14","placebo_offset_m180",-180,20260727
"post_stage4a_staged_refit_v1_s1_anchor","s1_anchor","atx_aa5353f6d6d2","Iceland Gull","core_species","checklist_reporting","active_minus_pre14",TRUE,,,,,,,,,,217184,TRUE,"failed_insufficient_support","placebo_offset_m180__fixed_49_species__checklist_reporting__active_minus_pre14","placebo_offset_m180",-180,20260727
"post_stage4a_staged_refit_v1_s1_anchor","s1_anchor","atx_d002764a39e8","Lesser Scaup","core_species","checklist_reporting","active_minus_pre14",TRUE,,,,,,,,,,216290,TRUE,"failed_insufficient_support","placebo_offset_m180__fixed_49_species__checklist_reporting__active_minus_pre14","placebo_offset_m180",-180,20260727
"post_stage4a_staged_refit_v1_s1_anchor","s1_anchor","atx_40f730f5ad72","Long-tailed Duck","core_species","checklist_reporting","active_minus_pre14",TRUE,,,,,,,,,,217200,TRUE,"failed_insufficient_support","placebo_offset_m180__fixed_49_species__checklist_reporting__active_minus_pre14","placebo_offset_m180",-180,20260727
"post_stage4a_staged_refit_v1_s1_anchor","s1_anchor","atx_815c98107028","Mallard","core_species","checklist_reporting","active_minus_pre14",TRUE,,,,,,,,,,217200,TRUE,"failed_insufficient_support","placebo_offset_m180__fixed_49_species__checklist_reporting__active_minus_pre14","placebo_offset_m180",-180,20260727
"post_stage4a_staged_refit_v1_s1_anchor","s1_anchor","atx_acf526bb8010","Marbled Murrelet","core_species","checklist_reporting","active_minus_pre14",TRUE,,,,,,,,,,217200,TRUE,"failed_insufficient_support","placebo_offset_m180__fixed_49_species__checklist_reporting__active_minus_pre14","placebo_offset_m180",-180,20260727
"post_stage4a_staged_refit_v1_s1_anchor","s1_anchor","atx_7d980a7c8c37","Northern Pintail","core_species","checklist_reporting","active_minus_pre14",TRUE,,,,,,,,,,217200,TRUE,"failed_insufficient_support","placebo_offset_m180__fixed_49_species__checklist_reporting__active_minus_pre14","placebo_offset_m180",-180,20260727
"post_stage4a_staged_refit_v1_s1_anchor","s1_anchor","atx_c34f23342a55","Pacific Loon","core_species","checklist_reporting","active_minus_pre14",TRUE,,,,,,,,,,217200,TRUE,"failed_insufficient_support","placebo_offset_m180__fixed_49_species__checklist_reporting__active_minus_pre14","placebo_offset_m180",-180,20260727
"post_stage4a_staged_refit_v1_s1_anchor","s1_anchor","atx_35707a9578d5","Pelagic Cormorant","core_species","checklist_reporting","active_minus_pre14",TRUE,,,,,,,,,,217200,TRUE,"failed_insufficient_support","placebo_offset_m180__fixed_49_species__checklist_reporting__active_minus_pre14","placebo_offset_m180",-180,20260727
"post_stage4a_staged_refit_v1_s1_anchor","s1_anchor","atx_8608f2ed61cf","Pigeon Guillemot","core_species","checklist_reporting","active_minus_pre14",TRUE,,,,,,,,,,217200,TRUE,"failed_insufficient_support","placebo_offset_m180__fixed_49_species__checklist_reporting__active_minus_pre14","placebo_offset_m180",-180,20260727
"post_stage4a_staged_refit_v1_s1_anchor","s1_anchor","atx_c2d1fbbaf6d3","Red-breasted Merganser","core_species","checklist_reporting","active_minus_pre14",TRUE,,,,,,,,,,217092,TRUE,"failed_insufficient_support","placebo_offset_m180__fixed_49_species__checklist_reporting__active_minus_pre14","placebo_offset_m180",-180,20260727
"post_stage4a_staged_refit_v1_s1_anchor","s1_anchor","atx_86eda7ed9025","Red-necked Grebe","core_species","checklist_reporting","active_minus_pre14",TRUE,,,,,,,,,,217200,TRUE,"failed_insufficient_support","placebo_offset_m180__fixed_49_species__checklist_reporting__active_minus_pre14","placebo_offset_m180",-180,20260727
"post_stage4a_staged_refit_v1_s1_anchor","s1_anchor","atx_04cf65098f13","Red-throated Loon","core_species","checklist_reporting","active_minus_pre14",TRUE,,,,,,,,,,217200,TRUE,"failed_insufficient_support","placebo_offset_m180__fixed_49_species__checklist_reporting__active_minus_pre14","placebo_offset_m180",-180,20260727
"post_stage4a_staged_refit_v1_s1_anchor","s1_anchor","atx_6cbe5bbd310c","Rhinoceros Auklet","core_species","checklist_reporting","active_minus_pre14",TRUE,,,,,,,,,,217200,TRUE,"failed_insufficient_support","placebo_offset_m180__fixed_49_species__checklist_reporting__active_minus_pre14","placebo_offset_m180",-180,20260727
"post_stage4a_staged_refit_v1_s1_anchor","s1_anchor","atx_08bb40b40c0a","Ring-billed Gull","core_species","checklist_reporting","active_minus_pre14",TRUE,,,,,,,,,,217200,TRUE,"failed_insufficient_support","placebo_offset_m180__fixed_49_species__checklist_reporting__active_minus_pre14","placebo_offset_m180",-180,20260727
"post_stage4a_staged_refit_v1_s1_anchor","s1_anchor","atx_e0e678a61ad7","Short-billed Gull","core_species","checklist_reporting","active_minus_pre14",TRUE,,,,,,,,,,217200,TRUE,"failed_insufficient_support","placebo_offset_m180__fixed_49_species__checklist_reporting__active_minus_pre14","placebo_offset_m180",-180,20260727
"post_stage4a_staged_refit_v1_s1_anchor","s1_anchor","atx_1930f23cc4f8","Surf Scoter","core_species","checklist_reporting","active_minus_pre14",TRUE,,,,,,,,,,217183,TRUE,"failed_insufficient_support","placebo_offset_m180__fixed_49_species__checklist_reporting__active_minus_pre14","placebo_offset_m180",-180,20260727
"post_stage4a_staged_refit_v1_s1_anchor","s1_anchor","atx_1812dd827ede","Surfbird","core_species","checklist_reporting","active_minus_pre14",TRUE,,,,,,,,,,217200,TRUE,"failed_insufficient_support","placebo_offset_m180__fixed_49_species__checklist_reporting__active_minus_pre14","placebo_offset_m180",-180,20260727
"post_stage4a_staged_refit_v1_s1_anchor","s1_anchor","atx_ebf17f77fb66","Western Grebe","core_species","checklist_reporting","active_minus_pre14",TRUE,,,,,,,,,,217186,TRUE,"failed_insufficient_support","placebo_offset_m180__fixed_49_species__checklist_reporting__active_minus_pre14","placebo_offset_m180",-180,20260727
"post_stage4a_staged_refit_v1_s1_anchor","s1_anchor","atx_5a9a3495d0ea","Western Gull","core_species","checklist_reporting","active_minus_pre14",TRUE,,,,,,,,,,216824,TRUE,"failed_insufficient_support","placebo_offset_m180__fixed_49_species__checklist_reporting__active_minus_pre14","placebo_offset_m180",-180,20260727
"post_stage4a_staged_refit_v1_s1_anchor","s1_anchor","atx_3083477933a8","White-winged Scoter","core_species","checklist_reporting","active_minus_pre14",TRUE,,,,,,,,,,217199,TRUE,"failed_insufficient_support","placebo_offset_m180__fixed_49_species__checklist_reporting__active_minus_pre14","placebo_offset_m180",-180,20260727
"post_stage4a_staged_refit_v1_s1_anchor","s1_anchor","atx_c9db024faf12","American Crow","core_species","conditional_positive_numeric_count","active_minus_pre14",TRUE,,,,,,,,,,112180,TRUE,"failed_insufficient_support","placebo_offset_m180__fixed_49_species__conditional_positive_numeric_count__active_minus_pre14","placebo_offset_m180",-180,20260727
"post_stage4a_staged_refit_v1_s1_anchor","s1_anchor","atx_7571c026ae99","American Herring Gull","core_species","conditional_positive_numeric_count","active_minus_pre14",TRUE,,,,,,,,,,1851,TRUE,"failed_insufficient_support","placebo_offset_m180__fixed_49_species__conditional_positive_numeric_count__active_minus_pre14","placebo_offset_m180",-180,20260727
"post_stage4a_staged_refit_v1_s1_anchor","s1_anchor","atx_a113baee5693","American Wigeon","core_species","conditional_positive_numeric_count","active_minus_pre14",TRUE,,,,,,,,,,34665,TRUE,"failed_insufficient_support","placebo_offset_m180__fixed_49_species__conditional_positive_numeric_count__active_minus_pre14","placebo_offset_m180",-180,20260727
"post_stage4a_staged_refit_v1_s1_anchor","s1_anchor","atx_fc0a9b777dcd","Bald Eagle","core_species","conditional_positive_numeric_count","active_minus_pre14",TRUE,,,,,,,,,,83359,TRUE,"failed_insufficient_support","placebo_offset_m180__fixed_49_species__conditional_positive_numeric_count__active_minus_pre14","placebo_offset_m180",-180,20260727
"post_stage4a_staged_refit_v1_s1_anchor","s1_anchor","atx_d7dd9536145c","Barrow's Goldeneye","core_species","conditional_positive_numeric_count","active_minus_pre14",TRUE,,,,,,,,,,10960,TRUE,"failed_insufficient_support","placebo_offset_m180__fixed_49_species__conditional_positive_numeric_count__active_minus_pre14","placebo_offset_m180",-180,20260727
"post_stage4a_staged_refit_v1_s1_anchor","s1_anchor","atx_v2_000006","Black-bellied Plover","core_species","conditional_positive_numeric_count","active_minus_pre14",TRUE,,,,,,,,,,3973,TRUE,"failed_insufficient_support","placebo_offset_m180__fixed_49_species__conditional_positive_numeric_count__active_minus_pre14","placebo_offset_m180",-180,20260727
"post_stage4a_staged_refit_v1_s1_anchor","s1_anchor","atx_v2_000002","Black Oystercatcher","core_species","conditional_positive_numeric_count","active_minus_pre14",TRUE,,,,,,,,,,13626,TRUE,"failed_insufficient_support","placebo_offset_m180__fixed_49_species__conditional_positive_numeric_count__active_minus_pre14","placebo_offset_m180",-180,20260727
"post_stage4a_staged_refit_v1_s1_anchor","s1_anchor","atx_1328b44be502","Black Scoter","core_species","conditional_positive_numeric_count","active_minus_pre14",TRUE,,,,,,,,,,1684,TRUE,"failed_insufficient_support","placebo_offset_m180__fixed_49_species__conditional_positive_numeric_count__active_minus_pre14","placebo_offset_m180",-180,20260727
"post_stage4a_staged_refit_v1_s1_anchor","s1_anchor","atx_15dd5efcd8d6","Black Turnstone","core_species","conditional_positive_numeric_count","active_minus_pre14",TRUE,,,,,,,,,,4421,TRUE,"failed_insufficient_support","placebo_offset_m180__fixed_49_species__conditional_positive_numeric_count__active_minus_pre14","placebo_offset_m180",-180,20260727
"post_stage4a_staged_refit_v1_s1_anchor","s1_anchor","atx_fadb8da1a816","Bonaparte's Gull","core_species","conditional_positive_numeric_count","active_minus_pre14",TRUE,,,,,,,,,,4025,TRUE,"failed_insufficient_support","placebo_offset_m180__fixed_49_species__conditional_positive_numeric_count__active_minus_pre14","placebo_offset_m180",-180,20260727
"post_stage4a_staged_refit_v1_s1_anchor","s1_anchor","atx_98ca0000b734","Brandt's Cormorant","core_species","conditional_positive_numeric_count","active_minus_pre14",TRUE,,,,,,,,,,2573,TRUE,"failed_insufficient_support","placebo_offset_m180__fixed_49_species__conditional_positive_numeric_count__active_minus_pre14","placebo_offset_m180",-180,20260727
"post_stage4a_staged_refit_v1_s1_anchor","s1_anchor","atx_59441ff7abde","Brant","core_species","conditional_positive_numeric_count","active_minus_pre14",TRUE,,,,,,,,,,3796,TRUE,"failed_insufficient_support","placebo_offset_m180__fixed_49_species__conditional_positive_numeric_count__active_minus_pre14","placebo_offset_m180",-180,20260727
"post_stage4a_staged_refit_v1_s1_anchor","s1_anchor","atx_99238953638b","Bufflehead","core_species","conditional_positive_numeric_count","active_minus_pre14",TRUE,,,,,,,,,,50039,TRUE,"failed_insufficient_support","placebo_offset_m180__fixed_49_species__conditional_positive_numeric_count__active_minus_pre14","placebo_offset_m180",-180,20260727
"post_stage4a_staged_refit_v1_s1_anchor","s1_anchor","atx_c12b832d2b03","California Gull","core_species","conditional_positive_numeric_count","active_minus_pre14",TRUE,,,,,,,,,,6644,TRUE,"failed_insufficient_support","placebo_offset_m180__fixed_49_species__conditional_positive_numeric_count__active_minus_pre14","placebo_offset_m180",-180,20260727
"post_stage4a_staged_refit_v1_s1_anchor","s1_anchor","atx_b3d3ea90f9cb","Canada Goose","core_species","conditional_positive_numeric_count","active_minus_pre14",TRUE,,,,,,,,,,68271,TRUE,"failed_insufficient_support","placebo_offset_m180__fixed_49_species__conditional_positive_numeric_count__active_minus_pre14","placebo_offset_m180",-180,20260727
"post_stage4a_staged_refit_v1_s1_anchor","s1_anchor","atx_82312e6f2848","Common Goldeneye","core_species","conditional_positive_numeric_count","active_minus_pre14",TRUE,,,,,,,,,,21195,TRUE,"failed_insufficient_support","placebo_offset_m180__fixed_49_species__conditional_positive_numeric_count__active_minus_pre14","placebo_offset_m180",-180,20260727
"post_stage4a_staged_refit_v1_s1_anchor","s1_anchor","atx_9ae1aa9b7fdf","Common Loon","core_species","conditional_positive_numeric_count","active_minus_pre14",TRUE,,,,,,,,,,15359,TRUE,"failed_insufficient_support","placebo_offset_m180__fixed_49_species__conditional_positive_numeric_count__active_minus_pre14","placebo_offset_m180",-180,20260727
"post_stage4a_staged_refit_v1_s1_anchor","s1_anchor","atx_35518e24dfdd","Common Merganser","core_species","conditional_positive_numeric_count","active_minus_pre14",TRUE,,,,,,,,,,27776,TRUE,"failed_insufficient_support","placebo_offset_m180__fixed_49_species__conditional_positive_numeric_count__active_minus_pre14","placebo_offset_m180",-180,20260727
"post_stage4a_staged_refit_v1_s1_anchor","s1_anchor","atx_136b0e66254b","Common Murre","core_species","conditional_positive_numeric_count","active_minus_pre14",TRUE,,,,,,,,,,2023,TRUE,"failed_insufficient_support","placebo_offset_m180__fixed_49_species__conditional_positive_numeric_count__active_minus_pre14","placebo_offset_m180",-180,20260727
"post_stage4a_staged_refit_v1_s1_anchor","s1_anchor","atx_v2_000007","Common Raven","core_species","conditional_positive_numeric_count","active_minus_pre14",TRUE,,,,,,,,,,60940,TRUE,"failed_insufficient_support","placebo_offset_m180__fixed_49_species__conditional_positive_numeric_count__active_minus_pre14","placebo_offset_m180",-180,20260727
"post_stage4a_staged_refit_v1_s1_anchor","s1_anchor","atx_a444854c6b66","Double-crested Cormorant","core_species","conditional_positive_numeric_count","active_minus_pre14",TRUE,,,,,,,,,,29011,TRUE,"failed_insufficient_support","placebo_offset_m180__fixed_49_species__conditional_positive_numeric_count__active_minus_pre14","placebo_offset_m180",-180,20260727
"post_stage4a_staged_refit_v1_s1_anchor","s1_anchor","atx_v2_000003","Dunlin","core_species","conditional_positive_numeric_count","active_minus_pre14",TRUE,,,,,,,,,,5908,TRUE,"failed_insufficient_support","placebo_offset_m180__fixed_49_species__conditional_positive_numeric_count__active_minus_pre14","placebo_offset_m180",-180,20260727
"post_stage4a_staged_refit_v1_s1_anchor","s1_anchor","atx_725074cbfcb6","Glaucous-winged Gull","core_species","conditional_positive_numeric_count","active_minus_pre14",TRUE,,,,,,,,,,85053,TRUE,"failed_insufficient_support","placebo_offset_m180__fixed_49_species__conditional_positive_numeric_count__active_minus_pre14","placebo_offset_m180",-180,20260727
"post_stage4a_staged_refit_v1_s1_anchor","s1_anchor","atx_v2_000011","Glaucous Gull","core_species","conditional_positive_numeric_count","active_minus_pre14",TRUE,,,,,,,,,,185,TRUE,"failed_insufficient_support","placebo_offset_m180__fixed_49_species__conditional_positive_numeric_count__active_minus_pre14","placebo_offset_m180",-180,20260727
"post_stage4a_staged_refit_v1_s1_anchor","s1_anchor","atx_7b80ddaff058","Great Blue Heron","core_species","conditional_positive_numeric_count","active_minus_pre14",TRUE,,,,,,,,,,50285,TRUE,"failed_insufficient_support","placebo_offset_m180__fixed_49_species__conditional_positive_numeric_count__active_minus_pre14","placebo_offset_m180",-180,20260727
"post_stage4a_staged_refit_v1_s1_anchor","s1_anchor","atx_4ae57d328ec6","Greater Scaup","core_species","conditional_positive_numeric_count","active_minus_pre14",TRUE,,,,,,,,,,4514,TRUE,"failed_insufficient_support","placebo_offset_m180__fixed_49_species__conditional_positive_numeric_count__active_minus_pre14","placebo_offset_m180",-180,20260727
"post_stage4a_staged_refit_v1_s1_anchor","s1_anchor","atx_87b306550dba","Harlequin Duck","core_species","conditional_positive_numeric_count","active_minus_pre14",TRUE,,,,,,,,,,12030,TRUE,"failed_insufficient_support","placebo_offset_m180__fixed_49_species__conditional_positive_numeric_count__active_minus_pre14","placebo_offset_m180",-180,20260727
"post_stage4a_staged_refit_v1_s1_anchor","s1_anchor","atx_04afbeb21fb0","Hooded Merganser","core_species","conditional_positive_numeric_count","active_minus_pre14",TRUE,,,,,,,,,,20340,TRUE,"failed_insufficient_support","placebo_offset_m180__fixed_49_species__conditional_positive_numeric_count__active_minus_pre14","placebo_offset_m180",-180,20260727
"post_stage4a_staged_refit_v1_s1_anchor","s1_anchor","atx_6b4cfd1ab927","Horned Grebe","core_species","conditional_positive_numeric_count","active_minus_pre14",TRUE,,,,,,,,,,13054,TRUE,"failed_insufficient_support","placebo_offset_m180__fixed_49_species__conditional_positive_numeric_count__active_minus_pre14","placebo_offset_m180",-180,20260727
"post_stage4a_staged_refit_v1_s1_anchor","s1_anchor","atx_aa5353f6d6d2","Iceland Gull","core_species","conditional_positive_numeric_count","active_minus_pre14",TRUE,,,,,,,,,,4317,TRUE,"failed_insufficient_support","placebo_offset_m180__fixed_49_species__conditional_positive_numeric_count__active_minus_pre14","placebo_offset_m180",-180,20260727
"post_stage4a_staged_refit_v1_s1_anchor","s1_anchor","atx_d002764a39e8","Lesser Scaup","core_species","conditional_positive_numeric_count","active_minus_pre14",TRUE,,,,,,,,,,9378,TRUE,"failed_insufficient_support","placebo_offset_m180__fixed_49_species__conditional_positive_numeric_count__active_minus_pre14","placebo_offset_m180",-180,20260727
"post_stage4a_staged_refit_v1_s1_anchor","s1_anchor","atx_40f730f5ad72","Long-tailed Duck","core_species","conditional_positive_numeric_count","active_minus_pre14",TRUE,,,,,,,,,,2946,TRUE,"failed_insufficient_support","placebo_offset_m180__fixed_49_species__conditional_positive_numeric_count__active_minus_pre14","placebo_offset_m180",-180,20260727
"post_stage4a_staged_refit_v1_s1_anchor","s1_anchor","atx_815c98107028","Mallard","core_species","conditional_positive_numeric_count","active_minus_pre14",TRUE,,,,,,,,,,81526,TRUE,"failed_insufficient_support","placebo_offset_m180__fixed_49_species__conditional_positive_numeric_count__active_minus_pre14","placebo_offset_m180",-180,20260727
"post_stage4a_staged_refit_v1_s1_anchor","s1_anchor","atx_acf526bb8010","Marbled Murrelet","core_species","conditional_positive_numeric_count","active_minus_pre14",TRUE,,,,,,,,,,3103,TRUE,"failed_insufficient_support","placebo_offset_m180__fixed_49_species__conditional_positive_numeric_count__active_minus_pre14","placebo_offset_m180",-180,20260727
"post_stage4a_staged_refit_v1_s1_anchor","s1_anchor","atx_7d980a7c8c37","Northern Pintail","core_species","conditional_positive_numeric_count","active_minus_pre14",TRUE,,,,,,,,,,14278,TRUE,"failed_insufficient_support","placebo_offset_m180__fixed_49_species__conditional_positive_numeric_count__active_minus_pre14","placebo_offset_m180",-180,20260727
"post_stage4a_staged_refit_v1_s1_anchor","s1_anchor","atx_c34f23342a55","Pacific Loon","core_species","conditional_positive_numeric_count","active_minus_pre14",TRUE,,,,,,,,,,6049,TRUE,"failed_insufficient_support","placebo_offset_m180__fixed_49_species__conditional_positive_numeric_count__active_minus_pre14","placebo_offset_m180",-180,20260727
"post_stage4a_staged_refit_v1_s1_anchor","s1_anchor","atx_35707a9578d5","Pelagic Cormorant","core_species","conditional_positive_numeric_count","active_minus_pre14",TRUE,,,,,,,,,,18881,TRUE,"failed_insufficient_support","placebo_offset_m180__fixed_49_species__conditional_positive_numeric_count__active_minus_pre14","placebo_offset_m180",-180,20260727
"post_stage4a_staged_refit_v1_s1_anchor","s1_anchor","atx_8608f2ed61cf","Pigeon Guillemot","core_species","conditional_positive_numeric_count","active_minus_pre14",TRUE,,,,,,,,,,6342,TRUE,"failed_insufficient_support","placebo_offset_m180__fixed_49_species__conditional_positive_numeric_count__active_minus_pre14","placebo_offset_m180",-180,20260727
"post_stage4a_staged_refit_v1_s1_anchor","s1_anchor","atx_c2d1fbbaf6d3","Red-breasted Merganser","core_species","conditional_positive_numeric_count","active_minus_pre14",TRUE,,,,,,,,,,13364,TRUE,"failed_insufficient_support","placebo_offset_m180__fixed_49_species__conditional_positive_numeric_count__active_minus_pre14","placebo_offset_m180",-180,20260727
"post_stage4a_staged_refit_v1_s1_anchor","s1_anchor","atx_86eda7ed9025","Red-necked Grebe","core_species","conditional_positive_numeric_count","active_minus_pre14",TRUE,,,,,,,,,,8109,TRUE,"failed_insufficient_support","placebo_offset_m180__fixed_49_species__conditional_positive_numeric_count__active_minus_pre14","placebo_offset_m180",-180,20260727
"post_stage4a_staged_refit_v1_s1_anchor","s1_anchor","atx_04cf65098f13","Red-throated Loon","core_species","conditional_positive_numeric_count","active_minus_pre14",TRUE,,,,,,,,,,1488,TRUE,"failed_insufficient_support","placebo_offset_m180__fixed_49_species__conditional_positive_numeric_count__active_minus_pre14","placebo_offset_m180",-180,20260727
"post_stage4a_staged_refit_v1_s1_anchor","s1_anchor","atx_6cbe5bbd310c","Rhinoceros Auklet","core_species","conditional_positive_numeric_count","active_minus_pre14",TRUE,,,,,,,,,,1816,TRUE,"failed_insufficient_support","placebo_offset_m180__fixed_49_species__conditional_positive_numeric_count__active_minus_pre14","placebo_offset_m180",-180,20260727
"post_stage4a_staged_refit_v1_s1_anchor","s1_anchor","atx_08bb40b40c0a","Ring-billed Gull","core_species","conditional_positive_numeric_count","active_minus_pre14",TRUE,,,,,,,,,,4549,TRUE,"failed_insufficient_support","placebo_offset_m180__fixed_49_species__conditional_positive_numeric_count__active_minus_pre14","placebo_offset_m180",-180,20260727
"post_stage4a_staged_refit_v1_s1_anchor","s1_anchor","atx_e0e678a61ad7","Short-billed Gull","core_species","conditional_positive_numeric_count","active_minus_pre14",TRUE,,,,,,,,,,22003,TRUE,"failed_insufficient_support","placebo_offset_m180__fixed_49_species__conditional_positive_numeric_count__active_minus_pre14","placebo_offset_m180",-180,20260727
"post_stage4a_staged_refit_v1_s1_anchor","s1_anchor","atx_1930f23cc4f8","Surf Scoter","core_species","conditional_positive_numeric_count","active_minus_pre14",TRUE,,,,,,,,,,16632,TRUE,"failed_insufficient_support","placebo_offset_m180__fixed_49_species__conditional_positive_numeric_count__active_minus_pre14","placebo_offset_m180",-180,20260727
"post_stage4a_staged_refit_v1_s1_anchor","s1_anchor","atx_1812dd827ede","Surfbird","core_species","conditional_positive_numeric_count","active_minus_pre14",TRUE,,,,,,,,,,1063,TRUE,"failed_insufficient_support","placebo_offset_m180__fixed_49_species__conditional_positive_numeric_count__active_minus_pre14","placebo_offset_m180",-180,20260727
"post_stage4a_staged_refit_v1_s1_anchor","s1_anchor","atx_ebf17f77fb66","Western Grebe","core_species","conditional_positive_numeric_count","active_minus_pre14",TRUE,,,,,,,,,,1346,TRUE,"failed_insufficient_support","placebo_offset_m180__fixed_49_species__conditional_positive_numeric_count__active_minus_pre14","placebo_offset_m180",-180,20260727
"post_stage4a_staged_refit_v1_s1_anchor","s1_anchor","atx_5a9a3495d0ea","Western Gull","core_species","conditional_positive_numeric_count","active_minus_pre14",TRUE,,,,,,,,,,712,TRUE,"failed_insufficient_support","placebo_offset_m180__fixed_49_species__conditional_positive_numeric_count__active_minus_pre14","placebo_offset_m180",-180,20260727
"post_stage4a_staged_refit_v1_s1_anchor","s1_anchor","atx_3083477933a8","White-winged Scoter","core_species","conditional_positive_numeric_count","active_minus_pre14",TRUE,,,,,,,,,,4706,TRUE,"failed_insufficient_support","placebo_offset_m180__fixed_49_species__conditional_positive_numeric_count__active_minus_pre14","placebo_offset_m180",-180,20260727
"post_stage4a_staged_refit_v1_s1_anchor","s1_anchor","atx_c9db024faf12","American Crow","core_species","checklist_reporting","active_minus_pre14",TRUE,-0.0887984870726329,0.121040503658052,-0.326033514913003,0.148436540767737,0.915029945360097,0.721780996599033,1.16001918151197,0.463176576629719,0.959845365453503,217200,TRUE,"completed","placebo_offset_m90__fixed_49_species__checklist_reporting__active_minus_pre14","placebo_offset_m90",-90,20260727
"post_stage4a_staged_refit_v1_s1_anchor","s1_anchor","atx_7571c026ae99","American Herring Gull","core_species","checklist_reporting","active_minus_pre14",TRUE,-0.616446442689014,0.578009841081734,-1.74932491391893,0.516432028540906,0.53985945452981,0.173891295427807,1.67603691678875,0.28619850164197,0.735735059413397,217179,TRUE,"completed","placebo_offset_m90__fixed_49_species__checklist_reporting__active_minus_pre14","placebo_offset_m90",-90,20260727
"post_stage4a_staged_refit_v1_s1_anchor","s1_anchor","atx_a113baee5693","American Wigeon","core_species","checklist_reporting","active_minus_pre14",TRUE,0.235881850142849,0.152761807681842,-0.0635257911267945,0.535289491412493,1.26602472069017,0.938449915307785,1.70794260541111,0.122560394013637,0.600545930666824,217190,TRUE,"completed","placebo_offset_m90__fixed_49_species__checklist_reporting__active_minus_pre14","placebo_offset_m90",-90,20260727
"post_stage4a_staged_refit_v1_s1_anchor","s1_anchor","atx_fc0a9b777dcd","Bald Eagle","core_species","checklist_reporting","active_minus_pre14",TRUE,0.126599017958713,0.121187154041916,-0.110923439352349,0.364121475269776,1.1349618272157,0.89500726864218,1.43924903670453,0.296181490180335,0.735735059413397,217199,TRUE,"completed","placebo_offset_m90__fixed_49_species__checklist_reporting__active_minus_pre14","placebo_offset_m90",-90,20260727
"post_stage4a_staged_refit_v1_s1_anchor","s1_anchor","atx_d7dd9536145c","Barrow's Goldeneye","core_species","checklist_reporting","active_minus_pre14",TRUE,0.215318281227692,0.185710698475221,-0.148667999327519,0.579304561782903,1.24025658454029,0.861855203912738,1.78479678316276,0.246281555106543,0.735735059413397,216814,TRUE,"completed","placebo_offset_m90__fixed_49_species__checklist_reporting__active_minus_pre14","placebo_offset_m90",-90,20260727
"post_stage4a_staged_refit_v1_s1_anchor","s1_anchor","atx_v2_000006","Black-bellied Plover","core_species","checklist_reporting","active_minus_pre14",TRUE,-0.08479844267416,0.740896367254705,-1.53692863876994,1.36733175342162,0.91869743593995,0.215040555422675,3.92486420593406,0.908878027222539,0.999878370392554,217200,TRUE,"completed","placebo_offset_m90__fixed_49_species__checklist_reporting__active_minus_pre14","placebo_offset_m90",-90,20260727
"post_stage4a_staged_refit_v1_s1_anchor","s1_anchor","atx_v2_000002","Black Oystercatcher","core_species","checklist_reporting","active_minus_pre14",TRUE,-0.331737656726283,0.316087375245558,-0.951257528175374,0.287782214722808,0.717675575519902,0.386254991384495,1.33346686304724,0.293942297471192,0.735735059413397,217200,TRUE,"completed","placebo_offset_m90__fixed_49_species__checklist_reporting__active_minus_pre14","placebo_offset_m90",-90,20260727
"post_stage4a_staged_refit_v1_s1_anchor","s1_anchor","atx_1328b44be502","Black Scoter","core_species","checklist_reporting","active_minus_pre14",TRUE,8.71275125513655,412.273887683791,-799.329220371404,816.754722881678,6079.94698370327,0,Inf,0.98313923708634,0.999878370392554,217178,TRUE,"completed","placebo_offset_m90__fixed_49_species__checklist_reporting__active_minus_pre14","placebo_offset_m90",-90,20260727
"post_stage4a_staged_refit_v1_s1_anchor","s1_anchor","atx_15dd5efcd8d6","Black Turnstone","core_species","checklist_reporting","active_minus_pre14",TRUE,14.126873994386,834.586485591753,-1621.63257974931,1649.88632773808,1365285.32544282,0,Inf,0.986495016849803,0.999878370392554,217200,TRUE,"completed","placebo_offset_m90__fixed_49_species__checklist_reporting__active_minus_pre14","placebo_offset_m90",-90,20260727
"post_stage4a_staged_refit_v1_s1_anchor","s1_anchor","atx_fadb8da1a816","Bonaparte's Gull","core_species","checklist_reporting","active_minus_pre14",TRUE,1.78404359413354,0.63161619224079,0.546098605289261,3.02198858297781,5.95388289514052,1.72650408739233,20.5320808609192,0.00473442350717088,0.231986751851373,217200,TRUE,"completed","placebo_offset_m90__fixed_49_species__checklist_reporting__active_minus_pre14","placebo_offset_m90",-90,20260727
"post_stage4a_staged_refit_v1_s1_anchor","s1_anchor","atx_98ca0000b734","Brandt's Cormorant","core_species","checklist_reporting","active_minus_pre14",TRUE,0.0179661271260938,0.626908361261519,-1.21075168255351,1.2466839368057,1.01812848886778,0.297973213961038,3.47878792883619,0.9771371154462,0.999878370392554,217200,TRUE,"completed","placebo_offset_m90__fixed_49_species__checklist_reporting__active_minus_pre14","placebo_offset_m90",-90,20260727
"post_stage4a_staged_refit_v1_s1_anchor","s1_anchor","atx_59441ff7abde","Brant","core_species","checklist_reporting","active_minus_pre14",TRUE,5.93870653493706,693.867561105104,-1354.01672327171,1365.89413634159,379.44381466903,0,Inf,0.993171111216951,0.999878370392554,217200,TRUE,"completed","placebo_offset_m90__fixed_49_species__checklist_reporting__active_minus_pre14","placebo_offset_m90",-90,20260727
"post_stage4a_staged_refit_v1_s1_anchor","s1_anchor","atx_99238953638b","Bufflehead","core_species","checklist_reporting","active_minus_pre14",TRUE,-0.109908138115381,0.152170380410604,-0.408156603233924,0.188340327003162,0.895916432088414,0.664874749133223,1.20724430328035,0.47012834226294,0.959845365453503,217200,TRUE,"completed","placebo_offset_m90__fixed_49_species__checklist_reporting__active_minus_pre14","placebo_offset_m90",-90,20260727
"post_stage4a_staged_refit_v1_s1_anchor","s1_anchor","atx_c12b832d2b03","California Gull","core_species","checklist_reporting","active_minus_pre14",TRUE,0.126191918376574,0.34322055511271,-0.546508008398181,0.79889184515133,1.13449987876599,0.578968036035671,2.22307605050713,0.713119275872991,0.999878370392554,217200,TRUE,"completed","placebo_offset_m90__fixed_49_species__checklist_reporting__active_minus_pre14","placebo_offset_m90",-90,20260727
"post_stage4a_staged_refit_v1_s1_anchor","s1_anchor","atx_b3d3ea90f9cb","Canada Goose","core_species","checklist_reporting","active_minus_pre14",TRUE,-0.150334161844927,0.145139585115293,-0.434802521401986,0.134134197712133,0.860420408709468,0.647392500618812,1.14354627064127,0.300300024250366,0.735735059413397,217083,TRUE,"completed","placebo_offset_m90__fixed_49_species__checklist_reporting__active_minus_pre14","placebo_offset_m90",-90,20260727
"post_stage4a_staged_refit_v1_s1_anchor","s1_anchor","atx_82312e6f2848","Common Goldeneye","core_species","checklist_reporting","active_minus_pre14",TRUE,-0.109510719137774,0.159183516527287,-0.421504678463693,0.202483240188145,0.896272557041596,0.656058919038543,1.22443956357323,0.491482611039269,0.963305917636968,216892,TRUE,"completed","placebo_offset_m90__fixed_49_species__checklist_reporting__active_minus_pre14","placebo_offset_m90",-90,20260727
"post_stage4a_staged_refit_v1_s1_anchor","s1_anchor","atx_9ae1aa9b7fdf","Common Loon","core_species","checklist_reporting","active_minus_pre14",TRUE,0.214847020317155,0.224126316052818,-0.22443248713401,0.654126527768321,1.23967223779366,0.798969515600954,1.92346169302897,0.337761340966578,0.788109795588681,217199,TRUE,"completed","placebo_offset_m90__fixed_49_species__checklist_reporting__active_minus_pre14","placebo_offset_m90",-90,20260727
"post_stage4a_staged_refit_v1_s1_anchor","s1_anchor","atx_35518e24dfdd","Common Merganser","core_species","checklist_reporting","active_minus_pre14",TRUE,-0.00955112530992444,0.170975288729797,-0.344656533466663,0.325554282846814,0.990494341818199,0.708463645236342,1.38479800307407,0.955451259819723,0.999878370392554,217093,TRUE,"completed","placebo_offset_m90__fixed_49_species__checklist_reporting__active_minus_pre14","placebo_offset_m90",-90,20260727
"post_stage4a_staged_refit_v1_s1_anchor","s1_anchor","atx_136b0e66254b","Common Murre","core_species","checklist_reporting","active_minus_pre14",TRUE,0.509750765750237,0.817827088653505,-1.09316087359188,2.11266240509235,1.66487619906202,0.335155433692343,8.27023070360718,0.533088087584087,0.999878370392554,217200,TRUE,"completed","placebo_offset_m90__fixed_49_species__checklist_reporting__active_minus_pre14","placebo_offset_m90",-90,20260727
"post_stage4a_staged_refit_v1_s1_anchor","s1_anchor","atx_v2_000007","Common Raven","core_species","checklist_reporting","active_minus_pre14",TRUE,0.229664444114767,0.134038488216526,-0.0330461653318196,0.492375053561354,1.25817775013883,0.967493893881392,1.63619766590329,0.0866350009700534,0.530639380941577,217200,TRUE,"completed","placebo_offset_m90__fixed_49_species__checklist_reporting__active_minus_pre14","placebo_offset_m90",-90,20260727
"post_stage4a_staged_refit_v1_s1_anchor","s1_anchor","atx_a444854c6b66","Double-crested Cormorant","core_species","checklist_reporting","active_minus_pre14",TRUE,-0.302874784545072,0.156078396606515,-0.608782820658601,0.00303325156845663,0.7386915861828,0.544012627184918,1.00303785653082,0.0523153324593668,0.530639380941577,217200,TRUE,"completed","placebo_offset_m90__fixed_49_species__checklist_reporting__active_minus_pre14","placebo_offset_m90",-90,20260727
"post_stage4a_staged_refit_v1_s1_anchor","s1_anchor","atx_v2_000003","Dunlin","core_species","checklist_reporting","active_minus_pre14",TRUE,0.719493230345795,0.54906204227182,-0.356648597784981,1.79563505847657,2.05339234999671,0.70001844255057,6.02329865433571,0.190059118711805,0.637528205164393,217200,TRUE,"completed","placebo_offset_m90__fixed_49_species__checklist_reporting__active_minus_pre14","placebo_offset_m90",-90,20260727
"post_stage4a_staged_refit_v1_s1_anchor","s1_anchor","atx_725074cbfcb6","Glaucous-winged Gull","core_species","checklist_reporting","active_minus_pre14",TRUE,0.0692185633627049,0.122179892413664,-0.170249625403055,0.308686752128465,1.07167041144223,0.843454242709886,1.36163577418365,0.571033606812465,0.999878370392554,217037,TRUE,"completed","placebo_offset_m90__fixed_49_species__checklist_reporting__active_minus_pre14","placebo_offset_m90",-90,20260727
"post_stage4a_staged_refit_v1_s1_anchor","s1_anchor","atx_v2_000011","Glaucous Gull","core_species","checklist_reporting","active_minus_pre14",TRUE,-11.8088178947035,77465.2951764364,-151840.997415474,151817.379779685,7.43867441735635e-06,0,Inf,0.999878370392554,0.999878370392554,217200,TRUE,"completed","placebo_offset_m90__fixed_49_species__checklist_reporting__active_minus_pre14","placebo_offset_m90",-90,20260727
"post_stage4a_staged_refit_v1_s1_anchor","s1_anchor","atx_7b80ddaff058","Great Blue Heron","core_species","checklist_reporting","active_minus_pre14",TRUE,-0.236235261383312,0.1470243534029,-0.524397698903284,0.0519271761366607,0.789594890893585,0.591911766131354,1.05329903441537,0.108103426888854,0.588563101950425,217200,TRUE,"completed","placebo_offset_m90__fixed_49_species__checklist_reporting__active_minus_pre14","placebo_offset_m90",-90,20260727
"post_stage4a_staged_refit_v1_s1_anchor","s1_anchor","atx_4ae57d328ec6","Greater Scaup","core_species","checklist_reporting","active_minus_pre14",TRUE,-0.182857720934752,0.325159489728318,-0.820158610033678,0.454443168164173,0.832886649641258,0.440361803166154,1.57529596382568,0.573868607920025,0.999878370392554,216227,TRUE,"completed","placebo_offset_m90__fixed_49_species__checklist_reporting__active_minus_pre14","placebo_offset_m90",-90,20260727
"post_stage4a_staged_refit_v1_s1_anchor","s1_anchor","atx_87b306550dba","Harlequin Duck","core_species","checklist_reporting","active_minus_pre14",TRUE,-0.288971616892893,0.356725419593189,-0.988140591665482,0.410197357879696,0.749033464998025,0.372268246561062,1.50711519682332,0.417901465686677,0.930780537211234,217200,TRUE,"completed","placebo_offset_m90__fixed_49_species__checklist_reporting__active_minus_pre14","placebo_offset_m90",-90,20260727
"post_stage4a_staged_refit_v1_s1_anchor","s1_anchor","atx_04afbeb21fb0","Hooded Merganser","core_species","checklist_reporting","active_minus_pre14",TRUE,-0.246124241368584,0.172585145138009,-0.584384910105699,0.0921364273685308,0.78182508387272,0.557448637405925,1.09651440645191,0.153838532471698,0.628174007592766,217200,TRUE,"completed","placebo_offset_m90__fixed_49_species__checklist_reporting__active_minus_pre14","placebo_offset_m90",-90,20260727
"post_stage4a_staged_refit_v1_s1_anchor","s1_anchor","atx_6b4cfd1ab927","Horned Grebe","core_species","checklist_reporting","active_minus_pre14",TRUE,-0.0559868703475836,0.189988391533703,-0.428357275234336,0.316383534539169,0.945551550572097,0.65157858031824,1.37215642409949,0.768233955133973,0.999878370392554,217142,TRUE,"completed","placebo_offset_m90__fixed_49_species__checklist_reporting__active_minus_pre14","placebo_offset_m90",-90,20260727
"post_stage4a_staged_refit_v1_s1_anchor","s1_anchor","atx_aa5353f6d6d2","Iceland Gull","core_species","checklist_reporting","active_minus_pre14",TRUE,-0.460328143984557,0.345434864954219,-1.13736803829928,0.21671175033017,0.631076527560216,0.320661881934103,1.24198604846741,0.182661543539259,0.637528205164393,217184,TRUE,"completed","placebo_offset_m90__fixed_49_species__checklist_reporting__active_minus_pre14","placebo_offset_m90",-90,20260727
"post_stage4a_staged_refit_v1_s1_anchor","s1_anchor","atx_d002764a39e8","Lesser Scaup","core_species","checklist_reporting","active_minus_pre14",TRUE,0.156735269597201,0.318706049259786,-0.467917108607027,0.78138764780143,1.16968592148508,0.626305436836034,2.18450148194799,0.622870420592358,0.999878370392554,216290,TRUE,"completed","placebo_offset_m90__fixed_49_species__checklist_reporting__active_minus_pre14","placebo_offset_m90",-90,20260727
"post_stage4a_staged_refit_v1_s1_anchor","s1_anchor","atx_40f730f5ad72","Long-tailed Duck","core_species","checklist_reporting","active_minus_pre14",TRUE,-0.458124932901133,0.353638892390405,-1.15124442551896,0.234994559716697,0.632468455152324,0.316242983572367,1.26490188728956,0.195161695458488,0.637528205164393,217200,TRUE,"completed","placebo_offset_m90__fixed_49_species__checklist_reporting__active_minus_pre14","placebo_offset_m90",-90,20260727
"post_stage4a_staged_refit_v1_s1_anchor","s1_anchor","atx_815c98107028","Mallard","core_species","checklist_reporting","active_minus_pre14",TRUE,0.0352489766990515,0.158410398811563,-0.275229699748239,0.345727653146342,1.03587758607758,0.759397669736222,1.41301773247557,0.823911588362138,0.999878370392554,217200,TRUE,"completed","placebo_offset_m90__fixed_49_species__checklist_reporting__active_minus_pre14","placebo_offset_m90",-90,20260727
"post_stage4a_staged_refit_v1_s1_anchor","s1_anchor","atx_acf526bb8010","Marbled Murrelet","core_species","checklist_reporting","active_minus_pre14",TRUE,0.0221127643698566,0.614132906437286,-1.18156561396813,1.22579114270784,1.0223590636462,0.306798035112106,3.40686032958984,0.971277191809727,0.999878370392554,217200,TRUE,"completed","placebo_offset_m90__fixed_49_species__checklist_reporting__active_minus_pre14","placebo_offset_m90",-90,20260727
"post_stage4a_staged_refit_v1_s1_anchor","s1_anchor","atx_7d980a7c8c37","Northern Pintail","core_species","checklist_reporting","active_minus_pre14",TRUE,0.481827160375816,0.330165620848975,-0.165285565421482,1.12893988617311,1.61902992859306,0.847651609533498,3.09237649076446,0.144468832215803,0.628174007592766,217200,TRUE,"completed","placebo_offset_m90__fixed_49_species__checklist_reporting__active_minus_pre14","placebo_offset_m90",-90,20260727
"post_stage4a_staged_refit_v1_s1_anchor","s1_anchor","atx_c34f23342a55","Pacific Loon","core_species","checklist_reporting","active_minus_pre14",TRUE,-0.0313680611577665,0.739902346585142,-1.48155001254132,1.41881389022578,0.969118812433068,0.227285120424909,4.13221627027703,0.966183920663991,0.999878370392554,217200,TRUE,"completed","placebo_offset_m90__fixed_49_species__checklist_reporting__active_minus_pre14","placebo_offset_m90",-90,20260727
"post_stage4a_staged_refit_v1_s1_anchor","s1_anchor","atx_35707a9578d5","Pelagic Cormorant","core_species","checklist_reporting","active_minus_pre14",TRUE,-0.0322174225195512,0.194860285269698,-0.414136563665361,0.349701718626258,0.96829602982815,0.660910688716633,1.41864433029764,0.868679515147408,0.999878370392554,217200,TRUE,"completed","placebo_offset_m90__fixed_49_species__checklist_reporting__active_minus_pre14","placebo_offset_m90",-90,20260727
"post_stage4a_staged_refit_v1_s1_anchor","s1_anchor","atx_8608f2ed61cf","Pigeon Guillemot","core_species","checklist_reporting","active_minus_pre14",TRUE,3.24436195849759,2223.85640619134,-4355.4341009652,4361.9228248822,25.6453420464783,0,Inf,0.998835974575121,0.999878370392554,217200,TRUE,"completed","placebo_offset_m90__fixed_49_species__checklist_reporting__active_minus_pre14","placebo_offset_m90",-90,20260727
"post_stage4a_staged_refit_v1_s1_anchor","s1_anchor","atx_c2d1fbbaf6d3","Red-breasted Merganser","core_species","checklist_reporting","active_minus_pre14",TRUE,-0.416974015834518,0.237068225592262,-0.881619199874167,0.0476711682051318,0.65903804427524,0.41411183869045,1.04882571137213,0.0785982832824776,0.530639380941577,217092,TRUE,"completed","placebo_offset_m90__fixed_49_species__checklist_reporting__active_minus_pre14","placebo_offset_m90",-90,20260727
"post_stage4a_staged_refit_v1_s1_anchor","s1_anchor","atx_86eda7ed9025","Red-necked Grebe","core_species","checklist_reporting","active_minus_pre14",TRUE,0.825506245142684,0.414458439510254,0.0131826306139128,1.63782985967146,2.28303624883721,1.0132699045673,5.14399420135796,0.0463962041696298,0.530639380941577,217200,TRUE,"completed","placebo_offset_m90__fixed_49_species__checklist_reporting__active_minus_pre14","placebo_offset_m90",-90,20260727
"post_stage4a_staged_refit_v1_s1_anchor","s1_anchor","atx_04cf65098f13","Red-throated Loon","core_species","checklist_reporting","active_minus_pre14",TRUE,-1.01865105920441,0.4960257215695,-1.99084360888612,-0.0464585095226944,0.361081689622848,0.136580156597674,0.954604166730841,0.0400119543401239,0.530639380941577,217200,TRUE,"completed","placebo_offset_m90__fixed_49_species__checklist_reporting__active_minus_pre14","placebo_offset_m90",-90,20260727
"post_stage4a_staged_refit_v1_s1_anchor","s1_anchor","atx_6cbe5bbd310c","Rhinoceros Auklet","core_species","checklist_reporting","active_minus_pre14",TRUE,10.4180917078281,3580.35509430673,-7006.94894499788,7027.78512841354,33459.5226391992,0,Inf,0.997678324474058,0.999878370392554,217200,TRUE,"completed","placebo_offset_m90__fixed_49_species__checklist_reporting__active_minus_pre14","placebo_offset_m90",-90,20260727
"post_stage4a_staged_refit_v1_s1_anchor","s1_anchor","atx_08bb40b40c0a","Ring-billed Gull","core_species","checklist_reporting","active_minus_pre14",TRUE,0.0577930391947314,0.210659545905768,-0.355092083780135,0.470678162169598,1.05949569893512,0.701108879480073,1.60107961675577,0.783820796582101,0.999878370392554,217200,TRUE,"completed","placebo_offset_m90__fixed_49_species__checklist_reporting__active_minus_pre14","placebo_offset_m90",-90,20260727
"post_stage4a_staged_refit_v1_s1_anchor","s1_anchor","atx_e0e678a61ad7","Short-billed Gull","core_species","checklist_reporting","active_minus_pre14",TRUE,-0.0226335657074955,0.166468437617443,-0.348905708000337,0.303638576585346,0.97762065187864,0.705459646334673,1.35477931862627,0.891850447790062,0.999878370392554,217200,TRUE,"completed","placebo_offset_m90__fixed_49_species__checklist_reporting__active_minus_pre14","placebo_offset_m90",-90,20260727
"post_stage4a_staged_refit_v1_s1_anchor","s1_anchor","atx_1930f23cc4f8","Surf Scoter","core_species","checklist_reporting","active_minus_pre14",TRUE,-0.0629389259840574,0.198863425800432,-0.452704078395157,0.326826226427042,0.939000820488996,0.635906284194281,1.38656050867022,0.751628170510262,0.999878370392554,217183,TRUE,"completed","placebo_offset_m90__fixed_49_species__checklist_reporting__active_minus_pre14","placebo_offset_m90",-90,20260727
"post_stage4a_staged_refit_v1_s1_anchor","s1_anchor","atx_1812dd827ede","Surfbird","core_species","checklist_reporting","active_minus_pre14",TRUE,15.7807953164811,2654.12797018625,-5186.21443660898,5217.77602724194,7136944.60658831,0,Inf,0.995256001634297,0.999878370392554,217200,TRUE,"completed","placebo_offset_m90__fixed_49_species__checklist_reporting__active_minus_pre14","placebo_offset_m90",-90,20260727
"post_stage4a_staged_refit_v1_s1_anchor","s1_anchor","atx_ebf17f77fb66","Western Grebe","core_species","checklist_reporting","active_minus_pre14",TRUE,-0.211826493703343,0.552808336885354,-1.29531092435212,0.871657936945436,0.809105070212718,0.273812716053453,2.39087148354398,0.701584434956252,0.999878370392554,217186,TRUE,"completed","placebo_offset_m90__fixed_49_species__checklist_reporting__active_minus_pre14","placebo_offset_m90",-90,20260727
"post_stage4a_staged_refit_v1_s1_anchor","s1_anchor","atx_5a9a3495d0ea","Western Gull","core_species","checklist_reporting","active_minus_pre14",TRUE,-1.80551368000381,0.940611857201701,-3.64907904355047,0.0380516835428606,0.164389991033662,0.0260150765021472,1.03878491957604,0.0549198469621359,0.530639380941577,216824,TRUE,"completed","placebo_offset_m90__fixed_49_species__checklist_reporting__active_minus_pre14","placebo_offset_m90",-90,20260727
"post_stage4a_staged_refit_v1_s1_anchor","s1_anchor","atx_3083477933a8","White-winged Scoter","core_species","checklist_reporting","active_minus_pre14",TRUE,0.92439373121411,0.529860993483458,-0.114114732826081,1.9629021952543,2.52033979372739,0.892155590477985,7.11996062530143,0.081055098788631,0.530639380941577,217199,TRUE,"completed","placebo_offset_m90__fixed_49_species__checklist_reporting__active_minus_pre14","placebo_offset_m90",-90,20260727
"post_stage4a_staged_refit_v1_s1_anchor","s1_anchor","atx_c9db024faf12","American Crow","core_species","conditional_positive_numeric_count","active_minus_pre14",TRUE,0.00303213902346457,0.0485013546638607,-0.0920287693191063,0.0980930473660354,1.0030367406067,0.912078909278444,1.10306541766527,0.950151455477032,0.999643704150596,112180,TRUE,"completed","placebo_offset_m90__fixed_49_species__conditional_positive_numeric_count__active_minus_pre14","placebo_offset_m90",-90,20260727
"post_stage4a_staged_refit_v1_s1_anchor","s1_anchor","atx_7571c026ae99","American Herring Gull","core_species","conditional_positive_numeric_count","active_minus_pre14",TRUE,,,,,,,,,,1851,TRUE,"failed_insufficient_support","placebo_offset_m90__fixed_49_species__conditional_positive_numeric_count__active_minus_pre14","placebo_offset_m90",-90,20260727
"post_stage4a_staged_refit_v1_s1_anchor","s1_anchor","atx_a113baee5693","American Wigeon","core_species","conditional_positive_numeric_count","active_minus_pre14",TRUE,-5.17927441544695e-05,0.115984032983254,-0.227376320173038,0.227272734684729,0.999948208597067,0.796620941345087,1.25517215024271,0.999643704150596,0.999643704150596,34665,TRUE,"completed","placebo_offset_m90__fixed_49_species__conditional_positive_numeric_count__active_minus_pre14","placebo_offset_m90",-90,20260727
"post_stage4a_staged_refit_v1_s1_anchor","s1_anchor","atx_fc0a9b777dcd","Bald Eagle","core_species","conditional_positive_numeric_count","active_minus_pre14",TRUE,-0.0158028697795182,0.048469196243296,-0.110800748775982,0.079195009216946,0.98432134041388,0.89511708433636,1.08241538246643,0.744394512483072,0.999643704150596,83359,TRUE,"completed","placebo_offset_m90__fixed_49_species__conditional_positive_numeric_count__active_minus_pre14","placebo_offset_m90",-90,20260727
"post_stage4a_staged_refit_v1_s1_anchor","s1_anchor","atx_d7dd9536145c","Barrow's Goldeneye","core_species","conditional_positive_numeric_count","active_minus_pre14",TRUE,-0.276178035535652,0.141264192497805,-0.553050765136483,0.000694694065179358,0.758677847119855,0.575192354169624,1.00069493542099,0.0505776067708328,0.610107992138555,10960,TRUE,"completed","placebo_offset_m90__fixed_49_species__conditional_positive_numeric_count__active_minus_pre14","placebo_offset_m90",-90,20260727
"post_stage4a_staged_refit_v1_s1_anchor","s1_anchor","atx_v2_000006","Black-bellied Plover","core_species","conditional_positive_numeric_count","active_minus_pre14",TRUE,,,,,,,,,,3973,TRUE,"failed_insufficient_support","placebo_offset_m90__fixed_49_species__conditional_positive_numeric_count__active_minus_pre14","placebo_offset_m90",-90,20260727
"post_stage4a_staged_refit_v1_s1_anchor","s1_anchor","atx_v2_000002","Black Oystercatcher","core_species","conditional_positive_numeric_count","active_minus_pre14",TRUE,,,,,,,,,,13626,TRUE,"failed_insufficient_support","placebo_offset_m90__fixed_49_species__conditional_positive_numeric_count__active_minus_pre14","placebo_offset_m90",-90,20260727
"post_stage4a_staged_refit_v1_s1_anchor","s1_anchor","atx_1328b44be502","Black Scoter","core_species","conditional_positive_numeric_count","active_minus_pre14",TRUE,,,,,,,,,,1684,TRUE,"failed_insufficient_support","placebo_offset_m90__fixed_49_species__conditional_positive_numeric_count__active_minus_pre14","placebo_offset_m90",-90,20260727
"post_stage4a_staged_refit_v1_s1_anchor","s1_anchor","atx_15dd5efcd8d6","Black Turnstone","core_species","conditional_positive_numeric_count","active_minus_pre14",TRUE,,,,,,,,,,4421,TRUE,"failed_insufficient_support","placebo_offset_m90__fixed_49_species__conditional_positive_numeric_count__active_minus_pre14","placebo_offset_m90",-90,20260727
"post_stage4a_staged_refit_v1_s1_anchor","s1_anchor","atx_fadb8da1a816","Bonaparte's Gull","core_species","conditional_positive_numeric_count","active_minus_pre14",TRUE,,,,,,,,,,4025,TRUE,"failed_insufficient_support","placebo_offset_m90__fixed_49_species__conditional_positive_numeric_count__active_minus_pre14","placebo_offset_m90",-90,20260727
"post_stage4a_staged_refit_v1_s1_anchor","s1_anchor","atx_98ca0000b734","Brandt's Cormorant","core_species","conditional_positive_numeric_count","active_minus_pre14",TRUE,,,,,,,,,,2573,TRUE,"failed_insufficient_support","placebo_offset_m90__fixed_49_species__conditional_positive_numeric_count__active_minus_pre14","placebo_offset_m90",-90,20260727
"post_stage4a_staged_refit_v1_s1_anchor","s1_anchor","atx_59441ff7abde","Brant","core_species","conditional_positive_numeric_count","active_minus_pre14",TRUE,,,,,,,,,,3796,TRUE,"failed_insufficient_support","placebo_offset_m90__fixed_49_species__conditional_positive_numeric_count__active_minus_pre14","placebo_offset_m90",-90,20260727
"post_stage4a_staged_refit_v1_s1_anchor","s1_anchor","atx_99238953638b","Bufflehead","core_species","conditional_positive_numeric_count","active_minus_pre14",TRUE,0.00567360042136714,0.0698209822204645,-0.131173010095955,0.142520210938689,1.00568972577408,0.877066019987623,1.15317638749911,0.935235783163932,0.999643704150596,50039,TRUE,"completed","placebo_offset_m90__fixed_49_species__conditional_positive_numeric_count__active_minus_pre14","placebo_offset_m90",-90,20260727
"post_stage4a_staged_refit_v1_s1_anchor","s1_anchor","atx_c12b832d2b03","California Gull","core_species","conditional_positive_numeric_count","active_minus_pre14",TRUE,,,,,,,,,,6644,TRUE,"failed_insufficient_support","placebo_offset_m90__fixed_49_species__conditional_positive_numeric_count__active_minus_pre14","placebo_offset_m90",-90,20260727
"post_stage4a_staged_refit_v1_s1_anchor","s1_anchor","atx_b3d3ea90f9cb","Canada Goose","core_species","conditional_positive_numeric_count","active_minus_pre14",TRUE,0.0325305732590733,0.10006679044495,-0.163596732061545,0.228657878579691,1.03306547683963,0.849084361348277,1.25691194894135,0.745114013285289,0.999643704150596,68271,TRUE,"completed","placebo_offset_m90__fixed_49_species__conditional_positive_numeric_count__active_minus_pre14","placebo_offset_m90",-90,20260727
"post_stage4a_staged_refit_v1_s1_anchor","s1_anchor","atx_82312e6f2848","Common Goldeneye","core_species","conditional_positive_numeric_count","active_minus_pre14",TRUE,-0.0167910662846939,0.0921831435204074,-0.197466707566379,0.163884574996992,0.983349117957847,0.820807466850949,1.17807832755019,0.855465805014021,0.999643704150596,21195,TRUE,"completed","placebo_offset_m90__fixed_49_species__conditional_positive_numeric_count__active_minus_pre14","placebo_offset_m90",-90,20260727
"post_stage4a_staged_refit_v1_s1_anchor","s1_anchor","atx_9ae1aa9b7fdf","Common Loon","core_species","conditional_positive_numeric_count","active_minus_pre14",TRUE,,,,,,,,,,15359,TRUE,"failed_insufficient_support","placebo_offset_m90__fixed_49_species__conditional_positive_numeric_count__active_minus_pre14","placebo_offset_m90",-90,20260727
"post_stage4a_staged_refit_v1_s1_anchor","s1_anchor","atx_35518e24dfdd","Common Merganser","core_species","conditional_positive_numeric_count","active_minus_pre14",TRUE,0.203361082952202,0.126204018813453,-0.0439942486263805,0.450716414530785,1.22551490090363,0.95695946128862,1.56943614969273,0.107099597026331,0.610107992138555,27776,TRUE,"completed","placebo_offset_m90__fixed_49_species__conditional_positive_numeric_count__active_minus_pre14","placebo_offset_m90",-90,20260727
"post_stage4a_staged_refit_v1_s1_anchor","s1_anchor","atx_136b0e66254b","Common Murre","core_species","conditional_positive_numeric_count","active_minus_pre14",TRUE,,,,,,,,,,2023,TRUE,"failed_insufficient_support","placebo_offset_m90__fixed_49_species__conditional_positive_numeric_count__active_minus_pre14","placebo_offset_m90",-90,20260727
"post_stage4a_staged_refit_v1_s1_anchor","s1_anchor","atx_v2_000007","Common Raven","core_species","conditional_positive_numeric_count","active_minus_pre14",TRUE,0.0137469910968657,0.0557630000979654,-0.0955464807650499,0.123040462958781,1.01384191545499,0.90887611541468,1.13093018080298,0.805275611414332,0.999643704150596,60940,TRUE,"completed","placebo_offset_m90__fixed_49_species__conditional_positive_numeric_count__active_minus_pre14","placebo_offset_m90",-90,20260727
"post_stage4a_staged_refit_v1_s1_anchor","s1_anchor","atx_a444854c6b66","Double-crested Cormorant","core_species","conditional_positive_numeric_count","active_minus_pre14",TRUE,0.00969348949826778,0.0940095568921348,-0.174561856212886,0.193948835209421,1.00974062354228,0.839824904234449,1.2140341655633,0.9178742832083,0.999643704150596,29011,TRUE,"completed","placebo_offset_m90__fixed_49_species__conditional_positive_numeric_count__active_minus_pre14","placebo_offset_m90",-90,20260727
"post_stage4a_staged_refit_v1_s1_anchor","s1_anchor","atx_v2_000003","Dunlin","core_species","conditional_positive_numeric_count","active_minus_pre14",TRUE,,,,,,,,,,5908,TRUE,"failed_insufficient_support","placebo_offset_m90__fixed_49_species__conditional_positive_numeric_count__active_minus_pre14","placebo_offset_m90",-90,20260727
"post_stage4a_staged_refit_v1_s1_anchor","s1_anchor","atx_725074cbfcb6","Glaucous-winged Gull","core_species","conditional_positive_numeric_count","active_minus_pre14",TRUE,0.0587740873754952,0.0631941751224693,-0.0650842198972618,0.182632394648252,1.06053562528861,0.936988546975123,1.20037306340327,0.352342372145383,0.999643704150596,85053,TRUE,"completed","placebo_offset_m90__fixed_49_species__conditional_positive_numeric_count__active_minus_pre14","placebo_offset_m90",-90,20260727
"post_stage4a_staged_refit_v1_s1_anchor","s1_anchor","atx_v2_000011","Glaucous Gull","core_species","conditional_positive_numeric_count","active_minus_pre14",TRUE,,,,,,,,,,185,TRUE,"failed_insufficient_support","placebo_offset_m90__fixed_49_species__conditional_positive_numeric_count__active_minus_pre14","placebo_offset_m90",-90,20260727
"post_stage4a_staged_refit_v1_s1_anchor","s1_anchor","atx_7b80ddaff058","Great Blue Heron","core_species","conditional_positive_numeric_count","active_minus_pre14",TRUE,0.112336049046662,0.0698271853019821,-0.0245227192870276,0.249194817380351,1.11888879898887,0.975775519742467,1.28299195785642,0.107666116259745,0.610107992138555,50285,TRUE,"completed","placebo_offset_m90__fixed_49_species__conditional_positive_numeric_count__active_minus_pre14","placebo_offset_m90",-90,20260727
"post_stage4a_staged_refit_v1_s1_anchor","s1_anchor","atx_4ae57d328ec6","Greater Scaup","core_species","conditional_positive_numeric_count","active_minus_pre14",TRUE,,,,,,,,,,4514,TRUE,"failed_insufficient_support","placebo_offset_m90__fixed_49_species__conditional_positive_numeric_count__active_minus_pre14","placebo_offset_m90",-90,20260727
"post_stage4a_staged_refit_v1_s1_anchor","s1_anchor","atx_87b306550dba","Harlequin Duck","core_species","conditional_positive_numeric_count","active_minus_pre14",TRUE,,,,,,,,,,12030,TRUE,"failed_insufficient_support","placebo_offset_m90__fixed_49_species__conditional_positive_numeric_count__active_minus_pre14","placebo_offset_m90",-90,20260727
"post_stage4a_staged_refit_v1_s1_anchor","s1_anchor","atx_04afbeb21fb0","Hooded Merganser","core_species","conditional_positive_numeric_count","active_minus_pre14",TRUE,0.0447216835027157,0.0928106589923623,-0.137183865503743,0.226627232509174,1.04573677360762,0.87180991562547,1.25436219533098,0.62990586718351,0.999643704150596,20340,TRUE,"completed","placebo_offset_m90__fixed_49_species__conditional_positive_numeric_count__active_minus_pre14","placebo_offset_m90",-90,20260727
"post_stage4a_staged_refit_v1_s1_anchor","s1_anchor","atx_6b4cfd1ab927","Horned Grebe","core_species","conditional_positive_numeric_count","active_minus_pre14",TRUE,0.0275283169643766,0.102913684770304,-0.174178798701727,0.229235432630481,1.02791072200644,0.84014666709498,1.25763809320254,0.789092395655642,0.999643704150596,13054,TRUE,"completed","placebo_offset_m90__fixed_49_species__conditional_positive_numeric_count__active_minus_pre14","placebo_offset_m90",-90,20260727
"post_stage4a_staged_refit_v1_s1_anchor","s1_anchor","atx_aa5353f6d6d2","Iceland Gull","core_species","conditional_positive_numeric_count","active_minus_pre14",TRUE,,,,,,,,,,4317,TRUE,"failed_insufficient_support","placebo_offset_m90__fixed_49_species__conditional_positive_numeric_count__active_minus_pre14","placebo_offset_m90",-90,20260727
"post_stage4a_staged_refit_v1_s1_anchor","s1_anchor","atx_d002764a39e8","Lesser Scaup","core_species","conditional_positive_numeric_count","active_minus_pre14",TRUE,,,,,,,,,,9378,TRUE,"failed_insufficient_support","placebo_offset_m90__fixed_49_species__conditional_positive_numeric_count__active_minus_pre14","placebo_offset_m90",-90,20260727
"post_stage4a_staged_refit_v1_s1_anchor","s1_anchor","atx_40f730f5ad72","Long-tailed Duck","core_species","conditional_positive_numeric_count","active_minus_pre14",TRUE,,,,,,,,,,2946,TRUE,"failed_insufficient_support","placebo_offset_m90__fixed_49_species__conditional_positive_numeric_count__active_minus_pre14","placebo_offset_m90",-90,20260727
"post_stage4a_staged_refit_v1_s1_anchor","s1_anchor","atx_815c98107028","Mallard","core_species","conditional_positive_numeric_count","active_minus_pre14",TRUE,0.00927393742920659,0.0837667677875062,-0.154905910535635,0.173453785394049,1.00931707363129,0.856495760919903,1.18940571758287,0.911845193415083,0.999643704150596,81526,TRUE,"completed","placebo_offset_m90__fixed_49_species__conditional_positive_numeric_count__active_minus_pre14","placebo_offset_m90",-90,20260727
"post_stage4a_staged_refit_v1_s1_anchor","s1_anchor","atx_acf526bb8010","Marbled Murrelet","core_species","conditional_positive_numeric_count","active_minus_pre14",TRUE,,,,,,,,,,3103,TRUE,"failed_insufficient_support","placebo_offset_m90__fixed_49_species__conditional_positive_numeric_count__active_minus_pre14","placebo_offset_m90",-90,20260727
"post_stage4a_staged_refit_v1_s1_anchor","s1_anchor","atx_7d980a7c8c37","Northern Pintail","core_species","conditional_positive_numeric_count","active_minus_pre14",TRUE,,,,,,,,,,14278,TRUE,"failed_insufficient_support","placebo_offset_m90__fixed_49_species__conditional_positive_numeric_count__active_minus_pre14","placebo_offset_m90",-90,20260727
"post_stage4a_staged_refit_v1_s1_anchor","s1_anchor","atx_c34f23342a55","Pacific Loon","core_species","conditional_positive_numeric_count","active_minus_pre14",TRUE,,,,,,,,,,6049,TRUE,"failed_insufficient_support","placebo_offset_m90__fixed_49_species__conditional_positive_numeric_count__active_minus_pre14","placebo_offset_m90",-90,20260727
"post_stage4a_staged_refit_v1_s1_anchor","s1_anchor","atx_35707a9578d5","Pelagic Cormorant","core_species","conditional_positive_numeric_count","active_minus_pre14",TRUE,0.00327329504958135,0.103457376402779,-0.19949943663487,0.206046026734032,1.00327865812987,0.819140682288091,1.22880976079378,0.974759886580096,0.999643704150596,18881,TRUE,"completed","placebo_offset_m90__fixed_49_species__conditional_positive_numeric_count__active_minus_pre14","placebo_offset_m90",-90,20260727
"post_stage4a_staged_refit_v1_s1_anchor","s1_anchor","atx_8608f2ed61cf","Pigeon Guillemot","core_species","conditional_positive_numeric_count","active_minus_pre14",TRUE,,,,,,,,,,6342,TRUE,"failed_insufficient_support","placebo_offset_m90__fixed_49_species__conditional_positive_numeric_count__active_minus_pre14","placebo_offset_m90",-90,20260727
"post_stage4a_staged_refit_v1_s1_anchor","s1_anchor","atx_c2d1fbbaf6d3","Red-breasted Merganser","core_species","conditional_positive_numeric_count","active_minus_pre14",TRUE,,,,,,,,,,13364,TRUE,"failed_insufficient_support","placebo_offset_m90__fixed_49_species__conditional_positive_numeric_count__active_minus_pre14","placebo_offset_m90",-90,20260727
"post_stage4a_staged_refit_v1_s1_anchor","s1_anchor","atx_86eda7ed9025","Red-necked Grebe","core_species","conditional_positive_numeric_count","active_minus_pre14",TRUE,,,,,,,,,,8109,TRUE,"failed_insufficient_support","placebo_offset_m90__fixed_49_species__conditional_positive_numeric_count__active_minus_pre14","placebo_offset_m90",-90,20260727
"post_stage4a_staged_refit_v1_s1_anchor","s1_anchor","atx_04cf65098f13","Red-throated Loon","core_species","conditional_positive_numeric_count","active_minus_pre14",TRUE,,,,,,,,,,1488,TRUE,"failed_insufficient_support","placebo_offset_m90__fixed_49_species__conditional_positive_numeric_count__active_minus_pre14","placebo_offset_m90",-90,20260727
"post_stage4a_staged_refit_v1_s1_anchor","s1_anchor","atx_6cbe5bbd310c","Rhinoceros Auklet","core_species","conditional_positive_numeric_count","active_minus_pre14",TRUE,,,,,,,,,,1816,TRUE,"failed_insufficient_support","placebo_offset_m90__fixed_49_species__conditional_positive_numeric_count__active_minus_pre14","placebo_offset_m90",-90,20260727
"post_stage4a_staged_refit_v1_s1_anchor","s1_anchor","atx_08bb40b40c0a","Ring-billed Gull","core_species","conditional_positive_numeric_count","active_minus_pre14",TRUE,,,,,,,,,,4549,TRUE,"failed_insufficient_support","placebo_offset_m90__fixed_49_species__conditional_positive_numeric_count__active_minus_pre14","placebo_offset_m90",-90,20260727
"post_stage4a_staged_refit_v1_s1_anchor","s1_anchor","atx_e0e678a61ad7","Short-billed Gull","core_species","conditional_positive_numeric_count","active_minus_pre14",TRUE,-0.0253523006169555,0.155522868528872,-0.330171521705903,0.279466920471992,0.974966370263143,0.718800432981408,1.32242466688758,0.870507939608137,0.999643704150596,22003,TRUE,"completed","placebo_offset_m90__fixed_49_species__conditional_positive_numeric_count__active_minus_pre14","placebo_offset_m90",-90,20260727
"post_stage4a_staged_refit_v1_s1_anchor","s1_anchor","atx_1930f23cc4f8","Surf Scoter","core_species","conditional_positive_numeric_count","active_minus_pre14",TRUE,,,,,,,,,,16632,TRUE,"failed_insufficient_support","placebo_offset_m90__fixed_49_species__conditional_positive_numeric_count__active_minus_pre14","placebo_offset_m90",-90,20260727
"post_stage4a_staged_refit_v1_s1_anchor","s1_anchor","atx_1812dd827ede","Surfbird","core_species","conditional_positive_numeric_count","active_minus_pre14",TRUE,,,,,,,,,,1063,TRUE,"failed_insufficient_support","placebo_offset_m90__fixed_49_species__conditional_positive_numeric_count__active_minus_pre14","placebo_offset_m90",-90,20260727
"post_stage4a_staged_refit_v1_s1_anchor","s1_anchor","atx_ebf17f77fb66","Western Grebe","core_species","conditional_positive_numeric_count","active_minus_pre14",TRUE,,,,,,,,,,1346,TRUE,"failed_insufficient_support","placebo_offset_m90__fixed_49_species__conditional_positive_numeric_count__active_minus_pre14","placebo_offset_m90",-90,20260727
"post_stage4a_staged_refit_v1_s1_anchor","s1_anchor","atx_5a9a3495d0ea","Western Gull","core_species","conditional_positive_numeric_count","active_minus_pre14",TRUE,,,,,,,,,,712,TRUE,"failed_insufficient_support","placebo_offset_m90__fixed_49_species__conditional_positive_numeric_count__active_minus_pre14","placebo_offset_m90",-90,20260727
"post_stage4a_staged_refit_v1_s1_anchor","s1_anchor","atx_3083477933a8","White-winged Scoter","core_species","conditional_positive_numeric_count","active_minus_pre14",TRUE,,,,,,,,,,4706,TRUE,"failed_insufficient_support","placebo_offset_m90__fixed_49_species__conditional_positive_numeric_count__active_minus_pre14","placebo_offset_m90",-90,20260727
"post_stage4a_staged_refit_v1_s1_anchor","s1_anchor","atx_c9db024faf12","American Crow","core_species","checklist_reporting","active_minus_pre14",TRUE,0.0336239956780667,0.0352351415358782,-0.0354356127224259,0.102683604078559,1.03419567156982,0.96518487785599,1.1081407423929,0.339944732289827,0.78130969325443,217200,TRUE,"completed","placebo_offset_p90__fixed_49_species__checklist_reporting__active_minus_pre14","placebo_offset_p90",90,20260727
"post_stage4a_staged_refit_v1_s1_anchor","s1_anchor","atx_7571c026ae99","American Herring Gull","core_species","checklist_reporting","active_minus_pre14",TRUE,-2.44377276772663,259.687820919206,-511.422548993058,506.535003457605,0.0868326333492268,7.79846363649511e-223,9.66845082033383e+219,0.99249167798296,0.999385272494094,217179,TRUE,"completed","placebo_offset_p90__fixed_49_species__checklist_reporting__active_minus_pre14","placebo_offset_p90",90,20260727
"post_stage4a_staged_refit_v1_s1_anchor","s1_anchor","atx_a113baee5693","American Wigeon","core_species","checklist_reporting","active_minus_pre14",TRUE,-0.121632626265765,0.104906237034196,-0.327245072606412,0.0839798200748811,0.885473608502774,0.720907046806848,1.08760694576065,0.246276341086033,0.623008935534845,217190,TRUE,"completed","placebo_offset_p90__fixed_49_species__checklist_reporting__active_minus_pre14","placebo_offset_p90",90,20260727
"post_stage4a_staged_refit_v1_s1_anchor","s1_anchor","atx_fc0a9b777dcd","Bald Eagle","core_species","checklist_reporting","active_minus_pre14",TRUE,0.00229027878059889,0.0338240557257186,-0.0640036522528853,0.0685842098140831,1.00229290347242,0.93800157370552,1.07099080909065,0.946015265667878,0.999385272494094,217199,TRUE,"completed","placebo_offset_p90__fixed_49_species__checklist_reporting__active_minus_pre14","placebo_offset_p90",90,20260727
"post_stage4a_staged_refit_v1_s1_anchor","s1_anchor","atx_d7dd9536145c","Barrow's Goldeneye","core_species","checklist_reporting","active_minus_pre14",TRUE,-0.356568089429753,0.277984126716498,-0.901406966067908,0.188270787208403,0.700074802152688,0.405998032249642,1.20716035467819,0.199599910517529,0.621272567520266,216814,TRUE,"completed","placebo_offset_p90__fixed_49_species__checklist_reporting__active_minus_pre14","placebo_offset_p90",90,20260727
"post_stage4a_staged_refit_v1_s1_anchor","s1_anchor","atx_v2_000006","Black-bellied Plover","core_species","checklist_reporting","active_minus_pre14",TRUE,0.9617998244119,0.795897083141859,-0.598129793946625,2.52172944277043,2.6164013011543,0.549838987317806,12.4501098077376,0.226875186035206,0.621272567520266,217200,TRUE,"completed","placebo_offset_p90__fixed_49_species__checklist_reporting__active_minus_pre14","placebo_offset_p90",90,20260727
"post_stage4a_staged_refit_v1_s1_anchor","s1_anchor","atx_v2_000002","Black Oystercatcher","core_species","checklist_reporting","active_minus_pre14",TRUE,0.0311074958008776,0.0877808338675774,-0.140939777112468,0.203154768714223,1.03159639020666,0.868541616206758,1.22526208581129,0.723056477905729,0.984160206038354,217200,TRUE,"completed","placebo_offset_p90__fixed_49_species__checklist_reporting__active_minus_pre14","placebo_offset_p90",90,20260727
"post_stage4a_staged_refit_v1_s1_anchor","s1_anchor","atx_1328b44be502","Black Scoter","core_species","checklist_reporting","active_minus_pre14",TRUE,-0.151045506112221,0.478926705870122,-1.08972460085207,0.787633588627625,0.859808571223613,0.33630910019391,2.19818844843431,0.752470611464618,0.99220534556362,217178,TRUE,"completed","placebo_offset_p90__fixed_49_species__checklist_reporting__active_minus_pre14","placebo_offset_p90",90,20260727
"post_stage4a_staged_refit_v1_s1_anchor","s1_anchor","atx_15dd5efcd8d6","Black Turnstone","core_species","checklist_reporting","active_minus_pre14",TRUE,1.49616279972883,1009.70413468248,-1977.48757621911,1980.47990181857,4.46452488409273,0,Inf,0.998817708355852,0.999385272494094,217200,TRUE,"completed","placebo_offset_p90__fixed_49_species__checklist_reporting__active_minus_pre14","placebo_offset_p90",90,20260727
"post_stage4a_staged_refit_v1_s1_anchor","s1_anchor","atx_fadb8da1a816","Bonaparte's Gull","core_species","checklist_reporting","active_minus_pre14",TRUE,-0.515592514461019,0.137629451963059,-0.7853412835206,-0.245843745401437,0.597146671738026,0.455964062208121,0.782044413414848,0.000179507170526317,0.00439792567789478,217200,TRUE,"completed","placebo_offset_p90__fixed_49_species__checklist_reporting__active_minus_pre14","placebo_offset_p90",90,20260727
"post_stage4a_staged_refit_v1_s1_anchor","s1_anchor","atx_98ca0000b734","Brandt's Cormorant","core_species","checklist_reporting","active_minus_pre14",TRUE,0.233729269358882,0.336651063429696,-0.426094690320432,0.893553229038196,1.26330243122954,0.653054501252873,2.44379761518939,0.48750817861411,0.823720715589359,217200,TRUE,"completed","placebo_offset_p90__fixed_49_species__checklist_reporting__active_minus_pre14","placebo_offset_p90",90,20260727
"post_stage4a_staged_refit_v1_s1_anchor","s1_anchor","atx_59441ff7abde","Brant","core_species","checklist_reporting","active_minus_pre14",TRUE,0.77066598495969,0.522916503580658,-0.254231528980009,1.79556349889939,2.16120510469973,0.775512227703881,6.02286764505237,0.140539753134626,0.604647936066514,217200,TRUE,"completed","placebo_offset_p90__fixed_49_species__checklist_reporting__active_minus_pre14","placebo_offset_p90",90,20260727
"post_stage4a_staged_refit_v1_s1_anchor","s1_anchor","atx_99238953638b","Bufflehead","core_species","checklist_reporting","active_minus_pre14",TRUE,-0.308630199365282,0.107484920941933,-0.519296773292605,-0.0979636254379586,0.734452320747737,0.594938777735557,0.906681883310525,0.00408682146549074,0.0667514172696821,217200,TRUE,"completed","placebo_offset_p90__fixed_49_species__checklist_reporting__active_minus_pre14","placebo_offset_p90",90,20260727
"post_stage4a_staged_refit_v1_s1_anchor","s1_anchor","atx_c12b832d2b03","California Gull","core_species","checklist_reporting","active_minus_pre14",TRUE,-0.101162498455387,0.118112180289929,-0.332658117959149,0.130333121048376,0.903786157098115,0.717015286906516,1.1392078142243,0.391724006433706,0.78130969325443,217200,TRUE,"completed","placebo_offset_p90__fixed_49_species__checklist_reporting__active_minus_pre14","placebo_offset_p90",90,20260727
"post_stage4a_staged_refit_v1_s1_anchor","s1_anchor","atx_b3d3ea90f9cb","Canada Goose","core_species","checklist_reporting","active_minus_pre14",TRUE,0.0190560569839196,0.0392748160487986,-0.0579211679711613,0.0960332819390006,1.01923878246806,0.943724340208897,1.10079569999966,0.627535994775692,0.929065046351298,217083,TRUE,"completed","placebo_offset_p90__fixed_49_species__checklist_reporting__active_minus_pre14","placebo_offset_p90",90,20260727
"post_stage4a_staged_refit_v1_s1_anchor","s1_anchor","atx_82312e6f2848","Common Goldeneye","core_species","checklist_reporting","active_minus_pre14",TRUE,0.00308095176427103,0.207619556525664,-0.403845901512208,0.410007805040751,1.00308570277412,0.66774701214586,1.50682954593297,0.988160298246757,0.999385272494094,216892,TRUE,"completed","placebo_offset_p90__fixed_49_species__checklist_reporting__active_minus_pre14","placebo_offset_p90",90,20260727
"post_stage4a_staged_refit_v1_s1_anchor","s1_anchor","atx_9ae1aa9b7fdf","Common Loon","core_species","checklist_reporting","active_minus_pre14",TRUE,0.00184084604415888,0.0934511315269352,-0.18132000606315,0.185001698151467,1.0018425414414,0.834168377041853,1.20322048337659,0.984283896510947,0.999385272494094,217199,TRUE,"completed","placebo_offset_p90__fixed_49_species__checklist_reporting__active_minus_pre14","placebo_offset_p90",90,20260727
"post_stage4a_staged_refit_v1_s1_anchor","s1_anchor","atx_35518e24dfdd","Common Merganser","core_species","checklist_reporting","active_minus_pre14",TRUE,-0.157198096620889,0.0757006736642301,-0.3055686906082,-0.0088275026335782,0.85453476160093,0.736704298425104,0.99121134537346,0.037840838640185,0.216818676012295,217093,TRUE,"completed","placebo_offset_p90__fixed_49_species__checklist_reporting__active_minus_pre14","placebo_offset_p90",90,20260727
"post_stage4a_staged_refit_v1_s1_anchor","s1_anchor","atx_136b0e66254b","Common Murre","core_species","checklist_reporting","active_minus_pre14",TRUE,0.306749714655045,0.269080430895299,-0.22063823884426,0.834137668154351,1.35900078752175,0.802006762710145,2.30282739043715,0.254289361442794,0.623008935534845,217200,TRUE,"completed","placebo_offset_p90__fixed_49_species__checklist_reporting__active_minus_pre14","placebo_offset_p90",90,20260727
"post_stage4a_staged_refit_v1_s1_anchor","s1_anchor","atx_v2_000007","Common Raven","core_species","checklist_reporting","active_minus_pre14",TRUE,-0.0906941571268838,0.0367149067629178,-0.162654052077949,-0.0187342621758189,0.913296993565303,0.8498851535662,0.9814401333585,0.0135027306108754,0.110272299988816,217200,TRUE,"completed","placebo_offset_p90__fixed_49_species__checklist_reporting__active_minus_pre14","placebo_offset_p90",90,20260727
"post_stage4a_staged_refit_v1_s1_anchor","s1_anchor","atx_a444854c6b66","Double-crested Cormorant","core_species","checklist_reporting","active_minus_pre14",TRUE,-0.0409117474282259,0.0623219218010141,-0.163060469605535,0.0812369747490835,0.959913841074913,0.849539815523826,1.08462789553782,0.511529242315767,0.835497762449086,217200,TRUE,"completed","placebo_offset_p90__fixed_49_species__checklist_reporting__active_minus_pre14","placebo_offset_p90",90,20260727
"post_stage4a_staged_refit_v1_s1_anchor","s1_anchor","atx_v2_000003","Dunlin","core_species","checklist_reporting","active_minus_pre14",TRUE,1.69845141593291,0.433297757161827,0.849203417313745,2.54769941455207,5.46547708419665,2.33778387185914,12.7776738121318,8.86132603872202e-05,0.00434204975897379,217200,TRUE,"completed","placebo_offset_p90__fixed_49_species__checklist_reporting__active_minus_pre14","placebo_offset_p90",90,20260727
"post_stage4a_staged_refit_v1_s1_anchor","s1_anchor","atx_725074cbfcb6","Glaucous-winged Gull","core_species","checklist_reporting","active_minus_pre14",TRUE,-0.00308424481678781,0.0446178267405103,-0.0905335782966362,0.0843650886630606,0.996920506580178,0.913443661503766,1.08802604728128,0.94488945172617,0.999385272494094,217037,TRUE,"completed","placebo_offset_p90__fixed_49_species__checklist_reporting__active_minus_pre14","placebo_offset_p90",90,20260727
"post_stage4a_staged_refit_v1_s1_anchor","s1_anchor","atx_v2_000011","Glaucous Gull","core_species","checklist_reporting","active_minus_pre14",TRUE,7.91613809553752,10274.7374764671,-20130.1992663839,20146.031542575,2741.16446283617,0,Inf,0.999385272494094,0.999385272494094,217200,TRUE,"completed","placebo_offset_p90__fixed_49_species__checklist_reporting__active_minus_pre14","placebo_offset_p90",90,20260727
"post_stage4a_staged_refit_v1_s1_anchor","s1_anchor","atx_7b80ddaff058","Great Blue Heron","core_species","checklist_reporting","active_minus_pre14",TRUE,-0.103151334457142,0.0393106726559446,-0.180198837070837,-0.0261038318434475,0.901990460915499,0.83510414523968,0.974233927852256,0.00869029452119426,0.0851648863077038,217200,TRUE,"completed","placebo_offset_p90__fixed_49_species__checklist_reporting__active_minus_pre14","placebo_offset_p90",90,20260727
"post_stage4a_staged_refit_v1_s1_anchor","s1_anchor","atx_4ae57d328ec6","Greater Scaup","core_species","checklist_reporting","active_minus_pre14",TRUE,0.166800796142075,0.211593899876368,-0.24791562696398,0.58151721924813,1.18151887874533,0.780425787393332,1.78875029936452,0.430517586078972,0.78130969325443,216227,TRUE,"completed","placebo_offset_p90__fixed_49_species__checklist_reporting__active_minus_pre14","placebo_offset_p90",90,20260727
"post_stage4a_staged_refit_v1_s1_anchor","s1_anchor","atx_87b306550dba","Harlequin Duck","core_species","checklist_reporting","active_minus_pre14",TRUE,0.259840694203986,0.144810428459938,-0.023982530163307,0.543663918571279,1.29672349464203,0.976302765458804,1.72230570377053,0.0727572099237647,0.356510328626447,217200,TRUE,"completed","placebo_offset_p90__fixed_49_species__checklist_reporting__active_minus_pre14","placebo_offset_p90",90,20260727
"post_stage4a_staged_refit_v1_s1_anchor","s1_anchor","atx_04afbeb21fb0","Hooded Merganser","core_species","checklist_reporting","active_minus_pre14",TRUE,-0.342626133924424,0.123752716452794,-0.585177001160898,-0.10007526668795,0.709903570814764,0.557007262154275,0.904769316483292,0.00562916148423138,0.0689572281818344,217200,TRUE,"completed","placebo_offset_p90__fixed_49_species__checklist_reporting__active_minus_pre14","placebo_offset_p90",90,20260727
"post_stage4a_staged_refit_v1_s1_anchor","s1_anchor","atx_6b4cfd1ab927","Horned Grebe","core_species","checklist_reporting","active_minus_pre14",TRUE,-0.671928497717847,0.290061669135344,-1.2404389225187,-0.103418072916999,0.510722699899255,0.28925722856053,0.901749897454339,0.0205308638865704,0.143716047205993,217142,TRUE,"completed","placebo_offset_p90__fixed_49_species__checklist_reporting__active_minus_pre14","placebo_offset_p90",90,20260727
"post_stage4a_staged_refit_v1_s1_anchor","s1_anchor","atx_aa5353f6d6d2","Iceland Gull","core_species","checklist_reporting","active_minus_pre14",TRUE,5.24127023747842,361.324303997823,-702.941352337257,713.423892812214,188.90991051518,5.20534571120423e-306,Inf,0.988426513515993,0.999385272494094,217184,TRUE,"completed","placebo_offset_p90__fixed_49_species__checklist_reporting__active_minus_pre14","placebo_offset_p90",90,20260727
"post_stage4a_staged_refit_v1_s1_anchor","s1_anchor","atx_d002764a39e8","Lesser Scaup","core_species","checklist_reporting","active_minus_pre14",TRUE,-0.141234605491154,0.16913128620563,-0.472725835113125,0.190256624130818,0.868285583234978,0.623300934984488,1.20955996010574,0.403684480616066,0.78130969325443,216290,TRUE,"completed","placebo_offset_p90__fixed_49_species__checklist_reporting__active_minus_pre14","placebo_offset_p90",90,20260727
"post_stage4a_staged_refit_v1_s1_anchor","s1_anchor","atx_40f730f5ad72","Long-tailed Duck","core_species","checklist_reporting","active_minus_pre14",TRUE,0.937298620046464,0.704027666492761,-0.442570250399124,2.31716749049205,2.55307526811202,0.64238321170595,10.1468923936153,0.183077897241656,0.621272567520266,217200,TRUE,"completed","placebo_offset_p90__fixed_49_species__checklist_reporting__active_minus_pre14","placebo_offset_p90",90,20260727
"post_stage4a_staged_refit_v1_s1_anchor","s1_anchor","atx_815c98107028","Mallard","core_species","checklist_reporting","active_minus_pre14",TRUE,0.111289360343609,0.0541403502726928,0.00517622369874811,0.217402496988471,1.11771828341257,1.00518964348926,1.24284424254327,0.0398238384512378,0.216818676012295,217200,TRUE,"completed","placebo_offset_p90__fixed_49_species__checklist_reporting__active_minus_pre14","placebo_offset_p90",90,20260727
"post_stage4a_staged_refit_v1_s1_anchor","s1_anchor","atx_acf526bb8010","Marbled Murrelet","core_species","checklist_reporting","active_minus_pre14",TRUE,-0.0444913375190281,0.121951926670389,-0.283512721638261,0.194530046600204,0.956483885581193,0.75313354098665,1.21473998114328,0.71524065949876,0.984160206038354,217200,TRUE,"completed","placebo_offset_p90__fixed_49_species__checklist_reporting__active_minus_pre14","placebo_offset_p90",90,20260727
"post_stage4a_staged_refit_v1_s1_anchor","s1_anchor","atx_7d980a7c8c37","Northern Pintail","core_species","checklist_reporting","active_minus_pre14",TRUE,-0.233456090547799,0.29448406590025,-0.810634253733208,0.343722072637611,0.791792362145834,0.444576002793039,1.41018665158212,0.427915879661176,0.78130969325443,217200,TRUE,"completed","placebo_offset_p90__fixed_49_species__checklist_reporting__active_minus_pre14","placebo_offset_p90",90,20260727
"post_stage4a_staged_refit_v1_s1_anchor","s1_anchor","atx_c34f23342a55","Pacific Loon","core_species","checklist_reporting","active_minus_pre14",TRUE,0.0778484217064918,0.110166812656526,-0.138074563391871,0.293771406804854,1.08095879636171,0.871033742094151,1.34147721605192,0.479789405339982,0.823720715589359,217200,TRUE,"completed","placebo_offset_p90__fixed_49_species__checklist_reporting__active_minus_pre14","placebo_offset_p90",90,20260727
"post_stage4a_staged_refit_v1_s1_anchor","s1_anchor","atx_35707a9578d5","Pelagic Cormorant","core_species","checklist_reporting","active_minus_pre14",TRUE,-0.0933706878320168,0.0764211975153692,-0.243153482617562,0.0564121069535286,0.910855794548541,0.784151150963779,1.05803361691549,0.221786888195737,0.621272567520266,217200,TRUE,"completed","placebo_offset_p90__fixed_49_species__checklist_reporting__active_minus_pre14","placebo_offset_p90",90,20260727
"post_stage4a_staged_refit_v1_s1_anchor","s1_anchor","atx_8608f2ed61cf","Pigeon Guillemot","core_species","checklist_reporting","active_minus_pre14",TRUE,-0.13671431327852,0.0945232029792682,-0.321976386821255,0.0485477602642152,0.872219372034385,0.724715302959849,1.04974550674585,0.14807704556731,0.604647936066514,217200,TRUE,"completed","placebo_offset_p90__fixed_49_species__checklist_reporting__active_minus_pre14","placebo_offset_p90",90,20260727
"post_stage4a_staged_refit_v1_s1_anchor","s1_anchor","atx_c2d1fbbaf6d3","Red-breasted Merganser","core_species","checklist_reporting","active_minus_pre14",TRUE,-0.0597665852419848,0.319129729551712,-0.685249361559349,0.565716191075379,0.941984380981778,0.503964544520288,1.76070833486561,0.851441178190321,0.999385272494094,217092,TRUE,"completed","placebo_offset_p90__fixed_49_species__checklist_reporting__active_minus_pre14","placebo_offset_p90",90,20260727
"post_stage4a_staged_refit_v1_s1_anchor","s1_anchor","atx_86eda7ed9025","Red-necked Grebe","core_species","checklist_reporting","active_minus_pre14",TRUE,-0.122810486794882,0.216958384486338,-0.548041106532099,0.302420132942334,0.884431258081962,0.578081101272762,1.3531296016255,0.571356052735174,0.903111180129791,217200,TRUE,"completed","placebo_offset_p90__fixed_49_species__checklist_reporting__active_minus_pre14","placebo_offset_p90",90,20260727
"post_stage4a_staged_refit_v1_s1_anchor","s1_anchor","atx_04cf65098f13","Red-throated Loon","core_species","checklist_reporting","active_minus_pre14",TRUE,0.483599893057362,0.372349783822888,-0.246192272886774,1.2133920590015,1.62190258133028,0.78177189693452,3.36487918488857,0.19401995571436,0.621272567520266,217200,TRUE,"completed","placebo_offset_p90__fixed_49_species__checklist_reporting__active_minus_pre14","placebo_offset_p90",90,20260727
"post_stage4a_staged_refit_v1_s1_anchor","s1_anchor","atx_6cbe5bbd310c","Rhinoceros Auklet","core_species","checklist_reporting","active_minus_pre14",TRUE,0.134965688895248,0.292642258798771,-0.438602598704793,0.708533976495289,1.14449751470351,0.644937027519871,2.03101156433781,0.644657379100901,0.929065046351298,217200,TRUE,"completed","placebo_offset_p90__fixed_49_species__checklist_reporting__active_minus_pre14","placebo_offset_p90",90,20260727
"post_stage4a_staged_refit_v1_s1_anchor","s1_anchor","atx_08bb40b40c0a","Ring-billed Gull","core_species","checklist_reporting","active_minus_pre14",TRUE,-0.184342436845941,0.215561143986843,-0.606834515526405,0.238149641834524,0.831650967126058,0.545073562956146,1.26889905900161,0.392454439652467,0.78130969325443,217200,TRUE,"completed","placebo_offset_p90__fixed_49_species__checklist_reporting__active_minus_pre14","placebo_offset_p90",90,20260727
"post_stage4a_staged_refit_v1_s1_anchor","s1_anchor","atx_e0e678a61ad7","Short-billed Gull","core_species","checklist_reporting","active_minus_pre14",TRUE,0.166532944392629,0.138207339775719,-0.10434846396687,0.437414352752128,1.18120244922664,0.90091130758927,1.54869765126216,0.228222575823771,0.621272567520266,217200,TRUE,"completed","placebo_offset_p90__fixed_49_species__checklist_reporting__active_minus_pre14","placebo_offset_p90",90,20260727
"post_stage4a_staged_refit_v1_s1_anchor","s1_anchor","atx_1930f23cc4f8","Surf Scoter","core_species","checklist_reporting","active_minus_pre14",TRUE,-0.0374056031847572,0.127631814881234,-0.28755936363346,0.212748157263945,0.963285344497846,0.750092037260517,1.2370730641446,0.769465370028929,0.99220534556362,217183,TRUE,"completed","placebo_offset_p90__fixed_49_species__checklist_reporting__active_minus_pre14","placebo_offset_p90",90,20260727
"post_stage4a_staged_refit_v1_s1_anchor","s1_anchor","atx_1812dd827ede","Surfbird","core_species","checklist_reporting","active_minus_pre14",TRUE,9.33675687833956,4483.18089856492,-8777.53634048683,8796.20985424351,11347.5470242388,0,Inf,0.998338311804827,0.999385272494094,217200,TRUE,"completed","placebo_offset_p90__fixed_49_species__checklist_reporting__active_minus_pre14","placebo_offset_p90",90,20260727
"post_stage4a_staged_refit_v1_s1_anchor","s1_anchor","atx_ebf17f77fb66","Western Grebe","core_species","checklist_reporting","active_minus_pre14",TRUE,-0.4502085183864,0.504261628862733,-1.43854314974286,0.538126112970059,0.63749520828952,0.237273178499663,1.71279427013988,0.371960317922762,0.78130969325443,217186,TRUE,"completed","placebo_offset_p90__fixed_49_species__checklist_reporting__active_minus_pre14","placebo_offset_p90",90,20260727
"post_stage4a_staged_refit_v1_s1_anchor","s1_anchor","atx_5a9a3495d0ea","Western Gull","core_species","checklist_reporting","active_minus_pre14",TRUE,-14.4802204921082,1068.64526098888,-2108.98644427973,2080.02600329551,5.14422722534795e-07,0,Inf,0.989188937384443,0.999385272494094,216824,TRUE,"completed","placebo_offset_p90__fixed_49_species__checklist_reporting__active_minus_pre14","placebo_offset_p90",90,20260727
"post_stage4a_staged_refit_v1_s1_anchor","s1_anchor","atx_3083477933a8","White-winged Scoter","core_species","checklist_reporting","active_minus_pre14",TRUE,0.0622576233167151,0.126122100685539,-0.184937151681476,0.309452398314906,1.06423648154664,0.831156519000312,1.36267870462838,0.621567673546926,0.929065046351298,217199,TRUE,"completed","placebo_offset_p90__fixed_49_species__checklist_reporting__active_minus_pre14","placebo_offset_p90",90,20260727
"post_stage4a_staged_refit_v1_s1_anchor","s1_anchor","atx_c9db024faf12","American Crow","core_species","conditional_positive_numeric_count","active_minus_pre14",TRUE,0.0263196611895738,0.0163236964049693,-0.00567419585873205,0.0583135182378796,1.02666908228497,0.994341871985526,1.06004728777549,0.106883809638761,0.272370205483102,112180,TRUE,"completed","placebo_offset_p90__fixed_49_species__conditional_positive_numeric_count__active_minus_pre14","placebo_offset_p90",90,20260727
"post_stage4a_staged_refit_v1_s1_anchor","s1_anchor","atx_7571c026ae99","American Herring Gull","core_species","conditional_positive_numeric_count","active_minus_pre14",TRUE,,,,,,,,,,1851,TRUE,"failed_insufficient_support","placebo_offset_p90__fixed_49_species__conditional_positive_numeric_count__active_minus_pre14","placebo_offset_p90",90,20260727
"post_stage4a_staged_refit_v1_s1_anchor","s1_anchor","atx_a113baee5693","American Wigeon","core_species","conditional_positive_numeric_count","active_minus_pre14",TRUE,0.285096781177252,0.0977838508008587,0.0934439553379311,0.476749607016574,1.32989073028389,1.09794906743248,1.61083005301044,0.00355026428324137,0.0213015856994482,34665,TRUE,"completed","placebo_offset_p90__fixed_49_species__conditional_positive_numeric_count__active_minus_pre14","placebo_offset_p90",90,20260727
"post_stage4a_staged_refit_v1_s1_anchor","s1_anchor","atx_fc0a9b777dcd","Bald Eagle","core_species","conditional_positive_numeric_count","active_minus_pre14",TRUE,-0.0288309957603597,0.0133522762837341,-0.0550009763881068,-0.00266101513261255,0.971580651841347,0.946484223817093,0.997342522229801,0.0308302357055877,0.138736060675145,83359,TRUE,"completed","placebo_offset_p90__fixed_49_species__conditional_positive_numeric_count__active_minus_pre14","placebo_offset_p90",90,20260727
"post_stage4a_staged_refit_v1_s1_anchor","s1_anchor","atx_d7dd9536145c","Barrow's Goldeneye","core_species","conditional_positive_numeric_count","active_minus_pre14",TRUE,,,,,,,,,,10960,TRUE,"failed_insufficient_support","placebo_offset_p90__fixed_49_species__conditional_positive_numeric_count__active_minus_pre14","placebo_offset_p90",90,20260727
"post_stage4a_staged_refit_v1_s1_anchor","s1_anchor","atx_v2_000006","Black-bellied Plover","core_species","conditional_positive_numeric_count","active_minus_pre14",TRUE,,,,,,,,,,3973,TRUE,"failed_insufficient_support","placebo_offset_p90__fixed_49_species__conditional_positive_numeric_count__active_minus_pre14","placebo_offset_p90",90,20260727
"post_stage4a_staged_refit_v1_s1_anchor","s1_anchor","atx_v2_000002","Black Oystercatcher","core_species","conditional_positive_numeric_count","active_minus_pre14",TRUE,-0.0264212938851741,0.0456100873974123,-0.115815422515826,0.0629728347454783,0.9739246946479,0.890639600143573,1.06499790789911,0.562396080306223,0.677840639042051,13626,TRUE,"completed","placebo_offset_p90__fixed_49_species__conditional_positive_numeric_count__active_minus_pre14","placebo_offset_p90",90,20260727
"post_stage4a_staged_refit_v1_s1_anchor","s1_anchor","atx_1328b44be502","Black Scoter","core_species","conditional_positive_numeric_count","active_minus_pre14",TRUE,,,,,,,,,,1684,TRUE,"failed_insufficient_support","placebo_offset_p90__fixed_49_species__conditional_positive_numeric_count__active_minus_pre14","placebo_offset_p90",90,20260727
"post_stage4a_staged_refit_v1_s1_anchor","s1_anchor","atx_15dd5efcd8d6","Black Turnstone","core_species","conditional_positive_numeric_count","active_minus_pre14",TRUE,,,,,,,,,,4421,TRUE,"failed_insufficient_support","placebo_offset_p90__fixed_49_species__conditional_positive_numeric_count__active_minus_pre14","placebo_offset_p90",90,20260727
"post_stage4a_staged_refit_v1_s1_anchor","s1_anchor","atx_fadb8da1a816","Bonaparte's Gull","core_species","conditional_positive_numeric_count","active_minus_pre14",TRUE,,,,,,,,,,4025,TRUE,"failed_insufficient_support","placebo_offset_p90__fixed_49_species__conditional_positive_numeric_count__active_minus_pre14","placebo_offset_p90",90,20260727
"post_stage4a_staged_refit_v1_s1_anchor","s1_anchor","atx_98ca0000b734","Brandt's Cormorant","core_species","conditional_positive_numeric_count","active_minus_pre14",TRUE,,,,,,,,,,2573,TRUE,"failed_insufficient_support","placebo_offset_p90__fixed_49_species__conditional_positive_numeric_count__active_minus_pre14","placebo_offset_p90",90,20260727
"post_stage4a_staged_refit_v1_s1_anchor","s1_anchor","atx_59441ff7abde","Brant","core_species","conditional_positive_numeric_count","active_minus_pre14",TRUE,,,,,,,,,,3796,TRUE,"failed_insufficient_support","placebo_offset_p90__fixed_49_species__conditional_positive_numeric_count__active_minus_pre14","placebo_offset_p90",90,20260727
"post_stage4a_staged_refit_v1_s1_anchor","s1_anchor","atx_99238953638b","Bufflehead","core_species","conditional_positive_numeric_count","active_minus_pre14",TRUE,0.114886535076964,0.0770973552465637,-0.0362215045095909,0.265994574663519,1.12174615151008,0.964426644970911,1.30472798007942,0.136185102741551,0.272370205483102,50039,TRUE,"completed","placebo_offset_p90__fixed_49_species__conditional_positive_numeric_count__active_minus_pre14","placebo_offset_p90",90,20260727
"post_stage4a_staged_refit_v1_s1_anchor","s1_anchor","atx_c12b832d2b03","California Gull","core_species","conditional_positive_numeric_count","active_minus_pre14",TRUE,0.109058227012847,0.147869733408346,-0.180761124871051,0.398877578896744,1.1152272848044,0.834634708358588,1.4901511814889,0.460800671526566,0.638031699036784,6644,TRUE,"completed","placebo_offset_p90__fixed_49_species__conditional_positive_numeric_count__active_minus_pre14","placebo_offset_p90",90,20260727
"post_stage4a_staged_refit_v1_s1_anchor","s1_anchor","atx_b3d3ea90f9cb","Canada Goose","core_species","conditional_positive_numeric_count","active_minus_pre14",TRUE,0.0495856101772273,0.0283377919318061,-0.00595544141050238,0.105126661764957,1.05083555058182,0.994062257079159,1.11085130383202,0.0801519666125203,0.272370205483102,68271,TRUE,"completed","placebo_offset_p90__fixed_49_species__conditional_positive_numeric_count__active_minus_pre14","placebo_offset_p90",90,20260727
"post_stage4a_staged_refit_v1_s1_anchor","s1_anchor","atx_82312e6f2848","Common Goldeneye","core_species","conditional_positive_numeric_count","active_minus_pre14",TRUE,,,,,,,,,,21195,TRUE,"failed_insufficient_support","placebo_offset_p90__fixed_49_species__conditional_positive_numeric_count__active_minus_pre14","placebo_offset_p90",90,20260727
"post_stage4a_staged_refit_v1_s1_anchor","s1_anchor","atx_9ae1aa9b7fdf","Common Loon","core_species","conditional_positive_numeric_count","active_minus_pre14",TRUE,0.0228648668067751,0.0568529185243541,-0.088564805916949,0.134294539530499,1.02312827161471,0.915243795600627,1.14372964363048,0.687554666183872,0.727999058312335,15359,TRUE,"completed","placebo_offset_p90__fixed_49_species__conditional_positive_numeric_count__active_minus_pre14","placebo_offset_p90",90,20260727
"post_stage4a_staged_refit_v1_s1_anchor","s1_anchor","atx_35518e24dfdd","Common Merganser","core_species","conditional_positive_numeric_count","active_minus_pre14",TRUE,0.0927162439177609,0.0621611291595691,-0.029117330473337,0.214549818308859,1.09715036800394,0.971302494399233,1.23930385945906,0.135817948797077,0.272370205483102,27776,TRUE,"completed","placebo_offset_p90__fixed_49_species__conditional_positive_numeric_count__active_minus_pre14","placebo_offset_p90",90,20260727
"post_stage4a_staged_refit_v1_s1_anchor","s1_anchor","atx_136b0e66254b","Common Murre","core_species","conditional_positive_numeric_count","active_minus_pre14",TRUE,,,,,,,,,,2023,TRUE,"failed_insufficient_support","placebo_offset_p90__fixed_49_species__conditional_positive_numeric_count__active_minus_pre14","placebo_offset_p90",90,20260727
"post_stage4a_staged_refit_v1_s1_anchor","s1_anchor","atx_v2_000007","Common Raven","core_species","conditional_positive_numeric_count","active_minus_pre14",TRUE,-0.015602114441827,0.0142532028153061,-0.0435378786241718,0.0123336497405178,0.984518968013705,0.957396288549929,1.01241002286194,0.273674737480278,0.479398042250422,60940,TRUE,"completed","placebo_offset_p90__fixed_49_species__conditional_positive_numeric_count__active_minus_pre14","placebo_offset_p90",90,20260727
"post_stage4a_staged_refit_v1_s1_anchor","s1_anchor","atx_a444854c6b66","Double-crested Cormorant","core_species","conditional_positive_numeric_count","active_minus_pre14",TRUE,0.00742101940383866,0.0433288986504819,-0.0775020614408919,0.0923441002485693,1.00744862340937,0.925425116685493,1.09674214640359,0.864010036093,0.864010036093,29011,TRUE,"completed","placebo_offset_p90__fixed_49_species__conditional_positive_numeric_count__active_minus_pre14","placebo_offset_p90",90,20260727
"post_stage4a_staged_refit_v1_s1_anchor","s1_anchor","atx_v2_000003","Dunlin","core_species","conditional_positive_numeric_count","active_minus_pre14",TRUE,,,,,,,,,,5908,TRUE,"failed_insufficient_support","placebo_offset_p90__fixed_49_species__conditional_positive_numeric_count__active_minus_pre14","placebo_offset_p90",90,20260727
"post_stage4a_staged_refit_v1_s1_anchor","s1_anchor","atx_725074cbfcb6","Glaucous-winged Gull","core_species","conditional_positive_numeric_count","active_minus_pre14",TRUE,0.0152323882422627,0.0264622459244326,-0.0366326607196669,0.0670974372041923,1.01534899236886,0.964030196473385,1.06939967241256,0.56486719920171,0.677840639042051,85053,TRUE,"completed","placebo_offset_p90__fixed_49_species__conditional_positive_numeric_count__active_minus_pre14","placebo_offset_p90",90,20260727
"post_stage4a_staged_refit_v1_s1_anchor","s1_anchor","atx_v2_000011","Glaucous Gull","core_species","conditional_positive_numeric_count","active_minus_pre14",TRUE,,,,,,,,,,185,TRUE,"failed_insufficient_support","placebo_offset_p90__fixed_49_species__conditional_positive_numeric_count__active_minus_pre14","placebo_offset_p90",90,20260727
"post_stage4a_staged_refit_v1_s1_anchor","s1_anchor","atx_7b80ddaff058","Great Blue Heron","core_species","conditional_positive_numeric_count","active_minus_pre14",TRUE,-0.0298468343542503,0.019776605742133,-0.0686082693452791,0.00891460063677843,0.970594183849088,0.933692364369855,1.00895445402669,0.131247926075503,0.272370205483102,50285,TRUE,"completed","placebo_offset_p90__fixed_49_species__conditional_positive_numeric_count__active_minus_pre14","placebo_offset_p90",90,20260727
"post_stage4a_staged_refit_v1_s1_anchor","s1_anchor","atx_4ae57d328ec6","Greater Scaup","core_species","conditional_positive_numeric_count","active_minus_pre14",TRUE,,,,,,,,,,4514,TRUE,"failed_insufficient_support","placebo_offset_p90__fixed_49_species__conditional_positive_numeric_count__active_minus_pre14","placebo_offset_p90",90,20260727
"post_stage4a_staged_refit_v1_s1_anchor","s1_anchor","atx_87b306550dba","Harlequin Duck","core_species","conditional_positive_numeric_count","active_minus_pre14",TRUE,,,,,,,,,,12030,TRUE,"failed_insufficient_support","placebo_offset_p90__fixed_49_species__conditional_positive_numeric_count__active_minus_pre14","placebo_offset_p90",90,20260727
"post_stage4a_staged_refit_v1_s1_anchor","s1_anchor","atx_04afbeb21fb0","Hooded Merganser","core_species","conditional_positive_numeric_count","active_minus_pre14",TRUE,-0.0642413174254025,0.0645457867120669,-0.190748734734858,0.0622660998840526,0.93777866988897,0.826340192655807,1.06424550265708,0.319598694833615,0.479398042250422,20340,TRUE,"completed","placebo_offset_p90__fixed_49_species__conditional_positive_numeric_count__active_minus_pre14","placebo_offset_p90",90,20260727
"post_stage4a_staged_refit_v1_s1_anchor","s1_anchor","atx_6b4cfd1ab927","Horned Grebe","core_species","conditional_positive_numeric_count","active_minus_pre14",TRUE,,,,,,,,,,13054,TRUE,"failed_insufficient_support","placebo_offset_p90__fixed_49_species__conditional_positive_numeric_count__active_minus_pre14","placebo_offset_p90",90,20260727
"post_stage4a_staged_refit_v1_s1_anchor","s1_anchor","atx_aa5353f6d6d2","Iceland Gull","core_species","conditional_positive_numeric_count","active_minus_pre14",TRUE,,,,,,,,,,4317,TRUE,"failed_insufficient_support","placebo_offset_p90__fixed_49_species__conditional_positive_numeric_count__active_minus_pre14","placebo_offset_p90",90,20260727
"post_stage4a_staged_refit_v1_s1_anchor","s1_anchor","atx_d002764a39e8","Lesser Scaup","core_species","conditional_positive_numeric_count","active_minus_pre14",TRUE,,,,,,,,,,9378,TRUE,"failed_insufficient_support","placebo_offset_p90__fixed_49_species__conditional_positive_numeric_count__active_minus_pre14","placebo_offset_p90",90,20260727
"post_stage4a_staged_refit_v1_s1_anchor","s1_anchor","atx_40f730f5ad72","Long-tailed Duck","core_species","conditional_positive_numeric_count","active_minus_pre14",TRUE,,,,,,,,,,2946,TRUE,"failed_insufficient_support","placebo_offset_p90__fixed_49_species__conditional_positive_numeric_count__active_minus_pre14","placebo_offset_p90",90,20260727
"post_stage4a_staged_refit_v1_s1_anchor","s1_anchor","atx_815c98107028","Mallard","core_species","conditional_positive_numeric_count","active_minus_pre14",TRUE,0.113089622270677,0.0300269187469199,0.0542379429600033,0.17194130158135,1.1197322814014,1.05573577716703,1.18760812044927,0.000165701520858685,0.00298262737545633,81526,TRUE,"completed","placebo_offset_p90__fixed_49_species__conditional_positive_numeric_count__active_minus_pre14","placebo_offset_p90",90,20260727
"post_stage4a_staged_refit_v1_s1_anchor","s1_anchor","atx_acf526bb8010","Marbled Murrelet","core_species","conditional_positive_numeric_count","active_minus_pre14",TRUE,,,,,,,,,,3103,TRUE,"failed_insufficient_support","placebo_offset_p90__fixed_49_species__conditional_positive_numeric_count__active_minus_pre14","placebo_offset_p90",90,20260727
"post_stage4a_staged_refit_v1_s1_anchor","s1_anchor","atx_7d980a7c8c37","Northern Pintail","core_species","conditional_positive_numeric_count","active_minus_pre14",TRUE,,,,,,,,,,14278,TRUE,"failed_insufficient_support","placebo_offset_p90__fixed_49_species__conditional_positive_numeric_count__active_minus_pre14","placebo_offset_p90",90,20260727
"post_stage4a_staged_refit_v1_s1_anchor","s1_anchor","atx_c34f23342a55","Pacific Loon","core_species","conditional_positive_numeric_count","active_minus_pre14",TRUE,,,,,,,,,,6049,TRUE,"failed_insufficient_support","placebo_offset_p90__fixed_49_species__conditional_positive_numeric_count__active_minus_pre14","placebo_offset_p90",90,20260727
"post_stage4a_staged_refit_v1_s1_anchor","s1_anchor","atx_35707a9578d5","Pelagic Cormorant","core_species","conditional_positive_numeric_count","active_minus_pre14",TRUE,-0.0456677508378241,0.0455255741085043,-0.134896236466002,0.0435607347903536,0.955359326801639,0.873806576242498,1.04452343129721,0.315801514855927,0.479398042250422,18881,TRUE,"completed","placebo_offset_p90__fixed_49_species__conditional_positive_numeric_count__active_minus_pre14","placebo_offset_p90",90,20260727
"post_stage4a_staged_refit_v1_s1_anchor","s1_anchor","atx_8608f2ed61cf","Pigeon Guillemot","core_species","conditional_positive_numeric_count","active_minus_pre14",TRUE,-0.0252624766533612,0.061511760484579,-0.14582331182879,0.0952983585220677,0.975053949540192,0.864310403118594,1.09998699666638,0.681297336075297,0.727999058312335,6342,TRUE,"completed","placebo_offset_p90__fixed_49_species__conditional_positive_numeric_count__active_minus_pre14","placebo_offset_p90",90,20260727
"post_stage4a_staged_refit_v1_s1_anchor","s1_anchor","atx_c2d1fbbaf6d3","Red-breasted Merganser","core_species","conditional_positive_numeric_count","active_minus_pre14",TRUE,,,,,,,,,,13364,TRUE,"failed_insufficient_support","placebo_offset_p90__fixed_49_species__conditional_positive_numeric_count__active_minus_pre14","placebo_offset_p90",90,20260727
"post_stage4a_staged_refit_v1_s1_anchor","s1_anchor","atx_86eda7ed9025","Red-necked Grebe","core_species","conditional_positive_numeric_count","active_minus_pre14",TRUE,,,,,,,,,,8109,TRUE,"failed_insufficient_support","placebo_offset_p90__fixed_49_species__conditional_positive_numeric_count__active_minus_pre14","placebo_offset_p90",90,20260727
"post_stage4a_staged_refit_v1_s1_anchor","s1_anchor","atx_04cf65098f13","Red-throated Loon","core_species","conditional_positive_numeric_count","active_minus_pre14",TRUE,,,,,,,,,,1488,TRUE,"failed_insufficient_support","placebo_offset_p90__fixed_49_species__conditional_positive_numeric_count__active_minus_pre14","placebo_offset_p90",90,20260727
"post_stage4a_staged_refit_v1_s1_anchor","s1_anchor","atx_6cbe5bbd310c","Rhinoceros Auklet","core_species","conditional_positive_numeric_count","active_minus_pre14",TRUE,,,,,,,,,,1816,TRUE,"failed_insufficient_support","placebo_offset_p90__fixed_49_species__conditional_positive_numeric_count__active_minus_pre14","placebo_offset_p90",90,20260727
"post_stage4a_staged_refit_v1_s1_anchor","s1_anchor","atx_08bb40b40c0a","Ring-billed Gull","core_species","conditional_positive_numeric_count","active_minus_pre14",TRUE,,,,,,,,,,4549,TRUE,"failed_insufficient_support","placebo_offset_p90__fixed_49_species__conditional_positive_numeric_count__active_minus_pre14","placebo_offset_p90",90,20260727
"post_stage4a_staged_refit_v1_s1_anchor","s1_anchor","atx_e0e678a61ad7","Short-billed Gull","core_species","conditional_positive_numeric_count","active_minus_pre14",TRUE,0.504073265920225,0.165907922545894,0.178899712980413,0.829246818860037,1.65545064682905,1.19590080482637,2.29159210615684,0.00237939699374818,0.0213015856994482,22003,TRUE,"completed","placebo_offset_p90__fixed_49_species__conditional_positive_numeric_count__active_minus_pre14","placebo_offset_p90",90,20260727
"post_stage4a_staged_refit_v1_s1_anchor","s1_anchor","atx_1930f23cc4f8","Surf Scoter","core_species","conditional_positive_numeric_count","active_minus_pre14",TRUE,,,,,,,,,,16632,TRUE,"failed_insufficient_support","placebo_offset_p90__fixed_49_species__conditional_positive_numeric_count__active_minus_pre14","placebo_offset_p90",90,20260727
"post_stage4a_staged_refit_v1_s1_anchor","s1_anchor","atx_1812dd827ede","Surfbird","core_species","conditional_positive_numeric_count","active_minus_pre14",TRUE,,,,,,,,,,1063,TRUE,"failed_insufficient_support","placebo_offset_p90__fixed_49_species__conditional_positive_numeric_count__active_minus_pre14","placebo_offset_p90",90,20260727
"post_stage4a_staged_refit_v1_s1_anchor","s1_anchor","atx_ebf17f77fb66","Western Grebe","core_species","conditional_positive_numeric_count","active_minus_pre14",TRUE,,,,,,,,,,1346,TRUE,"failed_insufficient_support","placebo_offset_p90__fixed_49_species__conditional_positive_numeric_count__active_minus_pre14","placebo_offset_p90",90,20260727
"post_stage4a_staged_refit_v1_s1_anchor","s1_anchor","atx_5a9a3495d0ea","Western Gull","core_species","conditional_positive_numeric_count","active_minus_pre14",TRUE,,,,,,,,,,712,TRUE,"failed_insufficient_support","placebo_offset_p90__fixed_49_species__conditional_positive_numeric_count__active_minus_pre14","placebo_offset_p90",90,20260727
"post_stage4a_staged_refit_v1_s1_anchor","s1_anchor","atx_3083477933a8","White-winged Scoter","core_species","conditional_positive_numeric_count","active_minus_pre14",TRUE,,,,,,,,,,4706,TRUE,"failed_insufficient_support","placebo_offset_p90__fixed_49_species__conditional_positive_numeric_count__active_minus_pre14","placebo_offset_p90",90,20260727
"post_stage4a_staged_refit_v1_s1_anchor","s1_anchor","atx_c9db024faf12","American Crow","core_species","checklist_reporting","active_minus_pre14",TRUE,,,,,,,,,,217200,TRUE,"failed_insufficient_support","placebo_offset_p180__fixed_49_species__checklist_reporting__active_minus_pre14","placebo_offset_p180",180,20260727
"post_stage4a_staged_refit_v1_s1_anchor","s1_anchor","atx_7571c026ae99","American Herring Gull","core_species","checklist_reporting","active_minus_pre14",TRUE,,,,,,,,,,217179,TRUE,"failed_insufficient_support","placebo_offset_p180__fixed_49_species__checklist_reporting__active_minus_pre14","placebo_offset_p180",180,20260727
"post_stage4a_staged_refit_v1_s1_anchor","s1_anchor","atx_a113baee5693","American Wigeon","core_species","checklist_reporting","active_minus_pre14",TRUE,,,,,,,,,,217190,TRUE,"failed_insufficient_support","placebo_offset_p180__fixed_49_species__checklist_reporting__active_minus_pre14","placebo_offset_p180",180,20260727
"post_stage4a_staged_refit_v1_s1_anchor","s1_anchor","atx_fc0a9b777dcd","Bald Eagle","core_species","checklist_reporting","active_minus_pre14",TRUE,,,,,,,,,,217199,TRUE,"failed_insufficient_support","placebo_offset_p180__fixed_49_species__checklist_reporting__active_minus_pre14","placebo_offset_p180",180,20260727
"post_stage4a_staged_refit_v1_s1_anchor","s1_anchor","atx_d7dd9536145c","Barrow's Goldeneye","core_species","checklist_reporting","active_minus_pre14",TRUE,,,,,,,,,,216814,TRUE,"failed_insufficient_support","placebo_offset_p180__fixed_49_species__checklist_reporting__active_minus_pre14","placebo_offset_p180",180,20260727
"post_stage4a_staged_refit_v1_s1_anchor","s1_anchor","atx_v2_000006","Black-bellied Plover","core_species","checklist_reporting","active_minus_pre14",TRUE,,,,,,,,,,217200,TRUE,"failed_insufficient_support","placebo_offset_p180__fixed_49_species__checklist_reporting__active_minus_pre14","placebo_offset_p180",180,20260727
"post_stage4a_staged_refit_v1_s1_anchor","s1_anchor","atx_v2_000002","Black Oystercatcher","core_species","checklist_reporting","active_minus_pre14",TRUE,,,,,,,,,,217200,TRUE,"failed_insufficient_support","placebo_offset_p180__fixed_49_species__checklist_reporting__active_minus_pre14","placebo_offset_p180",180,20260727
"post_stage4a_staged_refit_v1_s1_anchor","s1_anchor","atx_1328b44be502","Black Scoter","core_species","checklist_reporting","active_minus_pre14",TRUE,,,,,,,,,,217178,TRUE,"failed_insufficient_support","placebo_offset_p180__fixed_49_species__checklist_reporting__active_minus_pre14","placebo_offset_p180",180,20260727
"post_stage4a_staged_refit_v1_s1_anchor","s1_anchor","atx_15dd5efcd8d6","Black Turnstone","core_species","checklist_reporting","active_minus_pre14",TRUE,,,,,,,,,,217200,TRUE,"failed_insufficient_support","placebo_offset_p180__fixed_49_species__checklist_reporting__active_minus_pre14","placebo_offset_p180",180,20260727
"post_stage4a_staged_refit_v1_s1_anchor","s1_anchor","atx_fadb8da1a816","Bonaparte's Gull","core_species","checklist_reporting","active_minus_pre14",TRUE,,,,,,,,,,217200,TRUE,"failed_insufficient_support","placebo_offset_p180__fixed_49_species__checklist_reporting__active_minus_pre14","placebo_offset_p180",180,20260727
"post_stage4a_staged_refit_v1_s1_anchor","s1_anchor","atx_98ca0000b734","Brandt's Cormorant","core_species","checklist_reporting","active_minus_pre14",TRUE,,,,,,,,,,217200,TRUE,"failed_insufficient_support","placebo_offset_p180__fixed_49_species__checklist_reporting__active_minus_pre14","placebo_offset_p180",180,20260727
"post_stage4a_staged_refit_v1_s1_anchor","s1_anchor","atx_59441ff7abde","Brant","core_species","checklist_reporting","active_minus_pre14",TRUE,,,,,,,,,,217200,TRUE,"failed_insufficient_support","placebo_offset_p180__fixed_49_species__checklist_reporting__active_minus_pre14","placebo_offset_p180",180,20260727
"post_stage4a_staged_refit_v1_s1_anchor","s1_anchor","atx_99238953638b","Bufflehead","core_species","checklist_reporting","active_minus_pre14",TRUE,,,,,,,,,,217200,TRUE,"failed_insufficient_support","placebo_offset_p180__fixed_49_species__checklist_reporting__active_minus_pre14","placebo_offset_p180",180,20260727
"post_stage4a_staged_refit_v1_s1_anchor","s1_anchor","atx_c12b832d2b03","California Gull","core_species","checklist_reporting","active_minus_pre14",TRUE,,,,,,,,,,217200,TRUE,"failed_insufficient_support","placebo_offset_p180__fixed_49_species__checklist_reporting__active_minus_pre14","placebo_offset_p180",180,20260727
"post_stage4a_staged_refit_v1_s1_anchor","s1_anchor","atx_b3d3ea90f9cb","Canada Goose","core_species","checklist_reporting","active_minus_pre14",TRUE,,,,,,,,,,217083,TRUE,"failed_insufficient_support","placebo_offset_p180__fixed_49_species__checklist_reporting__active_minus_pre14","placebo_offset_p180",180,20260727
"post_stage4a_staged_refit_v1_s1_anchor","s1_anchor","atx_82312e6f2848","Common Goldeneye","core_species","checklist_reporting","active_minus_pre14",TRUE,,,,,,,,,,216892,TRUE,"failed_insufficient_support","placebo_offset_p180__fixed_49_species__checklist_reporting__active_minus_pre14","placebo_offset_p180",180,20260727
"post_stage4a_staged_refit_v1_s1_anchor","s1_anchor","atx_9ae1aa9b7fdf","Common Loon","core_species","checklist_reporting","active_minus_pre14",TRUE,,,,,,,,,,217199,TRUE,"failed_insufficient_support","placebo_offset_p180__fixed_49_species__checklist_reporting__active_minus_pre14","placebo_offset_p180",180,20260727
"post_stage4a_staged_refit_v1_s1_anchor","s1_anchor","atx_35518e24dfdd","Common Merganser","core_species","checklist_reporting","active_minus_pre14",TRUE,,,,,,,,,,217093,TRUE,"failed_insufficient_support","placebo_offset_p180__fixed_49_species__checklist_reporting__active_minus_pre14","placebo_offset_p180",180,20260727
"post_stage4a_staged_refit_v1_s1_anchor","s1_anchor","atx_136b0e66254b","Common Murre","core_species","checklist_reporting","active_minus_pre14",TRUE,,,,,,,,,,217200,TRUE,"failed_insufficient_support","placebo_offset_p180__fixed_49_species__checklist_reporting__active_minus_pre14","placebo_offset_p180",180,20260727
"post_stage4a_staged_refit_v1_s1_anchor","s1_anchor","atx_v2_000007","Common Raven","core_species","checklist_reporting","active_minus_pre14",TRUE,,,,,,,,,,217200,TRUE,"failed_insufficient_support","placebo_offset_p180__fixed_49_species__checklist_reporting__active_minus_pre14","placebo_offset_p180",180,20260727
"post_stage4a_staged_refit_v1_s1_anchor","s1_anchor","atx_a444854c6b66","Double-crested Cormorant","core_species","checklist_reporting","active_minus_pre14",TRUE,,,,,,,,,,217200,TRUE,"failed_insufficient_support","placebo_offset_p180__fixed_49_species__checklist_reporting__active_minus_pre14","placebo_offset_p180",180,20260727
"post_stage4a_staged_refit_v1_s1_anchor","s1_anchor","atx_v2_000003","Dunlin","core_species","checklist_reporting","active_minus_pre14",TRUE,,,,,,,,,,217200,TRUE,"failed_insufficient_support","placebo_offset_p180__fixed_49_species__checklist_reporting__active_minus_pre14","placebo_offset_p180",180,20260727
"post_stage4a_staged_refit_v1_s1_anchor","s1_anchor","atx_725074cbfcb6","Glaucous-winged Gull","core_species","checklist_reporting","active_minus_pre14",TRUE,,,,,,,,,,217037,TRUE,"failed_insufficient_support","placebo_offset_p180__fixed_49_species__checklist_reporting__active_minus_pre14","placebo_offset_p180",180,20260727
"post_stage4a_staged_refit_v1_s1_anchor","s1_anchor","atx_v2_000011","Glaucous Gull","core_species","checklist_reporting","active_minus_pre14",TRUE,,,,,,,,,,217200,TRUE,"failed_insufficient_support","placebo_offset_p180__fixed_49_species__checklist_reporting__active_minus_pre14","placebo_offset_p180",180,20260727
"post_stage4a_staged_refit_v1_s1_anchor","s1_anchor","atx_7b80ddaff058","Great Blue Heron","core_species","checklist_reporting","active_minus_pre14",TRUE,,,,,,,,,,217200,TRUE,"failed_insufficient_support","placebo_offset_p180__fixed_49_species__checklist_reporting__active_minus_pre14","placebo_offset_p180",180,20260727
"post_stage4a_staged_refit_v1_s1_anchor","s1_anchor","atx_4ae57d328ec6","Greater Scaup","core_species","checklist_reporting","active_minus_pre14",TRUE,,,,,,,,,,216227,TRUE,"failed_insufficient_support","placebo_offset_p180__fixed_49_species__checklist_reporting__active_minus_pre14","placebo_offset_p180",180,20260727
"post_stage4a_staged_refit_v1_s1_anchor","s1_anchor","atx_87b306550dba","Harlequin Duck","core_species","checklist_reporting","active_minus_pre14",TRUE,,,,,,,,,,217200,TRUE,"failed_insufficient_support","placebo_offset_p180__fixed_49_species__checklist_reporting__active_minus_pre14","placebo_offset_p180",180,20260727
"post_stage4a_staged_refit_v1_s1_anchor","s1_anchor","atx_04afbeb21fb0","Hooded Merganser","core_species","checklist_reporting","active_minus_pre14",TRUE,,,,,,,,,,217200,TRUE,"failed_insufficient_support","placebo_offset_p180__fixed_49_species__checklist_reporting__active_minus_pre14","placebo_offset_p180",180,20260727
"post_stage4a_staged_refit_v1_s1_anchor","s1_anchor","atx_6b4cfd1ab927","Horned Grebe","core_species","checklist_reporting","active_minus_pre14",TRUE,,,,,,,,,,217142,TRUE,"failed_insufficient_support","placebo_offset_p180__fixed_49_species__checklist_reporting__active_minus_pre14","placebo_offset_p180",180,20260727
"post_stage4a_staged_refit_v1_s1_anchor","s1_anchor","atx_aa5353f6d6d2","Iceland Gull","core_species","checklist_reporting","active_minus_pre14",TRUE,,,,,,,,,,217184,TRUE,"failed_insufficient_support","placebo_offset_p180__fixed_49_species__checklist_reporting__active_minus_pre14","placebo_offset_p180",180,20260727
"post_stage4a_staged_refit_v1_s1_anchor","s1_anchor","atx_d002764a39e8","Lesser Scaup","core_species","checklist_reporting","active_minus_pre14",TRUE,,,,,,,,,,216290,TRUE,"failed_insufficient_support","placebo_offset_p180__fixed_49_species__checklist_reporting__active_minus_pre14","placebo_offset_p180",180,20260727
"post_stage4a_staged_refit_v1_s1_anchor","s1_anchor","atx_40f730f5ad72","Long-tailed Duck","core_species","checklist_reporting","active_minus_pre14",TRUE,,,,,,,,,,217200,TRUE,"failed_insufficient_support","placebo_offset_p180__fixed_49_species__checklist_reporting__active_minus_pre14","placebo_offset_p180",180,20260727
"post_stage4a_staged_refit_v1_s1_anchor","s1_anchor","atx_815c98107028","Mallard","core_species","checklist_reporting","active_minus_pre14",TRUE,,,,,,,,,,217200,TRUE,"failed_insufficient_support","placebo_offset_p180__fixed_49_species__checklist_reporting__active_minus_pre14","placebo_offset_p180",180,20260727
"post_stage4a_staged_refit_v1_s1_anchor","s1_anchor","atx_acf526bb8010","Marbled Murrelet","core_species","checklist_reporting","active_minus_pre14",TRUE,,,,,,,,,,217200,TRUE,"failed_insufficient_support","placebo_offset_p180__fixed_49_species__checklist_reporting__active_minus_pre14","placebo_offset_p180",180,20260727
"post_stage4a_staged_refit_v1_s1_anchor","s1_anchor","atx_7d980a7c8c37","Northern Pintail","core_species","checklist_reporting","active_minus_pre14",TRUE,,,,,,,,,,217200,TRUE,"failed_insufficient_support","placebo_offset_p180__fixed_49_species__checklist_reporting__active_minus_pre14","placebo_offset_p180",180,20260727
"post_stage4a_staged_refit_v1_s1_anchor","s1_anchor","atx_c34f23342a55","Pacific Loon","core_species","checklist_reporting","active_minus_pre14",TRUE,,,,,,,,,,217200,TRUE,"failed_insufficient_support","placebo_offset_p180__fixed_49_species__checklist_reporting__active_minus_pre14","placebo_offset_p180",180,20260727
"post_stage4a_staged_refit_v1_s1_anchor","s1_anchor","atx_35707a9578d5","Pelagic Cormorant","core_species","checklist_reporting","active_minus_pre14",TRUE,,,,,,,,,,217200,TRUE,"failed_insufficient_support","placebo_offset_p180__fixed_49_species__checklist_reporting__active_minus_pre14","placebo_offset_p180",180,20260727
"post_stage4a_staged_refit_v1_s1_anchor","s1_anchor","atx_8608f2ed61cf","Pigeon Guillemot","core_species","checklist_reporting","active_minus_pre14",TRUE,,,,,,,,,,217200,TRUE,"failed_insufficient_support","placebo_offset_p180__fixed_49_species__checklist_reporting__active_minus_pre14","placebo_offset_p180",180,20260727
"post_stage4a_staged_refit_v1_s1_anchor","s1_anchor","atx_c2d1fbbaf6d3","Red-breasted Merganser","core_species","checklist_reporting","active_minus_pre14",TRUE,,,,,,,,,,217092,TRUE,"failed_insufficient_support","placebo_offset_p180__fixed_49_species__checklist_reporting__active_minus_pre14","placebo_offset_p180",180,20260727
"post_stage4a_staged_refit_v1_s1_anchor","s1_anchor","atx_86eda7ed9025","Red-necked Grebe","core_species","checklist_reporting","active_minus_pre14",TRUE,,,,,,,,,,217200,TRUE,"failed_insufficient_support","placebo_offset_p180__fixed_49_species__checklist_reporting__active_minus_pre14","placebo_offset_p180",180,20260727
"post_stage4a_staged_refit_v1_s1_anchor","s1_anchor","atx_04cf65098f13","Red-throated Loon","core_species","checklist_reporting","active_minus_pre14",TRUE,,,,,,,,,,217200,TRUE,"failed_insufficient_support","placebo_offset_p180__fixed_49_species__checklist_reporting__active_minus_pre14","placebo_offset_p180",180,20260727
"post_stage4a_staged_refit_v1_s1_anchor","s1_anchor","atx_6cbe5bbd310c","Rhinoceros Auklet","core_species","checklist_reporting","active_minus_pre14",TRUE,,,,,,,,,,217200,TRUE,"failed_insufficient_support","placebo_offset_p180__fixed_49_species__checklist_reporting__active_minus_pre14","placebo_offset_p180",180,20260727
"post_stage4a_staged_refit_v1_s1_anchor","s1_anchor","atx_08bb40b40c0a","Ring-billed Gull","core_species","checklist_reporting","active_minus_pre14",TRUE,,,,,,,,,,217200,TRUE,"failed_insufficient_support","placebo_offset_p180__fixed_49_species__checklist_reporting__active_minus_pre14","placebo_offset_p180",180,20260727
"post_stage4a_staged_refit_v1_s1_anchor","s1_anchor","atx_e0e678a61ad7","Short-billed Gull","core_species","checklist_reporting","active_minus_pre14",TRUE,,,,,,,,,,217200,TRUE,"failed_insufficient_support","placebo_offset_p180__fixed_49_species__checklist_reporting__active_minus_pre14","placebo_offset_p180",180,20260727
"post_stage4a_staged_refit_v1_s1_anchor","s1_anchor","atx_1930f23cc4f8","Surf Scoter","core_species","checklist_reporting","active_minus_pre14",TRUE,,,,,,,,,,217183,TRUE,"failed_insufficient_support","placebo_offset_p180__fixed_49_species__checklist_reporting__active_minus_pre14","placebo_offset_p180",180,20260727
"post_stage4a_staged_refit_v1_s1_anchor","s1_anchor","atx_1812dd827ede","Surfbird","core_species","checklist_reporting","active_minus_pre14",TRUE,,,,,,,,,,217200,TRUE,"failed_insufficient_support","placebo_offset_p180__fixed_49_species__checklist_reporting__active_minus_pre14","placebo_offset_p180",180,20260727
"post_stage4a_staged_refit_v1_s1_anchor","s1_anchor","atx_ebf17f77fb66","Western Grebe","core_species","checklist_reporting","active_minus_pre14",TRUE,,,,,,,,,,217186,TRUE,"failed_insufficient_support","placebo_offset_p180__fixed_49_species__checklist_reporting__active_minus_pre14","placebo_offset_p180",180,20260727
"post_stage4a_staged_refit_v1_s1_anchor","s1_anchor","atx_5a9a3495d0ea","Western Gull","core_species","checklist_reporting","active_minus_pre14",TRUE,,,,,,,,,,216824,TRUE,"failed_insufficient_support","placebo_offset_p180__fixed_49_species__checklist_reporting__active_minus_pre14","placebo_offset_p180",180,20260727
"post_stage4a_staged_refit_v1_s1_anchor","s1_anchor","atx_3083477933a8","White-winged Scoter","core_species","checklist_reporting","active_minus_pre14",TRUE,,,,,,,,,,217199,TRUE,"failed_insufficient_support","placebo_offset_p180__fixed_49_species__checklist_reporting__active_minus_pre14","placebo_offset_p180",180,20260727
"post_stage4a_staged_refit_v1_s1_anchor","s1_anchor","atx_c9db024faf12","American Crow","core_species","conditional_positive_numeric_count","active_minus_pre14",TRUE,,,,,,,,,,112180,TRUE,"failed_insufficient_support","placebo_offset_p180__fixed_49_species__conditional_positive_numeric_count__active_minus_pre14","placebo_offset_p180",180,20260727
"post_stage4a_staged_refit_v1_s1_anchor","s1_anchor","atx_7571c026ae99","American Herring Gull","core_species","conditional_positive_numeric_count","active_minus_pre14",TRUE,,,,,,,,,,1851,TRUE,"failed_insufficient_support","placebo_offset_p180__fixed_49_species__conditional_positive_numeric_count__active_minus_pre14","placebo_offset_p180",180,20260727
"post_stage4a_staged_refit_v1_s1_anchor","s1_anchor","atx_a113baee5693","American Wigeon","core_species","conditional_positive_numeric_count","active_minus_pre14",TRUE,,,,,,,,,,34665,TRUE,"failed_insufficient_support","placebo_offset_p180__fixed_49_species__conditional_positive_numeric_count__active_minus_pre14","placebo_offset_p180",180,20260727
"post_stage4a_staged_refit_v1_s1_anchor","s1_anchor","atx_fc0a9b777dcd","Bald Eagle","core_species","conditional_positive_numeric_count","active_minus_pre14",TRUE,,,,,,,,,,83359,TRUE,"failed_insufficient_support","placebo_offset_p180__fixed_49_species__conditional_positive_numeric_count__active_minus_pre14","placebo_offset_p180",180,20260727
"post_stage4a_staged_refit_v1_s1_anchor","s1_anchor","atx_d7dd9536145c","Barrow's Goldeneye","core_species","conditional_positive_numeric_count","active_minus_pre14",TRUE,,,,,,,,,,10960,TRUE,"failed_insufficient_support","placebo_offset_p180__fixed_49_species__conditional_positive_numeric_count__active_minus_pre14","placebo_offset_p180",180,20260727
"post_stage4a_staged_refit_v1_s1_anchor","s1_anchor","atx_v2_000006","Black-bellied Plover","core_species","conditional_positive_numeric_count","active_minus_pre14",TRUE,,,,,,,,,,3973,TRUE,"failed_insufficient_support","placebo_offset_p180__fixed_49_species__conditional_positive_numeric_count__active_minus_pre14","placebo_offset_p180",180,20260727
"post_stage4a_staged_refit_v1_s1_anchor","s1_anchor","atx_v2_000002","Black Oystercatcher","core_species","conditional_positive_numeric_count","active_minus_pre14",TRUE,,,,,,,,,,13626,TRUE,"failed_insufficient_support","placebo_offset_p180__fixed_49_species__conditional_positive_numeric_count__active_minus_pre14","placebo_offset_p180",180,20260727
"post_stage4a_staged_refit_v1_s1_anchor","s1_anchor","atx_1328b44be502","Black Scoter","core_species","conditional_positive_numeric_count","active_minus_pre14",TRUE,,,,,,,,,,1684,TRUE,"failed_insufficient_support","placebo_offset_p180__fixed_49_species__conditional_positive_numeric_count__active_minus_pre14","placebo_offset_p180",180,20260727
"post_stage4a_staged_refit_v1_s1_anchor","s1_anchor","atx_15dd5efcd8d6","Black Turnstone","core_species","conditional_positive_numeric_count","active_minus_pre14",TRUE,,,,,,,,,,4421,TRUE,"failed_insufficient_support","placebo_offset_p180__fixed_49_species__conditional_positive_numeric_count__active_minus_pre14","placebo_offset_p180",180,20260727
"post_stage4a_staged_refit_v1_s1_anchor","s1_anchor","atx_fadb8da1a816","Bonaparte's Gull","core_species","conditional_positive_numeric_count","active_minus_pre14",TRUE,,,,,,,,,,4025,TRUE,"failed_insufficient_support","placebo_offset_p180__fixed_49_species__conditional_positive_numeric_count__active_minus_pre14","placebo_offset_p180",180,20260727
"post_stage4a_staged_refit_v1_s1_anchor","s1_anchor","atx_98ca0000b734","Brandt's Cormorant","core_species","conditional_positive_numeric_count","active_minus_pre14",TRUE,,,,,,,,,,2573,TRUE,"failed_insufficient_support","placebo_offset_p180__fixed_49_species__conditional_positive_numeric_count__active_minus_pre14","placebo_offset_p180",180,20260727
"post_stage4a_staged_refit_v1_s1_anchor","s1_anchor","atx_59441ff7abde","Brant","core_species","conditional_positive_numeric_count","active_minus_pre14",TRUE,,,,,,,,,,3796,TRUE,"failed_insufficient_support","placebo_offset_p180__fixed_49_species__conditional_positive_numeric_count__active_minus_pre14","placebo_offset_p180",180,20260727
"post_stage4a_staged_refit_v1_s1_anchor","s1_anchor","atx_99238953638b","Bufflehead","core_species","conditional_positive_numeric_count","active_minus_pre14",TRUE,,,,,,,,,,50039,TRUE,"failed_insufficient_support","placebo_offset_p180__fixed_49_species__conditional_positive_numeric_count__active_minus_pre14","placebo_offset_p180",180,20260727
"post_stage4a_staged_refit_v1_s1_anchor","s1_anchor","atx_c12b832d2b03","California Gull","core_species","conditional_positive_numeric_count","active_minus_pre14",TRUE,,,,,,,,,,6644,TRUE,"failed_insufficient_support","placebo_offset_p180__fixed_49_species__conditional_positive_numeric_count__active_minus_pre14","placebo_offset_p180",180,20260727
"post_stage4a_staged_refit_v1_s1_anchor","s1_anchor","atx_b3d3ea90f9cb","Canada Goose","core_species","conditional_positive_numeric_count","active_minus_pre14",TRUE,,,,,,,,,,68271,TRUE,"failed_insufficient_support","placebo_offset_p180__fixed_49_species__conditional_positive_numeric_count__active_minus_pre14","placebo_offset_p180",180,20260727
"post_stage4a_staged_refit_v1_s1_anchor","s1_anchor","atx_82312e6f2848","Common Goldeneye","core_species","conditional_positive_numeric_count","active_minus_pre14",TRUE,,,,,,,,,,21195,TRUE,"failed_insufficient_support","placebo_offset_p180__fixed_49_species__conditional_positive_numeric_count__active_minus_pre14","placebo_offset_p180",180,20260727
"post_stage4a_staged_refit_v1_s1_anchor","s1_anchor","atx_9ae1aa9b7fdf","Common Loon","core_species","conditional_positive_numeric_count","active_minus_pre14",TRUE,,,,,,,,,,15359,TRUE,"failed_insufficient_support","placebo_offset_p180__fixed_49_species__conditional_positive_numeric_count__active_minus_pre14","placebo_offset_p180",180,20260727
"post_stage4a_staged_refit_v1_s1_anchor","s1_anchor","atx_35518e24dfdd","Common Merganser","core_species","conditional_positive_numeric_count","active_minus_pre14",TRUE,,,,,,,,,,27776,TRUE,"failed_insufficient_support","placebo_offset_p180__fixed_49_species__conditional_positive_numeric_count__active_minus_pre14","placebo_offset_p180",180,20260727
"post_stage4a_staged_refit_v1_s1_anchor","s1_anchor","atx_136b0e66254b","Common Murre","core_species","conditional_positive_numeric_count","active_minus_pre14",TRUE,,,,,,,,,,2023,TRUE,"failed_insufficient_support","placebo_offset_p180__fixed_49_species__conditional_positive_numeric_count__active_minus_pre14","placebo_offset_p180",180,20260727
"post_stage4a_staged_refit_v1_s1_anchor","s1_anchor","atx_v2_000007","Common Raven","core_species","conditional_positive_numeric_count","active_minus_pre14",TRUE,,,,,,,,,,60940,TRUE,"failed_insufficient_support","placebo_offset_p180__fixed_49_species__conditional_positive_numeric_count__active_minus_pre14","placebo_offset_p180",180,20260727
"post_stage4a_staged_refit_v1_s1_anchor","s1_anchor","atx_a444854c6b66","Double-crested Cormorant","core_species","conditional_positive_numeric_count","active_minus_pre14",TRUE,,,,,,,,,,29011,TRUE,"failed_insufficient_support","placebo_offset_p180__fixed_49_species__conditional_positive_numeric_count__active_minus_pre14","placebo_offset_p180",180,20260727
"post_stage4a_staged_refit_v1_s1_anchor","s1_anchor","atx_v2_000003","Dunlin","core_species","conditional_positive_numeric_count","active_minus_pre14",TRUE,,,,,,,,,,5908,TRUE,"failed_insufficient_support","placebo_offset_p180__fixed_49_species__conditional_positive_numeric_count__active_minus_pre14","placebo_offset_p180",180,20260727
"post_stage4a_staged_refit_v1_s1_anchor","s1_anchor","atx_725074cbfcb6","Glaucous-winged Gull","core_species","conditional_positive_numeric_count","active_minus_pre14",TRUE,,,,,,,,,,85053,TRUE,"failed_insufficient_support","placebo_offset_p180__fixed_49_species__conditional_positive_numeric_count__active_minus_pre14","placebo_offset_p180",180,20260727
"post_stage4a_staged_refit_v1_s1_anchor","s1_anchor","atx_v2_000011","Glaucous Gull","core_species","conditional_positive_numeric_count","active_minus_pre14",TRUE,,,,,,,,,,185,TRUE,"failed_insufficient_support","placebo_offset_p180__fixed_49_species__conditional_positive_numeric_count__active_minus_pre14","placebo_offset_p180",180,20260727
"post_stage4a_staged_refit_v1_s1_anchor","s1_anchor","atx_7b80ddaff058","Great Blue Heron","core_species","conditional_positive_numeric_count","active_minus_pre14",TRUE,,,,,,,,,,50285,TRUE,"failed_insufficient_support","placebo_offset_p180__fixed_49_species__conditional_positive_numeric_count__active_minus_pre14","placebo_offset_p180",180,20260727
"post_stage4a_staged_refit_v1_s1_anchor","s1_anchor","atx_4ae57d328ec6","Greater Scaup","core_species","conditional_positive_numeric_count","active_minus_pre14",TRUE,,,,,,,,,,4514,TRUE,"failed_insufficient_support","placebo_offset_p180__fixed_49_species__conditional_positive_numeric_count__active_minus_pre14","placebo_offset_p180",180,20260727
"post_stage4a_staged_refit_v1_s1_anchor","s1_anchor","atx_87b306550dba","Harlequin Duck","core_species","conditional_positive_numeric_count","active_minus_pre14",TRUE,,,,,,,,,,12030,TRUE,"failed_insufficient_support","placebo_offset_p180__fixed_49_species__conditional_positive_numeric_count__active_minus_pre14","placebo_offset_p180",180,20260727
"post_stage4a_staged_refit_v1_s1_anchor","s1_anchor","atx_04afbeb21fb0","Hooded Merganser","core_species","conditional_positive_numeric_count","active_minus_pre14",TRUE,,,,,,,,,,20340,TRUE,"failed_insufficient_support","placebo_offset_p180__fixed_49_species__conditional_positive_numeric_count__active_minus_pre14","placebo_offset_p180",180,20260727
"post_stage4a_staged_refit_v1_s1_anchor","s1_anchor","atx_6b4cfd1ab927","Horned Grebe","core_species","conditional_positive_numeric_count","active_minus_pre14",TRUE,,,,,,,,,,13054,TRUE,"failed_insufficient_support","placebo_offset_p180__fixed_49_species__conditional_positive_numeric_count__active_minus_pre14","placebo_offset_p180",180,20260727
"post_stage4a_staged_refit_v1_s1_anchor","s1_anchor","atx_aa5353f6d6d2","Iceland Gull","core_species","conditional_positive_numeric_count","active_minus_pre14",TRUE,,,,,,,,,,4317,TRUE,"failed_insufficient_support","placebo_offset_p180__fixed_49_species__conditional_positive_numeric_count__active_minus_pre14","placebo_offset_p180",180,20260727
"post_stage4a_staged_refit_v1_s1_anchor","s1_anchor","atx_d002764a39e8","Lesser Scaup","core_species","conditional_positive_numeric_count","active_minus_pre14",TRUE,,,,,,,,,,9378,TRUE,"failed_insufficient_support","placebo_offset_p180__fixed_49_species__conditional_positive_numeric_count__active_minus_pre14","placebo_offset_p180",180,20260727
"post_stage4a_staged_refit_v1_s1_anchor","s1_anchor","atx_40f730f5ad72","Long-tailed Duck","core_species","conditional_positive_numeric_count","active_minus_pre14",TRUE,,,,,,,,,,2946,TRUE,"failed_insufficient_support","placebo_offset_p180__fixed_49_species__conditional_positive_numeric_count__active_minus_pre14","placebo_offset_p180",180,20260727
"post_stage4a_staged_refit_v1_s1_anchor","s1_anchor","atx_815c98107028","Mallard","core_species","conditional_positive_numeric_count","active_minus_pre14",TRUE,,,,,,,,,,81526,TRUE,"failed_insufficient_support","placebo_offset_p180__fixed_49_species__conditional_positive_numeric_count__active_minus_pre14","placebo_offset_p180",180,20260727
"post_stage4a_staged_refit_v1_s1_anchor","s1_anchor","atx_acf526bb8010","Marbled Murrelet","core_species","conditional_positive_numeric_count","active_minus_pre14",TRUE,,,,,,,,,,3103,TRUE,"failed_insufficient_support","placebo_offset_p180__fixed_49_species__conditional_positive_numeric_count__active_minus_pre14","placebo_offset_p180",180,20260727
"post_stage4a_staged_refit_v1_s1_anchor","s1_anchor","atx_7d980a7c8c37","Northern Pintail","core_species","conditional_positive_numeric_count","active_minus_pre14",TRUE,,,,,,,,,,14278,TRUE,"failed_insufficient_support","placebo_offset_p180__fixed_49_species__conditional_positive_numeric_count__active_minus_pre14","placebo_offset_p180",180,20260727
"post_stage4a_staged_refit_v1_s1_anchor","s1_anchor","atx_c34f23342a55","Pacific Loon","core_species","conditional_positive_numeric_count","active_minus_pre14",TRUE,,,,,,,,,,6049,TRUE,"failed_insufficient_support","placebo_offset_p180__fixed_49_species__conditional_positive_numeric_count__active_minus_pre14","placebo_offset_p180",180,20260727
"post_stage4a_staged_refit_v1_s1_anchor","s1_anchor","atx_35707a9578d5","Pelagic Cormorant","core_species","conditional_positive_numeric_count","active_minus_pre14",TRUE,,,,,,,,,,18881,TRUE,"failed_insufficient_support","placebo_offset_p180__fixed_49_species__conditional_positive_numeric_count__active_minus_pre14","placebo_offset_p180",180,20260727
"post_stage4a_staged_refit_v1_s1_anchor","s1_anchor","atx_8608f2ed61cf","Pigeon Guillemot","core_species","conditional_positive_numeric_count","active_minus_pre14",TRUE,,,,,,,,,,6342,TRUE,"failed_insufficient_support","placebo_offset_p180__fixed_49_species__conditional_positive_numeric_count__active_minus_pre14","placebo_offset_p180",180,20260727
"post_stage4a_staged_refit_v1_s1_anchor","s1_anchor","atx_c2d1fbbaf6d3","Red-breasted Merganser","core_species","conditional_positive_numeric_count","active_minus_pre14",TRUE,,,,,,,,,,13364,TRUE,"failed_insufficient_support","placebo_offset_p180__fixed_49_species__conditional_positive_numeric_count__active_minus_pre14","placebo_offset_p180",180,20260727
"post_stage4a_staged_refit_v1_s1_anchor","s1_anchor","atx_86eda7ed9025","Red-necked Grebe","core_species","conditional_positive_numeric_count","active_minus_pre14",TRUE,,,,,,,,,,8109,TRUE,"failed_insufficient_support","placebo_offset_p180__fixed_49_species__conditional_positive_numeric_count__active_minus_pre14","placebo_offset_p180",180,20260727
"post_stage4a_staged_refit_v1_s1_anchor","s1_anchor","atx_04cf65098f13","Red-throated Loon","core_species","conditional_positive_numeric_count","active_minus_pre14",TRUE,,,,,,,,,,1488,TRUE,"failed_insufficient_support","placebo_offset_p180__fixed_49_species__conditional_positive_numeric_count__active_minus_pre14","placebo_offset_p180",180,20260727
"post_stage4a_staged_refit_v1_s1_anchor","s1_anchor","atx_6cbe5bbd310c","Rhinoceros Auklet","core_species","conditional_positive_numeric_count","active_minus_pre14",TRUE,,,,,,,,,,1816,TRUE,"failed_insufficient_support","placebo_offset_p180__fixed_49_species__conditional_positive_numeric_count__active_minus_pre14","placebo_offset_p180",180,20260727
"post_stage4a_staged_refit_v1_s1_anchor","s1_anchor","atx_08bb40b40c0a","Ring-billed Gull","core_species","conditional_positive_numeric_count","active_minus_pre14",TRUE,,,,,,,,,,4549,TRUE,"failed_insufficient_support","placebo_offset_p180__fixed_49_species__conditional_positive_numeric_count__active_minus_pre14","placebo_offset_p180",180,20260727
"post_stage4a_staged_refit_v1_s1_anchor","s1_anchor","atx_e0e678a61ad7","Short-billed Gull","core_species","conditional_positive_numeric_count","active_minus_pre14",TRUE,,,,,,,,,,22003,TRUE,"failed_insufficient_support","placebo_offset_p180__fixed_49_species__conditional_positive_numeric_count__active_minus_pre14","placebo_offset_p180",180,20260727
"post_stage4a_staged_refit_v1_s1_anchor","s1_anchor","atx_1930f23cc4f8","Surf Scoter","core_species","conditional_positive_numeric_count","active_minus_pre14",TRUE,,,,,,,,,,16632,TRUE,"failed_insufficient_support","placebo_offset_p180__fixed_49_species__conditional_positive_numeric_count__active_minus_pre14","placebo_offset_p180",180,20260727
"post_stage4a_staged_refit_v1_s1_anchor","s1_anchor","atx_1812dd827ede","Surfbird","core_species","conditional_positive_numeric_count","active_minus_pre14",TRUE,,,,,,,,,,1063,TRUE,"failed_insufficient_support","placebo_offset_p180__fixed_49_species__conditional_positive_numeric_count__active_minus_pre14","placebo_offset_p180",180,20260727
"post_stage4a_staged_refit_v1_s1_anchor","s1_anchor","atx_ebf17f77fb66","Western Grebe","core_species","conditional_positive_numeric_count","active_minus_pre14",TRUE,,,,,,,,,,1346,TRUE,"failed_insufficient_support","placebo_offset_p180__fixed_49_species__conditional_positive_numeric_count__active_minus_pre14","placebo_offset_p180",180,20260727
"post_stage4a_staged_refit_v1_s1_anchor","s1_anchor","atx_5a9a3495d0ea","Western Gull","core_species","conditional_positive_numeric_count","active_minus_pre14",TRUE,,,,,,,,,,712,TRUE,"failed_insufficient_support","placebo_offset_p180__fixed_49_species__conditional_positive_numeric_count__active_minus_pre14","placebo_offset_p180",180,20260727
"post_stage4a_staged_refit_v1_s1_anchor","s1_anchor","atx_3083477933a8","White-winged Scoter","core_species","conditional_positive_numeric_count","active_minus_pre14",TRUE,,,,,,,,,,4706,TRUE,"failed_insufficient_support","placebo_offset_p180__fixed_49_species__conditional_positive_numeric_count__active_minus_pre14","placebo_offset_p180",180,20260727
