"outcome","row_coefficient","column_coefficient","covariance"
"detection","db_band_0_2_baseline","db_band_0_2_baseline",0.0011554528388071
"detection","db_band_2_4_baseline","db_band_0_2_baseline",-0.000198318340214404
"detection","db_band_4_6_baseline","db_band_0_2_baseline",-0.000124276414263776
"detection","db_band_6_8_baseline","db_band_0_2_baseline",-1.71982296230842e-05
"detection","db_band_8_10_baseline","db_band_0_2_baseline",-2.10159093289917e-05
"detection","db_band_10_20_baseline","db_band_0_2_baseline",-2.4935091892836e-05
"detection","db_band_0_2_early_pre","db_band_0_2_baseline",-3.7181507743002e-05
"detection","db_band_2_4_early_pre","db_band_0_2_baseline",1.5831460799752e-05
"detection","db_band_4_6_early_pre","db_band_0_2_baseline",1.14535919745366e-05
"detection","db_band_6_8_early_pre","db_band_0_2_baseline",7.21950211067057e-06
"detection","db_band_8_10_early_pre","db_band_0_2_baseline",-1.05262438359307e-05
"detection","db_band_10_20_early_pre","db_band_0_2_baseline",2.01438231234422e-06
"detection","db_band_0_2_immediate_pre","db_band_0_2_baseline",-2.07663846918071e-05
"detection","db_band_2_4_immediate_pre","db_band_0_2_baseline",1.99755109136199e-05
"detection","db_band_4_6_immediate_pre","db_band_0_2_baseline",9.48362119617343e-06
"detection","db_band_6_8_immediate_pre","db_band_0_2_baseline",1.52913327861555e-06
"detection","db_band_8_10_immediate_pre","db_band_0_2_baseline",-1.37225714702195e-07
"detection","db_band_10_20_immediate_pre","db_band_0_2_baseline",-3.38343972721563e-07
"detection","db_band_0_2_spawn_start","db_band_0_2_baseline",3.06868645954332e-06
"detection","db_band_2_4_spawn_start","db_band_0_2_baseline",7.15326623978247e-06
"detection","db_band_4_6_spawn_start","db_band_0_2_baseline",4.18614304155111e-06
"detection","db_band_6_8_spawn_start","db_band_0_2_baseline",-1.87986095662666e-06
"detection","db_band_8_10_spawn_start","db_band_0_2_baseline",1.91658813712459e-06
"detection","db_band_10_20_spawn_start","db_band_0_2_baseline",-3.35821933198521e-07
"detection","db_band_0_2_early_egg","db_band_0_2_baseline",2.17596395495076e-05
"detection","db_band_2_4_early_egg","db_band_0_2_baseline",-1.16713032372935e-06
"detection","db_band_4_6_early_egg","db_band_0_2_baseline",8.95758703138536e-07
"detection","db_band_6_8_early_egg","db_band_0_2_baseline",-3.37061401238513e-06
"detection","db_band_8_10_early_egg","db_band_0_2_baseline",1.36348603802848e-07
"detection","db_band_10_20_early_egg","db_band_0_2_baseline",1.22310609822284e-07
"detection","db_band_0_2_late_egg","db_band_0_2_baseline",1.82809151897195e-05
"detection","db_band_2_4_late_egg","db_band_0_2_baseline",4.95443109067202e-08
"detection","db_band_4_6_late_egg","db_band_0_2_baseline",3.0705858664993e-06
"detection","db_band_6_8_late_egg","db_band_0_2_baseline",-1.84804117021756e-06
"detection","db_band_8_10_late_egg","db_band_0_2_baseline",-2.56689955308734e-06
"detection","db_band_10_20_late_egg","db_band_0_2_baseline",1.10383389207069e-06
"detection","db_band_0_2_baseline","db_band_2_4_baseline",-0.000198318340214404
"detection","db_band_2_4_baseline","db_band_2_4_baseline",0.000735076714910051
"detection","db_band_4_6_baseline","db_band_2_4_baseline",-0.000144696205987743
"detection","db_band_6_8_baseline","db_band_2_4_baseline",-3.70212829628412e-05
"detection","db_band_8_10_baseline","db_band_2_4_baseline",-1.8781702103075e-05
"detection","db_band_10_20_baseline","db_band_2_4_baseline",-1.93405750719754e-05
"detection","db_band_0_2_early_pre","db_band_2_4_baseline",-7.26394063782504e-06
"detection","db_band_2_4_early_pre","db_band_2_4_baseline",-2.65760827450213e-05
"detection","db_band_4_6_early_pre","db_band_2_4_baseline",1.38275506987597e-05
"detection","db_band_6_8_early_pre","db_band_2_4_baseline",-4.57666091379931e-06
"detection","db_band_8_10_early_pre","db_band_2_4_baseline",4.65187126205298e-06
"detection","db_band_10_20_early_pre","db_band_2_4_baseline",5.89483063985585e-07
"detection","db_band_0_2_immediate_pre","db_band_2_4_baseline",-8.13890157658903e-07
"detection","db_band_2_4_immediate_pre","db_band_2_4_baseline",-1.96450314487514e-05
"detection","db_band_4_6_immediate_pre","db_band_2_4_baseline",1.59968108550052e-05
"detection","db_band_6_8_immediate_pre","db_band_2_4_baseline",6.88173612025978e-07
"detection","db_band_8_10_immediate_pre","db_band_2_4_baseline",3.68849029981221e-06
"detection","db_band_10_20_immediate_pre","db_band_2_4_baseline",3.7420718664307e-07
"detection","db_band_0_2_spawn_start","db_band_2_4_baseline",2.41140636391381e-06
"detection","db_band_2_4_spawn_start","db_band_2_4_baseline",-3.02174564800471e-06
"detection","db_band_4_6_spawn_start","db_band_2_4_baseline",8.06695605108574e-06
"detection","db_band_6_8_spawn_start","db_band_2_4_baseline",2.96339056220028e-06
"detection","db_band_8_10_spawn_start","db_band_2_4_baseline",2.16641690994664e-06
"detection","db_band_10_20_spawn_start","db_band_2_4_baseline",6.52091440657634e-07
"detection","db_band_0_2_early_egg","db_band_2_4_baseline",2.77285250187574e-06
"detection","db_band_2_4_early_egg","db_band_2_4_baseline",1.18271010329169e-05
"detection","db_band_4_6_early_egg","db_band_2_4_baseline",2.61803756670967e-06
"detection","db_band_6_8_early_egg","db_band_2_4_baseline",-8.72703452132216e-07
"detection","db_band_8_10_early_egg","db_band_2_4_baseline",-1.03375041312517e-06
"detection","db_band_10_20_early_egg","db_band_2_4_baseline",-1.81024349535438e-07
"detection","db_band_0_2_late_egg","db_band_2_4_baseline",1.96051713322114e-06
"detection","db_band_2_4_late_egg","db_band_2_4_baseline",1.60245779344627e-05
"detection","db_band_4_6_late_egg","db_band_2_4_baseline",1.08491510777105e-06
"detection","db_band_6_8_late_egg","db_band_2_4_baseline",-5.42285773580583e-07
"detection","db_band_8_10_late_egg","db_band_2_4_baseline",-1.6428493300094e-06
"detection","db_band_10_20_late_egg","db_band_2_4_baseline",1.45403674523371e-07
"detection","db_band_0_2_baseline","db_band_4_6_baseline",-0.000124276414263776
"detection","db_band_2_4_baseline","db_band_4_6_baseline",-0.000144696205987743
"detection","db_band_4_6_baseline","db_band_4_6_baseline",0.000537104345719474
"detection","db_band_6_8_baseline","db_band_4_6_baseline",-0.000112344017279452
"detection","db_band_8_10_baseline","db_band_4_6_baseline",-6.34793431136126e-05
"detection","db_band_10_20_baseline","db_band_4_6_baseline",-1.65541773416937e-05
"detection","db_band_0_2_early_pre","db_band_4_6_baseline",1.16987066107298e-05
"detection","db_band_2_4_early_pre","db_band_4_6_baseline",4.23452963769382e-06
"detection","db_band_4_6_early_pre","db_band_4_6_baseline",-1.19992927309315e-05
"detection","db_band_6_8_early_pre","db_band_4_6_baseline",1.85726547944761e-06
"detection","db_band_8_10_early_pre","db_band_4_6_baseline",1.04240711563667e-06
"detection","db_band_10_20_early_pre","db_band_4_6_baseline",-3.41624974112251e-06
"detection","db_band_0_2_immediate_pre","db_band_4_6_baseline",1.14305430075297e-05
"detection","db_band_2_4_immediate_pre","db_band_4_6_baseline",-2.08325248832016e-07
"detection","db_band_4_6_immediate_pre","db_band_4_6_baseline",-3.97139454697133e-06
"detection","db_band_6_8_immediate_pre","db_band_4_6_baseline",2.07413976044143e-06
"detection","db_band_8_10_immediate_pre","db_band_4_6_baseline",2.65439734453591e-07
"detection","db_band_10_20_immediate_pre","db_band_4_6_baseline",1.3085724439373e-07
"detection","db_band_0_2_spawn_start","db_band_4_6_baseline",-1.5068063215042e-06
"detection","db_band_2_4_spawn_start","db_band_4_6_baseline",5.40563595608633e-07
"detection","db_band_4_6_spawn_start","db_band_4_6_baseline",1.24483979875273e-05
"detection","db_band_6_8_spawn_start","db_band_4_6_baseline",-4.32577915705151e-06
"detection","db_band_8_10_spawn_start","db_band_4_6_baseline",-7.39885340513478e-06
"detection","db_band_10_20_spawn_start","db_band_4_6_baseline",5.79241144067971e-10
"detection","db_band_0_2_early_egg","db_band_4_6_baseline",3.47106111945498e-07
"detection","db_band_2_4_early_egg","db_band_4_6_baseline",1.57035087414003e-06
"detection","db_band_4_6_early_egg","db_band_4_6_baseline",8.70441673225986e-06
"detection","db_band_6_8_early_egg","db_band_4_6_baseline",-1.88551535770962e-06
"detection","db_band_8_10_early_egg","db_band_4_6_baseline",1.4189601969518e-06
"detection","db_band_10_20_early_egg","db_band_4_6_baseline",3.58362016848623e-09
"detection","db_band_0_2_late_egg","db_band_4_6_baseline",1.82899266108941e-06
"detection","db_band_2_4_late_egg","db_band_4_6_baseline",-7.92371530240971e-07
"detection","db_band_4_6_late_egg","db_band_4_6_baseline",1.23922528469547e-05
"detection","db_band_6_8_late_egg","db_band_4_6_baseline",-2.0635291544303e-06
"detection","db_band_8_10_late_egg","db_band_4_6_baseline",-1.28643202188725e-06
"detection","db_band_10_20_late_egg","db_band_4_6_baseline",2.29333178526899e-07
"detection","db_band_0_2_baseline","db_band_6_8_baseline",-1.71982296230842e-05
"detection","db_band_2_4_baseline","db_band_6_8_baseline",-3.70212829628412e-05
"detection","db_band_4_6_baseline","db_band_6_8_baseline",-0.000112344017279452
"detection","db_band_6_8_baseline","db_band_6_8_baseline",0.00045000719162846
"detection","db_band_8_10_baseline","db_band_6_8_baseline",-0.000101388037798102
"detection","db_band_10_20_baseline","db_band_6_8_baseline",-2.53547278851477e-05
"detection","db_band_0_2_early_pre","db_band_6_8_baseline",-4.86327432770966e-07
"detection","db_band_2_4_early_pre","db_band_6_8_baseline",-5.54729380069774e-06
"detection","db_band_4_6_early_pre","db_band_6_8_baseline",4.08479059442865e-06
"detection","db_band_6_8_early_pre","db_band_6_8_baseline",-1.53611298997e-06
"detection","db_band_8_10_early_pre","db_band_6_8_baseline",4.43844149867878e-06
"detection","db_band_10_20_early_pre","db_band_6_8_baseline",-2.39939890888476e-06
"detection","db_band_0_2_immediate_pre","db_band_6_8_baseline",4.02068655569137e-06
"detection","db_band_2_4_immediate_pre","db_band_6_8_baseline",4.05641650155062e-06
"detection","db_band_4_6_immediate_pre","db_band_6_8_baseline",8.22430289446471e-06
"detection","db_band_6_8_immediate_pre","db_band_6_8_baseline",1.95234351831404e-07
"detection","db_band_8_10_immediate_pre","db_band_6_8_baseline",-3.11381782265445e-06
"detection","db_band_10_20_immediate_pre","db_band_6_8_baseline",-9.03381945255661e-07
"detection","db_band_0_2_spawn_start","db_band_6_8_baseline",2.62522462202296e-06
"detection","db_band_2_4_spawn_start","db_band_6_8_baseline",-2.99049827117098e-07
"detection","db_band_4_6_spawn_start","db_band_6_8_baseline",3.39169316072256e-06
"detection","db_band_6_8_spawn_start","db_band_6_8_baseline",1.07443000049967e-05
"detection","db_band_8_10_spawn_start","db_band_6_8_baseline",-6.25044250598941e-07
"detection","db_band_10_20_spawn_start","db_band_6_8_baseline",-9.68112423483911e-07
"detection","db_band_0_2_early_egg","db_band_6_8_baseline",-7.33071220522877e-07
"detection","db_band_2_4_early_egg","db_band_6_8_baseline",-2.0914045845122e-06
"detection","db_band_4_6_early_egg","db_band_6_8_baseline",-1.08362904356728e-06
"detection","db_band_6_8_early_egg","db_band_6_8_baseline",1.29690240570285e-05
"detection","db_band_8_10_early_egg","db_band_6_8_baseline",-1.42296864977382e-06
"detection","db_band_10_20_early_egg","db_band_6_8_baseline",2.59878645043145e-07
"detection","db_band_0_2_late_egg","db_band_6_8_baseline",-1.45161120420845e-06
"detection","db_band_2_4_late_egg","db_band_6_8_baseline",-1.07365829443368e-06
"detection","db_band_4_6_late_egg","db_band_6_8_baseline",-1.11783852315087e-06
"detection","db_band_6_8_late_egg","db_band_6_8_baseline",1.23998578504e-05
"detection","db_band_8_10_late_egg","db_band_6_8_baseline",-1.62512377496793e-06
"detection","db_band_10_20_late_egg","db_band_6_8_baseline",-7.48413253473177e-08
"detection","db_band_0_2_baseline","db_band_8_10_baseline",-2.10159093289917e-05
"detection","db_band_2_4_baseline","db_band_8_10_baseline",-1.8781702103075e-05
"detection","db_band_4_6_baseline","db_band_8_10_baseline",-6.34793431136126e-05
"detection","db_band_6_8_baseline","db_band_8_10_baseline",-0.000101388037798102
"detection","db_band_8_10_baseline","db_band_8_10_baseline",0.000409990308339876
"detection","db_band_10_20_baseline","db_band_8_10_baseline",-4.01793157778233e-05
"detection","db_band_0_2_early_pre","db_band_8_10_baseline",1.37822173662619e-05
"detection","db_band_2_4_early_pre","db_band_8_10_baseline",7.25016238703041e-06
"detection","db_band_4_6_early_pre","db_band_8_10_baseline",9.29206660806717e-07
"detection","db_band_6_8_early_pre","db_band_8_10_baseline",6.75679877598164e-07
"detection","db_band_8_10_early_pre","db_band_8_10_baseline",-1.01025623508145e-05
"detection","db_band_10_20_early_pre","db_band_8_10_baseline",9.5399979011169e-08
"detection","db_band_0_2_immediate_pre","db_band_8_10_baseline",2.68991924658236e-06
"detection","db_band_2_4_immediate_pre","db_band_8_10_baseline",2.49786987262507e-06
"detection","db_band_4_6_immediate_pre","db_band_8_10_baseline",2.85167709317653e-06
"detection","db_band_6_8_immediate_pre","db_band_8_10_baseline",2.95884855695682e-06
"detection","db_band_8_10_immediate_pre","db_band_8_10_baseline",-2.216587585531e-06
"detection","db_band_10_20_immediate_pre","db_band_8_10_baseline",-8.54254445819058e-08
"detection","db_band_0_2_spawn_start","db_band_8_10_baseline",-2.18490397749003e-06
"detection","db_band_2_4_spawn_start","db_band_8_10_baseline",2.97974573224543e-07
"detection","db_band_4_6_spawn_start","db_band_8_10_baseline",4.30550869385629e-06
"detection","db_band_6_8_spawn_start","db_band_8_10_baseline",-1.21076580601925e-07
"detection","db_band_8_10_spawn_start","db_band_8_10_baseline",1.36116177992312e-05
"detection","db_band_10_20_spawn_start","db_band_8_10_baseline",-1.97970917016071e-06
"detection","db_band_0_2_early_egg","db_band_8_10_baseline",-1.96341135801335e-06
"detection","db_band_2_4_early_egg","db_band_8_10_baseline",3.31863932299018e-07
"detection","db_band_4_6_early_egg","db_band_8_10_baseline",1.41881794423839e-06
"detection","db_band_6_8_early_egg","db_band_8_10_baseline",-1.74573565372289e-07
"detection","db_band_8_10_early_egg","db_band_8_10_baseline",1.57065310916417e-05
"detection","db_band_10_20_early_egg","db_band_8_10_baseline",-1.05028441888027e-06
"detection","db_band_0_2_late_egg","db_band_8_10_baseline",-2.82206791766901e-06
"detection","db_band_2_4_late_egg","db_band_8_10_baseline",-1.43645718015232e-06
"detection","db_band_4_6_late_egg","db_band_8_10_baseline",3.17975469811686e-07
"detection","db_band_6_8_late_egg","db_band_8_10_baseline",-1.09658660942238e-06
"detection","db_band_8_10_late_egg","db_band_8_10_baseline",1.63601536255357e-05
"detection","db_band_10_20_late_egg","db_band_8_10_baseline",-3.60788478006987e-07
"detection","db_band_0_2_baseline","db_band_10_20_baseline",-2.4935091892836e-05
"detection","db_band_2_4_baseline","db_band_10_20_baseline",-1.93405750719754e-05
"detection","db_band_4_6_baseline","db_band_10_20_baseline",-1.65541773416937e-05
"detection","db_band_6_8_baseline","db_band_10_20_baseline",-2.53547278851477e-05
"detection","db_band_8_10_baseline","db_band_10_20_baseline",-4.01793157778233e-05
"detection","db_band_10_20_baseline","db_band_10_20_baseline",5.21890275411782e-05
"detection","db_band_0_2_early_pre","db_band_10_20_baseline",-1.62910131691075e-06
"detection","db_band_2_4_early_pre","db_band_10_20_baseline",-2.13933228455857e-06
"detection","db_band_4_6_early_pre","db_band_10_20_baseline",-1.01777128952616e-06
"detection","db_band_6_8_early_pre","db_band_10_20_baseline",2.5044080343279e-06
"detection","db_band_8_10_early_pre","db_band_10_20_baseline",-1.57076047015944e-06
"detection","db_band_10_20_early_pre","db_band_10_20_baseline",-2.02893175531268e-06
"detection","db_band_0_2_immediate_pre","db_band_10_20_baseline",-3.51012403103738e-07
"detection","db_band_2_4_immediate_pre","db_band_10_20_baseline",1.79010033163157e-07
"detection","db_band_4_6_immediate_pre","db_band_10_20_baseline",-4.37363970831189e-06
"detection","db_band_6_8_immediate_pre","db_band_10_20_baseline",3.89078039755439e-08
"detection","db_band_8_10_immediate_pre","db_band_10_20_baseline",1.49335558306531e-06
"detection","db_band_10_20_immediate_pre","db_band_10_20_baseline",1.24647677387935e-06
"detection","db_band_0_2_spawn_start","db_band_10_20_baseline",2.45459396181504e-06
"detection","db_band_2_4_spawn_start","db_band_10_20_baseline",4.10161462931384e-08
"detection","db_band_4_6_spawn_start","db_band_10_20_baseline",-6.88634144836611e-06
"detection","db_band_6_8_spawn_start","db_band_10_20_baseline",-2.14441294959645e-07
"detection","db_band_8_10_spawn_start","db_band_10_20_baseline",4.78201402274617e-08
"detection","db_band_10_20_spawn_start","db_band_10_20_baseline",2.11890870483573e-06
"detection","db_band_0_2_early_egg","db_band_10_20_baseline",5.14230084686203e-08
"detection","db_band_2_4_early_egg","db_band_10_20_baseline",-5.62724295233732e-07
"detection","db_band_4_6_early_egg","db_band_10_20_baseline",-3.38626971026455e-07
"detection","db_band_6_8_early_egg","db_band_10_20_baseline",-1.17186021915486e-06
"detection","db_band_8_10_early_egg","db_band_10_20_baseline",-1.69201360336473e-06
"detection","db_band_10_20_early_egg","db_band_10_20_baseline",2.74749977308113e-06
"detection","db_band_0_2_late_egg","db_band_10_20_baseline",1.82127529347055e-06
"detection","db_band_2_4_late_egg","db_band_10_20_baseline",1.66006765531809e-07
"detection","db_band_4_6_late_egg","db_band_10_20_baseline",-1.22813980664493e-06
"detection","db_band_6_8_late_egg","db_band_10_20_baseline",2.8220436911101e-07
"detection","db_band_8_10_late_egg","db_band_10_20_baseline",-1.70159824034857e-07
"detection","db_band_10_20_late_egg","db_band_10_20_baseline",2.55444767703721e-06
"detection","db_band_0_2_baseline","db_band_0_2_early_pre",-3.7181507743002e-05
"detection","db_band_2_4_baseline","db_band_0_2_early_pre",-7.26394063782504e-06
"detection","db_band_4_6_baseline","db_band_0_2_early_pre",1.16987066107298e-05
"detection","db_band_6_8_baseline","db_band_0_2_early_pre",-4.86327432770966e-07
"detection","db_band_8_10_baseline","db_band_0_2_early_pre",1.37822173662619e-05
"detection","db_band_10_20_baseline","db_band_0_2_early_pre",-1.62910131691075e-06
"detection","db_band_0_2_early_pre","db_band_0_2_early_pre",0.00243113366206018
"detection","db_band_2_4_early_pre","db_band_0_2_early_pre",-0.000319594199101875
"detection","db_band_4_6_early_pre","db_band_0_2_early_pre",-0.000263675698002257
"detection","db_band_6_8_early_pre","db_band_0_2_early_pre",-4.03069285773185e-05
"detection","db_band_8_10_early_pre","db_band_0_2_early_pre",-7.10301050607639e-05
"detection","db_band_10_20_early_pre","db_band_0_2_early_pre",-3.92541230201736e-05
"detection","db_band_0_2_immediate_pre","db_band_0_2_early_pre",-2.75125147241361e-05
"detection","db_band_2_4_immediate_pre","db_band_0_2_early_pre",9.05606503236781e-06
"detection","db_band_4_6_immediate_pre","db_band_0_2_early_pre",1.45227546271537e-05
"detection","db_band_6_8_immediate_pre","db_band_0_2_early_pre",1.904118548143e-05
"detection","db_band_8_10_immediate_pre","db_band_0_2_early_pre",-9.4162039463899e-06
"detection","db_band_10_20_immediate_pre","db_band_0_2_early_pre",-5.77644936964995e-06
"detection","db_band_0_2_spawn_start","db_band_0_2_early_pre",9.10744516287234e-06
"detection","db_band_2_4_spawn_start","db_band_0_2_early_pre",7.7680311443995e-06
"detection","db_band_4_6_spawn_start","db_band_0_2_early_pre",1.06982311804958e-05
"detection","db_band_6_8_spawn_start","db_band_0_2_early_pre",7.04712470535261e-06
"detection","db_band_8_10_spawn_start","db_band_0_2_early_pre",-7.8544711563589e-06
"detection","db_band_10_20_spawn_start","db_band_0_2_early_pre",1.10345412015363e-06
"detection","db_band_0_2_early_egg","db_band_0_2_early_pre",9.47556258349378e-06
"detection","db_band_2_4_early_egg","db_band_0_2_early_pre",8.27314932360239e-06
"detection","db_band_4_6_early_egg","db_band_0_2_early_pre",5.70256434154465e-06
"detection","db_band_6_8_early_egg","db_band_0_2_early_pre",4.4695419999105e-07
"detection","db_band_8_10_early_egg","db_band_0_2_early_pre",-2.66849461001675e-06
"detection","db_band_10_20_early_egg","db_band_0_2_early_pre",-2.01103618717827e-06
"detection","db_band_0_2_late_egg","db_band_0_2_early_pre",1.94981613166781e-05
"detection","db_band_2_4_late_egg","db_band_0_2_early_pre",-1.26190321806508e-06
"detection","db_band_4_6_late_egg","db_band_0_2_early_pre",-1.42699621391584e-06
"detection","db_band_6_8_late_egg","db_band_0_2_early_pre",-1.05057024444134e-06
"detection","db_band_8_10_late_egg","db_band_0_2_early_pre",-6.47155519630867e-07
"detection","db_band_10_20_late_egg","db_band_0_2_early_pre",1.53306127908074e-06
"detection","db_band_0_2_baseline","db_band_2_4_early_pre",1.5831460799752e-05
"detection","db_band_2_4_baseline","db_band_2_4_early_pre",-2.65760827450213e-05
"detection","db_band_4_6_baseline","db_band_2_4_early_pre",4.23452963769382e-06
"detection","db_band_6_8_baseline","db_band_2_4_early_pre",-5.54729380069774e-06
"detection","db_band_8_10_baseline","db_band_2_4_early_pre",7.25016238703041e-06
"detection","db_band_10_20_baseline","db_band_2_4_early_pre",-2.13933228455857e-06
"detection","db_band_0_2_early_pre","db_band_2_4_early_pre",-0.000319594199101875
"detection","db_band_2_4_early_pre","db_band_2_4_early_pre",0.00147627562616099
"detection","db_band_4_6_early_pre","db_band_2_4_early_pre",-0.000287247121764518
"detection","db_band_6_8_early_pre","db_band_2_4_early_pre",-6.45125834616738e-05
"detection","db_band_8_10_early_pre","db_band_2_4_early_pre",-6.61848449960078e-05
"detection","db_band_10_20_early_pre","db_band_2_4_early_pre",-3.19416366540813e-05
"detection","db_band_0_2_immediate_pre","db_band_2_4_early_pre",8.65412791810817e-06
"detection","db_band_2_4_immediate_pre","db_band_2_4_early_pre",-5.77605797657648e-05
"detection","db_band_4_6_immediate_pre","db_band_2_4_early_pre",4.76897820364344e-06
"detection","db_band_6_8_immediate_pre","db_band_2_4_early_pre",3.62349432258475e-06
"detection","db_band_8_10_immediate_pre","db_band_2_4_early_pre",7.02772169008924e-06
"detection","db_band_10_20_immediate_pre","db_band_2_4_early_pre",8.34567691347074e-07
"detection","db_band_0_2_spawn_start","db_band_2_4_early_pre",1.3183023838684e-05
"detection","db_band_2_4_spawn_start","db_band_2_4_early_pre",-2.16089089126323e-05
"detection","db_band_4_6_spawn_start","db_band_2_4_early_pre",1.41692988713123e-05
"detection","db_band_6_8_spawn_start","db_band_2_4_early_pre",-1.14261944110233e-05
"detection","db_band_8_10_spawn_start","db_band_2_4_early_pre",5.6285207240703e-06
"detection","db_band_10_20_spawn_start","db_band_2_4_early_pre",-1.05470404301042e-06
"detection","db_band_0_2_early_egg","db_band_2_4_early_pre",5.17815604692235e-06
"detection","db_band_2_4_early_egg","db_band_2_4_early_pre",-1.24380233192929e-05
"detection","db_band_4_6_early_egg","db_band_2_4_early_pre",8.77270651370031e-06
"detection","db_band_6_8_early_egg","db_band_2_4_early_pre",-4.75054559465121e-06
"detection","db_band_8_10_early_egg","db_band_2_4_early_pre",4.79083262881071e-06
"detection","db_band_10_20_early_egg","db_band_2_4_early_pre",6.6794577977849e-07
"detection","db_band_0_2_late_egg","db_band_2_4_early_pre",-1.52703527017433e-06
"detection","db_band_2_4_late_egg","db_band_2_4_early_pre",2.48615033565425e-05
"detection","db_band_4_6_late_egg","db_band_2_4_early_pre",-1.85558848164596e-06
"detection","db_band_6_8_late_egg","db_band_2_4_early_pre",-2.45758249960914e-06
"detection","db_band_8_10_late_egg","db_band_2_4_early_pre",4.93694849888281e-07
"detection","db_band_10_20_late_egg","db_band_2_4_early_pre",-8.41137645730426e-07
"detection","db_band_0_2_baseline","db_band_4_6_early_pre",1.14535919745366e-05
"detection","db_band_2_4_baseline","db_band_4_6_early_pre",1.38275506987597e-05
"detection","db_band_4_6_baseline","db_band_4_6_early_pre",-1.19992927309315e-05
"detection","db_band_6_8_baseline","db_band_4_6_early_pre",4.08479059442865e-06
"detection","db_band_8_10_baseline","db_band_4_6_early_pre",9.29206660806717e-07
"detection","db_band_10_20_baseline","db_band_4_6_early_pre",-1.01777128952616e-06
"detection","db_band_0_2_early_pre","db_band_4_6_early_pre",-0.000263675698002257
"detection","db_band_2_4_early_pre","db_band_4_6_early_pre",-0.000287247121764518
"detection","db_band_4_6_early_pre","db_band_4_6_early_pre",0.00095717320996908
"detection","db_band_6_8_early_pre","db_band_4_6_early_pre",-0.000180535137743029
"detection","db_band_8_10_early_pre","db_band_4_6_early_pre",-9.72517438498914e-05
"detection","db_band_10_20_early_pre","db_band_4_6_early_pre",-3.65314739483946e-05
"detection","db_band_0_2_immediate_pre","db_band_4_6_early_pre",7.73949221268478e-06
"detection","db_band_2_4_immediate_pre","db_band_4_6_early_pre",-1.27024892901608e-06
"detection","db_band_4_6_immediate_pre","db_band_4_6_early_pre",-1.99312346050454e-05
"detection","db_band_6_8_immediate_pre","db_band_4_6_early_pre",-9.2624269784035e-07
"detection","db_band_8_10_immediate_pre","db_band_4_6_early_pre",-8.24575499063809e-07
"detection","db_band_10_20_immediate_pre","db_band_4_6_early_pre",-1.9561577305329e-06
"detection","db_band_0_2_spawn_start","db_band_4_6_early_pre",1.18783302348423e-05
"detection","db_band_2_4_spawn_start","db_band_4_6_early_pre",1.19664728140512e-05
"detection","db_band_4_6_spawn_start","db_band_4_6_early_pre",7.05478840879022e-07
"detection","db_band_6_8_spawn_start","db_band_4_6_early_pre",1.79904100153422e-06
"detection","db_band_8_10_spawn_start","db_band_4_6_early_pre",7.43908425759199e-06
"detection","db_band_10_20_spawn_start","db_band_4_6_early_pre",-1.73601102239291e-06
"detection","db_band_0_2_early_egg","db_band_4_6_early_pre",3.60183640092658e-06
"detection","db_band_2_4_early_egg","db_band_4_6_early_pre",3.52984973912929e-06
"detection","db_band_4_6_early_egg","db_band_4_6_early_pre",6.41832050081702e-06
"detection","db_band_6_8_early_egg","db_band_4_6_early_pre",3.82851103092049e-06
"detection","db_band_8_10_early_egg","db_band_4_6_early_pre",-3.17538618916159e-06
"detection","db_band_10_20_early_egg","db_band_4_6_early_pre",-9.13634398674989e-07
"detection","db_band_0_2_late_egg","db_band_4_6_early_pre",-1.9460067012219e-06
"detection","db_band_2_4_late_egg","db_band_4_6_early_pre",-4.11174519980339e-06
"detection","db_band_4_6_late_egg","db_band_4_6_early_pre",2.02107555503696e-05
"detection","db_band_6_8_late_egg","db_band_4_6_early_pre",-1.86092973335694e-06
"detection","db_band_8_10_late_egg","db_band_4_6_early_pre",-2.25771499153595e-06
"detection","db_band_10_20_late_egg","db_band_4_6_early_pre",-1.68478952881886e-07
"detection","db_band_0_2_baseline","db_band_6_8_early_pre",7.21950211067057e-06
"detection","db_band_2_4_baseline","db_band_6_8_early_pre",-4.57666091379931e-06
"detection","db_band_4_6_baseline","db_band_6_8_early_pre",1.85726547944761e-06
"detection","db_band_6_8_baseline","db_band_6_8_early_pre",-1.53611298997e-06
"detection","db_band_8_10_baseline","db_band_6_8_early_pre",6.75679877598164e-07
"detection","db_band_10_20_baseline","db_band_6_8_early_pre",2.5044080343279e-06
"detection","db_band_0_2_early_pre","db_band_6_8_early_pre",-4.03069285773185e-05
"detection","db_band_2_4_early_pre","db_band_6_8_early_pre",-6.45125834616738e-05
"detection","db_band_4_6_early_pre","db_band_6_8_early_pre",-0.000180535137743029
"detection","db_band_6_8_early_pre","db_band_6_8_early_pre",0.000839421548159928
"detection","db_band_8_10_early_pre","db_band_6_8_early_pre",-0.000208195795521796
"detection","db_band_10_20_early_pre","db_band_6_8_early_pre",-4.26996075106873e-05
"detection","db_band_0_2_immediate_pre","db_band_6_8_early_pre",1.0633387153424e-05
"detection","db_band_2_4_immediate_pre","db_band_6_8_early_pre",-6.40126221083881e-06
"detection","db_band_4_6_immediate_pre","db_band_6_8_early_pre",-6.53371908783987e-06
"detection","db_band_6_8_immediate_pre","db_band_6_8_early_pre",-1.06668157934154e-05
"detection","db_band_8_10_immediate_pre","db_band_6_8_early_pre",1.15651580369209e-05
"detection","db_band_10_20_immediate_pre","db_band_6_8_early_pre",-3.28396713570381e-06
"detection","db_band_0_2_spawn_start","db_band_6_8_early_pre",-4.57824038370063e-07
"detection","db_band_2_4_spawn_start","db_band_6_8_early_pre",7.07738166379516e-06
"detection","db_band_4_6_spawn_start","db_band_6_8_early_pre",8.26753839955093e-06
"detection","db_band_6_8_spawn_start","db_band_6_8_early_pre",-1.34415093575363e-05
"detection","db_band_8_10_spawn_start","db_band_6_8_early_pre",-2.92115323424573e-08
"detection","db_band_10_20_spawn_start","db_band_6_8_early_pre",-5.64306685553734e-07
"detection","db_band_0_2_early_egg","db_band_6_8_early_pre",5.91310830355556e-06
"detection","db_band_2_4_early_egg","db_band_6_8_early_pre",-1.30424797905351e-06
"detection","db_band_4_6_early_egg","db_band_6_8_early_pre",2.60003270774617e-06
"detection","db_band_6_8_early_egg","db_band_6_8_early_pre",3.2020140628969e-06
"detection","db_band_8_10_early_egg","db_band_6_8_early_pre",-1.87810123432189e-06
"detection","db_band_10_20_early_egg","db_band_6_8_early_pre",-1.19309772955912e-06
"detection","db_band_0_2_late_egg","db_band_6_8_early_pre",2.2285008855546e-07
"detection","db_band_2_4_late_egg","db_band_6_8_early_pre",-1.31240515067773e-06
"detection","db_band_4_6_late_egg","db_band_6_8_early_pre",-2.80725127297061e-06
"detection","db_band_6_8_late_egg","db_band_6_8_early_pre",1.51239365774485e-05
"detection","db_band_8_10_late_egg","db_band_6_8_early_pre",-1.89095981931629e-06
"detection","db_band_10_20_late_egg","db_band_6_8_early_pre",3.51864122788188e-07
"detection","db_band_0_2_baseline","db_band_8_10_early_pre",-1.05262438359307e-05
"detection","db_band_2_4_baseline","db_band_8_10_early_pre",4.65187126205298e-06
"detection","db_band_4_6_baseline","db_band_8_10_early_pre",1.04240711563667e-06
"detection","db_band_6_8_baseline","db_band_8_10_early_pre",4.43844149867878e-06
"detection","db_band_8_10_baseline","db_band_8_10_early_pre",-1.01025623508145e-05
"detection","db_band_10_20_baseline","db_band_8_10_early_pre",-1.57076047015944e-06
"detection","db_band_0_2_early_pre","db_band_8_10_early_pre",-7.10301050607639e-05
"detection","db_band_2_4_early_pre","db_band_8_10_early_pre",-6.61848449960078e-05
"detection","db_band_4_6_early_pre","db_band_8_10_early_pre",-9.72517438498914e-05
"detection","db_band_6_8_early_pre","db_band_8_10_early_pre",-0.000208195795521796
"detection","db_band_8_10_early_pre","db_band_8_10_early_pre",0.000761878351730841
"detection","db_band_10_20_early_pre","db_band_8_10_early_pre",-7.44325902801215e-05
"detection","db_band_0_2_immediate_pre","db_band_8_10_early_pre",-1.98865160272636e-07
"detection","db_band_2_4_immediate_pre","db_band_8_10_early_pre",1.61221422172009e-05
"detection","db_band_4_6_immediate_pre","db_band_8_10_early_pre",6.97888696379224e-06
"detection","db_band_6_8_immediate_pre","db_band_8_10_early_pre",3.56695903438653e-07
"detection","db_band_8_10_immediate_pre","db_band_8_10_early_pre",-2.03854282944844e-05
"detection","db_band_10_20_immediate_pre","db_band_8_10_early_pre",-1.43559915505139e-07
"detection","db_band_0_2_spawn_start","db_band_8_10_early_pre",-2.74841388204586e-07
"detection","db_band_2_4_spawn_start","db_band_8_10_early_pre",6.23022753790321e-06
"detection","db_band_4_6_spawn_start","db_band_8_10_early_pre",-3.90540069945231e-06
"detection","db_band_6_8_spawn_start","db_band_8_10_early_pre",8.47745300751322e-06
"detection","db_band_8_10_spawn_start","db_band_8_10_early_pre",-1.73513174501138e-05
"detection","db_band_10_20_spawn_start","db_band_8_10_early_pre",4.23162048796623e-06
"detection","db_band_0_2_early_egg","db_band_8_10_early_pre",-1.61197691612483e-06
"detection","db_band_2_4_early_egg","db_band_8_10_early_pre",1.07945446271872e-06
"detection","db_band_4_6_early_egg","db_band_8_10_early_pre",2.49238306000032e-06
"detection","db_band_6_8_early_egg","db_band_8_10_early_pre",4.36733647077577e-06
"detection","db_band_8_10_early_egg","db_band_8_10_early_pre",6.85668121753281e-06
"detection","db_band_10_20_early_egg","db_band_8_10_early_pre",-1.20187012917138e-06
"detection","db_band_0_2_late_egg","db_band_8_10_early_pre",1.65834798899057e-07
"detection","db_band_2_4_late_egg","db_band_8_10_early_pre",-1.038841747605e-06
"detection","db_band_4_6_late_egg","db_band_8_10_early_pre",-2.14561534202382e-06
"detection","db_band_6_8_late_egg","db_band_8_10_early_pre",-8.72706229836538e-07
"detection","db_band_8_10_late_egg","db_band_8_10_early_pre",1.78404472559146e-05
"detection","db_band_10_20_late_egg","db_band_8_10_early_pre",-1.0738271244081e-06
"detection","db_band_0_2_baseline","db_band_10_20_early_pre",2.01438231234422e-06
"detection","db_band_2_4_baseline","db_band_10_20_early_pre",5.89483063985585e-07
"detection","db_band_4_6_baseline","db_band_10_20_early_pre",-3.41624974112251e-06
"detection","db_band_6_8_baseline","db_band_10_20_early_pre",-2.39939890888476e-06
"detection","db_band_8_10_baseline","db_band_10_20_early_pre",9.5399979011169e-08
"detection","db_band_10_20_baseline","db_band_10_20_early_pre",-2.02893175531268e-06
"detection","db_band_0_2_early_pre","db_band_10_20_early_pre",-3.92541230201736e-05
"detection","db_band_2_4_early_pre","db_band_10_20_early_pre",-3.19416366540813e-05
"detection","db_band_4_6_early_pre","db_band_10_20_early_pre",-3.65314739483946e-05
"detection","db_band_6_8_early_pre","db_band_10_20_early_pre",-4.26996075106873e-05
"detection","db_band_8_10_early_pre","db_band_10_20_early_pre",-7.44325902801215e-05
"detection","db_band_10_20_early_pre","db_band_10_20_early_pre",0.000105591361410769
"detection","db_band_0_2_immediate_pre","db_band_10_20_early_pre",-7.19352624973181e-06
"detection","db_band_2_4_immediate_pre","db_band_10_20_early_pre",-5.8020817743254e-06
"detection","db_band_4_6_immediate_pre","db_band_10_20_early_pre",-1.06861710639847e-06
"detection","db_band_6_8_immediate_pre","db_band_10_20_early_pre",2.81719065593118e-06
"detection","db_band_8_10_immediate_pre","db_band_10_20_early_pre",-4.17413109306037e-06
"detection","db_band_10_20_immediate_pre","db_band_10_20_early_pre",-2.84466492519648e-06
"detection","db_band_0_2_spawn_start","db_band_10_20_early_pre",-1.50319978312765e-06
"detection","db_band_2_4_spawn_start","db_band_10_20_early_pre",-3.35711784768221e-06
"detection","db_band_4_6_spawn_start","db_band_10_20_early_pre",-2.02016638817058e-06
"detection","db_band_6_8_spawn_start","db_band_10_20_early_pre",8.40778219085e-07
"detection","db_band_8_10_spawn_start","db_band_10_20_early_pre",4.90142643431597e-06
"detection","db_band_10_20_spawn_start","db_band_10_20_early_pre",-4.57810205436361e-07
"detection","db_band_0_2_early_egg","db_band_10_20_early_pre",-3.03529039308011e-06
"detection","db_band_2_4_early_egg","db_band_10_20_early_pre",1.45227842629985e-06
"detection","db_band_4_6_early_egg","db_band_10_20_early_pre",-2.88230328596686e-06
"detection","db_band_6_8_early_egg","db_band_10_20_early_pre",-2.45037093325387e-06
"detection","db_band_8_10_early_egg","db_band_10_20_early_pre",8.7838118309277e-07
"detection","db_band_10_20_early_egg","db_band_10_20_early_pre",1.34256424571611e-06
"detection","db_band_0_2_late_egg","db_band_10_20_early_pre",1.10863976175166e-08
"detection","db_band_2_4_late_egg","db_band_10_20_early_pre",-1.71677598171015e-07
"detection","db_band_4_6_late_egg","db_band_10_20_early_pre",-4.9458284952935e-07
"detection","db_band_6_8_late_egg","db_band_10_20_early_pre",-3.54936712327277e-07
"detection","db_band_8_10_late_egg","db_band_10_20_early_pre",-1.17329075033126e-06
"detection","db_band_10_20_late_egg","db_band_10_20_early_pre",2.86379421971017e-06
"detection","db_band_0_2_baseline","db_band_0_2_immediate_pre",-2.07663846918071e-05
"detection","db_band_2_4_baseline","db_band_0_2_immediate_pre",-8.13890157658903e-07
"detection","db_band_4_6_baseline","db_band_0_2_immediate_pre",1.14305430075297e-05
"detection","db_band_6_8_baseline","db_band_0_2_immediate_pre",4.02068655569137e-06
"detection","db_band_8_10_baseline","db_band_0_2_immediate_pre",2.68991924658236e-06
"detection","db_band_10_20_baseline","db_band_0_2_immediate_pre",-3.51012403103738e-07
"detection","db_band_0_2_early_pre","db_band_0_2_immediate_pre",-2.75125147241361e-05
"detection","db_band_2_4_early_pre","db_band_0_2_immediate_pre",8.65412791810817e-06
"detection","db_band_4_6_early_pre","db_band_0_2_immediate_pre",7.73949221268478e-06
"detection","db_band_6_8_early_pre","db_band_0_2_immediate_pre",1.0633387153424e-05
"detection","db_band_8_10_early_pre","db_band_0_2_immediate_pre",-1.98865160272636e-07
"detection","db_band_10_20_early_pre","db_band_0_2_immediate_pre",-7.19352624973181e-06
"detection","db_band_0_2_immediate_pre","db_band_0_2_immediate_pre",0.00251488067512124
"detection","db_band_2_4_immediate_pre","db_band_0_2_immediate_pre",-0.000413834488888265
"detection","db_band_4_6_immediate_pre","db_band_0_2_immediate_pre",-0.000305196615426469
"detection","db_band_6_8_immediate_pre","db_band_0_2_immediate_pre",-4.17807508562291e-05
"detection","db_band_8_10_immediate_pre","db_band_0_2_immediate_pre",-4.82988336214663e-05
"detection","db_band_10_20_immediate_pre","db_band_0_2_immediate_pre",-4.92077913713487e-05
"detection","db_band_0_2_spawn_start","db_band_0_2_immediate_pre",1.83982976962596e-05
"detection","db_band_2_4_spawn_start","db_band_0_2_immediate_pre",6.23729878517047e-06
"detection","db_band_4_6_spawn_start","db_band_0_2_immediate_pre",1.83157834176334e-05
"detection","db_band_6_8_spawn_start","db_band_0_2_immediate_pre",1.1210250183675e-05
"detection","db_band_8_10_spawn_start","db_band_0_2_immediate_pre",3.90364113339768e-06
"detection","db_band_10_20_spawn_start","db_band_0_2_immediate_pre",-9.77540960267807e-06
"detection","db_band_0_2_early_egg","db_band_0_2_immediate_pre",-2.2235980491822e-05
"detection","db_band_2_4_early_egg","db_band_0_2_immediate_pre",1.66630607082491e-05
"detection","db_band_4_6_early_egg","db_band_0_2_immediate_pre",7.70677607789599e-06
"detection","db_band_6_8_early_egg","db_band_0_2_immediate_pre",8.1846518014916e-06
"detection","db_band_8_10_early_egg","db_band_0_2_immediate_pre",-9.50760595797061e-07
"detection","db_band_10_20_early_egg","db_band_0_2_immediate_pre",1.51377215403925e-06
"detection","db_band_0_2_late_egg","db_band_0_2_immediate_pre",-3.63998418464251e-06
"detection","db_band_2_4_late_egg","db_band_0_2_immediate_pre",4.33929324190266e-06
"detection","db_band_4_6_late_egg","db_band_0_2_immediate_pre",3.93023898239234e-06
"detection","db_band_6_8_late_egg","db_band_0_2_immediate_pre",-2.61958610208925e-06
"detection","db_band_8_10_late_egg","db_band_0_2_immediate_pre",1.66703646776404e-06
"detection","db_band_10_20_late_egg","db_band_0_2_immediate_pre",-5.46774564512091e-07
"detection","db_band_0_2_baseline","db_band_2_4_immediate_pre",1.99755109136199e-05
"detection","db_band_2_4_baseline","db_band_2_4_immediate_pre",-1.96450314487514e-05
"detection","db_band_4_6_baseline","db_band_2_4_immediate_pre",-2.08325248832016e-07
"detection","db_band_6_8_baseline","db_band_2_4_immediate_pre",4.05641650155062e-06
"detection","db_band_8_10_baseline","db_band_2_4_immediate_pre",2.49786987262507e-06
"detection","db_band_10_20_baseline","db_band_2_4_immediate_pre",1.79010033163157e-07
"detection","db_band_0_2_early_pre","db_band_2_4_immediate_pre",9.05606503236781e-06
"detection","db_band_2_4_early_pre","db_band_2_4_immediate_pre",-5.77605797657648e-05
"detection","db_band_4_6_early_pre","db_band_2_4_immediate_pre",-1.27024892901608e-06
"detection","db_band_6_8_early_pre","db_band_2_4_immediate_pre",-6.40126221083881e-06
"detection","db_band_8_10_early_pre","db_band_2_4_immediate_pre",1.61221422172009e-05
"detection","db_band_10_20_early_pre","db_band_2_4_immediate_pre",-5.8020817743254e-06
"detection","db_band_0_2_immediate_pre","db_band_2_4_immediate_pre",-0.000413834488888265
"detection","db_band_2_4_immediate_pre","db_band_2_4_immediate_pre",0.00165622726667674
"detection","db_band_4_6_immediate_pre","db_band_2_4_immediate_pre",-0.000300190751319472
"detection","db_band_6_8_immediate_pre","db_band_2_4_immediate_pre",-8.75964142815979e-05
"detection","db_band_8_10_immediate_pre","db_band_2_4_immediate_pre",-6.53429552046208e-05
"detection","db_band_10_20_immediate_pre","db_band_2_4_immediate_pre",-3.51118645296503e-05
"detection","db_band_0_2_spawn_start","db_band_2_4_immediate_pre",-3.53501334915326e-05
"detection","db_band_2_4_spawn_start","db_band_2_4_immediate_pre",-1.46797129865513e-05
"detection","db_band_4_6_spawn_start","db_band_2_4_immediate_pre",7.2727922224502e-06
"detection","db_band_6_8_spawn_start","db_band_2_4_immediate_pre",-8.25356080555828e-06
"detection","db_band_8_10_spawn_start","db_band_2_4_immediate_pre",4.09775330822052e-06
"detection","db_band_10_20_spawn_start","db_band_2_4_immediate_pre",2.02062161427584e-06
"detection","db_band_0_2_early_egg","db_band_2_4_immediate_pre",1.65415558146978e-05
"detection","db_band_2_4_early_egg","db_band_2_4_immediate_pre",-2.38178989003516e-05
"detection","db_band_4_6_early_egg","db_band_2_4_immediate_pre",1.41712324075684e-05
"detection","db_band_6_8_early_egg","db_band_2_4_immediate_pre",-9.91902461122552e-07
"detection","db_band_8_10_early_egg","db_band_2_4_immediate_pre",4.08675079961059e-06
"detection","db_band_10_20_early_egg","db_band_2_4_immediate_pre",-5.15843364591014e-07
"detection","db_band_0_2_late_egg","db_band_2_4_immediate_pre",2.33783733594862e-06
"detection","db_band_2_4_late_egg","db_band_2_4_immediate_pre",2.33375810079388e-06
"detection","db_band_4_6_late_egg","db_band_2_4_immediate_pre",4.02651018596867e-06
"detection","db_band_6_8_late_egg","db_band_2_4_immediate_pre",3.71046708433515e-06
"detection","db_band_8_10_late_egg","db_band_2_4_immediate_pre",3.26277008547396e-07
"detection","db_band_10_20_late_egg","db_band_2_4_immediate_pre",-3.99019821772708e-07
"detection","db_band_0_2_baseline","db_band_4_6_immediate_pre",9.48362119617343e-06
"detection","db_band_2_4_baseline","db_band_4_6_immediate_pre",1.59968108550052e-05
"detection","db_band_4_6_baseline","db_band_4_6_immediate_pre",-3.97139454697133e-06
"detection","db_band_6_8_baseline","db_band_4_6_immediate_pre",8.22430289446471e-06
"detection","db_band_8_10_baseline","db_band_4_6_immediate_pre",2.85167709317653e-06
"detection","db_band_10_20_baseline","db_band_4_6_immediate_pre",-4.37363970831189e-06
"detection","db_band_0_2_early_pre","db_band_4_6_immediate_pre",1.45227546271537e-05
"detection","db_band_2_4_early_pre","db_band_4_6_immediate_pre",4.76897820364344e-06
"detection","db_band_4_6_early_pre","db_band_4_6_immediate_pre",-1.99312346050454e-05
"detection","db_band_6_8_early_pre","db_band_4_6_immediate_pre",-6.53371908783987e-06
"detection","db_band_8_10_early_pre","db_band_4_6_immediate_pre",6.97888696379224e-06
"detection","db_band_10_20_early_pre","db_band_4_6_immediate_pre",-1.06861710639847e-06
"detection","db_band_0_2_immediate_pre","db_band_4_6_immediate_pre",-0.000305196615426469
"detection","db_band_2_4_immediate_pre","db_band_4_6_immediate_pre",-0.000300190751319472
"detection","db_band_4_6_immediate_pre","db_band_4_6_immediate_pre",0.00111136006075445
"detection","db_band_6_8_immediate_pre","db_band_4_6_immediate_pre",-0.000221507733313427
"detection","db_band_8_10_immediate_pre","db_band_4_6_immediate_pre",-0.000129503152130664
"detection","db_band_10_20_immediate_pre","db_band_4_6_immediate_pre",-2.70813198678176e-05
"detection","db_band_0_2_spawn_start","db_band_4_6_immediate_pre",-6.52663410981975e-06
"detection","db_band_2_4_spawn_start","db_band_4_6_immediate_pre",-1.58954000916128e-05
"detection","db_band_4_6_spawn_start","db_band_4_6_immediate_pre",-1.56038260296106e-05
"detection","db_band_6_8_spawn_start","db_band_4_6_immediate_pre",-1.56594839364241e-05
"detection","db_band_8_10_spawn_start","db_band_4_6_immediate_pre",-4.95135795300764e-06
"detection","db_band_10_20_spawn_start","db_band_4_6_immediate_pre",3.75456578300416e-07
"detection","db_band_0_2_early_egg","db_band_4_6_immediate_pre",1.14880370362995e-05
"detection","db_band_2_4_early_egg","db_band_4_6_immediate_pre",1.07915034718245e-05
"detection","db_band_4_6_early_egg","db_band_4_6_immediate_pre",-1.21617900433178e-05
"detection","db_band_6_8_early_egg","db_band_4_6_immediate_pre",1.0381683498718e-05
"detection","db_band_8_10_early_egg","db_band_4_6_immediate_pre",3.0262947620117e-06
"detection","db_band_10_20_early_egg","db_band_4_6_immediate_pre",-3.13939303713785e-06
"detection","db_band_0_2_late_egg","db_band_4_6_immediate_pre",2.76484165346289e-06
"detection","db_band_2_4_late_egg","db_band_4_6_immediate_pre",1.81702693397446e-06
"detection","db_band_4_6_late_egg","db_band_4_6_immediate_pre",6.76518691145166e-06
"detection","db_band_6_8_late_egg","db_band_4_6_immediate_pre",-2.05647756362992e-06
"detection","db_band_8_10_late_egg","db_band_4_6_immediate_pre",-5.66767067765701e-07
"detection","db_band_10_20_late_egg","db_band_4_6_immediate_pre",5.73747457683014e-07
"detection","db_band_0_2_baseline","db_band_6_8_immediate_pre",1.52913327861555e-06
"detection","db_band_2_4_baseline","db_band_6_8_immediate_pre",6.88173612025978e-07
"detection","db_band_4_6_baseline","db_band_6_8_immediate_pre",2.07413976044143e-06
"detection","db_band_6_8_baseline","db_band_6_8_immediate_pre",1.95234351831404e-07
"detection","db_band_8_10_baseline","db_band_6_8_immediate_pre",2.95884855695682e-06
"detection","db_band_10_20_baseline","db_band_6_8_immediate_pre",3.89078039755439e-08
"detection","db_band_0_2_early_pre","db_band_6_8_immediate_pre",1.904118548143e-05
"detection","db_band_2_4_early_pre","db_band_6_8_immediate_pre",3.62349432258475e-06
"detection","db_band_4_6_early_pre","db_band_6_8_immediate_pre",-9.2624269784035e-07
"detection","db_band_6_8_early_pre","db_band_6_8_immediate_pre",-1.06668157934154e-05
"detection","db_band_8_10_early_pre","db_band_6_8_immediate_pre",3.56695903438653e-07
"detection","db_band_10_20_early_pre","db_band_6_8_immediate_pre",2.81719065593118e-06
"detection","db_band_0_2_immediate_pre","db_band_6_8_immediate_pre",-4.17807508562291e-05
"detection","db_band_2_4_immediate_pre","db_band_6_8_immediate_pre",-8.75964142815979e-05
"detection","db_band_4_6_immediate_pre","db_band_6_8_immediate_pre",-0.000221507733313427
"detection","db_band_6_8_immediate_pre","db_band_6_8_immediate_pre",0.000922501009033951
"detection","db_band_8_10_immediate_pre","db_band_6_8_immediate_pre",-0.000191264990060938
"detection","db_band_10_20_immediate_pre","db_band_6_8_immediate_pre",-4.6454339072041e-05
"detection","db_band_0_2_spawn_start","db_band_6_8_immediate_pre",-1.24400780814085e-05
"detection","db_band_2_4_spawn_start","db_band_6_8_immediate_pre",-3.32090384148841e-05
"detection","db_band_4_6_spawn_start","db_band_6_8_immediate_pre",-7.08494470298223e-06
"detection","db_band_6_8_spawn_start","db_band_6_8_immediate_pre",4.42060483551257e-06
"detection","db_band_8_10_spawn_start","db_band_6_8_immediate_pre",1.52092772379413e-05
"detection","db_band_10_20_spawn_start","db_band_6_8_immediate_pre",-4.20598011883097e-06
"detection","db_band_0_2_early_egg","db_band_6_8_immediate_pre",2.44623619289601e-06
"detection","db_band_2_4_early_egg","db_band_6_8_immediate_pre",-7.18912364132052e-07
"detection","db_band_4_6_early_egg","db_band_6_8_immediate_pre",1.29318034622711e-05
"detection","db_band_6_8_early_egg","db_band_6_8_immediate_pre",-1.3475734528213e-05
"detection","db_band_8_10_early_egg","db_band_6_8_immediate_pre",3.78225569487094e-06
"detection","db_band_10_20_early_egg","db_band_6_8_immediate_pre",-1.51031870381951e-06
"detection","db_band_0_2_late_egg","db_band_6_8_immediate_pre",4.74995945300072e-07
"detection","db_band_2_4_late_egg","db_band_6_8_immediate_pre",1.8849134699795e-07
"detection","db_band_4_6_late_egg","db_band_6_8_immediate_pre",1.93812300120798e-06
"detection","db_band_6_8_late_egg","db_band_6_8_immediate_pre",7.48501878731164e-06
"detection","db_band_8_10_late_egg","db_band_6_8_immediate_pre",-3.22406273172753e-07
"detection","db_band_10_20_late_egg","db_band_6_8_immediate_pre",-6.16148683935864e-07
"detection","db_band_0_2_baseline","db_band_8_10_immediate_pre",-1.37225714702195e-07
"detection","db_band_2_4_baseline","db_band_8_10_immediate_pre",3.68849029981221e-06
"detection","db_band_4_6_baseline","db_band_8_10_immediate_pre",2.65439734453591e-07
"detection","db_band_6_8_baseline","db_band_8_10_immediate_pre",-3.11381782265445e-06
"detection","db_band_8_10_baseline","db_band_8_10_immediate_pre",-2.216587585531e-06
"detection","db_band_10_20_baseline","db_band_8_10_immediate_pre",1.49335558306531e-06
"detection","db_band_0_2_early_pre","db_band_8_10_immediate_pre",-9.4162039463899e-06
"detection","db_band_2_4_early_pre","db_band_8_10_immediate_pre",7.02772169008924e-06
"detection","db_band_4_6_early_pre","db_band_8_10_immediate_pre",-8.24575499063809e-07
"detection","db_band_6_8_early_pre","db_band_8_10_immediate_pre",1.15651580369209e-05
"detection","db_band_8_10_early_pre","db_band_8_10_immediate_pre",-2.03854282944844e-05
"detection","db_band_10_20_early_pre","db_band_8_10_immediate_pre",-4.17413109306037e-06
"detection","db_band_0_2_immediate_pre","db_band_8_10_immediate_pre",-4.82988336214663e-05
"detection","db_band_2_4_immediate_pre","db_band_8_10_immediate_pre",-6.53429552046208e-05
"detection","db_band_4_6_immediate_pre","db_band_8_10_immediate_pre",-0.000129503152130664
"detection","db_band_6_8_immediate_pre","db_band_8_10_immediate_pre",-0.000191264990060938
"detection","db_band_8_10_immediate_pre","db_band_8_10_immediate_pre",0.00081920163378379
"detection","db_band_10_20_immediate_pre","db_band_8_10_immediate_pre",-7.81799806047334e-05
"detection","db_band_0_2_spawn_start","db_band_8_10_immediate_pre",-1.38391468030086e-06
"detection","db_band_2_4_spawn_start","db_band_8_10_immediate_pre",1.576888426388e-05
"detection","db_band_4_6_spawn_start","db_band_8_10_immediate_pre",8.28332152298451e-06
"detection","db_band_6_8_spawn_start","db_band_8_10_immediate_pre",2.30491768845297e-06
"detection","db_band_8_10_spawn_start","db_band_8_10_immediate_pre",-3.38134668480658e-05
"detection","db_band_10_20_spawn_start","db_band_8_10_immediate_pre",-6.12762680165069e-06
"detection","db_band_0_2_early_egg","db_band_8_10_immediate_pre",9.50980545094147e-06
"detection","db_band_2_4_early_egg","db_band_8_10_immediate_pre",2.30119735847746e-06
"detection","db_band_4_6_early_egg","db_band_8_10_immediate_pre",4.21099002552772e-06
"detection","db_band_6_8_early_egg","db_band_8_10_immediate_pre",1.7321218533713e-06
"detection","db_band_8_10_early_egg","db_band_8_10_immediate_pre",-1.61630915298799e-05
"detection","db_band_10_20_early_egg","db_band_8_10_immediate_pre",2.60026000186072e-06
"detection","db_band_0_2_late_egg","db_band_8_10_immediate_pre",-9.01364683774917e-07
"detection","db_band_2_4_late_egg","db_band_8_10_immediate_pre",-9.65516306450675e-07
"detection","db_band_4_6_late_egg","db_band_8_10_immediate_pre",4.636285353843e-06
"detection","db_band_6_8_late_egg","db_band_8_10_immediate_pre",-3.92025866358178e-07
"detection","db_band_8_10_late_egg","db_band_8_10_immediate_pre",1.47043850150237e-05
"detection","db_band_10_20_late_egg","db_band_8_10_immediate_pre",-1.1399060306911e-06
"detection","db_band_0_2_baseline","db_band_10_20_immediate_pre",-3.38343972721563e-07
"detection","db_band_2_4_baseline","db_band_10_20_immediate_pre",3.7420718664307e-07
"detection","db_band_4_6_baseline","db_band_10_20_immediate_pre",1.3085724439373e-07
"detection","db_band_6_8_baseline","db_band_10_20_immediate_pre",-9.03381945255661e-07
"detection","db_band_8_10_baseline","db_band_10_20_immediate_pre",-8.54254445819058e-08
"detection","db_band_10_20_baseline","db_band_10_20_immediate_pre",1.24647677387935e-06
"detection","db_band_0_2_early_pre","db_band_10_20_immediate_pre",-5.77644936964995e-06
"detection","db_band_2_4_early_pre","db_band_10_20_immediate_pre",8.34567691347074e-07
"detection","db_band_4_6_early_pre","db_band_10_20_immediate_pre",-1.9561577305329e-06
"detection","db_band_6_8_early_pre","db_band_10_20_immediate_pre",-3.28396713570381e-06
"detection","db_band_8_10_early_pre","db_band_10_20_immediate_pre",-1.43559915505139e-07
"detection","db_band_10_20_early_pre","db_band_10_20_immediate_pre",-2.84466492519648e-06
"detection","db_band_0_2_immediate_pre","db_band_10_20_immediate_pre",-4.92077913713487e-05
"detection","db_band_2_4_immediate_pre","db_band_10_20_immediate_pre",-3.51118645296503e-05
"detection","db_band_4_6_immediate_pre","db_band_10_20_immediate_pre",-2.70813198678176e-05
"detection","db_band_6_8_immediate_pre","db_band_10_20_immediate_pre",-4.6454339072041e-05
"detection","db_band_8_10_immediate_pre","db_band_10_20_immediate_pre",-7.81799806047334e-05
"detection","db_band_10_20_immediate_pre","db_band_10_20_immediate_pre",9.94406238980275e-05
"detection","db_band_0_2_spawn_start","db_band_10_20_immediate_pre",-1.3363685984417e-05
"detection","db_band_2_4_spawn_start","db_band_10_20_immediate_pre",-4.7920664056824e-06
"detection","db_band_4_6_spawn_start","db_band_10_20_immediate_pre",-7.23344062193597e-07
"detection","db_band_6_8_spawn_start","db_band_10_20_immediate_pre",-1.39054586214228e-06
"detection","db_band_8_10_spawn_start","db_band_10_20_immediate_pre",-7.51146949499131e-06
"detection","db_band_10_20_spawn_start","db_band_10_20_immediate_pre",-2.9352500758028e-06
"detection","db_band_0_2_early_egg","db_band_10_20_immediate_pre",-9.01808295116456e-07
"detection","db_band_2_4_early_egg","db_band_10_20_immediate_pre",-1.58682992791481e-06
"detection","db_band_4_6_early_egg","db_band_10_20_immediate_pre",-2.96027132487386e-06
"detection","db_band_6_8_early_egg","db_band_10_20_immediate_pre",1.40239226577628e-06
"detection","db_band_8_10_early_egg","db_band_10_20_immediate_pre",2.80319631680942e-06
"detection","db_band_10_20_early_egg","db_band_10_20_immediate_pre",-1.87882508258108e-07
"detection","db_band_0_2_late_egg","db_band_10_20_immediate_pre",5.03168461593629e-07
"detection","db_band_2_4_late_egg","db_band_10_20_immediate_pre",-6.59937764234426e-07
"detection","db_band_4_6_late_egg","db_band_10_20_immediate_pre",-3.27843724177226e-06
"detection","db_band_6_8_late_egg","db_band_10_20_immediate_pre",-3.71789116802407e-07
"detection","db_band_8_10_late_egg","db_band_10_20_immediate_pre",-1.52508875420251e-06
"detection","db_band_10_20_late_egg","db_band_10_20_immediate_pre",2.53983637030584e-06
"detection","db_band_0_2_baseline","db_band_0_2_spawn_start",3.06868645954332e-06
"detection","db_band_2_4_baseline","db_band_0_2_spawn_start",2.41140636391381e-06
"detection","db_band_4_6_baseline","db_band_0_2_spawn_start",-1.5068063215042e-06
"detection","db_band_6_8_baseline","db_band_0_2_spawn_start",2.62522462202296e-06
"detection","db_band_8_10_baseline","db_band_0_2_spawn_start",-2.18490397749003e-06
"detection","db_band_10_20_baseline","db_band_0_2_spawn_start",2.45459396181504e-06
"detection","db_band_0_2_early_pre","db_band_0_2_spawn_start",9.10744516287234e-06
"detection","db_band_2_4_early_pre","db_band_0_2_spawn_start",1.3183023838684e-05
"detection","db_band_4_6_early_pre","db_band_0_2_spawn_start",1.18783302348423e-05
"detection","db_band_6_8_early_pre","db_band_0_2_spawn_start",-4.57824038370063e-07
"detection","db_band_8_10_early_pre","db_band_0_2_spawn_start",-2.74841388204586e-07
"detection","db_band_10_20_early_pre","db_band_0_2_spawn_start",-1.50319978312765e-06
"detection","db_band_0_2_immediate_pre","db_band_0_2_spawn_start",1.83982976962596e-05
"detection","db_band_2_4_immediate_pre","db_band_0_2_spawn_start",-3.53501334915326e-05
"detection","db_band_4_6_immediate_pre","db_band_0_2_spawn_start",-6.52663410981975e-06
"detection","db_band_6_8_immediate_pre","db_band_0_2_spawn_start",-1.24400780814085e-05
"detection","db_band_8_10_immediate_pre","db_band_0_2_spawn_start",-1.38391468030086e-06
"detection","db_band_10_20_immediate_pre","db_band_0_2_spawn_start",-1.3363685984417e-05
"detection","db_band_0_2_spawn_start","db_band_0_2_spawn_start",0.00384578301965998
"detection","db_band_2_4_spawn_start","db_band_0_2_spawn_start",-0.000569382925449527
"detection","db_band_4_6_spawn_start","db_band_0_2_spawn_start",-0.000412961042276472
"detection","db_band_6_8_spawn_start","db_band_0_2_spawn_start",-7.00139257152352e-05
"detection","db_band_8_10_spawn_start","db_band_0_2_spawn_start",-7.85828544384734e-05
"detection","db_band_10_20_spawn_start","db_band_0_2_spawn_start",-9.18074683412606e-05
"detection","db_band_0_2_early_egg","db_band_0_2_spawn_start",-4.17780859745838e-07
"detection","db_band_2_4_early_egg","db_band_0_2_spawn_start",1.24055322909579e-05
"detection","db_band_4_6_early_egg","db_band_0_2_spawn_start",-6.6546937339481e-06
"detection","db_band_6_8_early_egg","db_band_0_2_spawn_start",1.20350567227599e-05
"detection","db_band_8_10_early_egg","db_band_0_2_spawn_start",7.26765968953296e-06
"detection","db_band_10_20_early_egg","db_band_0_2_spawn_start",2.74110312221859e-06
"detection","db_band_0_2_late_egg","db_band_0_2_spawn_start",3.92371314030271e-05
"detection","db_band_2_4_late_egg","db_band_0_2_spawn_start",-8.52495094661098e-06
"detection","db_band_4_6_late_egg","db_band_0_2_spawn_start",4.59473438080571e-06
"detection","db_band_6_8_late_egg","db_band_0_2_spawn_start",-7.24173193388265e-08
"detection","db_band_8_10_late_egg","db_band_0_2_spawn_start",-1.92907539102214e-06
"detection","db_band_10_20_late_egg","db_band_0_2_spawn_start",-8.90697680292951e-07
"detection","db_band_0_2_baseline","db_band_2_4_spawn_start",7.15326623978247e-06
"detection","db_band_2_4_baseline","db_band_2_4_spawn_start",-3.02174564800471e-06
"detection","db_band_4_6_baseline","db_band_2_4_spawn_start",5.40563595608633e-07
"detection","db_band_6_8_baseline","db_band_2_4_spawn_start",-2.99049827117098e-07
"detection","db_band_8_10_baseline","db_band_2_4_spawn_start",2.97974573224543e-07
"detection","db_band_10_20_baseline","db_band_2_4_spawn_start",4.10161462931384e-08
"detection","db_band_0_2_early_pre","db_band_2_4_spawn_start",7.7680311443995e-06
"detection","db_band_2_4_early_pre","db_band_2_4_spawn_start",-2.16089089126323e-05
"detection","db_band_4_6_early_pre","db_band_2_4_spawn_start",1.19664728140512e-05
"detection","db_band_6_8_early_pre","db_band_2_4_spawn_start",7.07738166379516e-06
"detection","db_band_8_10_early_pre","db_band_2_4_spawn_start",6.23022753790321e-06
"detection","db_band_10_20_early_pre","db_band_2_4_spawn_start",-3.35711784768221e-06
"detection","db_band_0_2_immediate_pre","db_band_2_4_spawn_start",6.23729878517047e-06
"detection","db_band_2_4_immediate_pre","db_band_2_4_spawn_start",-1.46797129865513e-05
"detection","db_band_4_6_immediate_pre","db_band_2_4_spawn_start",-1.58954000916128e-05
"detection","db_band_6_8_immediate_pre","db_band_2_4_spawn_start",-3.32090384148841e-05
"detection","db_band_8_10_immediate_pre","db_band_2_4_spawn_start",1.576888426388e-05
"detection","db_band_10_20_immediate_pre","db_band_2_4_spawn_start",-4.7920664056824e-06
"detection","db_band_0_2_spawn_start","db_band_2_4_spawn_start",-0.000569382925449527
"detection","db_band_2_4_spawn_start","db_band_2_4_spawn_start",0.00250438480113928
"detection","db_band_4_6_spawn_start","db_band_2_4_spawn_start",-0.000440940375554382
"detection","db_band_6_8_spawn_start","db_band_2_4_spawn_start",-0.000161839532365847
"detection","db_band_8_10_spawn_start","db_band_2_4_spawn_start",-6.46728492672861e-05
"detection","db_band_10_20_spawn_start","db_band_2_4_spawn_start",-6.45669704889766e-05
"detection","db_band_0_2_early_egg","db_band_2_4_spawn_start",-1.093157531144e-05
"detection","db_band_2_4_early_egg","db_band_2_4_spawn_start",-4.1376085679306e-05
"detection","db_band_4_6_early_egg","db_band_2_4_spawn_start",1.53639343938257e-05
"detection","db_band_6_8_early_egg","db_band_2_4_spawn_start",-3.76770624331973e-06
"detection","db_band_8_10_early_egg","db_band_2_4_spawn_start",1.07101476235997e-05
"detection","db_band_10_20_early_egg","db_band_2_4_spawn_start",8.42508115907193e-07
"detection","db_band_0_2_late_egg","db_band_2_4_spawn_start",-6.34667104904899e-06
"detection","db_band_2_4_late_egg","db_band_2_4_spawn_start",1.27472222559452e-05
"detection","db_band_4_6_late_egg","db_band_2_4_spawn_start",7.51649006273701e-06
"detection","db_band_6_8_late_egg","db_band_2_4_spawn_start",-1.57891852935922e-07
"detection","db_band_8_10_late_egg","db_band_2_4_spawn_start",3.07790938490258e-07
"detection","db_band_10_20_late_egg","db_band_2_4_spawn_start",-3.22873606110411e-07
"detection","db_band_0_2_baseline","db_band_4_6_spawn_start",4.18614304155111e-06
"detection","db_band_2_4_baseline","db_band_4_6_spawn_start",8.06695605108574e-06
"detection","db_band_4_6_baseline","db_band_4_6_spawn_start",1.24483979875273e-05
"detection","db_band_6_8_baseline","db_band_4_6_spawn_start",3.39169316072256e-06
"detection","db_band_8_10_baseline","db_band_4_6_spawn_start",4.30550869385629e-06
"detection","db_band_10_20_baseline","db_band_4_6_spawn_start",-6.88634144836611e-06
"detection","db_band_0_2_early_pre","db_band_4_6_spawn_start",1.06982311804958e-05
"detection","db_band_2_4_early_pre","db_band_4_6_spawn_start",1.41692988713123e-05
"detection","db_band_4_6_early_pre","db_band_4_6_spawn_start",7.05478840879022e-07
"detection","db_band_6_8_early_pre","db_band_4_6_spawn_start",8.26753839955093e-06
"detection","db_band_8_10_early_pre","db_band_4_6_spawn_start",-3.90540069945231e-06
"detection","db_band_10_20_early_pre","db_band_4_6_spawn_start",-2.02016638817058e-06
"detection","db_band_0_2_immediate_pre","db_band_4_6_spawn_start",1.83157834176334e-05
"detection","db_band_2_4_immediate_pre","db_band_4_6_spawn_start",7.2727922224502e-06
"detection","db_band_4_6_immediate_pre","db_band_4_6_spawn_start",-1.56038260296106e-05
"detection","db_band_6_8_immediate_pre","db_band_4_6_spawn_start",-7.08494470298223e-06
"detection","db_band_8_10_immediate_pre","db_band_4_6_spawn_start",8.28332152298451e-06
"detection","db_band_10_20_immediate_pre","db_band_4_6_spawn_start",-7.23344062193597e-07
"detection","db_band_0_2_spawn_start","db_band_4_6_spawn_start",-0.000412961042276472
"detection","db_band_2_4_spawn_start","db_band_4_6_spawn_start",-0.000440940375554382
"detection","db_band_4_6_spawn_start","db_band_4_6_spawn_start",0.0018550406366453
"detection","db_band_6_8_spawn_start","db_band_4_6_spawn_start",-0.000406497341624739
"detection","db_band_8_10_spawn_start","db_band_4_6_spawn_start",-0.00021559629173459
"detection","db_band_10_20_spawn_start","db_band_4_6_spawn_start",-4.43935964721943e-05
"detection","db_band_0_2_early_egg","db_band_4_6_spawn_start",2.40854465647295e-05
"detection","db_band_2_4_early_egg","db_band_4_6_spawn_start",-1.86489037697378e-06
"detection","db_band_4_6_early_egg","db_band_4_6_spawn_start",-1.68232832429911e-05
"detection","db_band_6_8_early_egg","db_band_4_6_spawn_start",-5.40804101459784e-06
"detection","db_band_8_10_early_egg","db_band_4_6_spawn_start",-7.490888224584e-06
"detection","db_band_10_20_early_egg","db_band_4_6_spawn_start",-1.57873199490617e-06
"detection","db_band_0_2_late_egg","db_band_4_6_spawn_start",1.73009563629041e-06
"detection","db_band_2_4_late_egg","db_band_4_6_spawn_start",5.99307348941231e-06
"detection","db_band_4_6_late_egg","db_band_4_6_spawn_start",5.87354263354904e-06
"detection","db_band_6_8_late_egg","db_band_4_6_spawn_start",2.85431782646879e-06
"detection","db_band_8_10_late_egg","db_band_4_6_spawn_start",3.24969075036835e-06
"detection","db_band_10_20_late_egg","db_band_4_6_spawn_start",-1.07680102271684e-06
"detection","db_band_0_2_baseline","db_band_6_8_spawn_start",-1.87986095662666e-06
"detection","db_band_2_4_baseline","db_band_6_8_spawn_start",2.96339056220028e-06
"detection","db_band_4_6_baseline","db_band_6_8_spawn_start",-4.32577915705151e-06
"detection","db_band_6_8_baseline","db_band_6_8_spawn_start",1.07443000049967e-05
"detection","db_band_8_10_baseline","db_band_6_8_spawn_start",-1.21076580601925e-07
"detection","db_band_10_20_baseline","db_band_6_8_spawn_start",-2.14441294959645e-07
"detection","db_band_0_2_early_pre","db_band_6_8_spawn_start",7.04712470535261e-06
"detection","db_band_2_4_early_pre","db_band_6_8_spawn_start",-1.14261944110233e-05
"detection","db_band_4_6_early_pre","db_band_6_8_spawn_start",1.79904100153422e-06
"detection","db_band_6_8_early_pre","db_band_6_8_spawn_start",-1.34415093575363e-05
"detection","db_band_8_10_early_pre","db_band_6_8_spawn_start",8.47745300751322e-06
"detection","db_band_10_20_early_pre","db_band_6_8_spawn_start",8.40778219085e-07
"detection","db_band_0_2_immediate_pre","db_band_6_8_spawn_start",1.1210250183675e-05
"detection","db_band_2_4_immediate_pre","db_band_6_8_spawn_start",-8.25356080555828e-06
"detection","db_band_4_6_immediate_pre","db_band_6_8_spawn_start",-1.56594839364241e-05
"detection","db_band_6_8_immediate_pre","db_band_6_8_spawn_start",4.42060483551257e-06
"detection","db_band_8_10_immediate_pre","db_band_6_8_spawn_start",2.30491768845297e-06
"detection","db_band_10_20_immediate_pre","db_band_6_8_spawn_start",-1.39054586214228e-06
"detection","db_band_0_2_spawn_start","db_band_6_8_spawn_start",-7.00139257152352e-05
"detection","db_band_2_4_spawn_start","db_band_6_8_spawn_start",-0.000161839532365847
"detection","db_band_4_6_spawn_start","db_band_6_8_spawn_start",-0.000406497341624739
"detection","db_band_6_8_spawn_start","db_band_6_8_spawn_start",0.00158428928526617
"detection","db_band_8_10_spawn_start","db_band_6_8_spawn_start",-0.000323281074010027
"detection","db_band_10_20_spawn_start","db_band_6_8_spawn_start",-7.15587884740603e-05
"detection","db_band_0_2_early_egg","db_band_6_8_spawn_start",-1.20296917257395e-05
"detection","db_band_2_4_early_egg","db_band_6_8_spawn_start",2.67064172048237e-06
"detection","db_band_4_6_early_egg","db_band_6_8_spawn_start",-3.72348562576434e-07
"detection","db_band_6_8_early_egg","db_band_6_8_spawn_start",-6.02246564145708e-06
"detection","db_band_8_10_early_egg","db_band_6_8_spawn_start",8.61243269125478e-06
"detection","db_band_10_20_early_egg","db_band_6_8_spawn_start",-2.27297437272146e-06
"detection","db_band_0_2_late_egg","db_band_6_8_spawn_start",2.80897707099683e-06
"detection","db_band_2_4_late_egg","db_band_6_8_spawn_start",-2.61340655440019e-06
"detection","db_band_4_6_late_egg","db_band_6_8_spawn_start",1.18176092645993e-06
"detection","db_band_6_8_late_egg","db_band_6_8_spawn_start",6.90497024795656e-06
"detection","db_band_8_10_late_egg","db_band_6_8_spawn_start",-3.61322779130674e-06
"detection","db_band_10_20_late_egg","db_band_6_8_spawn_start",-7.39919386898093e-07
"detection","db_band_0_2_baseline","db_band_8_10_spawn_start",1.91658813712459e-06
"detection","db_band_2_4_baseline","db_band_8_10_spawn_start",2.16641690994664e-06
"detection","db_band_4_6_baseline","db_band_8_10_spawn_start",-7.39885340513478e-06
"detection","db_band_6_8_baseline","db_band_8_10_spawn_start",-6.25044250598941e-07
"detection","db_band_8_10_baseline","db_band_8_10_spawn_start",1.36116177992312e-05
"detection","db_band_10_20_baseline","db_band_8_10_spawn_start",4.78201402274617e-08
"detection","db_band_0_2_early_pre","db_band_8_10_spawn_start",-7.8544711563589e-06
"detection","db_band_2_4_early_pre","db_band_8_10_spawn_start",5.6285207240703e-06
"detection","db_band_4_6_early_pre","db_band_8_10_spawn_start",7.43908425759199e-06
"detection","db_band_6_8_early_pre","db_band_8_10_spawn_start",-2.92115323424573e-08
"detection","db_band_8_10_early_pre","db_band_8_10_spawn_start",-1.73513174501138e-05
"detection","db_band_10_20_early_pre","db_band_8_10_spawn_start",4.90142643431597e-06
"detection","db_band_0_2_immediate_pre","db_band_8_10_spawn_start",3.90364113339768e-06
"detection","db_band_2_4_immediate_pre","db_band_8_10_spawn_start",4.09775330822052e-06
"detection","db_band_4_6_immediate_pre","db_band_8_10_spawn_start",-4.95135795300764e-06
"detection","db_band_6_8_immediate_pre","db_band_8_10_spawn_start",1.52092772379413e-05
"detection","db_band_8_10_immediate_pre","db_band_8_10_spawn_start",-3.38134668480658e-05
"detection","db_band_10_20_immediate_pre","db_band_8_10_spawn_start",-7.51146949499131e-06
"detection","db_band_0_2_spawn_start","db_band_8_10_spawn_start",-7.85828544384734e-05
"detection","db_band_2_4_spawn_start","db_band_8_10_spawn_start",-6.46728492672861e-05
"detection","db_band_4_6_spawn_start","db_band_8_10_spawn_start",-0.00021559629173459
"detection","db_band_6_8_spawn_start","db_band_8_10_spawn_start",-0.000323281074010027
"detection","db_band_8_10_spawn_start","db_band_8_10_spawn_start",0.0014775689773134
"detection","db_band_10_20_spawn_start","db_band_8_10_spawn_start",-0.000137832145655079
"detection","db_band_0_2_early_egg","db_band_8_10_spawn_start",-7.38577912933153e-06
"detection","db_band_2_4_early_egg","db_band_8_10_spawn_start",4.83179447543402e-06
"detection","db_band_4_6_early_egg","db_band_8_10_spawn_start",9.65822430952453e-07
"detection","db_band_6_8_early_egg","db_band_8_10_spawn_start",-1.3433007926504e-06
"detection","db_band_8_10_early_egg","db_band_8_10_spawn_start",-2.49688490981147e-05
"detection","db_band_10_20_early_egg","db_band_8_10_spawn_start",1.72611793717232e-06
"detection","db_band_0_2_late_egg","db_band_8_10_spawn_start",-1.5807909350418e-06
"detection","db_band_2_4_late_egg","db_band_8_10_spawn_start",2.94809993726384e-06
"detection","db_band_4_6_late_egg","db_band_8_10_spawn_start",1.52029737376995e-06
"detection","db_band_6_8_late_egg","db_band_8_10_spawn_start",-8.93020595607443e-07
"detection","db_band_8_10_late_egg","db_band_8_10_spawn_start",9.53331576401277e-06
"detection","db_band_10_20_late_egg","db_band_8_10_spawn_start",-1.45325219970121e-07
"detection","db_band_0_2_baseline","db_band_10_20_spawn_start",-3.35821933198521e-07
"detection","db_band_2_4_baseline","db_band_10_20_spawn_start",6.52091440657634e-07
"detection","db_band_4_6_baseline","db_band_10_20_spawn_start",5.79241144067971e-10
"detection","db_band_6_8_baseline","db_band_10_20_spawn_start",-9.68112423483911e-07
"detection","db_band_8_10_baseline","db_band_10_20_spawn_start",-1.97970917016071e-06
"detection","db_band_10_20_baseline","db_band_10_20_spawn_start",2.11890870483573e-06
"detection","db_band_0_2_early_pre","db_band_10_20_spawn_start",1.10345412015363e-06
"detection","db_band_2_4_early_pre","db_band_10_20_spawn_start",-1.05470404301042e-06
"detection","db_band_4_6_early_pre","db_band_10_20_spawn_start",-1.73601102239291e-06
"detection","db_band_6_8_early_pre","db_band_10_20_spawn_start",-5.64306685553734e-07
"detection","db_band_8_10_early_pre","db_band_10_20_spawn_start",4.23162048796623e-06
"detection","db_band_10_20_early_pre","db_band_10_20_spawn_start",-4.57810205436361e-07
"detection","db_band_0_2_immediate_pre","db_band_10_20_spawn_start",-9.77540960267807e-06
"detection","db_band_2_4_immediate_pre","db_band_10_20_spawn_start",2.02062161427584e-06
"detection","db_band_4_6_immediate_pre","db_band_10_20_spawn_start",3.75456578300416e-07
"detection","db_band_6_8_immediate_pre","db_band_10_20_spawn_start",-4.20598011883097e-06
"detection","db_band_8_10_immediate_pre","db_band_10_20_spawn_start",-6.12762680165069e-06
"detection","db_band_10_20_immediate_pre","db_band_10_20_spawn_start",-2.9352500758028e-06
"detection","db_band_0_2_spawn_start","db_band_10_20_spawn_start",-9.18074683412606e-05
"detection","db_band_2_4_spawn_start","db_band_10_20_spawn_start",-6.45669704889766e-05
"detection","db_band_4_6_spawn_start","db_band_10_20_spawn_start",-4.43935964721943e-05
"detection","db_band_6_8_spawn_start","db_band_10_20_spawn_start",-7.15587884740603e-05
"detection","db_band_8_10_spawn_start","db_band_10_20_spawn_start",-0.000137832145655079
"detection","db_band_10_20_spawn_start","db_band_10_20_spawn_start",0.000178713546043002
"detection","db_band_0_2_early_egg","db_band_10_20_spawn_start",-4.88688727818735e-06
"detection","db_band_2_4_early_egg","db_band_10_20_spawn_start",-2.68318160135251e-06
"detection","db_band_4_6_early_egg","db_band_10_20_spawn_start",8.00644664420422e-07
"detection","db_band_6_8_early_egg","db_band_10_20_spawn_start",2.77565117709216e-06
"detection","db_band_8_10_early_egg","db_band_10_20_spawn_start",-6.16126470789585e-06
"detection","db_band_10_20_early_egg","db_band_10_20_spawn_start",-3.83987855148981e-06
"detection","db_band_0_2_late_egg","db_band_10_20_spawn_start",2.5568273883424e-06
"detection","db_band_2_4_late_egg","db_band_10_20_spawn_start",-5.26111075500374e-07
"detection","db_band_4_6_late_egg","db_band_10_20_spawn_start",-3.90320849957313e-06
"detection","db_band_6_8_late_egg","db_band_10_20_spawn_start",-7.44541291512438e-07
"detection","db_band_8_10_late_egg","db_band_10_20_spawn_start",-4.8109619058601e-07
"detection","db_band_10_20_late_egg","db_band_10_20_spawn_start",1.75121923133589e-06
"detection","db_band_0_2_baseline","db_band_0_2_early_egg",2.17596395495076e-05
"detection","db_band_2_4_baseline","db_band_0_2_early_egg",2.77285250187574e-06
"detection","db_band_4_6_baseline","db_band_0_2_early_egg",3.47106111945498e-07
"detection","db_band_6_8_baseline","db_band_0_2_early_egg",-7.33071220522877e-07
"detection","db_band_8_10_baseline","db_band_0_2_early_egg",-1.96341135801335e-06
"detection","db_band_10_20_baseline","db_band_0_2_early_egg",5.14230084686203e-08
"detection","db_band_0_2_early_pre","db_band_0_2_early_egg",9.47556258349378e-06
"detection","db_band_2_4_early_pre","db_band_0_2_early_egg",5.17815604692235e-06
"detection","db_band_4_6_early_pre","db_band_0_2_early_egg",3.60183640092658e-06
"detection","db_band_6_8_early_pre","db_band_0_2_early_egg",5.91310830355556e-06
"detection","db_band_8_10_early_pre","db_band_0_2_early_egg",-1.61197691612483e-06
"detection","db_band_10_20_early_pre","db_band_0_2_early_egg",-3.03529039308011e-06
"detection","db_band_0_2_immediate_pre","db_band_0_2_early_egg",-2.2235980491822e-05
"detection","db_band_2_4_immediate_pre","db_band_0_2_early_egg",1.65415558146978e-05
"detection","db_band_4_6_immediate_pre","db_band_0_2_early_egg",1.14880370362995e-05
"detection","db_band_6_8_immediate_pre","db_band_0_2_early_egg",2.44623619289601e-06
"detection","db_band_8_10_immediate_pre","db_band_0_2_early_egg",9.50980545094147e-06
"detection","db_band_10_20_immediate_pre","db_band_0_2_early_egg",-9.01808295116456e-07
"detection","db_band_0_2_spawn_start","db_band_0_2_early_egg",-4.17780859745838e-07
"detection","db_band_2_4_spawn_start","db_band_0_2_early_egg",-1.093157531144e-05
"detection","db_band_4_6_spawn_start","db_band_0_2_early_egg",2.40854465647295e-05
"detection","db_band_6_8_spawn_start","db_band_0_2_early_egg",-1.20296917257395e-05
"detection","db_band_8_10_spawn_start","db_band_0_2_early_egg",-7.38577912933153e-06
"detection","db_band_10_20_spawn_start","db_band_0_2_early_egg",-4.88688727818735e-06
"detection","db_band_0_2_early_egg","db_band_0_2_early_egg",0.00137478057047323
"detection","db_band_2_4_early_egg","db_band_0_2_early_egg",-0.000210553362732119
"detection","db_band_4_6_early_egg","db_band_0_2_early_egg",-0.000157580027912807
"detection","db_band_6_8_early_egg","db_band_0_2_early_egg",-1.8615137213547e-05
"detection","db_band_8_10_early_egg","db_band_0_2_early_egg",-3.05802086113952e-05
"detection","db_band_10_20_early_egg","db_band_0_2_early_egg",-3.64155707926376e-05
"detection","db_band_0_2_late_egg","db_band_0_2_early_egg",-1.45965245646201e-05
"detection","db_band_2_4_late_egg","db_band_0_2_early_egg",1.2354940143797e-05
"detection","db_band_4_6_late_egg","db_band_0_2_early_egg",4.95191638529159e-06
"detection","db_band_6_8_late_egg","db_band_0_2_early_egg",8.2493079804857e-06
"detection","db_band_8_10_late_egg","db_band_0_2_early_egg",-9.99849971342017e-07
"detection","db_band_10_20_late_egg","db_band_0_2_early_egg",4.07531692765795e-07
"detection","db_band_0_2_baseline","db_band_2_4_early_egg",-1.16713032372935e-06
"detection","db_band_2_4_baseline","db_band_2_4_early_egg",1.18271010329169e-05
"detection","db_band_4_6_baseline","db_band_2_4_early_egg",1.57035087414003e-06
"detection","db_band_6_8_baseline","db_band_2_4_early_egg",-2.0914045845122e-06
"detection","db_band_8_10_baseline","db_band_2_4_early_egg",3.31863932299018e-07
"detection","db_band_10_20_baseline","db_band_2_4_early_egg",-5.62724295233732e-07
"detection","db_band_0_2_early_pre","db_band_2_4_early_egg",8.27314932360239e-06
"detection","db_band_2_4_early_pre","db_band_2_4_early_egg",-1.24380233192929e-05
"detection","db_band_4_6_early_pre","db_band_2_4_early_egg",3.52984973912929e-06
"detection","db_band_6_8_early_pre","db_band_2_4_early_egg",-1.30424797905351e-06
"detection","db_band_8_10_early_pre","db_band_2_4_early_egg",1.07945446271872e-06
"detection","db_band_10_20_early_pre","db_band_2_4_early_egg",1.45227842629985e-06
"detection","db_band_0_2_immediate_pre","db_band_2_4_early_egg",1.66630607082491e-05
"detection","db_band_2_4_immediate_pre","db_band_2_4_early_egg",-2.38178989003516e-05
"detection","db_band_4_6_immediate_pre","db_band_2_4_early_egg",1.07915034718245e-05
"detection","db_band_6_8_immediate_pre","db_band_2_4_early_egg",-7.18912364132052e-07
"detection","db_band_8_10_immediate_pre","db_band_2_4_early_egg",2.30119735847746e-06
"detection","db_band_10_20_immediate_pre","db_band_2_4_early_egg",-1.58682992791481e-06
"detection","db_band_0_2_spawn_start","db_band_2_4_early_egg",1.24055322909579e-05
"detection","db_band_2_4_spawn_start","db_band_2_4_early_egg",-4.1376085679306e-05
"detection","db_band_4_6_spawn_start","db_band_2_4_early_egg",-1.86489037697378e-06
"detection","db_band_6_8_spawn_start","db_band_2_4_early_egg",2.67064172048237e-06
"detection","db_band_8_10_spawn_start","db_band_2_4_early_egg",4.83179447543402e-06
"detection","db_band_10_20_spawn_start","db_band_2_4_early_egg",-2.68318160135251e-06
"detection","db_band_0_2_early_egg","db_band_2_4_early_egg",-0.000210553362732119
"detection","db_band_2_4_early_egg","db_band_2_4_early_egg",0.000823135242200547
"detection","db_band_4_6_early_egg","db_band_2_4_early_egg",-0.000177221582830305
"detection","db_band_6_8_early_egg","db_band_2_4_early_egg",-6.12529377983056e-05
"detection","db_band_8_10_early_egg","db_band_2_4_early_egg",-1.75413293473989e-05
"detection","db_band_10_20_early_egg","db_band_2_4_early_egg",-2.17246340587119e-05
"detection","db_band_0_2_late_egg","db_band_2_4_early_egg",8.72952798446444e-06
"detection","db_band_2_4_late_egg","db_band_2_4_early_egg",-1.38493380990031e-05
"detection","db_band_4_6_late_egg","db_band_2_4_early_egg",8.47053057100249e-06
"detection","db_band_6_8_late_egg","db_band_2_4_early_egg",-3.08712806168081e-06
"detection","db_band_8_10_late_egg","db_band_2_4_early_egg",4.33237587781367e-06
"detection","db_band_10_20_late_egg","db_band_2_4_early_egg",5.73290036869123e-07
"detection","db_band_0_2_baseline","db_band_4_6_early_egg",8.95758703138536e-07
"detection","db_band_2_4_baseline","db_band_4_6_early_egg",2.61803756670967e-06
"detection","db_band_4_6_baseline","db_band_4_6_early_egg",8.70441673225986e-06
"detection","db_band_6_8_baseline","db_band_4_6_early_egg",-1.08362904356728e-06
"detection","db_band_8_10_baseline","db_band_4_6_early_egg",1.41881794423839e-06
"detection","db_band_10_20_baseline","db_band_4_6_early_egg",-3.38626971026455e-07
"detection","db_band_0_2_early_pre","db_band_4_6_early_egg",5.70256434154465e-06
"detection","db_band_2_4_early_pre","db_band_4_6_early_egg",8.77270651370031e-06
"detection","db_band_4_6_early_pre","db_band_4_6_early_egg",6.41832050081702e-06
"detection","db_band_6_8_early_pre","db_band_4_6_early_egg",2.60003270774617e-06
"detection","db_band_8_10_early_pre","db_band_4_6_early_egg",2.49238306000032e-06
"detection","db_band_10_20_early_pre","db_band_4_6_early_egg",-2.88230328596686e-06
"detection","db_band_0_2_immediate_pre","db_band_4_6_early_egg",7.70677607789599e-06
"detection","db_band_2_4_immediate_pre","db_band_4_6_early_egg",1.41712324075684e-05
"detection","db_band_4_6_immediate_pre","db_band_4_6_early_egg",-1.21617900433178e-05
"detection","db_band_6_8_immediate_pre","db_band_4_6_early_egg",1.29318034622711e-05
"detection","db_band_8_10_immediate_pre","db_band_4_6_early_egg",4.21099002552772e-06
"detection","db_band_10_20_immediate_pre","db_band_4_6_early_egg",-2.96027132487386e-06
"detection","db_band_0_2_spawn_start","db_band_4_6_early_egg",-6.6546937339481e-06
"detection","db_band_2_4_spawn_start","db_band_4_6_early_egg",1.53639343938257e-05
"detection","db_band_4_6_spawn_start","db_band_4_6_early_egg",-1.68232832429911e-05
"detection","db_band_6_8_spawn_start","db_band_4_6_early_egg",-3.72348562576434e-07
"detection","db_band_8_10_spawn_start","db_band_4_6_early_egg",9.65822430952453e-07
"detection","db_band_10_20_spawn_start","db_band_4_6_early_egg",8.00644664420422e-07
"detection","db_band_0_2_early_egg","db_band_4_6_early_egg",-0.000157580027912807
"detection","db_band_2_4_early_egg","db_band_4_6_early_egg",-0.000177221582830305
"detection","db_band_4_6_early_egg","db_band_4_6_early_egg",0.000660728588335751
"detection","db_band_6_8_early_egg","db_band_4_6_early_egg",-0.000145328840115909
"detection","db_band_8_10_early_egg","db_band_4_6_early_egg",-7.3652303108185e-05
"detection","db_band_10_20_early_egg","db_band_4_6_early_egg",-1.43042932620802e-05
"detection","db_band_0_2_late_egg","db_band_4_6_early_egg",6.58667087423245e-06
"detection","db_band_2_4_late_egg","db_band_4_6_early_egg",1.717690437886e-06
"detection","db_band_4_6_late_egg","db_band_4_6_early_egg",-4.52441411897577e-06
"detection","db_band_6_8_late_egg","db_band_4_6_early_egg",5.49622013066871e-06
"detection","db_band_8_10_late_egg","db_band_4_6_early_egg",2.55861649318932e-06
"detection","db_band_10_20_late_egg","db_band_4_6_early_egg",-3.51150313954576e-06
"detection","db_band_0_2_baseline","db_band_6_8_early_egg",-3.37061401238513e-06
"detection","db_band_2_4_baseline","db_band_6_8_early_egg",-8.72703452132216e-07
"detection","db_band_4_6_baseline","db_band_6_8_early_egg",-1.88551535770962e-06
"detection","db_band_6_8_baseline","db_band_6_8_early_egg",1.29690240570285e-05
"detection","db_band_8_10_baseline","db_band_6_8_early_egg",-1.74573565372289e-07
"detection","db_band_10_20_baseline","db_band_6_8_early_egg",-1.17186021915486e-06
"detection","db_band_0_2_early_pre","db_band_6_8_early_egg",4.4695419999105e-07
"detection","db_band_2_4_early_pre","db_band_6_8_early_egg",-4.75054559465121e-06
"detection","db_band_4_6_early_pre","db_band_6_8_early_egg",3.82851103092049e-06
"detection","db_band_6_8_early_pre","db_band_6_8_early_egg",3.2020140628969e-06
"detection","db_band_8_10_early_pre","db_band_6_8_early_egg",4.36733647077577e-06
"detection","db_band_10_20_early_pre","db_band_6_8_early_egg",-2.45037093325387e-06
"detection","db_band_0_2_immediate_pre","db_band_6_8_early_egg",8.1846518014916e-06
"detection","db_band_2_4_immediate_pre","db_band_6_8_early_egg",-9.91902461122552e-07
"detection","db_band_4_6_immediate_pre","db_band_6_8_early_egg",1.0381683498718e-05
"detection","db_band_6_8_immediate_pre","db_band_6_8_early_egg",-1.3475734528213e-05
"detection","db_band_8_10_immediate_pre","db_band_6_8_early_egg",1.7321218533713e-06
"detection","db_band_10_20_immediate_pre","db_band_6_8_early_egg",1.40239226577628e-06
"detection","db_band_0_2_spawn_start","db_band_6_8_early_egg",1.20350567227599e-05
"detection","db_band_2_4_spawn_start","db_band_6_8_early_egg",-3.76770624331973e-06
"detection","db_band_4_6_spawn_start","db_band_6_8_early_egg",-5.40804101459784e-06
"detection","db_band_6_8_spawn_start","db_band_6_8_early_egg",-6.02246564145708e-06
"detection","db_band_8_10_spawn_start","db_band_6_8_early_egg",-1.3433007926504e-06
"detection","db_band_10_20_spawn_start","db_band_6_8_early_egg",2.77565117709216e-06
"detection","db_band_0_2_early_egg","db_band_6_8_early_egg",-1.8615137213547e-05
"detection","db_band_2_4_early_egg","db_band_6_8_early_egg",-6.12529377983056e-05
"detection","db_band_4_6_early_egg","db_band_6_8_early_egg",-0.000145328840115909
"detection","db_band_6_8_early_egg","db_band_6_8_early_egg",0.000579910057976665
"detection","db_band_8_10_early_egg","db_band_6_8_early_egg",-0.000121297003943262
"detection","db_band_10_20_early_egg","db_band_6_8_early_egg",-3.17153784591206e-05
"detection","db_band_0_2_late_egg","db_band_6_8_early_egg",-4.11979046641364e-06
"detection","db_band_2_4_late_egg","db_band_6_8_early_egg",-7.88078449171928e-07
"detection","db_band_4_6_late_egg","db_band_6_8_early_egg",1.66592068956081e-06
"detection","db_band_6_8_late_egg","db_band_6_8_early_egg",-5.8033547609995e-06
"detection","db_band_8_10_late_egg","db_band_6_8_early_egg",4.3775607143699e-06
"detection","db_band_10_20_late_egg","db_band_6_8_early_egg",-1.06303605347966e-06
"detection","db_band_0_2_baseline","db_band_8_10_early_egg",1.36348603802848e-07
"detection","db_band_2_4_baseline","db_band_8_10_early_egg",-1.03375041312517e-06
"detection","db_band_4_6_baseline","db_band_8_10_early_egg",1.4189601969518e-06
"detection","db_band_6_8_baseline","db_band_8_10_early_egg",-1.42296864977382e-06
"detection","db_band_8_10_baseline","db_band_8_10_early_egg",1.57065310916417e-05
"detection","db_band_10_20_baseline","db_band_8_10_early_egg",-1.69201360336473e-06
"detection","db_band_0_2_early_pre","db_band_8_10_early_egg",-2.66849461001675e-06
"detection","db_band_2_4_early_pre","db_band_8_10_early_egg",4.79083262881071e-06
"detection","db_band_4_6_early_pre","db_band_8_10_early_egg",-3.17538618916159e-06
"detection","db_band_6_8_early_pre","db_band_8_10_early_egg",-1.87810123432189e-06
"detection","db_band_8_10_early_pre","db_band_8_10_early_egg",6.85668121753281e-06
"detection","db_band_10_20_early_pre","db_band_8_10_early_egg",8.7838118309277e-07
"detection","db_band_0_2_immediate_pre","db_band_8_10_early_egg",-9.50760595797061e-07
"detection","db_band_2_4_immediate_pre","db_band_8_10_early_egg",4.08675079961059e-06
"detection","db_band_4_6_immediate_pre","db_band_8_10_early_egg",3.0262947620117e-06
"detection","db_band_6_8_immediate_pre","db_band_8_10_early_egg",3.78225569487094e-06
"detection","db_band_8_10_immediate_pre","db_band_8_10_early_egg",-1.61630915298799e-05
"detection","db_band_10_20_immediate_pre","db_band_8_10_early_egg",2.80319631680942e-06
"detection","db_band_0_2_spawn_start","db_band_8_10_early_egg",7.26765968953296e-06
"detection","db_band_2_4_spawn_start","db_band_8_10_early_egg",1.07101476235997e-05
"detection","db_band_4_6_spawn_start","db_band_8_10_early_egg",-7.490888224584e-06
"detection","db_band_6_8_spawn_start","db_band_8_10_early_egg",8.61243269125478e-06
"detection","db_band_8_10_spawn_start","db_band_8_10_early_egg",-2.49688490981147e-05
"detection","db_band_10_20_spawn_start","db_band_8_10_early_egg",-6.16126470789585e-06
"detection","db_band_0_2_early_egg","db_band_8_10_early_egg",-3.05802086113952e-05
"detection","db_band_2_4_early_egg","db_band_8_10_early_egg",-1.75413293473989e-05
"detection","db_band_4_6_early_egg","db_band_8_10_early_egg",-7.3652303108185e-05
"detection","db_band_6_8_early_egg","db_band_8_10_early_egg",-0.000121297003943262
"detection","db_band_8_10_early_egg","db_band_8_10_early_egg",0.000499873769960336
"detection","db_band_10_20_early_egg","db_band_8_10_early_egg",-4.56157873160655e-05
"detection","db_band_0_2_late_egg","db_band_8_10_early_egg",4.25967788534131e-06
"detection","db_band_2_4_late_egg","db_band_8_10_early_egg",6.52491678612329e-06
"detection","db_band_4_6_late_egg","db_band_8_10_early_egg",3.75055799876588e-06
"detection","db_band_6_8_late_egg","db_band_8_10_early_egg",-5.12389443818213e-07
"detection","db_band_8_10_late_egg","db_band_8_10_early_egg",-1.13082896842068e-05
"detection","db_band_10_20_late_egg","db_band_8_10_early_egg",7.57669616216656e-07
"detection","db_band_0_2_baseline","db_band_10_20_early_egg",1.22310609822284e-07
"detection","db_band_2_4_baseline","db_band_10_20_early_egg",-1.81024349535438e-07
"detection","db_band_4_6_baseline","db_band_10_20_early_egg",3.58362016848623e-09
"detection","db_band_6_8_baseline","db_band_10_20_early_egg",2.59878645043145e-07
"detection","db_band_8_10_baseline","db_band_10_20_early_egg",-1.05028441888027e-06
"detection","db_band_10_20_baseline","db_band_10_20_early_egg",2.74749977308113e-06
"detection","db_band_0_2_early_pre","db_band_10_20_early_egg",-2.01103618717827e-06
"detection","db_band_2_4_early_pre","db_band_10_20_early_egg",6.6794577977849e-07
"detection","db_band_4_6_early_pre","db_band_10_20_early_egg",-9.13634398674989e-07
"detection","db_band_6_8_early_pre","db_band_10_20_early_egg",-1.19309772955912e-06
"detection","db_band_8_10_early_pre","db_band_10_20_early_egg",-1.20187012917138e-06
"detection","db_band_10_20_early_pre","db_band_10_20_early_egg",1.34256424571611e-06
"detection","db_band_0_2_immediate_pre","db_band_10_20_early_egg",1.51377215403925e-06
"detection","db_band_2_4_immediate_pre","db_band_10_20_early_egg",-5.15843364591014e-07
"detection","db_band_4_6_immediate_pre","db_band_10_20_early_egg",-3.13939303713785e-06
"detection","db_band_6_8_immediate_pre","db_band_10_20_early_egg",-1.51031870381951e-06
"detection","db_band_8_10_immediate_pre","db_band_10_20_early_egg",2.60026000186072e-06
"detection","db_band_10_20_immediate_pre","db_band_10_20_early_egg",-1.87882508258108e-07
"detection","db_band_0_2_spawn_start","db_band_10_20_early_egg",2.74110312221859e-06
"detection","db_band_2_4_spawn_start","db_band_10_20_early_egg",8.42508115907193e-07
"detection","db_band_4_6_spawn_start","db_band_10_20_early_egg",-1.57873199490617e-06
"detection","db_band_6_8_spawn_start","db_band_10_20_early_egg",-2.27297437272146e-06
"detection","db_band_8_10_spawn_start","db_band_10_20_early_egg",1.72611793717232e-06
"detection","db_band_10_20_spawn_start","db_band_10_20_early_egg",-3.83987855148981e-06
"detection","db_band_0_2_early_egg","db_band_10_20_early_egg",-3.64155707926376e-05
"detection","db_band_2_4_early_egg","db_band_10_20_early_egg",-2.17246340587119e-05
"detection","db_band_4_6_early_egg","db_band_10_20_early_egg",-1.43042932620802e-05
"detection","db_band_6_8_early_egg","db_band_10_20_early_egg",-3.17153784591206e-05
"detection","db_band_8_10_early_egg","db_band_10_20_early_egg",-4.56157873160655e-05
"detection","db_band_10_20_early_egg","db_band_10_20_early_egg",5.6762021144574e-05
"detection","db_band_0_2_late_egg","db_band_10_20_early_egg",-2.08791828989236e-06
"detection","db_band_2_4_late_egg","db_band_10_20_early_egg",-2.54040654228886e-06
"detection","db_band_4_6_late_egg","db_band_10_20_early_egg",-2.26510185177816e-06
"detection","db_band_6_8_late_egg","db_band_10_20_early_egg",4.10264422706344e-07
"detection","db_band_8_10_late_egg","db_band_10_20_early_egg",5.86872752547169e-07
"detection","db_band_10_20_late_egg","db_band_10_20_early_egg",-2.79356667337134e-07
"detection","db_band_0_2_baseline","db_band_0_2_late_egg",1.82809151897195e-05
"detection","db_band_2_4_baseline","db_band_0_2_late_egg",1.96051713322114e-06
"detection","db_band_4_6_baseline","db_band_0_2_late_egg",1.82899266108941e-06
"detection","db_band_6_8_baseline","db_band_0_2_late_egg",-1.45161120420845e-06
"detection","db_band_8_10_baseline","db_band_0_2_late_egg",-2.82206791766901e-06
"detection","db_band_10_20_baseline","db_band_0_2_late_egg",1.82127529347055e-06
"detection","db_band_0_2_early_pre","db_band_0_2_late_egg",1.94981613166781e-05
"detection","db_band_2_4_early_pre","db_band_0_2_late_egg",-1.52703527017433e-06
"detection","db_band_4_6_early_pre","db_band_0_2_late_egg",-1.9460067012219e-06
"detection","db_band_6_8_early_pre","db_band_0_2_late_egg",2.2285008855546e-07
"detection","db_band_8_10_early_pre","db_band_0_2_late_egg",1.65834798899057e-07
"detection","db_band_10_20_early_pre","db_band_0_2_late_egg",1.10863976175166e-08
"detection","db_band_0_2_immediate_pre","db_band_0_2_late_egg",-3.63998418464251e-06
"detection","db_band_2_4_immediate_pre","db_band_0_2_late_egg",2.33783733594862e-06
"detection","db_band_4_6_immediate_pre","db_band_0_2_late_egg",2.76484165346289e-06
"detection","db_band_6_8_immediate_pre","db_band_0_2_late_egg",4.74995945300072e-07
"detection","db_band_8_10_immediate_pre","db_band_0_2_late_egg",-9.01364683774917e-07
"detection","db_band_10_20_immediate_pre","db_band_0_2_late_egg",5.03168461593629e-07
"detection","db_band_0_2_spawn_start","db_band_0_2_late_egg",3.92371314030271e-05
"detection","db_band_2_4_spawn_start","db_band_0_2_late_egg",-6.34667104904899e-06
"detection","db_band_4_6_spawn_start","db_band_0_2_late_egg",1.73009563629041e-06
"detection","db_band_6_8_spawn_start","db_band_0_2_late_egg",2.80897707099683e-06
"detection","db_band_8_10_spawn_start","db_band_0_2_late_egg",-1.5807909350418e-06
"detection","db_band_10_20_spawn_start","db_band_0_2_late_egg",2.5568273883424e-06
"detection","db_band_0_2_early_egg","db_band_0_2_late_egg",-1.45965245646201e-05
"detection","db_band_2_4_early_egg","db_band_0_2_late_egg",8.72952798446444e-06
"detection","db_band_4_6_early_egg","db_band_0_2_late_egg",6.58667087423245e-06
"detection","db_band_6_8_early_egg","db_band_0_2_late_egg",-4.11979046641364e-06
"detection","db_band_8_10_early_egg","db_band_0_2_late_egg",4.25967788534131e-06
"detection","db_band_10_20_early_egg","db_band_0_2_late_egg",-2.08791828989236e-06
"detection","db_band_0_2_late_egg","db_band_0_2_late_egg",0.0011698687165213
"detection","db_band_2_4_late_egg","db_band_0_2_late_egg",-0.000169605479132866
"detection","db_band_4_6_late_egg","db_band_0_2_late_egg",-0.000109222426967898
"detection","db_band_6_8_late_egg","db_band_0_2_late_egg",-1.76310525466123e-05
"detection","db_band_8_10_late_egg","db_band_0_2_late_egg",-1.6311502567319e-05
"detection","db_band_10_20_late_egg","db_band_0_2_late_egg",-2.51654549820187e-05
"detection","db_band_0_2_baseline","db_band_2_4_late_egg",4.95443109067202e-08
"detection","db_band_2_4_baseline","db_band_2_4_late_egg",1.60245779344627e-05
"detection","db_band_4_6_baseline","db_band_2_4_late_egg",-7.92371530240971e-07
"detection","db_band_6_8_baseline","db_band_2_4_late_egg",-1.07365829443368e-06
"detection","db_band_8_10_baseline","db_band_2_4_late_egg",-1.43645718015232e-06
"detection","db_band_10_20_baseline","db_band_2_4_late_egg",1.66006765531809e-07
"detection","db_band_0_2_early_pre","db_band_2_4_late_egg",-1.26190321806508e-06
"detection","db_band_2_4_early_pre","db_band_2_4_late_egg",2.48615033565425e-05
"detection","db_band_4_6_early_pre","db_band_2_4_late_egg",-4.11174519980339e-06
"detection","db_band_6_8_early_pre","db_band_2_4_late_egg",-1.31240515067773e-06
"detection","db_band_8_10_early_pre","db_band_2_4_late_egg",-1.038841747605e-06
"detection","db_band_10_20_early_pre","db_band_2_4_late_egg",-1.71677598171015e-07
"detection","db_band_0_2_immediate_pre","db_band_2_4_late_egg",4.33929324190266e-06
"detection","db_band_2_4_immediate_pre","db_band_2_4_late_egg",2.33375810079388e-06
"detection","db_band_4_6_immediate_pre","db_band_2_4_late_egg",1.81702693397446e-06
"detection","db_band_6_8_immediate_pre","db_band_2_4_late_egg",1.8849134699795e-07
"detection","db_band_8_10_immediate_pre","db_band_2_4_late_egg",-9.65516306450675e-07
"detection","db_band_10_20_immediate_pre","db_band_2_4_late_egg",-6.59937764234426e-07
"detection","db_band_0_2_spawn_start","db_band_2_4_late_egg",-8.52495094661098e-06
"detection","db_band_2_4_spawn_start","db_band_2_4_late_egg",1.27472222559452e-05
"detection","db_band_4_6_spawn_start","db_band_2_4_late_egg",5.99307348941231e-06
"detection","db_band_6_8_spawn_start","db_band_2_4_late_egg",-2.61340655440019e-06
"detection","db_band_8_10_spawn_start","db_band_2_4_late_egg",2.94809993726384e-06
"detection","db_band_10_20_spawn_start","db_band_2_4_late_egg",-5.26111075500374e-07
"detection","db_band_0_2_early_egg","db_band_2_4_late_egg",1.2354940143797e-05
"detection","db_band_2_4_early_egg","db_band_2_4_late_egg",-1.38493380990031e-05
"detection","db_band_4_6_early_egg","db_band_2_4_late_egg",1.717690437886e-06
"detection","db_band_6_8_early_egg","db_band_2_4_late_egg",-7.88078449171928e-07
"detection","db_band_8_10_early_egg","db_band_2_4_late_egg",6.52491678612329e-06
"detection","db_band_10_20_early_egg","db_band_2_4_late_egg",-2.54040654228886e-06
"detection","db_band_0_2_late_egg","db_band_2_4_late_egg",-0.000169605479132866
"detection","db_band_2_4_late_egg","db_band_2_4_late_egg",0.000608741496632055
"detection","db_band_4_6_late_egg","db_band_2_4_late_egg",-0.000127794571870535
"detection","db_band_6_8_late_egg","db_band_2_4_late_egg",-4.29384615762093e-05
"detection","db_band_8_10_late_egg","db_band_2_4_late_egg",-1.38845210541064e-05
"detection","db_band_10_20_late_egg","db_band_2_4_late_egg",-1.43862677399672e-05
"detection","db_band_0_2_baseline","db_band_4_6_late_egg",3.0705858664993e-06
"detection","db_band_2_4_baseline","db_band_4_6_late_egg",1.08491510777105e-06
"detection","db_band_4_6_baseline","db_band_4_6_late_egg",1.23922528469547e-05
"detection","db_band_6_8_baseline","db_band_4_6_late_egg",-1.11783852315087e-06
"detection","db_band_8_10_baseline","db_band_4_6_late_egg",3.17975469811686e-07
"detection","db_band_10_20_baseline","db_band_4_6_late_egg",-1.22813980664493e-06
"detection","db_band_0_2_early_pre","db_band_4_6_late_egg",-1.42699621391584e-06
"detection","db_band_2_4_early_pre","db_band_4_6_late_egg",-1.85558848164596e-06
"detection","db_band_4_6_early_pre","db_band_4_6_late_egg",2.02107555503696e-05
"detection","db_band_6_8_early_pre","db_band_4_6_late_egg",-2.80725127297061e-06
"detection","db_band_8_10_early_pre","db_band_4_6_late_egg",-2.14561534202382e-06
"detection","db_band_10_20_early_pre","db_band_4_6_late_egg",-4.9458284952935e-07
"detection","db_band_0_2_immediate_pre","db_band_4_6_late_egg",3.93023898239234e-06
"detection","db_band_2_4_immediate_pre","db_band_4_6_late_egg",4.02651018596867e-06
"detection","db_band_4_6_immediate_pre","db_band_4_6_late_egg",6.76518691145166e-06
"detection","db_band_6_8_immediate_pre","db_band_4_6_late_egg",1.93812300120798e-06
"detection","db_band_8_10_immediate_pre","db_band_4_6_late_egg",4.636285353843e-06
"detection","db_band_10_20_immediate_pre","db_band_4_6_late_egg",-3.27843724177226e-06
"detection","db_band_0_2_spawn_start","db_band_4_6_late_egg",4.59473438080571e-06
"detection","db_band_2_4_spawn_start","db_band_4_6_late_egg",7.51649006273701e-06
"detection","db_band_4_6_spawn_start","db_band_4_6_late_egg",5.87354263354904e-06
"detection","db_band_6_8_spawn_start","db_band_4_6_late_egg",1.18176092645993e-06
"detection","db_band_8_10_spawn_start","db_band_4_6_late_egg",1.52029737376995e-06
"detection","db_band_10_20_spawn_start","db_band_4_6_late_egg",-3.90320849957313e-06
"detection","db_band_0_2_early_egg","db_band_4_6_late_egg",4.95191638529159e-06
"detection","db_band_2_4_early_egg","db_band_4_6_late_egg",8.47053057100249e-06
"detection","db_band_4_6_early_egg","db_band_4_6_late_egg",-4.52441411897577e-06
"detection","db_band_6_8_early_egg","db_band_4_6_late_egg",1.66592068956081e-06
"detection","db_band_8_10_early_egg","db_band_4_6_late_egg",3.75055799876588e-06
"detection","db_band_10_20_early_egg","db_band_4_6_late_egg",-2.26510185177816e-06
"detection","db_band_0_2_late_egg","db_band_4_6_late_egg",-0.000109222426967898
"detection","db_band_2_4_late_egg","db_band_4_6_late_egg",-0.000127794571870535
"detection","db_band_4_6_late_egg","db_band_4_6_late_egg",0.000475665615426333
"detection","db_band_6_8_late_egg","db_band_4_6_late_egg",-0.000101849820648016
"detection","db_band_8_10_late_egg","db_band_4_6_late_egg",-5.54617640519e-05
"detection","db_band_10_20_late_egg","db_band_4_6_late_egg",-1.50905080230584e-05
"detection","db_band_0_2_baseline","db_band_6_8_late_egg",-1.84804117021756e-06
"detection","db_band_2_4_baseline","db_band_6_8_late_egg",-5.42285773580583e-07
"detection","db_band_4_6_baseline","db_band_6_8_late_egg",-2.0635291544303e-06
"detection","db_band_6_8_baseline","db_band_6_8_late_egg",1.23998578504e-05
"detection","db_band_8_10_baseline","db_band_6_8_late_egg",-1.09658660942238e-06
"detection","db_band_10_20_baseline","db_band_6_8_late_egg",2.8220436911101e-07
"detection","db_band_0_2_early_pre","db_band_6_8_late_egg",-1.05057024444134e-06
"detection","db_band_2_4_early_pre","db_band_6_8_late_egg",-2.45758249960914e-06
"detection","db_band_4_6_early_pre","db_band_6_8_late_egg",-1.86092973335694e-06
"detection","db_band_6_8_early_pre","db_band_6_8_late_egg",1.51239365774485e-05
"detection","db_band_8_10_early_pre","db_band_6_8_late_egg",-8.72706229836538e-07
"detection","db_band_10_20_early_pre","db_band_6_8_late_egg",-3.54936712327277e-07
"detection","db_band_0_2_immediate_pre","db_band_6_8_late_egg",-2.61958610208925e-06
"detection","db_band_2_4_immediate_pre","db_band_6_8_late_egg",3.71046708433515e-06
"detection","db_band_4_6_immediate_pre","db_band_6_8_late_egg",-2.05647756362992e-06
"detection","db_band_6_8_immediate_pre","db_band_6_8_late_egg",7.48501878731164e-06
"detection","db_band_8_10_immediate_pre","db_band_6_8_late_egg",-3.92025866358178e-07
"detection","db_band_10_20_immediate_pre","db_band_6_8_late_egg",-3.71789116802407e-07
"detection","db_band_0_2_spawn_start","db_band_6_8_late_egg",-7.24173193388265e-08
"detection","db_band_2_4_spawn_start","db_band_6_8_late_egg",-1.57891852935922e-07
"detection","db_band_4_6_spawn_start","db_band_6_8_late_egg",2.85431782646879e-06
"detection","db_band_6_8_spawn_start","db_band_6_8_late_egg",6.90497024795656e-06
"detection","db_band_8_10_spawn_start","db_band_6_8_late_egg",-8.93020595607443e-07
"detection","db_band_10_20_spawn_start","db_band_6_8_late_egg",-7.44541291512438e-07
"detection","db_band_0_2_early_egg","db_band_6_8_late_egg",8.2493079804857e-06
"detection","db_band_2_4_early_egg","db_band_6_8_late_egg",-3.08712806168081e-06
"detection","db_band_4_6_early_egg","db_band_6_8_late_egg",5.49622013066871e-06
"detection","db_band_6_8_early_egg","db_band_6_8_late_egg",-5.8033547609995e-06
"detection","db_band_8_10_early_egg","db_band_6_8_late_egg",-5.12389443818213e-07
"detection","db_band_10_20_early_egg","db_band_6_8_late_egg",4.10264422706344e-07
"detection","db_band_0_2_late_egg","db_band_6_8_late_egg",-1.76310525466123e-05
"detection","db_band_2_4_late_egg","db_band_6_8_late_egg",-4.29384615762093e-05
"detection","db_band_4_6_late_egg","db_band_6_8_late_egg",-0.000101849820648016
"detection","db_band_6_8_late_egg","db_band_6_8_late_egg",0.000423376381162521
"detection","db_band_8_10_late_egg","db_band_6_8_late_egg",-8.73159327923289e-05
"detection","db_band_10_20_late_egg","db_band_6_8_late_egg",-2.21897451665711e-05
"detection","db_band_0_2_baseline","db_band_8_10_late_egg",-2.56689955308734e-06
"detection","db_band_2_4_baseline","db_band_8_10_late_egg",-1.6428493300094e-06
"detection","db_band_4_6_baseline","db_band_8_10_late_egg",-1.28643202188725e-06
"detection","db_band_6_8_baseline","db_band_8_10_late_egg",-1.62512377496793e-06
"detection","db_band_8_10_baseline","db_band_8_10_late_egg",1.63601536255357e-05
"detection","db_band_10_20_baseline","db_band_8_10_late_egg",-1.70159824034857e-07
"detection","db_band_0_2_early_pre","db_band_8_10_late_egg",-6.47155519630867e-07
"detection","db_band_2_4_early_pre","db_band_8_10_late_egg",4.93694849888281e-07
"detection","db_band_4_6_early_pre","db_band_8_10_late_egg",-2.25771499153595e-06
"detection","db_band_6_8_early_pre","db_band_8_10_late_egg",-1.89095981931629e-06
"detection","db_band_8_10_early_pre","db_band_8_10_late_egg",1.78404472559146e-05
"detection","db_band_10_20_early_pre","db_band_8_10_late_egg",-1.17329075033126e-06
"detection","db_band_0_2_immediate_pre","db_band_8_10_late_egg",1.66703646776404e-06
"detection","db_band_2_4_immediate_pre","db_band_8_10_late_egg",3.26277008547396e-07
"detection","db_band_4_6_immediate_pre","db_band_8_10_late_egg",-5.66767067765701e-07
"detection","db_band_6_8_immediate_pre","db_band_8_10_late_egg",-3.22406273172753e-07
"detection","db_band_8_10_immediate_pre","db_band_8_10_late_egg",1.47043850150237e-05
"detection","db_band_10_20_immediate_pre","db_band_8_10_late_egg",-1.52508875420251e-06
"detection","db_band_0_2_spawn_start","db_band_8_10_late_egg",-1.92907539102214e-06
"detection","db_band_2_4_spawn_start","db_band_8_10_late_egg",3.07790938490258e-07
"detection","db_band_4_6_spawn_start","db_band_8_10_late_egg",3.24969075036835e-06
"detection","db_band_6_8_spawn_start","db_band_8_10_late_egg",-3.61322779130674e-06
"detection","db_band_8_10_spawn_start","db_band_8_10_late_egg",9.53331576401277e-06
"detection","db_band_10_20_spawn_start","db_band_8_10_late_egg",-4.8109619058601e-07
"detection","db_band_0_2_early_egg","db_band_8_10_late_egg",-9.99849971342017e-07
"detection","db_band_2_4_early_egg","db_band_8_10_late_egg",4.33237587781367e-06
"detection","db_band_4_6_early_egg","db_band_8_10_late_egg",2.55861649318932e-06
"detection","db_band_6_8_early_egg","db_band_8_10_late_egg",4.3775607143699e-06
"detection","db_band_8_10_early_egg","db_band_8_10_late_egg",-1.13082896842068e-05
"detection","db_band_10_20_early_egg","db_band_8_10_late_egg",5.86872752547169e-07
"detection","db_band_0_2_late_egg","db_band_8_10_late_egg",-1.6311502567319e-05
"detection","db_band_2_4_late_egg","db_band_8_10_late_egg",-1.38845210541064e-05
"detection","db_band_4_6_late_egg","db_band_8_10_late_egg",-5.54617640519e-05
"detection","db_band_6_8_late_egg","db_band_8_10_late_egg",-8.73159327923289e-05
"detection","db_band_8_10_late_egg","db_band_8_10_late_egg",0.000368096596903999
"detection","db_band_10_20_late_egg","db_band_8_10_late_egg",-3.59308646454971e-05
"detection","db_band_0_2_baseline","db_band_10_20_late_egg",1.10383389207069e-06
"detection","db_band_2_4_baseline","db_band_10_20_late_egg",1.45403674523371e-07
"detection","db_band_4_6_baseline","db_band_10_20_late_egg",2.29333178526899e-07
"detection","db_band_6_8_baseline","db_band_10_20_late_egg",-7.48413253473177e-08
"detection","db_band_8_10_baseline","db_band_10_20_late_egg",-3.60788478006987e-07
"detection","db_band_10_20_baseline","db_band_10_20_late_egg",2.55444767703721e-06
"detection","db_band_0_2_early_pre","db_band_10_20_late_egg",1.53306127908074e-06
"detection","db_band_2_4_early_pre","db_band_10_20_late_egg",-8.41137645730426e-07
"detection","db_band_4_6_early_pre","db_band_10_20_late_egg",-1.68478952881886e-07
"detection","db_band_6_8_early_pre","db_band_10_20_late_egg",3.51864122788188e-07
"detection","db_band_8_10_early_pre","db_band_10_20_late_egg",-1.0738271244081e-06
"detection","db_band_10_20_early_pre","db_band_10_20_late_egg",2.86379421971017e-06
"detection","db_band_0_2_immediate_pre","db_band_10_20_late_egg",-5.46774564512091e-07
"detection","db_band_2_4_immediate_pre","db_band_10_20_late_egg",-3.99019821772708e-07
"detection","db_band_4_6_immediate_pre","db_band_10_20_late_egg",5.73747457683014e-07
"detection","db_band_6_8_immediate_pre","db_band_10_20_late_egg",-6.16148683935864e-07
"detection","db_band_8_10_immediate_pre","db_band_10_20_late_egg",-1.1399060306911e-06
"detection","db_band_10_20_immediate_pre","db_band_10_20_late_egg",2.53983637030584e-06
"detection","db_band_0_2_spawn_start","db_band_10_20_late_egg",-8.90697680292951e-07
"detection","db_band_2_4_spawn_start","db_band_10_20_late_egg",-3.22873606110411e-07
"detection","db_band_4_6_spawn_start","db_band_10_20_late_egg",-1.07680102271684e-06
"detection","db_band_6_8_spawn_start","db_band_10_20_late_egg",-7.39919386898093e-07
"detection","db_band_8_10_spawn_start","db_band_10_20_late_egg",-1.45325219970121e-07
"detection","db_band_10_20_spawn_start","db_band_10_20_late_egg",1.75121923133589e-06
"detection","db_band_0_2_early_egg","db_band_10_20_late_egg",4.07531692765795e-07
"detection","db_band_2_4_early_egg","db_band_10_20_late_egg",5.73290036869123e-07
"detection","db_band_4_6_early_egg","db_band_10_20_late_egg",-3.51150313954576e-06
"detection","db_band_6_8_early_egg","db_band_10_20_late_egg",-1.06303605347966e-06
"detection","db_band_8_10_early_egg","db_band_10_20_late_egg",7.57669616216656e-07
"detection","db_band_10_20_early_egg","db_band_10_20_late_egg",-2.79356667337134e-07
"detection","db_band_0_2_late_egg","db_band_10_20_late_egg",-2.51654549820187e-05
"detection","db_band_2_4_late_egg","db_band_10_20_late_egg",-1.43862677399672e-05
"detection","db_band_4_6_late_egg","db_band_10_20_late_egg",-1.50905080230584e-05
"detection","db_band_6_8_late_egg","db_band_10_20_late_egg",-2.21897451665711e-05
"detection","db_band_8_10_late_egg","db_band_10_20_late_egg",-3.59308646454971e-05
"detection","db_band_10_20_late_egg","db_band_10_20_late_egg",4.39838699577699e-05
"positive_numeric_count_given_detection","db_band_0_2_baseline","db_band_0_2_baseline",0.000134413269741163
"positive_numeric_count_given_detection","db_band_2_4_baseline","db_band_0_2_baseline",-2.61435643221192e-05
"positive_numeric_count_given_detection","db_band_4_6_baseline","db_band_0_2_baseline",-1.85896682709755e-05
"positive_numeric_count_given_detection","db_band_6_8_baseline","db_band_0_2_baseline",-3.5936364861931e-06
"positive_numeric_count_given_detection","db_band_8_10_baseline","db_band_0_2_baseline",-3.84717394932801e-06
"positive_numeric_count_given_detection","db_band_10_20_baseline","db_band_0_2_baseline",-3.45882455833456e-06
"positive_numeric_count_given_detection","db_band_0_2_early_pre","db_band_0_2_baseline",1.12168699974114e-06
"positive_numeric_count_given_detection","db_band_2_4_early_pre","db_band_0_2_baseline",3.73611866021192e-07
"positive_numeric_count_given_detection","db_band_4_6_early_pre","db_band_0_2_baseline",1.01407176946424e-06
"positive_numeric_count_given_detection","db_band_6_8_early_pre","db_band_0_2_baseline",9.87047999841368e-07
"positive_numeric_count_given_detection","db_band_8_10_early_pre","db_band_0_2_baseline",-1.23500706911131e-06
"positive_numeric_count_given_detection","db_band_10_20_early_pre","db_band_0_2_baseline",6.13063201100671e-08
"positive_numeric_count_given_detection","db_band_0_2_immediate_pre","db_band_0_2_baseline",1.09659959750433e-06
"positive_numeric_count_given_detection","db_band_2_4_immediate_pre","db_band_0_2_baseline",6.32388913102296e-07
"positive_numeric_count_given_detection","db_band_4_6_immediate_pre","db_band_0_2_baseline",8.38381365515613e-07
"positive_numeric_count_given_detection","db_band_6_8_immediate_pre","db_band_0_2_baseline",-1.05585573222638e-07
"positive_numeric_count_given_detection","db_band_8_10_immediate_pre","db_band_0_2_baseline",-3.94512187687472e-07
"positive_numeric_count_given_detection","db_band_10_20_immediate_pre","db_band_0_2_baseline",7.76168306367006e-09
"positive_numeric_count_given_detection","db_band_0_2_spawn_start","db_band_0_2_baseline",3.33787648362008e-06
"positive_numeric_count_given_detection","db_band_2_4_spawn_start","db_band_0_2_baseline",-3.72153502390987e-07
"positive_numeric_count_given_detection","db_band_4_6_spawn_start","db_band_0_2_baseline",-5.63294445463406e-07
"positive_numeric_count_given_detection","db_band_6_8_spawn_start","db_band_0_2_baseline",-6.59688344548919e-07
"positive_numeric_count_given_detection","db_band_8_10_spawn_start","db_band_0_2_baseline",2.25098615169973e-07
"positive_numeric_count_given_detection","db_band_10_20_spawn_start","db_band_0_2_baseline",-2.36157245334062e-07
"positive_numeric_count_given_detection","db_band_0_2_early_egg","db_band_0_2_baseline",3.70471438451911e-06
"positive_numeric_count_given_detection","db_band_2_4_early_egg","db_band_0_2_baseline",-4.12203914295173e-07
"positive_numeric_count_given_detection","db_band_4_6_early_egg","db_band_0_2_baseline",-2.94052869399844e-07
"positive_numeric_count_given_detection","db_band_6_8_early_egg","db_band_0_2_baseline",-1.01891395795679e-07
"positive_numeric_count_given_detection","db_band_8_10_early_egg","db_band_0_2_baseline",-1.52820898293221e-07
"positive_numeric_count_given_detection","db_band_10_20_early_egg","db_band_0_2_baseline",-2.64640348106546e-08
"positive_numeric_count_given_detection","db_band_0_2_late_egg","db_band_0_2_baseline",3.76605241104404e-06
"positive_numeric_count_given_detection","db_band_2_4_late_egg","db_band_0_2_baseline",-8.16629603563607e-07
"positive_numeric_count_given_detection","db_band_4_6_late_egg","db_band_0_2_baseline",9.11192125277426e-08
"positive_numeric_count_given_detection","db_band_6_8_late_egg","db_band_0_2_baseline",-3.47659942528258e-07
"positive_numeric_count_given_detection","db_band_8_10_late_egg","db_band_0_2_baseline",-4.72367677911825e-07
"positive_numeric_count_given_detection","db_band_10_20_late_egg","db_band_0_2_baseline",1.80216887488309e-07
"positive_numeric_count_given_detection","db_band_0_2_baseline","db_band_2_4_baseline",-2.61435643221192e-05
"positive_numeric_count_given_detection","db_band_2_4_baseline","db_band_2_4_baseline",0.000108153673334286
"positive_numeric_count_given_detection","db_band_4_6_baseline","db_band_2_4_baseline",-2.14488603133265e-05
"positive_numeric_count_given_detection","db_band_6_8_baseline","db_band_2_4_baseline",-6.47707929177254e-06
"positive_numeric_count_given_detection","db_band_8_10_baseline","db_band_2_4_baseline",-4.50214577940392e-06
"positive_numeric_count_given_detection","db_band_10_20_baseline","db_band_2_4_baseline",-2.69398449466377e-06
"positive_numeric_count_given_detection","db_band_0_2_early_pre","db_band_2_4_baseline",-1.62585622919404e-06
"positive_numeric_count_given_detection","db_band_2_4_early_pre","db_band_2_4_baseline",-2.97417212227589e-06
"positive_numeric_count_given_detection","db_band_4_6_early_pre","db_band_2_4_baseline",2.45558646975646e-06
"positive_numeric_count_given_detection","db_band_6_8_early_pre","db_band_2_4_baseline",-6.79738954215851e-07
"positive_numeric_count_given_detection","db_band_8_10_early_pre","db_band_2_4_baseline",3.70745580670726e-07
"positive_numeric_count_given_detection","db_band_10_20_early_pre","db_band_2_4_baseline",1.38159944354093e-07
"positive_numeric_count_given_detection","db_band_0_2_immediate_pre","db_band_2_4_baseline",-1.47632627797871e-06
"positive_numeric_count_given_detection","db_band_2_4_immediate_pre","db_band_2_4_baseline",-1.45190490068682e-07
"positive_numeric_count_given_detection","db_band_4_6_immediate_pre","db_band_2_4_baseline",2.30845929517335e-06
"positive_numeric_count_given_detection","db_band_6_8_immediate_pre","db_band_2_4_baseline",-4.60563650818537e-07
"positive_numeric_count_given_detection","db_band_8_10_immediate_pre","db_band_2_4_baseline",2.88505981712349e-07
"positive_numeric_count_given_detection","db_band_10_20_immediate_pre","db_band_2_4_baseline",6.39751061758082e-08
"positive_numeric_count_given_detection","db_band_0_2_spawn_start","db_band_2_4_baseline",-6.61809558746414e-07
"positive_numeric_count_given_detection","db_band_2_4_spawn_start","db_band_2_4_baseline",1.95484356206891e-06
"positive_numeric_count_given_detection","db_band_4_6_spawn_start","db_band_2_4_baseline",6.16591182361795e-07
"positive_numeric_count_given_detection","db_band_6_8_spawn_start","db_band_2_4_baseline",4.25577334707381e-07
"positive_numeric_count_given_detection","db_band_8_10_spawn_start","db_band_2_4_baseline",2.47410250846869e-07
"positive_numeric_count_given_detection","db_band_10_20_spawn_start","db_band_2_4_baseline",6.87260060473983e-08
"positive_numeric_count_given_detection","db_band_0_2_early_egg","db_band_2_4_baseline",-1.37655874769001e-07
"positive_numeric_count_given_detection","db_band_2_4_early_egg","db_band_2_4_baseline",2.47524836349894e-06
"positive_numeric_count_given_detection","db_band_4_6_early_egg","db_band_2_4_baseline",-4.16748826926752e-07
"positive_numeric_count_given_detection","db_band_6_8_early_egg","db_band_2_4_baseline",-3.02990936526051e-07
"positive_numeric_count_given_detection","db_band_8_10_early_egg","db_band_2_4_baseline",-1.09542028343981e-07
"positive_numeric_count_given_detection","db_band_10_20_early_egg","db_band_2_4_baseline",3.22106809108052e-08
"positive_numeric_count_given_detection","db_band_0_2_late_egg","db_band_2_4_baseline",-5.96805959184827e-07
"positive_numeric_count_given_detection","db_band_2_4_late_egg","db_band_2_4_baseline",3.42430666486629e-06
"positive_numeric_count_given_detection","db_band_4_6_late_egg","db_band_2_4_baseline",-2.22393634723757e-07
"positive_numeric_count_given_detection","db_band_6_8_late_egg","db_band_2_4_baseline",-3.19291288545733e-07
"positive_numeric_count_given_detection","db_band_8_10_late_egg","db_band_2_4_baseline",-2.16606805295645e-07
"positive_numeric_count_given_detection","db_band_10_20_late_egg","db_band_2_4_baseline",6.19177711499766e-08
"positive_numeric_count_given_detection","db_band_0_2_baseline","db_band_4_6_baseline",-1.85896682709755e-05
"positive_numeric_count_given_detection","db_band_2_4_baseline","db_band_4_6_baseline",-2.14488603133265e-05
"positive_numeric_count_given_detection","db_band_4_6_baseline","db_band_4_6_baseline",7.52025702695822e-05
"positive_numeric_count_given_detection","db_band_6_8_baseline","db_band_4_6_baseline",-1.72052033738867e-05
"positive_numeric_count_given_detection","db_band_8_10_baseline","db_band_4_6_baseline",-1.05681029881107e-05
"positive_numeric_count_given_detection","db_band_10_20_baseline","db_band_4_6_baseline",-1.61009191351907e-06
"positive_numeric_count_given_detection","db_band_0_2_early_pre","db_band_4_6_baseline",2.44634695296915e-07
"positive_numeric_count_given_detection","db_band_2_4_early_pre","db_band_4_6_baseline",9.02340328700673e-07
"positive_numeric_count_given_detection","db_band_4_6_early_pre","db_band_4_6_baseline",3.73247875306645e-07
"positive_numeric_count_given_detection","db_band_6_8_early_pre","db_band_4_6_baseline",-1.53743798246858e-07
"positive_numeric_count_given_detection","db_band_8_10_early_pre","db_band_4_6_baseline",-4.1133433196727e-08
"positive_numeric_count_given_detection","db_band_10_20_early_pre","db_band_4_6_baseline",-3.34605146866961e-07
"positive_numeric_count_given_detection","db_band_0_2_immediate_pre","db_band_4_6_baseline",1.04677252079517e-06
"positive_numeric_count_given_detection","db_band_2_4_immediate_pre","db_band_4_6_baseline",-6.53820412685284e-07
"positive_numeric_count_given_detection","db_band_4_6_immediate_pre","db_band_4_6_baseline",8.21854196974541e-08
"positive_numeric_count_given_detection","db_band_6_8_immediate_pre","db_band_4_6_baseline",4.9818084376129e-08
"positive_numeric_count_given_detection","db_band_8_10_immediate_pre","db_band_4_6_baseline",2.29671496689185e-07
"positive_numeric_count_given_detection","db_band_10_20_immediate_pre","db_band_4_6_baseline",-1.00782228987631e-07
"positive_numeric_count_given_detection","db_band_0_2_spawn_start","db_band_4_6_baseline",-6.34166646608806e-07
"positive_numeric_count_given_detection","db_band_2_4_spawn_start","db_band_4_6_baseline",-8.55715401653973e-07
"positive_numeric_count_given_detection","db_band_4_6_spawn_start","db_band_4_6_baseline",3.14074212988958e-06
"positive_numeric_count_given_detection","db_band_6_8_spawn_start","db_band_4_6_baseline",-1.71403339697257e-06
"positive_numeric_count_given_detection","db_band_8_10_spawn_start","db_band_4_6_baseline",-1.27106245161677e-06
"positive_numeric_count_given_detection","db_band_10_20_spawn_start","db_band_4_6_baseline",1.60542026496905e-07
"positive_numeric_count_given_detection","db_band_0_2_early_egg","db_band_4_6_baseline",-2.45390742960728e-07
"positive_numeric_count_given_detection","db_band_2_4_early_egg","db_band_4_6_baseline",-1.54869529425617e-07
"positive_numeric_count_given_detection","db_band_4_6_early_egg","db_band_4_6_baseline",2.69597623933113e-06
"positive_numeric_count_given_detection","db_band_6_8_early_egg","db_band_4_6_baseline",-9.46524928005499e-07
"positive_numeric_count_given_detection","db_band_8_10_early_egg","db_band_4_6_baseline",4.04941869770065e-07
"positive_numeric_count_given_detection","db_band_10_20_early_egg","db_band_4_6_baseline",-9.19132044294945e-08
"positive_numeric_count_given_detection","db_band_0_2_late_egg","db_band_4_6_baseline",1.4561697372664e-07
"positive_numeric_count_given_detection","db_band_2_4_late_egg","db_band_4_6_baseline",-7.76249255213546e-07
"positive_numeric_count_given_detection","db_band_4_6_late_egg","db_band_4_6_baseline",2.94201058524002e-06
"positive_numeric_count_given_detection","db_band_6_8_late_egg","db_band_4_6_baseline",-3.90695672402376e-07
"positive_numeric_count_given_detection","db_band_8_10_late_egg","db_band_4_6_baseline",-1.73577451658821e-07
"positive_numeric_count_given_detection","db_band_10_20_late_egg","db_band_4_6_baseline",-9.16675765437112e-08
"positive_numeric_count_given_detection","db_band_0_2_baseline","db_band_6_8_baseline",-3.5936364861931e-06
"positive_numeric_count_given_detection","db_band_2_4_baseline","db_band_6_8_baseline",-6.47707929177254e-06
"positive_numeric_count_given_detection","db_band_4_6_baseline","db_band_6_8_baseline",-1.72052033738867e-05
"positive_numeric_count_given_detection","db_band_6_8_baseline","db_band_6_8_baseline",6.34312309685437e-05
"positive_numeric_count_given_detection","db_band_8_10_baseline","db_band_6_8_baseline",-1.23416327168617e-05
"positive_numeric_count_given_detection","db_band_10_20_baseline","db_band_6_8_baseline",-3.61239566212588e-06
"positive_numeric_count_given_detection","db_band_0_2_early_pre","db_band_6_8_baseline",-9.80853734941651e-07
"positive_numeric_count_given_detection","db_band_2_4_early_pre","db_band_6_8_baseline",-4.6621832517978e-07
"positive_numeric_count_given_detection","db_band_4_6_early_pre","db_band_6_8_baseline",-5.58529605136345e-07
"positive_numeric_count_given_detection","db_band_6_8_early_pre","db_band_6_8_baseline",4.02327628499811e-07
"positive_numeric_count_given_detection","db_band_8_10_early_pre","db_band_6_8_baseline",1.29750552634524e-06
"positive_numeric_count_given_detection","db_band_10_20_early_pre","db_band_6_8_baseline",-4.61364858013177e-07
"positive_numeric_count_given_detection","db_band_0_2_immediate_pre","db_band_6_8_baseline",8.19497436028993e-07
"positive_numeric_count_given_detection","db_band_2_4_immediate_pre","db_band_6_8_baseline",6.57652708426523e-07
"positive_numeric_count_given_detection","db_band_4_6_immediate_pre","db_band_6_8_baseline",1.88038517655328e-07
"positive_numeric_count_given_detection","db_band_6_8_immediate_pre","db_band_6_8_baseline",1.24977376993149e-06
"positive_numeric_count_given_detection","db_band_8_10_immediate_pre","db_band_6_8_baseline",-9.17170936192774e-08
"positive_numeric_count_given_detection","db_band_10_20_immediate_pre","db_band_6_8_baseline",-2.69822864641529e-07
"positive_numeric_count_given_detection","db_band_0_2_spawn_start","db_band_6_8_baseline",6.85742139184599e-07
"positive_numeric_count_given_detection","db_band_2_4_spawn_start","db_band_6_8_baseline",-4.48955921130473e-08
"positive_numeric_count_given_detection","db_band_4_6_spawn_start","db_band_6_8_baseline",-2.50491180076014e-07
"positive_numeric_count_given_detection","db_band_6_8_spawn_start","db_band_6_8_baseline",1.5128198716803e-06
"positive_numeric_count_given_detection","db_band_8_10_spawn_start","db_band_6_8_baseline",-2.58778212078114e-07
"positive_numeric_count_given_detection","db_band_10_20_spawn_start","db_band_6_8_baseline",-6.91075368929123e-08
"positive_numeric_count_given_detection","db_band_0_2_early_egg","db_band_6_8_baseline",1.25774107162101e-07
"positive_numeric_count_given_detection","db_band_2_4_early_egg","db_band_6_8_baseline",-4.95162771989784e-07
"positive_numeric_count_given_detection","db_band_4_6_early_egg","db_band_6_8_baseline",-2.11373254157477e-07
"positive_numeric_count_given_detection","db_band_6_8_early_egg","db_band_6_8_baseline",2.4417616299514e-06
"positive_numeric_count_given_detection","db_band_8_10_early_egg","db_band_6_8_baseline",-5.77075448308021e-07
"positive_numeric_count_given_detection","db_band_10_20_early_egg","db_band_6_8_baseline",5.71265013187517e-08
"positive_numeric_count_given_detection","db_band_0_2_late_egg","db_band_6_8_baseline",-1.54432646715379e-07
"positive_numeric_count_given_detection","db_band_2_4_late_egg","db_band_6_8_baseline",-2.10197723599947e-07
"positive_numeric_count_given_detection","db_band_4_6_late_egg","db_band_6_8_baseline",-6.41003218337057e-07
"positive_numeric_count_given_detection","db_band_6_8_late_egg","db_band_6_8_baseline",2.25513772915937e-06
"positive_numeric_count_given_detection","db_band_8_10_late_egg","db_band_6_8_baseline",-1.98218414300216e-07
"positive_numeric_count_given_detection","db_band_10_20_late_egg","db_band_6_8_baseline",-5.84331241322146e-08
"positive_numeric_count_given_detection","db_band_0_2_baseline","db_band_8_10_baseline",-3.84717394932801e-06
"positive_numeric_count_given_detection","db_band_2_4_baseline","db_band_8_10_baseline",-4.50214577940392e-06
"positive_numeric_count_given_detection","db_band_4_6_baseline","db_band_8_10_baseline",-1.05681029881107e-05
"positive_numeric_count_given_detection","db_band_6_8_baseline","db_band_8_10_baseline",-1.23416327168617e-05
"positive_numeric_count_given_detection","db_band_8_10_baseline","db_band_8_10_baseline",5.7520877603339e-05
"positive_numeric_count_given_detection","db_band_10_20_baseline","db_band_8_10_baseline",-5.64308708960923e-06
"positive_numeric_count_given_detection","db_band_0_2_early_pre","db_band_8_10_baseline",2.45109035767273e-06
"positive_numeric_count_given_detection","db_band_2_4_early_pre","db_band_8_10_baseline",7.43047114866942e-07
"positive_numeric_count_given_detection","db_band_4_6_early_pre","db_band_8_10_baseline",-6.30208713775607e-08
"positive_numeric_count_given_detection","db_band_6_8_early_pre","db_band_8_10_baseline",8.48909622867203e-07
"positive_numeric_count_given_detection","db_band_8_10_early_pre","db_band_8_10_baseline",-1.89174661119376e-06
"positive_numeric_count_given_detection","db_band_10_20_early_pre","db_band_8_10_baseline",-1.47540507340218e-07
"positive_numeric_count_given_detection","db_band_0_2_immediate_pre","db_band_8_10_baseline",8.32800691715151e-07
"positive_numeric_count_given_detection","db_band_2_4_immediate_pre","db_band_8_10_baseline",1.72093805496204e-07
"positive_numeric_count_given_detection","db_band_4_6_immediate_pre","db_band_8_10_baseline",6.52922894175157e-07
"positive_numeric_count_given_detection","db_band_6_8_immediate_pre","db_band_8_10_baseline",2.4222253408991e-07
"positive_numeric_count_given_detection","db_band_8_10_immediate_pre","db_band_8_10_baseline",-3.36884425575954e-07
"positive_numeric_count_given_detection","db_band_10_20_immediate_pre","db_band_8_10_baseline",4.81642846481833e-08
"positive_numeric_count_given_detection","db_band_0_2_spawn_start","db_band_8_10_baseline",-1.79304509236207e-07
"positive_numeric_count_given_detection","db_band_2_4_spawn_start","db_band_8_10_baseline",1.50753470224464e-07
"positive_numeric_count_given_detection","db_band_4_6_spawn_start","db_band_8_10_baseline",4.04885939696932e-07
"positive_numeric_count_given_detection","db_band_6_8_spawn_start","db_band_8_10_baseline",3.07071132834976e-07
"positive_numeric_count_given_detection","db_band_8_10_spawn_start","db_band_8_10_baseline",1.18223964653278e-06
"positive_numeric_count_given_detection","db_band_10_20_spawn_start","db_band_8_10_baseline",-3.95563552531546e-07
"positive_numeric_count_given_detection","db_band_0_2_early_egg","db_band_8_10_baseline",5.80415711639006e-09
"positive_numeric_count_given_detection","db_band_2_4_early_egg","db_band_8_10_baseline",9.93132337985906e-08
"positive_numeric_count_given_detection","db_band_4_6_early_egg","db_band_8_10_baseline",-2.52857069520158e-08
"positive_numeric_count_given_detection","db_band_6_8_early_egg","db_band_8_10_baseline",1.21577172293529e-08
"positive_numeric_count_given_detection","db_band_8_10_early_egg","db_band_8_10_baseline",1.68230185640354e-06
"positive_numeric_count_given_detection","db_band_10_20_early_egg","db_band_8_10_baseline",-1.19097952227545e-07
"positive_numeric_count_given_detection","db_band_0_2_late_egg","db_band_8_10_baseline",-4.32978764800523e-07
"positive_numeric_count_given_detection","db_band_2_4_late_egg","db_band_8_10_baseline",-1.36789554148211e-07
"positive_numeric_count_given_detection","db_band_4_6_late_egg","db_band_8_10_baseline",2.87303917853476e-08
"positive_numeric_count_given_detection","db_band_6_8_late_egg","db_band_8_10_baseline",-3.12018331015973e-07
"positive_numeric_count_given_detection","db_band_8_10_late_egg","db_band_8_10_baseline",2.19393245006536e-06
"positive_numeric_count_given_detection","db_band_10_20_late_egg","db_band_8_10_baseline",-2.23109992290971e-08
"positive_numeric_count_given_detection","db_band_0_2_baseline","db_band_10_20_baseline",-3.45882455833456e-06
"positive_numeric_count_given_detection","db_band_2_4_baseline","db_band_10_20_baseline",-2.69398449466377e-06
"positive_numeric_count_given_detection","db_band_4_6_baseline","db_band_10_20_baseline",-1.61009191351907e-06
"positive_numeric_count_given_detection","db_band_6_8_baseline","db_band_10_20_baseline",-3.61239566212588e-06
"positive_numeric_count_given_detection","db_band_8_10_baseline","db_band_10_20_baseline",-5.64308708960923e-06
"positive_numeric_count_given_detection","db_band_10_20_baseline","db_band_10_20_baseline",7.06100972082981e-06
"positive_numeric_count_given_detection","db_band_0_2_early_pre","db_band_10_20_baseline",-1.05296049258908e-07
"positive_numeric_count_given_detection","db_band_2_4_early_pre","db_band_10_20_baseline",-1.73794498482277e-09
"positive_numeric_count_given_detection","db_band_4_6_early_pre","db_band_10_20_baseline",-3.30390208258941e-07
"positive_numeric_count_given_detection","db_band_6_8_early_pre","db_band_10_20_baseline",1.41605652145134e-07
"positive_numeric_count_given_detection","db_band_8_10_early_pre","db_band_10_20_baseline",-2.39068943901431e-07
"positive_numeric_count_given_detection","db_band_10_20_early_pre","db_band_10_20_baseline",-2.30811746093917e-07
"positive_numeric_count_given_detection","db_band_0_2_immediate_pre","db_band_10_20_baseline",-2.48794504965926e-07
"positive_numeric_count_given_detection","db_band_2_4_immediate_pre","db_band_10_20_baseline",1.1197649886155e-07
"positive_numeric_count_given_detection","db_band_4_6_immediate_pre","db_band_10_20_baseline",-5.63379181290988e-07
"positive_numeric_count_given_detection","db_band_6_8_immediate_pre","db_band_10_20_baseline",-6.99736966029867e-08
"positive_numeric_count_given_detection","db_band_8_10_immediate_pre","db_band_10_20_baseline",2.73599859359781e-07
"positive_numeric_count_given_detection","db_band_10_20_immediate_pre","db_band_10_20_baseline",1.94925033424968e-07
"positive_numeric_count_given_detection","db_band_0_2_spawn_start","db_band_10_20_baseline",1.56798836775238e-07
"positive_numeric_count_given_detection","db_band_2_4_spawn_start","db_band_10_20_baseline",-1.46981510603056e-08
"positive_numeric_count_given_detection","db_band_4_6_spawn_start","db_band_10_20_baseline",-7.75206669144011e-07
"positive_numeric_count_given_detection","db_band_6_8_spawn_start","db_band_10_20_baseline",1.8969472815387e-07
"positive_numeric_count_given_detection","db_band_8_10_spawn_start","db_band_10_20_baseline",2.04386974486227e-07
"positive_numeric_count_given_detection","db_band_10_20_spawn_start","db_band_10_20_baseline",2.99508123274578e-07
"positive_numeric_count_given_detection","db_band_0_2_early_egg","db_band_10_20_baseline",-1.54265060206026e-07
"positive_numeric_count_given_detection","db_band_2_4_early_egg","db_band_10_20_baseline",-8.50442141055962e-08
"positive_numeric_count_given_detection","db_band_4_6_early_egg","db_band_10_20_baseline",-7.15399015675429e-08
"positive_numeric_count_given_detection","db_band_6_8_early_egg","db_band_10_20_baseline",-1.1883375613977e-07
"positive_numeric_count_given_detection","db_band_8_10_early_egg","db_band_10_20_baseline",-9.52098785238817e-08
"positive_numeric_count_given_detection","db_band_10_20_early_egg","db_band_10_20_baseline",3.69708739594713e-07
"positive_numeric_count_given_detection","db_band_0_2_late_egg","db_band_10_20_baseline",2.32180110136975e-07
"positive_numeric_count_given_detection","db_band_2_4_late_egg","db_band_10_20_baseline",1.50041309127129e-08
"positive_numeric_count_given_detection","db_band_4_6_late_egg","db_band_10_20_baseline",-1.88602352392794e-07
"positive_numeric_count_given_detection","db_band_6_8_late_egg","db_band_10_20_baseline",6.68987995845691e-08
"positive_numeric_count_given_detection","db_band_8_10_late_egg","db_band_10_20_baseline",-1.19553112625261e-08
"positive_numeric_count_given_detection","db_band_10_20_late_egg","db_band_10_20_baseline",3.51016319760312e-07
"positive_numeric_count_given_detection","db_band_0_2_baseline","db_band_0_2_early_pre",1.12168699974114e-06
"positive_numeric_count_given_detection","db_band_2_4_baseline","db_band_0_2_early_pre",-1.62585622919404e-06
"positive_numeric_count_given_detection","db_band_4_6_baseline","db_band_0_2_early_pre",2.44634695296915e-07
"positive_numeric_count_given_detection","db_band_6_8_baseline","db_band_0_2_early_pre",-9.80853734941651e-07
"positive_numeric_count_given_detection","db_band_8_10_baseline","db_band_0_2_early_pre",2.45109035767273e-06
"positive_numeric_count_given_detection","db_band_10_20_baseline","db_band_0_2_early_pre",-1.05296049258908e-07
"positive_numeric_count_given_detection","db_band_0_2_early_pre","db_band_0_2_early_pre",0.000274572808277543
"positive_numeric_count_given_detection","db_band_2_4_early_pre","db_band_0_2_early_pre",-4.44039119990762e-05
"positive_numeric_count_given_detection","db_band_4_6_early_pre","db_band_0_2_early_pre",-3.59158096622955e-05
"positive_numeric_count_given_detection","db_band_6_8_early_pre","db_band_0_2_early_pre",-5.08859035911799e-06
"positive_numeric_count_given_detection","db_band_8_10_early_pre","db_band_0_2_early_pre",-1.10848918190386e-05
"positive_numeric_count_given_detection","db_band_10_20_early_pre","db_band_0_2_early_pre",-5.76565649486515e-06
"positive_numeric_count_given_detection","db_band_0_2_immediate_pre","db_band_0_2_early_pre",3.33424411969666e-06
"positive_numeric_count_given_detection","db_band_2_4_immediate_pre","db_band_0_2_early_pre",3.52192783786642e-07
"positive_numeric_count_given_detection","db_band_4_6_immediate_pre","db_band_0_2_early_pre",-7.92487111863758e-07
"positive_numeric_count_given_detection","db_band_6_8_immediate_pre","db_band_0_2_early_pre",2.62223136179647e-06
"positive_numeric_count_given_detection","db_band_8_10_immediate_pre","db_band_0_2_early_pre",-1.81609891128368e-08
"positive_numeric_count_given_detection","db_band_10_20_immediate_pre","db_band_0_2_early_pre",-7.09964767051983e-07
"positive_numeric_count_given_detection","db_band_0_2_spawn_start","db_band_0_2_early_pre",4.31628256340361e-06
"positive_numeric_count_given_detection","db_band_2_4_spawn_start","db_band_0_2_early_pre",7.75778300904801e-07
"positive_numeric_count_given_detection","db_band_4_6_spawn_start","db_band_0_2_early_pre",3.53720116859164e-07
"positive_numeric_count_given_detection","db_band_6_8_spawn_start","db_band_0_2_early_pre",6.00072568398741e-07
"positive_numeric_count_given_detection","db_band_8_10_spawn_start","db_band_0_2_early_pre",-1.41950466141292e-07
"positive_numeric_count_given_detection","db_band_10_20_spawn_start","db_band_0_2_early_pre",5.56875090548293e-07
"positive_numeric_count_given_detection","db_band_0_2_early_egg","db_band_0_2_early_pre",4.07308184907802e-06
"positive_numeric_count_given_detection","db_band_2_4_early_egg","db_band_0_2_early_pre",1.48347184311715e-07
"positive_numeric_count_given_detection","db_band_4_6_early_egg","db_band_0_2_early_pre",2.60259797595701e-07
"positive_numeric_count_given_detection","db_band_6_8_early_egg","db_band_0_2_early_pre",-3.71825823283313e-07
"positive_numeric_count_given_detection","db_band_8_10_early_egg","db_band_0_2_early_pre",-1.41573664119917e-07
"positive_numeric_count_given_detection","db_band_10_20_early_egg","db_band_0_2_early_pre",-2.4007904461243e-07
"positive_numeric_count_given_detection","db_band_0_2_late_egg","db_band_0_2_early_pre",3.78350898582228e-06
"positive_numeric_count_given_detection","db_band_2_4_late_egg","db_band_0_2_early_pre",-5.0284489682472e-07
"positive_numeric_count_given_detection","db_band_4_6_late_egg","db_band_0_2_early_pre",-6.19188234037469e-07
"positive_numeric_count_given_detection","db_band_6_8_late_egg","db_band_0_2_early_pre",-6.69756831195193e-08
"positive_numeric_count_given_detection","db_band_8_10_late_egg","db_band_0_2_early_pre",-1.1541395134547e-07
"positive_numeric_count_given_detection","db_band_10_20_late_egg","db_band_0_2_early_pre",1.6976573226749e-07
"positive_numeric_count_given_detection","db_band_0_2_baseline","db_band_2_4_early_pre",3.73611866021192e-07
"positive_numeric_count_given_detection","db_band_2_4_baseline","db_band_2_4_early_pre",-2.97417212227589e-06
"positive_numeric_count_given_detection","db_band_4_6_baseline","db_band_2_4_early_pre",9.02340328700673e-07
"positive_numeric_count_given_detection","db_band_6_8_baseline","db_band_2_4_early_pre",-4.6621832517978e-07
"positive_numeric_count_given_detection","db_band_8_10_baseline","db_band_2_4_early_pre",7.43047114866942e-07
"positive_numeric_count_given_detection","db_band_10_20_baseline","db_band_2_4_early_pre",-1.73794498482277e-09
"positive_numeric_count_given_detection","db_band_0_2_early_pre","db_band_2_4_early_pre",-4.44039119990762e-05
"positive_numeric_count_given_detection","db_band_2_4_early_pre","db_band_2_4_early_pre",0.000207726069687057
"positive_numeric_count_given_detection","db_band_4_6_early_pre","db_band_2_4_early_pre",-4.18200411210014e-05
"positive_numeric_count_given_detection","db_band_6_8_early_pre","db_band_2_4_early_pre",-1.39337541744468e-05
"positive_numeric_count_given_detection","db_band_8_10_early_pre","db_band_2_4_early_pre",-8.39102351797589e-06
"positive_numeric_count_given_detection","db_band_10_20_early_pre","db_band_2_4_early_pre",-4.3183060327421e-06
"positive_numeric_count_given_detection","db_band_0_2_immediate_pre","db_band_2_4_early_pre",1.53508125888108e-06
"positive_numeric_count_given_detection","db_band_2_4_immediate_pre","db_band_2_4_early_pre",-4.75100301361144e-06
"positive_numeric_count_given_detection","db_band_4_6_immediate_pre","db_band_2_4_early_pre",4.02498945793619e-07
"positive_numeric_count_given_detection","db_band_6_8_immediate_pre","db_band_2_4_early_pre",1.16994206293116e-06
"positive_numeric_count_given_detection","db_band_8_10_immediate_pre","db_band_2_4_early_pre",4.1340517684769e-07
"positive_numeric_count_given_detection","db_band_10_20_immediate_pre","db_band_2_4_early_pre",-2.04724941350653e-07
"positive_numeric_count_given_detection","db_band_0_2_spawn_start","db_band_2_4_early_pre",7.31975172072861e-07
"positive_numeric_count_given_detection","db_band_2_4_spawn_start","db_band_2_4_early_pre",7.67956195313809e-07
"positive_numeric_count_given_detection","db_band_4_6_spawn_start","db_band_2_4_early_pre",1.53950628200534e-06
"positive_numeric_count_given_detection","db_band_6_8_spawn_start","db_band_2_4_early_pre",-2.60928574054505e-06
"positive_numeric_count_given_detection","db_band_8_10_spawn_start","db_band_2_4_early_pre",8.96395999110334e-07
"positive_numeric_count_given_detection","db_band_10_20_spawn_start","db_band_2_4_early_pre",-6.95888454138253e-08
"positive_numeric_count_given_detection","db_band_0_2_early_egg","db_band_2_4_early_pre",3.17846588048133e-07
"positive_numeric_count_given_detection","db_band_2_4_early_egg","db_band_2_4_early_pre",8.36300142206052e-07
"positive_numeric_count_given_detection","db_band_4_6_early_egg","db_band_2_4_early_pre",1.06278673129458e-06
"positive_numeric_count_given_detection","db_band_6_8_early_egg","db_band_2_4_early_pre",-4.49490824333641e-07
"positive_numeric_count_given_detection","db_band_8_10_early_egg","db_band_2_4_early_pre",-9.03547104816299e-08
"positive_numeric_count_given_detection","db_band_10_20_early_egg","db_band_2_4_early_pre",5.82428696470407e-08
"positive_numeric_count_given_detection","db_band_0_2_late_egg","db_band_2_4_early_pre",-9.52197661106591e-07
"positive_numeric_count_given_detection","db_band_2_4_late_egg","db_band_2_4_early_pre",4.60720035491278e-06
"positive_numeric_count_given_detection","db_band_4_6_late_egg","db_band_2_4_early_pre",7.42367000355648e-08
"positive_numeric_count_given_detection","db_band_6_8_late_egg","db_band_2_4_early_pre",-5.63161869887783e-07
"positive_numeric_count_given_detection","db_band_8_10_late_egg","db_band_2_4_early_pre",2.29610271519495e-09
"positive_numeric_count_given_detection","db_band_10_20_late_egg","db_band_2_4_early_pre",-1.23661627088717e-07
"positive_numeric_count_given_detection","db_band_0_2_baseline","db_band_4_6_early_pre",1.01407176946424e-06
"positive_numeric_count_given_detection","db_band_2_4_baseline","db_band_4_6_early_pre",2.45558646975646e-06
"positive_numeric_count_given_detection","db_band_4_6_baseline","db_band_4_6_early_pre",3.73247875306645e-07
"positive_numeric_count_given_detection","db_band_6_8_baseline","db_band_4_6_early_pre",-5.58529605136345e-07
"positive_numeric_count_given_detection","db_band_8_10_baseline","db_band_4_6_early_pre",-6.30208713775607e-08
"positive_numeric_count_given_detection","db_band_10_20_baseline","db_band_4_6_early_pre",-3.30390208258941e-07
"positive_numeric_count_given_detection","db_band_0_2_early_pre","db_band_4_6_early_pre",-3.59158096622955e-05
"positive_numeric_count_given_detection","db_band_2_4_early_pre","db_band_4_6_early_pre",-4.18200411210014e-05
"positive_numeric_count_given_detection","db_band_4_6_early_pre","db_band_4_6_early_pre",0.000131858791808398
"positive_numeric_count_given_detection","db_band_6_8_early_pre","db_band_4_6_early_pre",-2.6250017627798e-05
"positive_numeric_count_given_detection","db_band_8_10_early_pre","db_band_4_6_early_pre",-1.28064536648952e-05
"positive_numeric_count_given_detection","db_band_10_20_early_pre","db_band_4_6_early_pre",-5.00043240603763e-06
"positive_numeric_count_given_detection","db_band_0_2_immediate_pre","db_band_4_6_early_pre",5.96410018577882e-07
"positive_numeric_count_given_detection","db_band_2_4_immediate_pre","db_band_4_6_early_pre",-4.86966483601527e-07
"positive_numeric_count_given_detection","db_band_4_6_immediate_pre","db_band_4_6_early_pre",-1.89347102224809e-07
"positive_numeric_count_given_detection","db_band_6_8_immediate_pre","db_band_4_6_early_pre",-1.38200663417149e-06
"positive_numeric_count_given_detection","db_band_8_10_immediate_pre","db_band_4_6_early_pre",-1.47747854082525e-06
"positive_numeric_count_given_detection","db_band_10_20_immediate_pre","db_band_4_6_early_pre",2.02255996047706e-08
"positive_numeric_count_given_detection","db_band_0_2_spawn_start","db_band_4_6_early_pre",9.72790162443113e-07
"positive_numeric_count_given_detection","db_band_2_4_spawn_start","db_band_4_6_early_pre",2.74405540889851e-07
"positive_numeric_count_given_detection","db_band_4_6_spawn_start","db_band_4_6_early_pre",1.45833737795051e-06
"positive_numeric_count_given_detection","db_band_6_8_spawn_start","db_band_4_6_early_pre",5.42942025884322e-07
"positive_numeric_count_given_detection","db_band_8_10_spawn_start","db_band_4_6_early_pre",3.61345952514942e-07
"positive_numeric_count_given_detection","db_band_10_20_spawn_start","db_band_4_6_early_pre",-3.69500711142196e-07
"positive_numeric_count_given_detection","db_band_0_2_early_egg","db_band_4_6_early_pre",-5.25726597425044e-07
"positive_numeric_count_given_detection","db_band_2_4_early_egg","db_band_4_6_early_pre",1.94177594379394e-07
"positive_numeric_count_given_detection","db_band_4_6_early_egg","db_band_4_6_early_pre",1.53594377501433e-06
"positive_numeric_count_given_detection","db_band_6_8_early_egg","db_band_4_6_early_pre",1.42992956418778e-07
"positive_numeric_count_given_detection","db_band_8_10_early_egg","db_band_4_6_early_pre",-3.30958431549278e-07
"positive_numeric_count_given_detection","db_band_10_20_early_egg","db_band_4_6_early_pre",-1.82287085696636e-08
"positive_numeric_count_given_detection","db_band_0_2_late_egg","db_band_4_6_early_pre",-3.03338508757233e-07
"positive_numeric_count_given_detection","db_band_2_4_late_egg","db_band_4_6_early_pre",-8.18821366916122e-07
"positive_numeric_count_given_detection","db_band_4_6_late_egg","db_band_4_6_early_pre",3.04596874119736e-06
"positive_numeric_count_given_detection","db_band_6_8_late_egg","db_band_4_6_early_pre",-2.40537698022052e-07
"positive_numeric_count_given_detection","db_band_8_10_late_egg","db_band_4_6_early_pre",-4.08524762243838e-07
"positive_numeric_count_given_detection","db_band_10_20_late_egg","db_band_4_6_early_pre",-1.13403641654338e-07
"positive_numeric_count_given_detection","db_band_0_2_baseline","db_band_6_8_early_pre",9.87047999841368e-07
"positive_numeric_count_given_detection","db_band_2_4_baseline","db_band_6_8_early_pre",-6.79738954215851e-07
"positive_numeric_count_given_detection","db_band_4_6_baseline","db_band_6_8_early_pre",-1.53743798246858e-07
"positive_numeric_count_given_detection","db_band_6_8_baseline","db_band_6_8_early_pre",4.02327628499811e-07
"positive_numeric_count_given_detection","db_band_8_10_baseline","db_band_6_8_early_pre",8.48909622867203e-07
"positive_numeric_count_given_detection","db_band_10_20_baseline","db_band_6_8_early_pre",1.41605652145134e-07
"positive_numeric_count_given_detection","db_band_0_2_early_pre","db_band_6_8_early_pre",-5.08859035911799e-06
"positive_numeric_count_given_detection","db_band_2_4_early_pre","db_band_6_8_early_pre",-1.39337541744468e-05
"positive_numeric_count_given_detection","db_band_4_6_early_pre","db_band_6_8_early_pre",-2.6250017627798e-05
"positive_numeric_count_given_detection","db_band_6_8_early_pre","db_band_6_8_early_pre",0.000115858199432003
"positive_numeric_count_given_detection","db_band_8_10_early_pre","db_band_6_8_early_pre",-2.67543212686397e-05
"positive_numeric_count_given_detection","db_band_10_20_early_pre","db_band_6_8_early_pre",-6.05070446787934e-06
"positive_numeric_count_given_detection","db_band_0_2_immediate_pre","db_band_6_8_early_pre",2.27554101476783e-06
"positive_numeric_count_given_detection","db_band_2_4_immediate_pre","db_band_6_8_early_pre",1.36792924704977e-07
"positive_numeric_count_given_detection","db_band_4_6_immediate_pre","db_band_6_8_early_pre",-2.45813786204506e-06
"positive_numeric_count_given_detection","db_band_6_8_immediate_pre","db_band_6_8_early_pre",-6.84199085022974e-07
"positive_numeric_count_given_detection","db_band_8_10_immediate_pre","db_band_6_8_early_pre",7.383458942545e-07
"positive_numeric_count_given_detection","db_band_10_20_immediate_pre","db_band_6_8_early_pre",-4.40007881364265e-07
"positive_numeric_count_given_detection","db_band_0_2_spawn_start","db_band_6_8_early_pre",5.176193670567e-07
"positive_numeric_count_given_detection","db_band_2_4_spawn_start","db_band_6_8_early_pre",6.45976235774829e-07
"positive_numeric_count_given_detection","db_band_4_6_spawn_start","db_band_6_8_early_pre",7.85471655204061e-07
"positive_numeric_count_given_detection","db_band_6_8_spawn_start","db_band_6_8_early_pre",-2.0957906305507e-07
"positive_numeric_count_given_detection","db_band_8_10_spawn_start","db_band_6_8_early_pre",4.06864461693697e-07
"positive_numeric_count_given_detection","db_band_10_20_spawn_start","db_band_6_8_early_pre",-5.91964919145061e-07
"positive_numeric_count_given_detection","db_band_0_2_early_egg","db_band_6_8_early_pre",1.38874390792199e-06
"positive_numeric_count_given_detection","db_band_2_4_early_egg","db_band_6_8_early_pre",-3.83341318724007e-08
"positive_numeric_count_given_detection","db_band_4_6_early_egg","db_band_6_8_early_pre",-4.19511976949941e-07
"positive_numeric_count_given_detection","db_band_6_8_early_egg","db_band_6_8_early_pre",9.01599481980777e-07
"positive_numeric_count_given_detection","db_band_8_10_early_egg","db_band_6_8_early_pre",-4.01574171505947e-07
"positive_numeric_count_given_detection","db_band_10_20_early_egg","db_band_6_8_early_pre",-1.29801620824619e-07
"positive_numeric_count_given_detection","db_band_0_2_late_egg","db_band_6_8_early_pre",1.39579667018193e-08
"positive_numeric_count_given_detection","db_band_2_4_late_egg","db_band_6_8_early_pre",-3.50020816043772e-07
"positive_numeric_count_given_detection","db_band_4_6_late_egg","db_band_6_8_early_pre",-5.62667235032714e-07
"positive_numeric_count_given_detection","db_band_6_8_late_egg","db_band_6_8_early_pre",2.31171649393422e-06
"positive_numeric_count_given_detection","db_band_8_10_late_egg","db_band_6_8_early_pre",-2.32679816302804e-07
"positive_numeric_count_given_detection","db_band_10_20_late_egg","db_band_6_8_early_pre",8.93440494155836e-08
"positive_numeric_count_given_detection","db_band_0_2_baseline","db_band_8_10_early_pre",-1.23500706911131e-06
"positive_numeric_count_given_detection","db_band_2_4_baseline","db_band_8_10_early_pre",3.70745580670726e-07
"positive_numeric_count_given_detection","db_band_4_6_baseline","db_band_8_10_early_pre",-4.1133433196727e-08
"positive_numeric_count_given_detection","db_band_6_8_baseline","db_band_8_10_early_pre",1.29750552634524e-06
"positive_numeric_count_given_detection","db_band_8_10_baseline","db_band_8_10_early_pre",-1.89174661119376e-06
"positive_numeric_count_given_detection","db_band_10_20_baseline","db_band_8_10_early_pre",-2.39068943901431e-07
"positive_numeric_count_given_detection","db_band_0_2_early_pre","db_band_8_10_early_pre",-1.10848918190386e-05
"positive_numeric_count_given_detection","db_band_2_4_early_pre","db_band_8_10_early_pre",-8.39102351797589e-06
"positive_numeric_count_given_detection","db_band_4_6_early_pre","db_band_8_10_early_pre",-1.28064536648952e-05
"positive_numeric_count_given_detection","db_band_6_8_early_pre","db_band_8_10_early_pre",-2.67543212686397e-05
"positive_numeric_count_given_detection","db_band_8_10_early_pre","db_band_8_10_early_pre",0.000105371353857959
"positive_numeric_count_given_detection","db_band_10_20_early_pre","db_band_8_10_early_pre",-9.10224855258936e-06
"positive_numeric_count_given_detection","db_band_0_2_immediate_pre","db_band_8_10_early_pre",-5.02189806880658e-07
"positive_numeric_count_given_detection","db_band_2_4_immediate_pre","db_band_8_10_early_pre",2.03058703132214e-06
"positive_numeric_count_given_detection","db_band_4_6_immediate_pre","db_band_8_10_early_pre",4.3188967188516e-07
"positive_numeric_count_given_detection","db_band_6_8_immediate_pre","db_band_8_10_early_pre",6.74175347289122e-07
"positive_numeric_count_given_detection","db_band_8_10_immediate_pre","db_band_8_10_early_pre",-2.27586747534807e-06
"positive_numeric_count_given_detection","db_band_10_20_immediate_pre","db_band_8_10_early_pre",-4.4951712637368e-07
"positive_numeric_count_given_detection","db_band_0_2_spawn_start","db_band_8_10_early_pre",-6.7423552056589e-07
"positive_numeric_count_given_detection","db_band_2_4_spawn_start","db_band_8_10_early_pre",1.34645258904515e-06
"positive_numeric_count_given_detection","db_band_4_6_spawn_start","db_band_8_10_early_pre",-1.12012381504136e-06
"positive_numeric_count_given_detection","db_band_6_8_spawn_start","db_band_8_10_early_pre",1.19909557703634e-06
"positive_numeric_count_given_detection","db_band_8_10_spawn_start","db_band_8_10_early_pre",-1.47709971869688e-06
"positive_numeric_count_given_detection","db_band_10_20_spawn_start","db_band_8_10_early_pre",6.75475699711648e-07
"positive_numeric_count_given_detection","db_band_0_2_early_egg","db_band_8_10_early_pre",4.26032804908609e-07
"positive_numeric_count_given_detection","db_band_2_4_early_egg","db_band_8_10_early_pre",1.9450264646934e-07
"positive_numeric_count_given_detection","db_band_4_6_early_egg","db_band_8_10_early_pre",-1.17675877146378e-09
"positive_numeric_count_given_detection","db_band_6_8_early_egg","db_band_8_10_early_pre",9.96278278211979e-07
"positive_numeric_count_given_detection","db_band_8_10_early_egg","db_band_8_10_early_pre",6.72665806904536e-07
"positive_numeric_count_given_detection","db_band_10_20_early_egg","db_band_8_10_early_pre",-3.0976060465138e-07
"positive_numeric_count_given_detection","db_band_0_2_late_egg","db_band_8_10_early_pre",4.17370203962905e-08
"positive_numeric_count_given_detection","db_band_2_4_late_egg","db_band_8_10_early_pre",-1.24074949326599e-07
"positive_numeric_count_given_detection","db_band_4_6_late_egg","db_band_8_10_early_pre",-2.52933283204507e-07
"positive_numeric_count_given_detection","db_band_6_8_late_egg","db_band_8_10_early_pre",-1.56052494094293e-07
"positive_numeric_count_given_detection","db_band_8_10_late_egg","db_band_8_10_early_pre",2.25218091081582e-06
"positive_numeric_count_given_detection","db_band_10_20_late_egg","db_band_8_10_early_pre",-1.02422421346389e-07
"positive_numeric_count_given_detection","db_band_0_2_baseline","db_band_10_20_early_pre",6.13063201100671e-08
"positive_numeric_count_given_detection","db_band_2_4_baseline","db_band_10_20_early_pre",1.38159944354093e-07
"positive_numeric_count_given_detection","db_band_4_6_baseline","db_band_10_20_early_pre",-3.34605146866961e-07
"positive_numeric_count_given_detection","db_band_6_8_baseline","db_band_10_20_early_pre",-4.61364858013177e-07
"positive_numeric_count_given_detection","db_band_8_10_baseline","db_band_10_20_early_pre",-1.47540507340218e-07
"positive_numeric_count_given_detection","db_band_10_20_baseline","db_band_10_20_early_pre",-2.30811746093917e-07
"positive_numeric_count_given_detection","db_band_0_2_early_pre","db_band_10_20_early_pre",-5.76565649486515e-06
"positive_numeric_count_given_detection","db_band_2_4_early_pre","db_band_10_20_early_pre",-4.3183060327421e-06
"positive_numeric_count_given_detection","db_band_4_6_early_pre","db_band_10_20_early_pre",-5.00043240603763e-06
"positive_numeric_count_given_detection","db_band_6_8_early_pre","db_band_10_20_early_pre",-6.05070446787934e-06
"positive_numeric_count_given_detection","db_band_8_10_early_pre","db_band_10_20_early_pre",-9.10224855258936e-06
"positive_numeric_count_given_detection","db_band_10_20_early_pre","db_band_10_20_early_pre",1.33421591486366e-05
"positive_numeric_count_given_detection","db_band_0_2_immediate_pre","db_band_10_20_early_pre",-1.76632769754849e-06
"positive_numeric_count_given_detection","db_band_2_4_immediate_pre","db_band_10_20_early_pre",-6.91016828022754e-07
"positive_numeric_count_given_detection","db_band_4_6_immediate_pre","db_band_10_20_early_pre",1.09062614970838e-08
"positive_numeric_count_given_detection","db_band_6_8_immediate_pre","db_band_10_20_early_pre",3.0063861127875e-07
"positive_numeric_count_given_detection","db_band_8_10_immediate_pre","db_band_10_20_early_pre",-7.03560359225855e-07
"positive_numeric_count_given_detection","db_band_10_20_immediate_pre","db_band_10_20_early_pre",-2.36239574946287e-07
"positive_numeric_count_given_detection","db_band_0_2_spawn_start","db_band_10_20_early_pre",-2.48314842380439e-07
"positive_numeric_count_given_detection","db_band_2_4_spawn_start","db_band_10_20_early_pre",-3.80374205706946e-07
"positive_numeric_count_given_detection","db_band_4_6_spawn_start","db_band_10_20_early_pre",-2.63417803621066e-07
"positive_numeric_count_given_detection","db_band_6_8_spawn_start","db_band_10_20_early_pre",-9.48634067133309e-08
"positive_numeric_count_given_detection","db_band_8_10_spawn_start","db_band_10_20_early_pre",3.2901156845253e-07
"positive_numeric_count_given_detection","db_band_10_20_spawn_start","db_band_10_20_early_pre",1.13136916753864e-07
"positive_numeric_count_given_detection","db_band_0_2_early_egg","db_band_10_20_early_pre",-8.23374091217435e-07
"positive_numeric_count_given_detection","db_band_2_4_early_egg","db_band_10_20_early_pre",-2.9206792542084e-07
"positive_numeric_count_given_detection","db_band_4_6_early_egg","db_band_10_20_early_pre",-1.01408081188573e-07
"positive_numeric_count_given_detection","db_band_6_8_early_egg","db_band_10_20_early_pre",-3.84238590767949e-07
"positive_numeric_count_given_detection","db_band_8_10_early_egg","db_band_10_20_early_pre",3.03046797176597e-07
"positive_numeric_count_given_detection","db_band_10_20_early_egg","db_band_10_20_early_pre",2.57592666593773e-07
"positive_numeric_count_given_detection","db_band_0_2_late_egg","db_band_10_20_early_pre",-7.59042864541257e-08
"positive_numeric_count_given_detection","db_band_2_4_late_egg","db_band_10_20_early_pre",-6.29372038869828e-08
"positive_numeric_count_given_detection","db_band_4_6_late_egg","db_band_10_20_early_pre",-7.91855556383817e-08
"positive_numeric_count_given_detection","db_band_6_8_late_egg","db_band_10_20_early_pre",-3.58055484820005e-08
"positive_numeric_count_given_detection","db_band_8_10_late_egg","db_band_10_20_early_pre",-1.2157018954354e-07
"positive_numeric_count_given_detection","db_band_10_20_late_egg","db_band_10_20_early_pre",3.69407905609492e-07
"positive_numeric_count_given_detection","db_band_0_2_baseline","db_band_0_2_immediate_pre",1.09659959750433e-06
"positive_numeric_count_given_detection","db_band_2_4_baseline","db_band_0_2_immediate_pre",-1.47632627797871e-06
"positive_numeric_count_given_detection","db_band_4_6_baseline","db_band_0_2_immediate_pre",1.04677252079517e-06
"positive_numeric_count_given_detection","db_band_6_8_baseline","db_band_0_2_immediate_pre",8.19497436028993e-07
"positive_numeric_count_given_detection","db_band_8_10_baseline","db_band_0_2_immediate_pre",8.32800691715151e-07
"positive_numeric_count_given_detection","db_band_10_20_baseline","db_band_0_2_immediate_pre",-2.48794504965926e-07
"positive_numeric_count_given_detection","db_band_0_2_early_pre","db_band_0_2_immediate_pre",3.33424411969666e-06
"positive_numeric_count_given_detection","db_band_2_4_early_pre","db_band_0_2_immediate_pre",1.53508125888108e-06
"positive_numeric_count_given_detection","db_band_4_6_early_pre","db_band_0_2_immediate_pre",5.96410018577882e-07
"positive_numeric_count_given_detection","db_band_6_8_early_pre","db_band_0_2_immediate_pre",2.27554101476783e-06
"positive_numeric_count_given_detection","db_band_8_10_early_pre","db_band_0_2_immediate_pre",-5.02189806880658e-07
"positive_numeric_count_given_detection","db_band_10_20_early_pre","db_band_0_2_immediate_pre",-1.76632769754849e-06
"positive_numeric_count_given_detection","db_band_0_2_immediate_pre","db_band_0_2_immediate_pre",0.00025792297434548
"positive_numeric_count_given_detection","db_band_2_4_immediate_pre","db_band_0_2_immediate_pre",-4.06766097461266e-05
"positive_numeric_count_given_detection","db_band_4_6_immediate_pre","db_band_0_2_immediate_pre",-4.37632726992303e-05
"positive_numeric_count_given_detection","db_band_6_8_immediate_pre","db_band_0_2_immediate_pre",-6.24899557249842e-06
"positive_numeric_count_given_detection","db_band_8_10_immediate_pre","db_band_0_2_immediate_pre",-9.76640827227395e-06
"positive_numeric_count_given_detection","db_band_10_20_immediate_pre","db_band_0_2_immediate_pre",-6.36968112992426e-06
"positive_numeric_count_given_detection","db_band_0_2_spawn_start","db_band_0_2_immediate_pre",1.13792696292771e-05
"positive_numeric_count_given_detection","db_band_2_4_spawn_start","db_band_0_2_immediate_pre",-4.22993876259559e-06
"positive_numeric_count_given_detection","db_band_4_6_spawn_start","db_band_0_2_immediate_pre",5.00906955688044e-06
"positive_numeric_count_given_detection","db_band_6_8_spawn_start","db_band_0_2_immediate_pre",9.52278473629993e-07
"positive_numeric_count_given_detection","db_band_8_10_spawn_start","db_band_0_2_immediate_pre",-1.36412274055067e-06
"positive_numeric_count_given_detection","db_band_10_20_spawn_start","db_band_0_2_immediate_pre",-1.64296317851524e-06
"positive_numeric_count_given_detection","db_band_0_2_early_egg","db_band_0_2_immediate_pre",1.83099386789655e-06
"positive_numeric_count_given_detection","db_band_2_4_early_egg","db_band_0_2_immediate_pre",9.08482646373459e-07
"positive_numeric_count_given_detection","db_band_4_6_early_egg","db_band_0_2_immediate_pre",-1.52091711220254e-07
"positive_numeric_count_given_detection","db_band_6_8_early_egg","db_band_0_2_immediate_pre",8.84319707170547e-07
"positive_numeric_count_given_detection","db_band_8_10_early_egg","db_band_0_2_immediate_pre",2.77364973952412e-07
"positive_numeric_count_given_detection","db_band_10_20_early_egg","db_band_0_2_immediate_pre",2.92345215150498e-07
"positive_numeric_count_given_detection","db_band_0_2_late_egg","db_band_0_2_immediate_pre",3.66825147979663e-06
"positive_numeric_count_given_detection","db_band_2_4_late_egg","db_band_0_2_immediate_pre",-6.26499222512916e-07
"positive_numeric_count_given_detection","db_band_4_6_late_egg","db_band_0_2_immediate_pre",-2.88648439100537e-07
"positive_numeric_count_given_detection","db_band_6_8_late_egg","db_band_0_2_immediate_pre",1.62952460884131e-07
"positive_numeric_count_given_detection","db_band_8_10_late_egg","db_band_0_2_immediate_pre",1.51440394876403e-07
"positive_numeric_count_given_detection","db_band_10_20_late_egg","db_band_0_2_immediate_pre",1.89200616083416e-09
"positive_numeric_count_given_detection","db_band_0_2_baseline","db_band_2_4_immediate_pre",6.32388913102296e-07
"positive_numeric_count_given_detection","db_band_2_4_baseline","db_band_2_4_immediate_pre",-1.45190490068682e-07
"positive_numeric_count_given_detection","db_band_4_6_baseline","db_band_2_4_immediate_pre",-6.53820412685284e-07
"positive_numeric_count_given_detection","db_band_6_8_baseline","db_band_2_4_immediate_pre",6.57652708426523e-07
"positive_numeric_count_given_detection","db_band_8_10_baseline","db_band_2_4_immediate_pre",1.72093805496204e-07
"positive_numeric_count_given_detection","db_band_10_20_baseline","db_band_2_4_immediate_pre",1.1197649886155e-07
"positive_numeric_count_given_detection","db_band_0_2_early_pre","db_band_2_4_immediate_pre",3.52192783786642e-07
"positive_numeric_count_given_detection","db_band_2_4_early_pre","db_band_2_4_immediate_pre",-4.75100301361144e-06
"positive_numeric_count_given_detection","db_band_4_6_early_pre","db_band_2_4_immediate_pre",-4.86966483601527e-07
"positive_numeric_count_given_detection","db_band_6_8_early_pre","db_band_2_4_immediate_pre",1.36792924704977e-07
"positive_numeric_count_given_detection","db_band_8_10_early_pre","db_band_2_4_immediate_pre",2.03058703132214e-06
"positive_numeric_count_given_detection","db_band_10_20_early_pre","db_band_2_4_immediate_pre",-6.91016828022754e-07
"positive_numeric_count_given_detection","db_band_0_2_immediate_pre","db_band_2_4_immediate_pre",-4.06766097461266e-05
"positive_numeric_count_given_detection","db_band_2_4_immediate_pre","db_band_2_4_immediate_pre",0.000200026161555054
"positive_numeric_count_given_detection","db_band_4_6_immediate_pre","db_band_2_4_immediate_pre",-4.52762051767902e-05
"positive_numeric_count_given_detection","db_band_6_8_immediate_pre","db_band_2_4_immediate_pre",-1.3990564641956e-05
"positive_numeric_count_given_detection","db_band_8_10_immediate_pre","db_band_2_4_immediate_pre",-7.35934309595776e-06
"positive_numeric_count_given_detection","db_band_10_20_immediate_pre","db_band_2_4_immediate_pre",-5.08583485848392e-06
"positive_numeric_count_given_detection","db_band_0_2_spawn_start","db_band_2_4_immediate_pre",-4.80661186477736e-06
"positive_numeric_count_given_detection","db_band_2_4_spawn_start","db_band_2_4_immediate_pre",3.85329699986819e-06
"positive_numeric_count_given_detection","db_band_4_6_spawn_start","db_band_2_4_immediate_pre",-8.91028485482938e-07
"positive_numeric_count_given_detection","db_band_6_8_spawn_start","db_band_2_4_immediate_pre",-1.40320878927677e-06
"positive_numeric_count_given_detection","db_band_8_10_spawn_start","db_band_2_4_immediate_pre",-3.08562073702135e-09
"positive_numeric_count_given_detection","db_band_10_20_spawn_start","db_band_2_4_immediate_pre",-7.03095356048254e-08
"positive_numeric_count_given_detection","db_band_0_2_early_egg","db_band_2_4_immediate_pre",6.00881226721427e-07
"positive_numeric_count_given_detection","db_band_2_4_early_egg","db_band_2_4_immediate_pre",-7.35802521713833e-07
"positive_numeric_count_given_detection","db_band_4_6_early_egg","db_band_2_4_immediate_pre",2.30962066333925e-06
"positive_numeric_count_given_detection","db_band_6_8_early_egg","db_band_2_4_immediate_pre",-4.57027208627732e-07
"positive_numeric_count_given_detection","db_band_8_10_early_egg","db_band_2_4_immediate_pre",-1.02434273358249e-07
"positive_numeric_count_given_detection","db_band_10_20_early_egg","db_band_2_4_immediate_pre",2.50202972657391e-08
"positive_numeric_count_given_detection","db_band_0_2_late_egg","db_band_2_4_immediate_pre",-1.26638173987115e-06
"positive_numeric_count_given_detection","db_band_2_4_late_egg","db_band_2_4_immediate_pre",2.38843415243752e-06
"positive_numeric_count_given_detection","db_band_4_6_late_egg","db_band_2_4_immediate_pre",8.02587577822625e-08
"positive_numeric_count_given_detection","db_band_6_8_late_egg","db_band_2_4_immediate_pre",8.02267918073528e-07
"positive_numeric_count_given_detection","db_band_8_10_late_egg","db_band_2_4_immediate_pre",-3.54201482948303e-07
"positive_numeric_count_given_detection","db_band_10_20_late_egg","db_band_2_4_immediate_pre",-1.2165903017221e-07
"positive_numeric_count_given_detection","db_band_0_2_baseline","db_band_4_6_immediate_pre",8.38381365515613e-07
"positive_numeric_count_given_detection","db_band_2_4_baseline","db_band_4_6_immediate_pre",2.30845929517335e-06
"positive_numeric_count_given_detection","db_band_4_6_baseline","db_band_4_6_immediate_pre",8.21854196974541e-08
"positive_numeric_count_given_detection","db_band_6_8_baseline","db_band_4_6_immediate_pre",1.88038517655328e-07
"positive_numeric_count_given_detection","db_band_8_10_baseline","db_band_4_6_immediate_pre",6.52922894175157e-07
"positive_numeric_count_given_detection","db_band_10_20_baseline","db_band_4_6_immediate_pre",-5.63379181290988e-07
"positive_numeric_count_given_detection","db_band_0_2_early_pre","db_band_4_6_immediate_pre",-7.92487111863758e-07
"positive_numeric_count_given_detection","db_band_2_4_early_pre","db_band_4_6_immediate_pre",4.02498945793619e-07
"positive_numeric_count_given_detection","db_band_4_6_early_pre","db_band_4_6_immediate_pre",-1.89347102224809e-07
"positive_numeric_count_given_detection","db_band_6_8_early_pre","db_band_4_6_immediate_pre",-2.45813786204506e-06
"positive_numeric_count_given_detection","db_band_8_10_early_pre","db_band_4_6_immediate_pre",4.3188967188516e-07
"positive_numeric_count_given_detection","db_band_10_20_early_pre","db_band_4_6_immediate_pre",1.09062614970838e-08
"positive_numeric_count_given_detection","db_band_0_2_immediate_pre","db_band_4_6_immediate_pre",-4.37632726992303e-05
"positive_numeric_count_given_detection","db_band_2_4_immediate_pre","db_band_4_6_immediate_pre",-4.52762051767902e-05
"positive_numeric_count_given_detection","db_band_4_6_immediate_pre","db_band_4_6_immediate_pre",0.000149891053764352
"positive_numeric_count_given_detection","db_band_6_8_immediate_pre","db_band_4_6_immediate_pre",-2.96248429749414e-05
"positive_numeric_count_given_detection","db_band_8_10_immediate_pre","db_band_4_6_immediate_pre",-1.95437937485707e-05
"positive_numeric_count_given_detection","db_band_10_20_immediate_pre","db_band_4_6_immediate_pre",-2.84620783033534e-06
"positive_numeric_count_given_detection","db_band_0_2_spawn_start","db_band_4_6_immediate_pre",-1.53178592757818e-06
"positive_numeric_count_given_detection","db_band_2_4_spawn_start","db_band_4_6_immediate_pre",-4.36103585432924e-06
"positive_numeric_count_given_detection","db_band_4_6_spawn_start","db_band_4_6_immediate_pre",2.10430458522666e-06
"positive_numeric_count_given_detection","db_band_6_8_spawn_start","db_band_4_6_immediate_pre",-9.88915965222503e-07
"positive_numeric_count_given_detection","db_band_8_10_spawn_start","db_band_4_6_immediate_pre",-2.04632330103801e-06
"positive_numeric_count_given_detection","db_band_10_20_spawn_start","db_band_4_6_immediate_pre",6.17092724165456e-07
"positive_numeric_count_given_detection","db_band_0_2_early_egg","db_band_4_6_immediate_pre",1.21201421994659e-06
"positive_numeric_count_given_detection","db_band_2_4_early_egg","db_band_4_6_immediate_pre",8.36335373356873e-07
"positive_numeric_count_given_detection","db_band_4_6_early_egg","db_band_4_6_immediate_pre",-5.14992170429228e-07
"positive_numeric_count_given_detection","db_band_6_8_early_egg","db_band_4_6_immediate_pre",1.05327521867471e-06
"positive_numeric_count_given_detection","db_band_8_10_early_egg","db_band_4_6_immediate_pre",-5.9680001226618e-07
"positive_numeric_count_given_detection","db_band_10_20_early_egg","db_band_4_6_immediate_pre",-1.60667303070361e-07
"positive_numeric_count_given_detection","db_band_0_2_late_egg","db_band_4_6_immediate_pre",-3.60346945614775e-07
"positive_numeric_count_given_detection","db_band_2_4_late_egg","db_band_4_6_immediate_pre",1.20979098090448e-07
"positive_numeric_count_given_detection","db_band_4_6_late_egg","db_band_4_6_immediate_pre",1.85712107296961e-06
"positive_numeric_count_given_detection","db_band_6_8_late_egg","db_band_4_6_immediate_pre",-1.07463176999779e-06
"positive_numeric_count_given_detection","db_band_8_10_late_egg","db_band_4_6_immediate_pre",3.69530199863337e-07
"positive_numeric_count_given_detection","db_band_10_20_late_egg","db_band_4_6_immediate_pre",6.85451415450698e-08
"positive_numeric_count_given_detection","db_band_0_2_baseline","db_band_6_8_immediate_pre",-1.05585573222638e-07
"positive_numeric_count_given_detection","db_band_2_4_baseline","db_band_6_8_immediate_pre",-4.60563650818537e-07
"positive_numeric_count_given_detection","db_band_4_6_baseline","db_band_6_8_immediate_pre",4.9818084376129e-08
"positive_numeric_count_given_detection","db_band_6_8_baseline","db_band_6_8_immediate_pre",1.24977376993149e-06
"positive_numeric_count_given_detection","db_band_8_10_baseline","db_band_6_8_immediate_pre",2.4222253408991e-07
"positive_numeric_count_given_detection","db_band_10_20_baseline","db_band_6_8_immediate_pre",-6.99736966029867e-08
"positive_numeric_count_given_detection","db_band_0_2_early_pre","db_band_6_8_immediate_pre",2.62223136179647e-06
"positive_numeric_count_given_detection","db_band_2_4_early_pre","db_band_6_8_immediate_pre",1.16994206293116e-06
"positive_numeric_count_given_detection","db_band_4_6_early_pre","db_band_6_8_immediate_pre",-1.38200663417149e-06
"positive_numeric_count_given_detection","db_band_6_8_early_pre","db_band_6_8_immediate_pre",-6.84199085022974e-07
"positive_numeric_count_given_detection","db_band_8_10_early_pre","db_band_6_8_immediate_pre",6.74175347289122e-07
"positive_numeric_count_given_detection","db_band_10_20_early_pre","db_band_6_8_immediate_pre",3.0063861127875e-07
"positive_numeric_count_given_detection","db_band_0_2_immediate_pre","db_band_6_8_immediate_pre",-6.24899557249842e-06
"positive_numeric_count_given_detection","db_band_2_4_immediate_pre","db_band_6_8_immediate_pre",-1.3990564641956e-05
"positive_numeric_count_given_detection","db_band_4_6_immediate_pre","db_band_6_8_immediate_pre",-2.96248429749414e-05
"positive_numeric_count_given_detection","db_band_6_8_immediate_pre","db_band_6_8_immediate_pre",0.000114007371177595
"positive_numeric_count_given_detection","db_band_8_10_immediate_pre","db_band_6_8_immediate_pre",-2.10645629084002e-05
"positive_numeric_count_given_detection","db_band_10_20_immediate_pre","db_band_6_8_immediate_pre",-5.92496658762214e-06
"positive_numeric_count_given_detection","db_band_0_2_spawn_start","db_band_6_8_immediate_pre",4.77731229545516e-07
"positive_numeric_count_given_detection","db_band_2_4_spawn_start","db_band_6_8_immediate_pre",-7.0297510203519e-06
"positive_numeric_count_given_detection","db_band_4_6_spawn_start","db_band_6_8_immediate_pre",-5.59430531056351e-06
"positive_numeric_count_given_detection","db_band_6_8_spawn_start","db_band_6_8_immediate_pre",2.29258339273866e-06
"positive_numeric_count_given_detection","db_band_8_10_spawn_start","db_band_6_8_immediate_pre",2.01997069562707e-06
"positive_numeric_count_given_detection","db_band_10_20_spawn_start","db_band_6_8_immediate_pre",1.58085514708936e-07
"positive_numeric_count_given_detection","db_band_0_2_early_egg","db_band_6_8_immediate_pre",6.66752228063941e-08
"positive_numeric_count_given_detection","db_band_2_4_early_egg","db_band_6_8_immediate_pre",9.90495643134818e-08
"positive_numeric_count_given_detection","db_band_4_6_early_egg","db_band_6_8_immediate_pre",9.4037133029604e-07
"positive_numeric_count_given_detection","db_band_6_8_early_egg","db_band_6_8_immediate_pre",-9.28056481651784e-07
"positive_numeric_count_given_detection","db_band_8_10_early_egg","db_band_6_8_immediate_pre",3.35220239456104e-07
"positive_numeric_count_given_detection","db_band_10_20_early_egg","db_band_6_8_immediate_pre",-1.82674072492679e-07
"positive_numeric_count_given_detection","db_band_0_2_late_egg","db_band_6_8_immediate_pre",4.39460851346404e-07
"positive_numeric_count_given_detection","db_band_2_4_late_egg","db_band_6_8_immediate_pre",-3.62675478821376e-07
"positive_numeric_count_given_detection","db_band_4_6_late_egg","db_band_6_8_immediate_pre",4.69054222575539e-07
"positive_numeric_count_given_detection","db_band_6_8_late_egg","db_band_6_8_immediate_pre",7.52684911513641e-07
"positive_numeric_count_given_detection","db_band_8_10_late_egg","db_band_6_8_immediate_pre",-7.24392208677912e-07
"positive_numeric_count_given_detection","db_band_10_20_late_egg","db_band_6_8_immediate_pre",7.11407003110092e-08
"positive_numeric_count_given_detection","db_band_0_2_baseline","db_band_8_10_immediate_pre",-3.94512187687472e-07
"positive_numeric_count_given_detection","db_band_2_4_baseline","db_band_8_10_immediate_pre",2.88505981712349e-07
"positive_numeric_count_given_detection","db_band_4_6_baseline","db_band_8_10_immediate_pre",2.29671496689185e-07
"positive_numeric_count_given_detection","db_band_6_8_baseline","db_band_8_10_immediate_pre",-9.17170936192774e-08
"positive_numeric_count_given_detection","db_band_8_10_baseline","db_band_8_10_immediate_pre",-3.36884425575954e-07
"positive_numeric_count_given_detection","db_band_10_20_baseline","db_band_8_10_immediate_pre",2.73599859359781e-07
"positive_numeric_count_given_detection","db_band_0_2_early_pre","db_band_8_10_immediate_pre",-1.81609891128368e-08
"positive_numeric_count_given_detection","db_band_2_4_early_pre","db_band_8_10_immediate_pre",4.1340517684769e-07
"positive_numeric_count_given_detection","db_band_4_6_early_pre","db_band_8_10_immediate_pre",-1.47747854082525e-06
"positive_numeric_count_given_detection","db_band_6_8_early_pre","db_band_8_10_immediate_pre",7.383458942545e-07
"positive_numeric_count_given_detection","db_band_8_10_early_pre","db_band_8_10_immediate_pre",-2.27586747534807e-06
"positive_numeric_count_given_detection","db_band_10_20_early_pre","db_band_8_10_immediate_pre",-7.03560359225855e-07
"positive_numeric_count_given_detection","db_band_0_2_immediate_pre","db_band_8_10_immediate_pre",-9.76640827227395e-06
"positive_numeric_count_given_detection","db_band_2_4_immediate_pre","db_band_8_10_immediate_pre",-7.35934309595776e-06
"positive_numeric_count_given_detection","db_band_4_6_immediate_pre","db_band_8_10_immediate_pre",-1.95437937485707e-05
"positive_numeric_count_given_detection","db_band_6_8_immediate_pre","db_band_8_10_immediate_pre",-2.10645629084002e-05
"positive_numeric_count_given_detection","db_band_8_10_immediate_pre","db_band_8_10_immediate_pre",0.000113318282671162
"positive_numeric_count_given_detection","db_band_10_20_immediate_pre","db_band_8_10_immediate_pre",-9.99132956421304e-06
"positive_numeric_count_given_detection","db_band_0_2_spawn_start","db_band_8_10_immediate_pre",-1.09778623553197e-06
"positive_numeric_count_given_detection","db_band_2_4_spawn_start","db_band_8_10_immediate_pre",3.47728088039197e-06
"positive_numeric_count_given_detection","db_band_4_6_spawn_start","db_band_8_10_immediate_pre",-2.45029672274617e-07
"positive_numeric_count_given_detection","db_band_6_8_spawn_start","db_band_8_10_immediate_pre",7.70359733930181e-07
"positive_numeric_count_given_detection","db_band_8_10_spawn_start","db_band_8_10_immediate_pre",-3.16991767536475e-06
"positive_numeric_count_given_detection","db_band_10_20_spawn_start","db_band_8_10_immediate_pre",-1.34288162248421e-06
"positive_numeric_count_given_detection","db_band_0_2_early_egg","db_band_8_10_immediate_pre",5.18921403973129e-07
"positive_numeric_count_given_detection","db_band_2_4_early_egg","db_band_8_10_immediate_pre",7.74018612527248e-07
"positive_numeric_count_given_detection","db_band_4_6_early_egg","db_band_8_10_immediate_pre",2.64697850938841e-07
"positive_numeric_count_given_detection","db_band_6_8_early_egg","db_band_8_10_immediate_pre",5.44927438855996e-07
"positive_numeric_count_given_detection","db_band_8_10_early_egg","db_band_8_10_immediate_pre",-1.03747422612084e-06
"positive_numeric_count_given_detection","db_band_10_20_early_egg","db_band_8_10_immediate_pre",1.19375648730945e-07
"positive_numeric_count_given_detection","db_band_0_2_late_egg","db_band_8_10_immediate_pre",-2.06773660863685e-08
"positive_numeric_count_given_detection","db_band_2_4_late_egg","db_band_8_10_immediate_pre",-2.11566744742198e-07
"positive_numeric_count_given_detection","db_band_4_6_late_egg","db_band_8_10_immediate_pre",4.63968468340262e-07
"positive_numeric_count_given_detection","db_band_6_8_late_egg","db_band_8_10_immediate_pre",2.37735334163529e-07
"positive_numeric_count_given_detection","db_band_8_10_late_egg","db_band_8_10_immediate_pre",2.01919427437467e-06
"positive_numeric_count_given_detection","db_band_10_20_late_egg","db_band_8_10_immediate_pre",-3.25604818550585e-07
"positive_numeric_count_given_detection","db_band_0_2_baseline","db_band_10_20_immediate_pre",7.76168306367006e-09
"positive_numeric_count_given_detection","db_band_2_4_baseline","db_band_10_20_immediate_pre",6.39751061758082e-08
"positive_numeric_count_given_detection","db_band_4_6_baseline","db_band_10_20_immediate_pre",-1.00782228987631e-07
"positive_numeric_count_given_detection","db_band_6_8_baseline","db_band_10_20_immediate_pre",-2.69822864641529e-07
"positive_numeric_count_given_detection","db_band_8_10_baseline","db_band_10_20_immediate_pre",4.81642846481833e-08
"positive_numeric_count_given_detection","db_band_10_20_baseline","db_band_10_20_immediate_pre",1.94925033424968e-07
"positive_numeric_count_given_detection","db_band_0_2_early_pre","db_band_10_20_immediate_pre",-7.09964767051983e-07
"positive_numeric_count_given_detection","db_band_2_4_early_pre","db_band_10_20_immediate_pre",-2.04724941350653e-07
"positive_numeric_count_given_detection","db_band_4_6_early_pre","db_band_10_20_immediate_pre",2.02255996047706e-08
"positive_numeric_count_given_detection","db_band_6_8_early_pre","db_band_10_20_immediate_pre",-4.40007881364265e-07
"positive_numeric_count_given_detection","db_band_8_10_early_pre","db_band_10_20_immediate_pre",-4.4951712637368e-07
"positive_numeric_count_given_detection","db_band_10_20_early_pre","db_band_10_20_immediate_pre",-2.36239574946287e-07
"positive_numeric_count_given_detection","db_band_0_2_immediate_pre","db_band_10_20_immediate_pre",-6.36968112992426e-06
"positive_numeric_count_given_detection","db_band_2_4_immediate_pre","db_band_10_20_immediate_pre",-5.08583485848392e-06
"positive_numeric_count_given_detection","db_band_4_6_immediate_pre","db_band_10_20_immediate_pre",-2.84620783033534e-06
"positive_numeric_count_given_detection","db_band_6_8_immediate_pre","db_band_10_20_immediate_pre",-5.92496658762214e-06
"positive_numeric_count_given_detection","db_band_8_10_immediate_pre","db_band_10_20_immediate_pre",-9.99132956421304e-06
"positive_numeric_count_given_detection","db_band_10_20_immediate_pre","db_band_10_20_immediate_pre",1.24842999834088e-05
"positive_numeric_count_given_detection","db_band_0_2_spawn_start","db_band_10_20_immediate_pre",-2.6963362975204e-06
"positive_numeric_count_given_detection","db_band_2_4_spawn_start","db_band_10_20_immediate_pre",-5.93069873942798e-07
"positive_numeric_count_given_detection","db_band_4_6_spawn_start","db_band_10_20_immediate_pre",6.02427680193815e-07
"positive_numeric_count_given_detection","db_band_6_8_spawn_start","db_band_10_20_immediate_pre",-2.27861725402453e-07
"positive_numeric_count_given_detection","db_band_8_10_spawn_start","db_band_10_20_immediate_pre",-1.01051483225738e-06
"positive_numeric_count_given_detection","db_band_10_20_spawn_start","db_band_10_20_immediate_pre",-3.46505707910272e-07
"positive_numeric_count_given_detection","db_band_0_2_early_egg","db_band_10_20_immediate_pre",-3.73441584421829e-07
"positive_numeric_count_given_detection","db_band_2_4_early_egg","db_band_10_20_immediate_pre",-4.15986759337471e-07
"positive_numeric_count_given_detection","db_band_4_6_early_egg","db_band_10_20_immediate_pre",-2.3018078896344e-07
"positive_numeric_count_given_detection","db_band_6_8_early_egg","db_band_10_20_immediate_pre",9.75857014313989e-08
"positive_numeric_count_given_detection","db_band_8_10_early_egg","db_band_10_20_immediate_pre",3.53380818179379e-07
"positive_numeric_count_given_detection","db_band_10_20_early_egg","db_band_10_20_immediate_pre",3.2091810943572e-08
"positive_numeric_count_given_detection","db_band_0_2_late_egg","db_band_10_20_immediate_pre",7.14047759180805e-08
"positive_numeric_count_given_detection","db_band_2_4_late_egg","db_band_10_20_immediate_pre",-1.70358264918645e-07
"positive_numeric_count_given_detection","db_band_4_6_late_egg","db_band_10_20_immediate_pre",-4.07886012797615e-07
"positive_numeric_count_given_detection","db_band_6_8_late_egg","db_band_10_20_immediate_pre",-1.03127108572755e-07
"positive_numeric_count_given_detection","db_band_8_10_late_egg","db_band_10_20_immediate_pre",-6.9984163838214e-08
"positive_numeric_count_given_detection","db_band_10_20_late_egg","db_band_10_20_immediate_pre",3.49030948163646e-07
"positive_numeric_count_given_detection","db_band_0_2_baseline","db_band_0_2_spawn_start",3.33787648362008e-06
"positive_numeric_count_given_detection","db_band_2_4_baseline","db_band_0_2_spawn_start",-6.61809558746414e-07
"positive_numeric_count_given_detection","db_band_4_6_baseline","db_band_0_2_spawn_start",-6.34166646608806e-07
"positive_numeric_count_given_detection","db_band_6_8_baseline","db_band_0_2_spawn_start",6.85742139184599e-07
"positive_numeric_count_given_detection","db_band_8_10_baseline","db_band_0_2_spawn_start",-1.79304509236207e-07
"positive_numeric_count_given_detection","db_band_10_20_baseline","db_band_0_2_spawn_start",1.56798836775238e-07
"positive_numeric_count_given_detection","db_band_0_2_early_pre","db_band_0_2_spawn_start",4.31628256340361e-06
"positive_numeric_count_given_detection","db_band_2_4_early_pre","db_band_0_2_spawn_start",7.31975172072861e-07
"positive_numeric_count_given_detection","db_band_4_6_early_pre","db_band_0_2_spawn_start",9.72790162443113e-07
"positive_numeric_count_given_detection","db_band_6_8_early_pre","db_band_0_2_spawn_start",5.176193670567e-07
"positive_numeric_count_given_detection","db_band_8_10_early_pre","db_band_0_2_spawn_start",-6.7423552056589e-07
"positive_numeric_count_given_detection","db_band_10_20_early_pre","db_band_0_2_spawn_start",-2.48314842380439e-07
"positive_numeric_count_given_detection","db_band_0_2_immediate_pre","db_band_0_2_spawn_start",1.13792696292771e-05
"positive_numeric_count_given_detection","db_band_2_4_immediate_pre","db_band_0_2_spawn_start",-4.80661186477736e-06
"positive_numeric_count_given_detection","db_band_4_6_immediate_pre","db_band_0_2_spawn_start",-1.53178592757818e-06
"positive_numeric_count_given_detection","db_band_6_8_immediate_pre","db_band_0_2_spawn_start",4.77731229545516e-07
"positive_numeric_count_given_detection","db_band_8_10_immediate_pre","db_band_0_2_spawn_start",-1.09778623553197e-06
"positive_numeric_count_given_detection","db_band_10_20_immediate_pre","db_band_0_2_spawn_start",-2.6963362975204e-06
"positive_numeric_count_given_detection","db_band_0_2_spawn_start","db_band_0_2_spawn_start",0.000262347503644098
"positive_numeric_count_given_detection","db_band_2_4_spawn_start","db_band_0_2_spawn_start",-5.38592390916917e-05
"positive_numeric_count_given_detection","db_band_4_6_spawn_start","db_band_0_2_spawn_start",-4.94612107865096e-05
"positive_numeric_count_given_detection","db_band_6_8_spawn_start","db_band_0_2_spawn_start",-1.19049237019088e-05
"positive_numeric_count_given_detection","db_band_8_10_spawn_start","db_band_0_2_spawn_start",-1.00682370459176e-05
"positive_numeric_count_given_detection","db_band_10_20_spawn_start","db_band_0_2_spawn_start",-8.73009295420516e-06
"positive_numeric_count_given_detection","db_band_0_2_early_egg","db_band_0_2_spawn_start",7.32023301138153e-06
"positive_numeric_count_given_detection","db_band_2_4_early_egg","db_band_0_2_spawn_start",-1.18731612117341e-06
"positive_numeric_count_given_detection","db_band_4_6_early_egg","db_band_0_2_spawn_start",-2.09928631046085e-06
"positive_numeric_count_given_detection","db_band_6_8_early_egg","db_band_0_2_spawn_start",5.16353846975868e-07
"positive_numeric_count_given_detection","db_band_8_10_early_egg","db_band_0_2_spawn_start",1.45418336063635e-06
"positive_numeric_count_given_detection","db_band_10_20_early_egg","db_band_0_2_spawn_start",4.65787660702053e-07
"positive_numeric_count_given_detection","db_band_0_2_late_egg","db_band_0_2_spawn_start",6.65190091246556e-06
"positive_numeric_count_given_detection","db_band_2_4_late_egg","db_band_0_2_spawn_start",-1.88326441250412e-06
"positive_numeric_count_given_detection","db_band_4_6_late_egg","db_band_0_2_spawn_start",1.32120181052104e-08
"positive_numeric_count_given_detection","db_band_6_8_late_egg","db_band_0_2_spawn_start",-3.92908783169402e-07
"positive_numeric_count_given_detection","db_band_8_10_late_egg","db_band_0_2_spawn_start",-1.42008855987256e-07
"positive_numeric_count_given_detection","db_band_10_20_late_egg","db_band_0_2_spawn_start",1.63253181886953e-07
"positive_numeric_count_given_detection","db_band_0_2_baseline","db_band_2_4_spawn_start",-3.72153502390987e-07
"positive_numeric_count_given_detection","db_band_2_4_baseline","db_band_2_4_spawn_start",1.95484356206891e-06
"positive_numeric_count_given_detection","db_band_4_6_baseline","db_band_2_4_spawn_start",-8.55715401653973e-07
"positive_numeric_count_given_detection","db_band_6_8_baseline","db_band_2_4_spawn_start",-4.48955921130473e-08
"positive_numeric_count_given_detection","db_band_8_10_baseline","db_band_2_4_spawn_start",1.50753470224464e-07
"positive_numeric_count_given_detection","db_band_10_20_baseline","db_band_2_4_spawn_start",-1.46981510603056e-08
"positive_numeric_count_given_detection","db_band_0_2_early_pre","db_band_2_4_spawn_start",7.75778300904801e-07
"positive_numeric_count_given_detection","db_band_2_4_early_pre","db_band_2_4_spawn_start",7.67956195313809e-07
"positive_numeric_count_given_detection","db_band_4_6_early_pre","db_band_2_4_spawn_start",2.74405540889851e-07
"positive_numeric_count_given_detection","db_band_6_8_early_pre","db_band_2_4_spawn_start",6.45976235774829e-07
"positive_numeric_count_given_detection","db_band_8_10_early_pre","db_band_2_4_spawn_start",1.34645258904515e-06
"positive_numeric_count_given_detection","db_band_10_20_early_pre","db_band_2_4_spawn_start",-3.80374205706946e-07
"positive_numeric_count_given_detection","db_band_0_2_immediate_pre","db_band_2_4_spawn_start",-4.22993876259559e-06
"positive_numeric_count_given_detection","db_band_2_4_immediate_pre","db_band_2_4_spawn_start",3.85329699986819e-06
"positive_numeric_count_given_detection","db_band_4_6_immediate_pre","db_band_2_4_spawn_start",-4.36103585432924e-06
"positive_numeric_count_given_detection","db_band_6_8_immediate_pre","db_band_2_4_spawn_start",-7.0297510203519e-06
"positive_numeric_count_given_detection","db_band_8_10_immediate_pre","db_band_2_4_spawn_start",3.47728088039197e-06
"positive_numeric_count_given_detection","db_band_10_20_immediate_pre","db_band_2_4_spawn_start",-5.93069873942798e-07
"positive_numeric_count_given_detection","db_band_0_2_spawn_start","db_band_2_4_spawn_start",-5.38592390916917e-05
"positive_numeric_count_given_detection","db_band_2_4_spawn_start","db_band_2_4_spawn_start",0.000256187261807018
"positive_numeric_count_given_detection","db_band_4_6_spawn_start","db_band_2_4_spawn_start",-5.43082385777905e-05
"positive_numeric_count_given_detection","db_band_6_8_spawn_start","db_band_2_4_spawn_start",-1.48213266522232e-05
"positive_numeric_count_given_detection","db_band_8_10_spawn_start","db_band_2_4_spawn_start",-1.37275691122976e-05
"positive_numeric_count_given_detection","db_band_10_20_spawn_start","db_band_2_4_spawn_start",-6.00052001823264e-06
"positive_numeric_count_given_detection","db_band_0_2_early_egg","db_band_2_4_spawn_start",-3.38205723821067e-06
"positive_numeric_count_given_detection","db_band_2_4_early_egg","db_band_2_4_spawn_start",-5.01326863392523e-07
"positive_numeric_count_given_detection","db_band_4_6_early_egg","db_band_2_4_spawn_start",1.02409835896192e-06
"positive_numeric_count_given_detection","db_band_6_8_early_egg","db_band_2_4_spawn_start",-6.67655295712564e-07
"positive_numeric_count_given_detection","db_band_8_10_early_egg","db_band_2_4_spawn_start",1.15800772267561e-06
"positive_numeric_count_given_detection","db_band_10_20_early_egg","db_band_2_4_spawn_start",2.07888144344817e-08
"positive_numeric_count_given_detection","db_band_0_2_late_egg","db_band_2_4_spawn_start",-2.61981778028386e-06
"positive_numeric_count_given_detection","db_band_2_4_late_egg","db_band_2_4_spawn_start",3.97239440565185e-06
"positive_numeric_count_given_detection","db_band_4_6_late_egg","db_band_2_4_spawn_start",-4.07052081905671e-08
"positive_numeric_count_given_detection","db_band_6_8_late_egg","db_band_2_4_spawn_start",3.13999791988067e-07
"positive_numeric_count_given_detection","db_band_8_10_late_egg","db_band_2_4_spawn_start",1.76066033854384e-07
"positive_numeric_count_given_detection","db_band_10_20_late_egg","db_band_2_4_spawn_start",-7.40624542001396e-08
"positive_numeric_count_given_detection","db_band_0_2_baseline","db_band_4_6_spawn_start",-5.63294445463406e-07
"positive_numeric_count_given_detection","db_band_2_4_baseline","db_band_4_6_spawn_start",6.16591182361795e-07
"positive_numeric_count_given_detection","db_band_4_6_baseline","db_band_4_6_spawn_start",3.14074212988958e-06
"positive_numeric_count_given_detection","db_band_6_8_baseline","db_band_4_6_spawn_start",-2.50491180076014e-07
"positive_numeric_count_given_detection","db_band_8_10_baseline","db_band_4_6_spawn_start",4.04885939696932e-07
"positive_numeric_count_given_detection","db_band_10_20_baseline","db_band_4_6_spawn_start",-7.75206669144011e-07
"positive_numeric_count_given_detection","db_band_0_2_early_pre","db_band_4_6_spawn_start",3.53720116859164e-07
"positive_numeric_count_given_detection","db_band_2_4_early_pre","db_band_4_6_spawn_start",1.53950628200534e-06
"positive_numeric_count_given_detection","db_band_4_6_early_pre","db_band_4_6_spawn_start",1.45833737795051e-06
"positive_numeric_count_given_detection","db_band_6_8_early_pre","db_band_4_6_spawn_start",7.85471655204061e-07
"positive_numeric_count_given_detection","db_band_8_10_early_pre","db_band_4_6_spawn_start",-1.12012381504136e-06
"positive_numeric_count_given_detection","db_band_10_20_early_pre","db_band_4_6_spawn_start",-2.63417803621066e-07
"positive_numeric_count_given_detection","db_band_0_2_immediate_pre","db_band_4_6_spawn_start",5.00906955688044e-06
"positive_numeric_count_given_detection","db_band_2_4_immediate_pre","db_band_4_6_spawn_start",-8.91028485482938e-07
"positive_numeric_count_given_detection","db_band_4_6_immediate_pre","db_band_4_6_spawn_start",2.10430458522666e-06
"positive_numeric_count_given_detection","db_band_6_8_immediate_pre","db_band_4_6_spawn_start",-5.59430531056351e-06
"positive_numeric_count_given_detection","db_band_8_10_immediate_pre","db_band_4_6_spawn_start",-2.45029672274617e-07
"positive_numeric_count_given_detection","db_band_10_20_immediate_pre","db_band_4_6_spawn_start",6.02427680193815e-07
"positive_numeric_count_given_detection","db_band_0_2_spawn_start","db_band_4_6_spawn_start",-4.94612107865096e-05
"positive_numeric_count_given_detection","db_band_2_4_spawn_start","db_band_4_6_spawn_start",-5.43082385777905e-05
"positive_numeric_count_given_detection","db_band_4_6_spawn_start","db_band_4_6_spawn_start",0.000213925844688922
"positive_numeric_count_given_detection","db_band_6_8_spawn_start","db_band_4_6_spawn_start",-5.31367051292324e-05
"positive_numeric_count_given_detection","db_band_8_10_spawn_start","db_band_4_6_spawn_start",-2.39383221557218e-05
"positive_numeric_count_given_detection","db_band_10_20_spawn_start","db_band_4_6_spawn_start",-5.04017243546699e-06
"positive_numeric_count_given_detection","db_band_0_2_early_egg","db_band_4_6_spawn_start",1.48228751495544e-06
"positive_numeric_count_given_detection","db_band_2_4_early_egg","db_band_4_6_spawn_start",2.79648833433535e-07
"positive_numeric_count_given_detection","db_band_4_6_early_egg","db_band_4_6_spawn_start",3.58657921781909e-07
"positive_numeric_count_given_detection","db_band_6_8_early_egg","db_band_4_6_spawn_start",-1.28766574854124e-06
"positive_numeric_count_given_detection","db_band_8_10_early_egg","db_band_4_6_spawn_start",-1.71846906060371e-06
"positive_numeric_count_given_detection","db_band_10_20_early_egg","db_band_4_6_spawn_start",-3.48450297711291e-07
"positive_numeric_count_given_detection","db_band_0_2_late_egg","db_band_4_6_spawn_start",2.23327123130973e-07
"positive_numeric_count_given_detection","db_band_2_4_late_egg","db_band_4_6_spawn_start",-5.83006924810542e-07
"positive_numeric_count_given_detection","db_band_4_6_late_egg","db_band_4_6_spawn_start",2.34234597841383e-06
"positive_numeric_count_given_detection","db_band_6_8_late_egg","db_band_4_6_spawn_start",5.90165523872825e-07
"positive_numeric_count_given_detection","db_band_8_10_late_egg","db_band_4_6_spawn_start",1.94071391741772e-08
"positive_numeric_count_given_detection","db_band_10_20_late_egg","db_band_4_6_spawn_start",-4.24272310429285e-07
"positive_numeric_count_given_detection","db_band_0_2_baseline","db_band_6_8_spawn_start",-6.59688344548919e-07
"positive_numeric_count_given_detection","db_band_2_4_baseline","db_band_6_8_spawn_start",4.25577334707381e-07
"positive_numeric_count_given_detection","db_band_4_6_baseline","db_band_6_8_spawn_start",-1.71403339697257e-06
"positive_numeric_count_given_detection","db_band_6_8_baseline","db_band_6_8_spawn_start",1.5128198716803e-06
"positive_numeric_count_given_detection","db_band_8_10_baseline","db_band_6_8_spawn_start",3.07071132834976e-07
"positive_numeric_count_given_detection","db_band_10_20_baseline","db_band_6_8_spawn_start",1.8969472815387e-07
"positive_numeric_count_given_detection","db_band_0_2_early_pre","db_band_6_8_spawn_start",6.00072568398741e-07
"positive_numeric_count_given_detection","db_band_2_4_early_pre","db_band_6_8_spawn_start",-2.60928574054505e-06
"positive_numeric_count_given_detection","db_band_4_6_early_pre","db_band_6_8_spawn_start",5.42942025884322e-07
"positive_numeric_count_given_detection","db_band_6_8_early_pre","db_band_6_8_spawn_start",-2.0957906305507e-07
"positive_numeric_count_given_detection","db_band_8_10_early_pre","db_band_6_8_spawn_start",1.19909557703634e-06
"positive_numeric_count_given_detection","db_band_10_20_early_pre","db_band_6_8_spawn_start",-9.48634067133309e-08
"positive_numeric_count_given_detection","db_band_0_2_immediate_pre","db_band_6_8_spawn_start",9.52278473629993e-07
"positive_numeric_count_given_detection","db_band_2_4_immediate_pre","db_band_6_8_spawn_start",-1.40320878927677e-06
"positive_numeric_count_given_detection","db_band_4_6_immediate_pre","db_band_6_8_spawn_start",-9.88915965222503e-07
"positive_numeric_count_given_detection","db_band_6_8_immediate_pre","db_band_6_8_spawn_start",2.29258339273866e-06
"positive_numeric_count_given_detection","db_band_8_10_immediate_pre","db_band_6_8_spawn_start",7.70359733930181e-07
"positive_numeric_count_given_detection","db_band_10_20_immediate_pre","db_band_6_8_spawn_start",-2.27861725402453e-07
"positive_numeric_count_given_detection","db_band_0_2_spawn_start","db_band_6_8_spawn_start",-1.19049237019088e-05
"positive_numeric_count_given_detection","db_band_2_4_spawn_start","db_band_6_8_spawn_start",-1.48213266522232e-05
"positive_numeric_count_given_detection","db_band_4_6_spawn_start","db_band_6_8_spawn_start",-5.31367051292324e-05
"positive_numeric_count_given_detection","db_band_6_8_spawn_start","db_band_6_8_spawn_start",0.00018903338571657
"positive_numeric_count_given_detection","db_band_8_10_spawn_start","db_band_6_8_spawn_start",-3.61121385483968e-05
"positive_numeric_count_given_detection","db_band_10_20_spawn_start","db_band_6_8_spawn_start",-7.28922361523804e-06
"positive_numeric_count_given_detection","db_band_0_2_early_egg","db_band_6_8_spawn_start",-5.32835070303284e-07
"positive_numeric_count_given_detection","db_band_2_4_early_egg","db_band_6_8_spawn_start",-2.19043163449644e-06
"positive_numeric_count_given_detection","db_band_4_6_early_egg","db_band_6_8_spawn_start",-1.47996357805376e-06
"positive_numeric_count_given_detection","db_band_6_8_early_egg","db_band_6_8_spawn_start",1.90540667242088e-06
"positive_numeric_count_given_detection","db_band_8_10_early_egg","db_band_6_8_spawn_start",6.98604313655785e-07
"positive_numeric_count_given_detection","db_band_10_20_early_egg","db_band_6_8_spawn_start",-1.6235062683875e-07
"positive_numeric_count_given_detection","db_band_0_2_late_egg","db_band_6_8_spawn_start",3.51055439342417e-07
"positive_numeric_count_given_detection","db_band_2_4_late_egg","db_band_6_8_spawn_start",-3.98073517443947e-07
"positive_numeric_count_given_detection","db_band_4_6_late_egg","db_band_6_8_spawn_start",-3.95123888677309e-07
"positive_numeric_count_given_detection","db_band_6_8_late_egg","db_band_6_8_spawn_start",8.95619644917204e-07
"positive_numeric_count_given_detection","db_band_8_10_late_egg","db_band_6_8_spawn_start",-1.91806583823149e-07
"positive_numeric_count_given_detection","db_band_10_20_late_egg","db_band_6_8_spawn_start",-4.71406695784649e-08
"positive_numeric_count_given_detection","db_band_0_2_baseline","db_band_8_10_spawn_start",2.25098615169973e-07
"positive_numeric_count_given_detection","db_band_2_4_baseline","db_band_8_10_spawn_start",2.47410250846869e-07
"positive_numeric_count_given_detection","db_band_4_6_baseline","db_band_8_10_spawn_start",-1.27106245161677e-06
"positive_numeric_count_given_detection","db_band_6_8_baseline","db_band_8_10_spawn_start",-2.58778212078114e-07
"positive_numeric_count_given_detection","db_band_8_10_baseline","db_band_8_10_spawn_start",1.18223964653278e-06
"positive_numeric_count_given_detection","db_band_10_20_baseline","db_band_8_10_spawn_start",2.04386974486227e-07
"positive_numeric_count_given_detection","db_band_0_2_early_pre","db_band_8_10_spawn_start",-1.41950466141292e-07
"positive_numeric_count_given_detection","db_band_2_4_early_pre","db_band_8_10_spawn_start",8.96395999110334e-07
"positive_numeric_count_given_detection","db_band_4_6_early_pre","db_band_8_10_spawn_start",3.61345952514942e-07
"positive_numeric_count_given_detection","db_band_6_8_early_pre","db_band_8_10_spawn_start",4.06864461693697e-07
"positive_numeric_count_given_detection","db_band_8_10_early_pre","db_band_8_10_spawn_start",-1.47709971869688e-06
"positive_numeric_count_given_detection","db_band_10_20_early_pre","db_band_8_10_spawn_start",3.2901156845253e-07
"positive_numeric_count_given_detection","db_band_0_2_immediate_pre","db_band_8_10_spawn_start",-1.36412274055067e-06
"positive_numeric_count_given_detection","db_band_2_4_immediate_pre","db_band_8_10_spawn_start",-3.08562073702135e-09
"positive_numeric_count_given_detection","db_band_4_6_immediate_pre","db_band_8_10_spawn_start",-2.04632330103801e-06
"positive_numeric_count_given_detection","db_band_6_8_immediate_pre","db_band_8_10_spawn_start",2.01997069562707e-06
"positive_numeric_count_given_detection","db_band_8_10_immediate_pre","db_band_8_10_spawn_start",-3.16991767536475e-06
"positive_numeric_count_given_detection","db_band_10_20_immediate_pre","db_band_8_10_spawn_start",-1.01051483225738e-06
"positive_numeric_count_given_detection","db_band_0_2_spawn_start","db_band_8_10_spawn_start",-1.00682370459176e-05
"positive_numeric_count_given_detection","db_band_2_4_spawn_start","db_band_8_10_spawn_start",-1.37275691122976e-05
"positive_numeric_count_given_detection","db_band_4_6_spawn_start","db_band_8_10_spawn_start",-2.39383221557218e-05
"positive_numeric_count_given_detection","db_band_6_8_spawn_start","db_band_8_10_spawn_start",-3.61121385483968e-05
"positive_numeric_count_given_detection","db_band_8_10_spawn_start","db_band_8_10_spawn_start",0.000197692510923438
"positive_numeric_count_given_detection","db_band_10_20_spawn_start","db_band_8_10_spawn_start",-1.8473561410536e-05
"positive_numeric_count_given_detection","db_band_0_2_early_egg","db_band_8_10_spawn_start",2.55478865845235e-08
"positive_numeric_count_given_detection","db_band_2_4_early_egg","db_band_8_10_spawn_start",1.20133164908022e-06
"positive_numeric_count_given_detection","db_band_4_6_early_egg","db_band_8_10_spawn_start",-6.42611638833595e-07
"positive_numeric_count_given_detection","db_band_6_8_early_egg","db_band_8_10_spawn_start",6.06953067449982e-07
"positive_numeric_count_given_detection","db_band_8_10_early_egg","db_band_8_10_spawn_start",-2.82134225670425e-06
"positive_numeric_count_given_detection","db_band_10_20_early_egg","db_band_8_10_spawn_start",-1.92327995715174e-07
"positive_numeric_count_given_detection","db_band_0_2_late_egg","db_band_8_10_spawn_start",-5.92401930641756e-07
"positive_numeric_count_given_detection","db_band_2_4_late_egg","db_band_8_10_spawn_start",6.75459872514896e-07
"positive_numeric_count_given_detection","db_band_4_6_late_egg","db_band_8_10_spawn_start",-8.69023695198141e-08
"positive_numeric_count_given_detection","db_band_6_8_late_egg","db_band_8_10_spawn_start",3.97181688139836e-07
"positive_numeric_count_given_detection","db_band_8_10_late_egg","db_band_8_10_spawn_start",1.13843498529334e-06
"positive_numeric_count_given_detection","db_band_10_20_late_egg","db_band_8_10_spawn_start",-2.36281134175103e-08
"positive_numeric_count_given_detection","db_band_0_2_baseline","db_band_10_20_spawn_start",-2.36157245334062e-07
"positive_numeric_count_given_detection","db_band_2_4_baseline","db_band_10_20_spawn_start",6.87260060473983e-08
"positive_numeric_count_given_detection","db_band_4_6_baseline","db_band_10_20_spawn_start",1.60542026496905e-07
"positive_numeric_count_given_detection","db_band_6_8_baseline","db_band_10_20_spawn_start",-6.91075368929123e-08
"positive_numeric_count_given_detection","db_band_8_10_baseline","db_band_10_20_spawn_start",-3.95563552531546e-07
"positive_numeric_count_given_detection","db_band_10_20_baseline","db_band_10_20_spawn_start",2.99508123274578e-07
"positive_numeric_count_given_detection","db_band_0_2_early_pre","db_band_10_20_spawn_start",5.56875090548293e-07
"positive_numeric_count_given_detection","db_band_2_4_early_pre","db_band_10_20_spawn_start",-6.95888454138253e-08
"positive_numeric_count_given_detection","db_band_4_6_early_pre","db_band_10_20_spawn_start",-3.69500711142196e-07
"positive_numeric_count_given_detection","db_band_6_8_early_pre","db_band_10_20_spawn_start",-5.91964919145061e-07
"positive_numeric_count_given_detection","db_band_8_10_early_pre","db_band_10_20_spawn_start",6.75475699711648e-07
"positive_numeric_count_given_detection","db_band_10_20_early_pre","db_band_10_20_spawn_start",1.13136916753864e-07
"positive_numeric_count_given_detection","db_band_0_2_immediate_pre","db_band_10_20_spawn_start",-1.64296317851524e-06
"positive_numeric_count_given_detection","db_band_2_4_immediate_pre","db_band_10_20_spawn_start",-7.03095356048254e-08
"positive_numeric_count_given_detection","db_band_4_6_immediate_pre","db_band_10_20_spawn_start",6.17092724165456e-07
"positive_numeric_count_given_detection","db_band_6_8_immediate_pre","db_band_10_20_spawn_start",1.58085514708936e-07
"positive_numeric_count_given_detection","db_band_8_10_immediate_pre","db_band_10_20_spawn_start",-1.34288162248421e-06
"positive_numeric_count_given_detection","db_band_10_20_immediate_pre","db_band_10_20_spawn_start",-3.46505707910272e-07
"positive_numeric_count_given_detection","db_band_0_2_spawn_start","db_band_10_20_spawn_start",-8.73009295420516e-06
"positive_numeric_count_given_detection","db_band_2_4_spawn_start","db_band_10_20_spawn_start",-6.00052001823264e-06
"positive_numeric_count_given_detection","db_band_4_6_spawn_start","db_band_10_20_spawn_start",-5.04017243546699e-06
"positive_numeric_count_given_detection","db_band_6_8_spawn_start","db_band_10_20_spawn_start",-7.28922361523804e-06
"positive_numeric_count_given_detection","db_band_8_10_spawn_start","db_band_10_20_spawn_start",-1.8473561410536e-05
"positive_numeric_count_given_detection","db_band_10_20_spawn_start","db_band_10_20_spawn_start",2.05084140971926e-05
"positive_numeric_count_given_detection","db_band_0_2_early_egg","db_band_10_20_spawn_start",-8.1659138498069e-07
"positive_numeric_count_given_detection","db_band_2_4_early_egg","db_band_10_20_spawn_start",-3.03930870913361e-07
"positive_numeric_count_given_detection","db_band_4_6_early_egg","db_band_10_20_spawn_start",4.79620368687352e-07
"positive_numeric_count_given_detection","db_band_6_8_early_egg","db_band_10_20_spawn_start",-1.8587760562773e-07
"positive_numeric_count_given_detection","db_band_8_10_early_egg","db_band_10_20_spawn_start",-7.38876752643322e-07
"positive_numeric_count_given_detection","db_band_10_20_early_egg","db_band_10_20_spawn_start",-3.94767567762386e-07
"positive_numeric_count_given_detection","db_band_0_2_late_egg","db_band_10_20_spawn_start",6.00817787364873e-07
"positive_numeric_count_given_detection","db_band_2_4_late_egg","db_band_10_20_spawn_start",-1.97022606962783e-07
"positive_numeric_count_given_detection","db_band_4_6_late_egg","db_band_10_20_spawn_start",-2.4266869325167e-07
"positive_numeric_count_given_detection","db_band_6_8_late_egg","db_band_10_20_spawn_start",-2.44278883292036e-07
"positive_numeric_count_given_detection","db_band_8_10_late_egg","db_band_10_20_spawn_start",-1.46891778047084e-07
"positive_numeric_count_given_detection","db_band_10_20_late_egg","db_band_10_20_spawn_start",2.91762182363627e-07
"positive_numeric_count_given_detection","db_band_0_2_baseline","db_band_0_2_early_egg",3.70471438451911e-06
"positive_numeric_count_given_detection","db_band_2_4_baseline","db_band_0_2_early_egg",-1.37655874769001e-07
"positive_numeric_count_given_detection","db_band_4_6_baseline","db_band_0_2_early_egg",-2.45390742960728e-07
"positive_numeric_count_given_detection","db_band_6_8_baseline","db_band_0_2_early_egg",1.25774107162101e-07
"positive_numeric_count_given_detection","db_band_8_10_baseline","db_band_0_2_early_egg",5.80415711639006e-09
"positive_numeric_count_given_detection","db_band_10_20_baseline","db_band_0_2_early_egg",-1.54265060206026e-07
"positive_numeric_count_given_detection","db_band_0_2_early_pre","db_band_0_2_early_egg",4.07308184907802e-06
"positive_numeric_count_given_detection","db_band_2_4_early_pre","db_band_0_2_early_egg",3.17846588048133e-07
"positive_numeric_count_given_detection","db_band_4_6_early_pre","db_band_0_2_early_egg",-5.25726597425044e-07
"positive_numeric_count_given_detection","db_band_6_8_early_pre","db_band_0_2_early_egg",1.38874390792199e-06
"positive_numeric_count_given_detection","db_band_8_10_early_pre","db_band_0_2_early_egg",4.26032804908609e-07
"positive_numeric_count_given_detection","db_band_10_20_early_pre","db_band_0_2_early_egg",-8.23374091217435e-07
"positive_numeric_count_given_detection","db_band_0_2_immediate_pre","db_band_0_2_early_egg",1.83099386789655e-06
"positive_numeric_count_given_detection","db_band_2_4_immediate_pre","db_band_0_2_early_egg",6.00881226721427e-07
"positive_numeric_count_given_detection","db_band_4_6_immediate_pre","db_band_0_2_early_egg",1.21201421994659e-06
"positive_numeric_count_given_detection","db_band_6_8_immediate_pre","db_band_0_2_early_egg",6.66752228063941e-08
"positive_numeric_count_given_detection","db_band_8_10_immediate_pre","db_band_0_2_early_egg",5.18921403973129e-07
"positive_numeric_count_given_detection","db_band_10_20_immediate_pre","db_band_0_2_early_egg",-3.73441584421829e-07
"positive_numeric_count_given_detection","db_band_0_2_spawn_start","db_band_0_2_early_egg",7.32023301138153e-06
"positive_numeric_count_given_detection","db_band_2_4_spawn_start","db_band_0_2_early_egg",-3.38205723821067e-06
"positive_numeric_count_given_detection","db_band_4_6_spawn_start","db_band_0_2_early_egg",1.48228751495544e-06
"positive_numeric_count_given_detection","db_band_6_8_spawn_start","db_band_0_2_early_egg",-5.32835070303284e-07
"positive_numeric_count_given_detection","db_band_8_10_spawn_start","db_band_0_2_early_egg",2.55478865845235e-08
"positive_numeric_count_given_detection","db_band_10_20_spawn_start","db_band_0_2_early_egg",-8.1659138498069e-07
"positive_numeric_count_given_detection","db_band_0_2_early_egg","db_band_0_2_early_egg",0.00015063336223288
"positive_numeric_count_given_detection","db_band_2_4_early_egg","db_band_0_2_early_egg",-2.93391350046535e-05
"positive_numeric_count_given_detection","db_band_4_6_early_egg","db_band_0_2_early_egg",-2.15276917592538e-05
"positive_numeric_count_given_detection","db_band_6_8_early_egg","db_band_0_2_early_egg",-4.37878081370484e-06
"positive_numeric_count_given_detection","db_band_8_10_early_egg","db_band_0_2_early_egg",-4.45333312757436e-06
"positive_numeric_count_given_detection","db_band_10_20_early_egg","db_band_0_2_early_egg",-4.05724534822243e-06
"positive_numeric_count_given_detection","db_band_0_2_late_egg","db_band_0_2_early_egg",2.89067326248314e-08
"positive_numeric_count_given_detection","db_band_2_4_late_egg","db_band_0_2_early_egg",5.23435824815858e-07
"positive_numeric_count_given_detection","db_band_4_6_late_egg","db_band_0_2_early_egg",3.98834584130006e-07
"positive_numeric_count_given_detection","db_band_6_8_late_egg","db_band_0_2_early_egg",9.12164239905543e-07
"positive_numeric_count_given_detection","db_band_8_10_late_egg","db_band_0_2_early_egg",7.04415757243552e-08
"positive_numeric_count_given_detection","db_band_10_20_late_egg","db_band_0_2_early_egg",2.47492066831861e-07
"positive_numeric_count_given_detection","db_band_0_2_baseline","db_band_2_4_early_egg",-4.12203914295173e-07
"positive_numeric_count_given_detection","db_band_2_4_baseline","db_band_2_4_early_egg",2.47524836349894e-06
"positive_numeric_count_given_detection","db_band_4_6_baseline","db_band_2_4_early_egg",-1.54869529425617e-07
"positive_numeric_count_given_detection","db_band_6_8_baseline","db_band_2_4_early_egg",-4.95162771989784e-07
"positive_numeric_count_given_detection","db_band_8_10_baseline","db_band_2_4_early_egg",9.93132337985906e-08
"positive_numeric_count_given_detection","db_band_10_20_baseline","db_band_2_4_early_egg",-8.50442141055962e-08
"positive_numeric_count_given_detection","db_band_0_2_early_pre","db_band_2_4_early_egg",1.48347184311715e-07
"positive_numeric_count_given_detection","db_band_2_4_early_pre","db_band_2_4_early_egg",8.36300142206052e-07
"positive_numeric_count_given_detection","db_band_4_6_early_pre","db_band_2_4_early_egg",1.94177594379394e-07
"positive_numeric_count_given_detection","db_band_6_8_early_pre","db_band_2_4_early_egg",-3.83341318724007e-08
"positive_numeric_count_given_detection","db_band_8_10_early_pre","db_band_2_4_early_egg",1.9450264646934e-07
"positive_numeric_count_given_detection","db_band_10_20_early_pre","db_band_2_4_early_egg",-2.9206792542084e-07
"positive_numeric_count_given_detection","db_band_0_2_immediate_pre","db_band_2_4_early_egg",9.08482646373459e-07
"positive_numeric_count_given_detection","db_band_2_4_immediate_pre","db_band_2_4_early_egg",-7.35802521713833e-07
"positive_numeric_count_given_detection","db_band_4_6_immediate_pre","db_band_2_4_early_egg",8.36335373356873e-07
"positive_numeric_count_given_detection","db_band_6_8_immediate_pre","db_band_2_4_early_egg",9.90495643134818e-08
"positive_numeric_count_given_detection","db_band_8_10_immediate_pre","db_band_2_4_early_egg",7.74018612527248e-07
"positive_numeric_count_given_detection","db_band_10_20_immediate_pre","db_band_2_4_early_egg",-4.15986759337471e-07
"positive_numeric_count_given_detection","db_band_0_2_spawn_start","db_band_2_4_early_egg",-1.18731612117341e-06
"positive_numeric_count_given_detection","db_band_2_4_spawn_start","db_band_2_4_early_egg",-5.01326863392523e-07
"positive_numeric_count_given_detection","db_band_4_6_spawn_start","db_band_2_4_early_egg",2.79648833433535e-07
"positive_numeric_count_given_detection","db_band_6_8_spawn_start","db_band_2_4_early_egg",-2.19043163449644e-06
"positive_numeric_count_given_detection","db_band_8_10_spawn_start","db_band_2_4_early_egg",1.20133164908022e-06
"positive_numeric_count_given_detection","db_band_10_20_spawn_start","db_band_2_4_early_egg",-3.03930870913361e-07
"positive_numeric_count_given_detection","db_band_0_2_early_egg","db_band_2_4_early_egg",-2.93391350046535e-05
"positive_numeric_count_given_detection","db_band_2_4_early_egg","db_band_2_4_early_egg",0.000110614796521322
"positive_numeric_count_given_detection","db_band_4_6_early_egg","db_band_2_4_early_egg",-2.42861313024337e-05
"positive_numeric_count_given_detection","db_band_6_8_early_egg","db_band_2_4_early_egg",-1.02232252123283e-05
"positive_numeric_count_given_detection","db_band_8_10_early_egg","db_band_2_4_early_egg",-1.34723577238702e-07
"positive_numeric_count_given_detection","db_band_10_20_early_egg","db_band_2_4_early_egg",-2.76944173291666e-06
"positive_numeric_count_given_detection","db_band_0_2_late_egg","db_band_2_4_early_egg",1.40133757053363e-06
"positive_numeric_count_given_detection","db_band_2_4_late_egg","db_band_2_4_early_egg",4.27817778799013e-07
"positive_numeric_count_given_detection","db_band_4_6_late_egg","db_band_2_4_early_egg",7.89000457475304e-07
"positive_numeric_count_given_detection","db_band_6_8_late_egg","db_band_2_4_early_egg",-7.28489536158078e-07
"positive_numeric_count_given_detection","db_band_8_10_late_egg","db_band_2_4_early_egg",4.12843114743592e-07
"positive_numeric_count_given_detection","db_band_10_20_late_egg","db_band_2_4_early_egg",-1.23160960168744e-07
"positive_numeric_count_given_detection","db_band_0_2_baseline","db_band_4_6_early_egg",-2.94052869399844e-07
"positive_numeric_count_given_detection","db_band_2_4_baseline","db_band_4_6_early_egg",-4.16748826926752e-07
"positive_numeric_count_given_detection","db_band_4_6_baseline","db_band_4_6_early_egg",2.69597623933113e-06
"positive_numeric_count_given_detection","db_band_6_8_baseline","db_band_4_6_early_egg",-2.11373254157477e-07
"positive_numeric_count_given_detection","db_band_8_10_baseline","db_band_4_6_early_egg",-2.52857069520158e-08
"positive_numeric_count_given_detection","db_band_10_20_baseline","db_band_4_6_early_egg",-7.15399015675429e-08
"positive_numeric_count_given_detection","db_band_0_2_early_pre","db_band_4_6_early_egg",2.60259797595701e-07
"positive_numeric_count_given_detection","db_band_2_4_early_pre","db_band_4_6_early_egg",1.06278673129458e-06
"positive_numeric_count_given_detection","db_band_4_6_early_pre","db_band_4_6_early_egg",1.53594377501433e-06
"positive_numeric_count_given_detection","db_band_6_8_early_pre","db_band_4_6_early_egg",-4.19511976949941e-07
"positive_numeric_count_given_detection","db_band_8_10_early_pre","db_band_4_6_early_egg",-1.17675877146378e-09
"positive_numeric_count_given_detection","db_band_10_20_early_pre","db_band_4_6_early_egg",-1.01408081188573e-07
"positive_numeric_count_given_detection","db_band_0_2_immediate_pre","db_band_4_6_early_egg",-1.52091711220254e-07
"positive_numeric_count_given_detection","db_band_2_4_immediate_pre","db_band_4_6_early_egg",2.30962066333925e-06
"positive_numeric_count_given_detection","db_band_4_6_immediate_pre","db_band_4_6_early_egg",-5.14992170429228e-07
"positive_numeric_count_given_detection","db_band_6_8_immediate_pre","db_band_4_6_early_egg",9.4037133029604e-07
"positive_numeric_count_given_detection","db_band_8_10_immediate_pre","db_band_4_6_early_egg",2.64697850938841e-07
"positive_numeric_count_given_detection","db_band_10_20_immediate_pre","db_band_4_6_early_egg",-2.3018078896344e-07
"positive_numeric_count_given_detection","db_band_0_2_spawn_start","db_band_4_6_early_egg",-2.09928631046085e-06
"positive_numeric_count_given_detection","db_band_2_4_spawn_start","db_band_4_6_early_egg",1.02409835896192e-06
"positive_numeric_count_given_detection","db_band_4_6_spawn_start","db_band_4_6_early_egg",3.58657921781909e-07
"positive_numeric_count_given_detection","db_band_6_8_spawn_start","db_band_4_6_early_egg",-1.47996357805376e-06
"positive_numeric_count_given_detection","db_band_8_10_spawn_start","db_band_4_6_early_egg",-6.42611638833595e-07
"positive_numeric_count_given_detection","db_band_10_20_spawn_start","db_band_4_6_early_egg",4.79620368687352e-07
"positive_numeric_count_given_detection","db_band_0_2_early_egg","db_band_4_6_early_egg",-2.15276917592538e-05
"positive_numeric_count_given_detection","db_band_2_4_early_egg","db_band_4_6_early_egg",-2.42861313024337e-05
"positive_numeric_count_given_detection","db_band_4_6_early_egg","db_band_4_6_early_egg",9.05138471929487e-05
"positive_numeric_count_given_detection","db_band_6_8_early_egg","db_band_4_6_early_egg",-2.10872162430763e-05
"positive_numeric_count_given_detection","db_band_8_10_early_egg","db_band_4_6_early_egg",-1.10489101937074e-05
"positive_numeric_count_given_detection","db_band_10_20_early_egg","db_band_4_6_early_egg",-1.70098119664262e-06
"positive_numeric_count_given_detection","db_band_0_2_late_egg","db_band_4_6_early_egg",8.3333371115382e-07
"positive_numeric_count_given_detection","db_band_2_4_late_egg","db_band_4_6_early_egg",1.55338812464536e-07
"positive_numeric_count_given_detection","db_band_4_6_late_egg","db_band_4_6_early_egg",2.38686605838524e-07
"positive_numeric_count_given_detection","db_band_6_8_late_egg","db_band_4_6_early_egg",4.9507571160195e-07
"positive_numeric_count_given_detection","db_band_8_10_late_egg","db_band_4_6_early_egg",-4.97295781726185e-07
"positive_numeric_count_given_detection","db_band_10_20_late_egg","db_band_4_6_early_egg",-4.53378807574577e-07
"positive_numeric_count_given_detection","db_band_0_2_baseline","db_band_6_8_early_egg",-1.01891395795679e-07
"positive_numeric_count_given_detection","db_band_2_4_baseline","db_band_6_8_early_egg",-3.02990936526051e-07
"positive_numeric_count_given_detection","db_band_4_6_baseline","db_band_6_8_early_egg",-9.46524928005499e-07
"positive_numeric_count_given_detection","db_band_6_8_baseline","db_band_6_8_early_egg",2.4417616299514e-06
"positive_numeric_count_given_detection","db_band_8_10_baseline","db_band_6_8_early_egg",1.21577172293529e-08
"positive_numeric_count_given_detection","db_band_10_20_baseline","db_band_6_8_early_egg",-1.1883375613977e-07
"positive_numeric_count_given_detection","db_band_0_2_early_pre","db_band_6_8_early_egg",-3.71825823283313e-07
"positive_numeric_count_given_detection","db_band_2_4_early_pre","db_band_6_8_early_egg",-4.49490824333641e-07
"positive_numeric_count_given_detection","db_band_4_6_early_pre","db_band_6_8_early_egg",1.42992956418778e-07
"positive_numeric_count_given_detection","db_band_6_8_early_pre","db_band_6_8_early_egg",9.01599481980777e-07
"positive_numeric_count_given_detection","db_band_8_10_early_pre","db_band_6_8_early_egg",9.96278278211979e-07
"positive_numeric_count_given_detection","db_band_10_20_early_pre","db_band_6_8_early_egg",-3.84238590767949e-07
"positive_numeric_count_given_detection","db_band_0_2_immediate_pre","db_band_6_8_early_egg",8.84319707170547e-07
"positive_numeric_count_given_detection","db_band_2_4_immediate_pre","db_band_6_8_early_egg",-4.57027208627732e-07
"positive_numeric_count_given_detection","db_band_4_6_immediate_pre","db_band_6_8_early_egg",1.05327521867471e-06
"positive_numeric_count_given_detection","db_band_6_8_immediate_pre","db_band_6_8_early_egg",-9.28056481651784e-07
"positive_numeric_count_given_detection","db_band_8_10_immediate_pre","db_band_6_8_early_egg",5.44927438855996e-07
"positive_numeric_count_given_detection","db_band_10_20_immediate_pre","db_band_6_8_early_egg",9.75857014313989e-08
"positive_numeric_count_given_detection","db_band_0_2_spawn_start","db_band_6_8_early_egg",5.16353846975868e-07
"positive_numeric_count_given_detection","db_band_2_4_spawn_start","db_band_6_8_early_egg",-6.67655295712564e-07
"positive_numeric_count_given_detection","db_band_4_6_spawn_start","db_band_6_8_early_egg",-1.28766574854124e-06
"positive_numeric_count_given_detection","db_band_6_8_spawn_start","db_band_6_8_early_egg",1.90540667242088e-06
"positive_numeric_count_given_detection","db_band_8_10_spawn_start","db_band_6_8_early_egg",6.06953067449982e-07
"positive_numeric_count_given_detection","db_band_10_20_spawn_start","db_band_6_8_early_egg",-1.8587760562773e-07
"positive_numeric_count_given_detection","db_band_0_2_early_egg","db_band_6_8_early_egg",-4.37878081370484e-06
"positive_numeric_count_given_detection","db_band_2_4_early_egg","db_band_6_8_early_egg",-1.02232252123283e-05
"positive_numeric_count_given_detection","db_band_4_6_early_egg","db_band_6_8_early_egg",-2.10872162430763e-05
"positive_numeric_count_given_detection","db_band_6_8_early_egg","db_band_6_8_early_egg",7.64890844612185e-05
"positive_numeric_count_given_detection","db_band_8_10_early_egg","db_band_6_8_early_egg",-1.46101902708301e-05
"positive_numeric_count_given_detection","db_band_10_20_early_egg","db_band_6_8_early_egg",-3.68761632023201e-06
"positive_numeric_count_given_detection","db_band_0_2_late_egg","db_band_6_8_early_egg",-3.37646033551953e-07
"positive_numeric_count_given_detection","db_band_2_4_late_egg","db_band_6_8_early_egg",-1.65052090460969e-07
"positive_numeric_count_given_detection","db_band_4_6_late_egg","db_band_6_8_early_egg",-6.5223006258579e-07
"positive_numeric_count_given_detection","db_band_6_8_late_egg","db_band_6_8_early_egg",1.50271444582556e-08
"positive_numeric_count_given_detection","db_band_8_10_late_egg","db_band_6_8_early_egg",8.53675268523846e-07
"positive_numeric_count_given_detection","db_band_10_20_late_egg","db_band_6_8_early_egg",-3.03708606432543e-07
"positive_numeric_count_given_detection","db_band_0_2_baseline","db_band_8_10_early_egg",-1.52820898293221e-07
"positive_numeric_count_given_detection","db_band_2_4_baseline","db_band_8_10_early_egg",-1.09542028343981e-07
"positive_numeric_count_given_detection","db_band_4_6_baseline","db_band_8_10_early_egg",4.04941869770065e-07
"positive_numeric_count_given_detection","db_band_6_8_baseline","db_band_8_10_early_egg",-5.77075448308021e-07
"positive_numeric_count_given_detection","db_band_8_10_baseline","db_band_8_10_early_egg",1.68230185640354e-06
"positive_numeric_count_given_detection","db_band_10_20_baseline","db_band_8_10_early_egg",-9.52098785238817e-08
"positive_numeric_count_given_detection","db_band_0_2_early_pre","db_band_8_10_early_egg",-1.41573664119917e-07
"positive_numeric_count_given_detection","db_band_2_4_early_pre","db_band_8_10_early_egg",-9.03547104816299e-08
"positive_numeric_count_given_detection","db_band_4_6_early_pre","db_band_8_10_early_egg",-3.30958431549278e-07
"positive_numeric_count_given_detection","db_band_6_8_early_pre","db_band_8_10_early_egg",-4.01574171505947e-07
"positive_numeric_count_given_detection","db_band_8_10_early_pre","db_band_8_10_early_egg",6.72665806904536e-07
"positive_numeric_count_given_detection","db_band_10_20_early_pre","db_band_8_10_early_egg",3.03046797176597e-07
"positive_numeric_count_given_detection","db_band_0_2_immediate_pre","db_band_8_10_early_egg",2.77364973952412e-07
"positive_numeric_count_given_detection","db_band_2_4_immediate_pre","db_band_8_10_early_egg",-1.02434273358249e-07
"positive_numeric_count_given_detection","db_band_4_6_immediate_pre","db_band_8_10_early_egg",-5.9680001226618e-07
"positive_numeric_count_given_detection","db_band_6_8_immediate_pre","db_band_8_10_early_egg",3.35220239456104e-07
"positive_numeric_count_given_detection","db_band_8_10_immediate_pre","db_band_8_10_early_egg",-1.03747422612084e-06
"positive_numeric_count_given_detection","db_band_10_20_immediate_pre","db_band_8_10_early_egg",3.53380818179379e-07
"positive_numeric_count_given_detection","db_band_0_2_spawn_start","db_band_8_10_early_egg",1.45418336063635e-06
"positive_numeric_count_given_detection","db_band_2_4_spawn_start","db_band_8_10_early_egg",1.15800772267561e-06
"positive_numeric_count_given_detection","db_band_4_6_spawn_start","db_band_8_10_early_egg",-1.71846906060371e-06
"positive_numeric_count_given_detection","db_band_6_8_spawn_start","db_band_8_10_early_egg",6.98604313655785e-07
"positive_numeric_count_given_detection","db_band_8_10_spawn_start","db_band_8_10_early_egg",-2.82134225670425e-06
"positive_numeric_count_given_detection","db_band_10_20_spawn_start","db_band_8_10_early_egg",-7.38876752643322e-07
"positive_numeric_count_given_detection","db_band_0_2_early_egg","db_band_8_10_early_egg",-4.45333312757436e-06
"positive_numeric_count_given_detection","db_band_2_4_early_egg","db_band_8_10_early_egg",-1.34723577238702e-07
"positive_numeric_count_given_detection","db_band_4_6_early_egg","db_band_8_10_early_egg",-1.10489101937074e-05
"positive_numeric_count_given_detection","db_band_6_8_early_egg","db_band_8_10_early_egg",-1.46101902708301e-05
"positive_numeric_count_given_detection","db_band_8_10_early_egg","db_band_8_10_early_egg",6.89737587794667e-05
"positive_numeric_count_given_detection","db_band_10_20_early_egg","db_band_8_10_early_egg",-6.32569137738727e-06
"positive_numeric_count_given_detection","db_band_0_2_late_egg","db_band_8_10_early_egg",1.09607909805118e-07
"positive_numeric_count_given_detection","db_band_2_4_late_egg","db_band_8_10_early_egg",8.42800736774096e-07
"positive_numeric_count_given_detection","db_band_4_6_late_egg","db_band_8_10_early_egg",3.919238829081e-08
"positive_numeric_count_given_detection","db_band_6_8_late_egg","db_band_8_10_early_egg",3.86939806461562e-07
"positive_numeric_count_given_detection","db_band_8_10_late_egg","db_band_8_10_early_egg",-1.2887716598091e-06
"positive_numeric_count_given_detection","db_band_10_20_late_egg","db_band_8_10_early_egg",1.60352765940238e-07
"positive_numeric_count_given_detection","db_band_0_2_baseline","db_band_10_20_early_egg",-2.64640348106546e-08
"positive_numeric_count_given_detection","db_band_2_4_baseline","db_band_10_20_early_egg",3.22106809108052e-08
"positive_numeric_count_given_detection","db_band_4_6_baseline","db_band_10_20_early_egg",-9.19132044294945e-08
"positive_numeric_count_given_detection","db_band_6_8_baseline","db_band_10_20_early_egg",5.71265013187517e-08
"positive_numeric_count_given_detection","db_band_8_10_baseline","db_band_10_20_early_egg",-1.19097952227545e-07
"positive_numeric_count_given_detection","db_band_10_20_baseline","db_band_10_20_early_egg",3.69708739594713e-07
"positive_numeric_count_given_detection","db_band_0_2_early_pre","db_band_10_20_early_egg",-2.4007904461243e-07
"positive_numeric_count_given_detection","db_band_2_4_early_pre","db_band_10_20_early_egg",5.82428696470407e-08
"positive_numeric_count_given_detection","db_band_4_6_early_pre","db_band_10_20_early_egg",-1.82287085696636e-08
"positive_numeric_count_given_detection","db_band_6_8_early_pre","db_band_10_20_early_egg",-1.29801620824619e-07
"positive_numeric_count_given_detection","db_band_8_10_early_pre","db_band_10_20_early_egg",-3.0976060465138e-07
"positive_numeric_count_given_detection","db_band_10_20_early_pre","db_band_10_20_early_egg",2.57592666593773e-07
"positive_numeric_count_given_detection","db_band_0_2_immediate_pre","db_band_10_20_early_egg",2.92345215150498e-07
"positive_numeric_count_given_detection","db_band_2_4_immediate_pre","db_band_10_20_early_egg",2.50202972657391e-08
"positive_numeric_count_given_detection","db_band_4_6_immediate_pre","db_band_10_20_early_egg",-1.60667303070361e-07
"positive_numeric_count_given_detection","db_band_6_8_immediate_pre","db_band_10_20_early_egg",-1.82674072492679e-07
"positive_numeric_count_given_detection","db_band_8_10_immediate_pre","db_band_10_20_early_egg",1.19375648730945e-07
"positive_numeric_count_given_detection","db_band_10_20_immediate_pre","db_band_10_20_early_egg",3.2091810943572e-08
"positive_numeric_count_given_detection","db_band_0_2_spawn_start","db_band_10_20_early_egg",4.65787660702053e-07
"positive_numeric_count_given_detection","db_band_2_4_spawn_start","db_band_10_20_early_egg",2.07888144344817e-08
"positive_numeric_count_given_detection","db_band_4_6_spawn_start","db_band_10_20_early_egg",-3.48450297711291e-07
"positive_numeric_count_given_detection","db_band_6_8_spawn_start","db_band_10_20_early_egg",-1.6235062683875e-07
"positive_numeric_count_given_detection","db_band_8_10_spawn_start","db_band_10_20_early_egg",-1.92327995715174e-07
"positive_numeric_count_given_detection","db_band_10_20_spawn_start","db_band_10_20_early_egg",-3.94767567762386e-07
"positive_numeric_count_given_detection","db_band_0_2_early_egg","db_band_10_20_early_egg",-4.05724534822243e-06
"positive_numeric_count_given_detection","db_band_2_4_early_egg","db_band_10_20_early_egg",-2.76944173291666e-06
"positive_numeric_count_given_detection","db_band_4_6_early_egg","db_band_10_20_early_egg",-1.70098119664262e-06
"positive_numeric_count_given_detection","db_band_6_8_early_egg","db_band_10_20_early_egg",-3.68761632023201e-06
"positive_numeric_count_given_detection","db_band_8_10_early_egg","db_band_10_20_early_egg",-6.32569137738727e-06
"positive_numeric_count_given_detection","db_band_10_20_early_egg","db_band_10_20_early_egg",7.11342420845505e-06
"positive_numeric_count_given_detection","db_band_0_2_late_egg","db_band_10_20_early_egg",-4.57333716418736e-07
"positive_numeric_count_given_detection","db_band_2_4_late_egg","db_band_10_20_early_egg",-5.03031412817826e-07
"positive_numeric_count_given_detection","db_band_4_6_late_egg","db_band_10_20_early_egg",-1.41182577097991e-07
"positive_numeric_count_given_detection","db_band_6_8_late_egg","db_band_10_20_early_egg",-8.32884406813654e-08
"positive_numeric_count_given_detection","db_band_8_10_late_egg","db_band_10_20_early_egg",9.47204703928328e-08
"positive_numeric_count_given_detection","db_band_10_20_late_egg","db_band_10_20_early_egg",4.11122834635365e-09
"positive_numeric_count_given_detection","db_band_0_2_baseline","db_band_0_2_late_egg",3.76605241104404e-06
"positive_numeric_count_given_detection","db_band_2_4_baseline","db_band_0_2_late_egg",-5.96805959184827e-07
"positive_numeric_count_given_detection","db_band_4_6_baseline","db_band_0_2_late_egg",1.4561697372664e-07
"positive_numeric_count_given_detection","db_band_6_8_baseline","db_band_0_2_late_egg",-1.54432646715379e-07
"positive_numeric_count_given_detection","db_band_8_10_baseline","db_band_0_2_late_egg",-4.32978764800523e-07
"positive_numeric_count_given_detection","db_band_10_20_baseline","db_band_0_2_late_egg",2.32180110136975e-07
"positive_numeric_count_given_detection","db_band_0_2_early_pre","db_band_0_2_late_egg",3.78350898582228e-06
"positive_numeric_count_given_detection","db_band_2_4_early_pre","db_band_0_2_late_egg",-9.52197661106591e-07
"positive_numeric_count_given_detection","db_band_4_6_early_pre","db_band_0_2_late_egg",-3.03338508757233e-07
"positive_numeric_count_given_detection","db_band_6_8_early_pre","db_band_0_2_late_egg",1.39579667018193e-08
"positive_numeric_count_given_detection","db_band_8_10_early_pre","db_band_0_2_late_egg",4.17370203962905e-08
"positive_numeric_count_given_detection","db_band_10_20_early_pre","db_band_0_2_late_egg",-7.59042864541257e-08
"positive_numeric_count_given_detection","db_band_0_2_immediate_pre","db_band_0_2_late_egg",3.66825147979663e-06
"positive_numeric_count_given_detection","db_band_2_4_immediate_pre","db_band_0_2_late_egg",-1.26638173987115e-06
"positive_numeric_count_given_detection","db_band_4_6_immediate_pre","db_band_0_2_late_egg",-3.60346945614775e-07
"positive_numeric_count_given_detection","db_band_6_8_immediate_pre","db_band_0_2_late_egg",4.39460851346404e-07
"positive_numeric_count_given_detection","db_band_8_10_immediate_pre","db_band_0_2_late_egg",-2.06773660863685e-08
"positive_numeric_count_given_detection","db_band_10_20_immediate_pre","db_band_0_2_late_egg",7.14047759180805e-08
"positive_numeric_count_given_detection","db_band_0_2_spawn_start","db_band_0_2_late_egg",6.65190091246556e-06
"positive_numeric_count_given_detection","db_band_2_4_spawn_start","db_band_0_2_late_egg",-2.61981778028386e-06
"positive_numeric_count_given_detection","db_band_4_6_spawn_start","db_band_0_2_late_egg",2.23327123130973e-07
"positive_numeric_count_given_detection","db_band_6_8_spawn_start","db_band_0_2_late_egg",3.51055439342417e-07
"positive_numeric_count_given_detection","db_band_8_10_spawn_start","db_band_0_2_late_egg",-5.92401930641756e-07
"positive_numeric_count_given_detection","db_band_10_20_spawn_start","db_band_0_2_late_egg",6.00817787364873e-07
"positive_numeric_count_given_detection","db_band_0_2_early_egg","db_band_0_2_late_egg",2.89067326248314e-08
"positive_numeric_count_given_detection","db_band_2_4_early_egg","db_band_0_2_late_egg",1.40133757053363e-06
"positive_numeric_count_given_detection","db_band_4_6_early_egg","db_band_0_2_late_egg",8.3333371115382e-07
"positive_numeric_count_given_detection","db_band_6_8_early_egg","db_band_0_2_late_egg",-3.37646033551953e-07
"positive_numeric_count_given_detection","db_band_8_10_early_egg","db_band_0_2_late_egg",1.09607909805118e-07
"positive_numeric_count_given_detection","db_band_10_20_early_egg","db_band_0_2_late_egg",-4.57333716418736e-07
"positive_numeric_count_given_detection","db_band_0_2_late_egg","db_band_0_2_late_egg",0.000145448235633473
"positive_numeric_count_given_detection","db_band_2_4_late_egg","db_band_0_2_late_egg",-2.52914635776441e-05
"positive_numeric_count_given_detection","db_band_4_6_late_egg","db_band_0_2_late_egg",-1.88714358606945e-05
"positive_numeric_count_given_detection","db_band_6_8_late_egg","db_band_0_2_late_egg",-3.26782083781157e-06
"positive_numeric_count_given_detection","db_band_8_10_late_egg","db_band_0_2_late_egg",-1.98122121691607e-06
"positive_numeric_count_given_detection","db_band_10_20_late_egg","db_band_0_2_late_egg",-3.34355925112617e-06
"positive_numeric_count_given_detection","db_band_0_2_baseline","db_band_2_4_late_egg",-8.16629603563607e-07
"positive_numeric_count_given_detection","db_band_2_4_baseline","db_band_2_4_late_egg",3.42430666486629e-06
"positive_numeric_count_given_detection","db_band_4_6_baseline","db_band_2_4_late_egg",-7.76249255213546e-07
"positive_numeric_count_given_detection","db_band_6_8_baseline","db_band_2_4_late_egg",-2.10197723599947e-07
"positive_numeric_count_given_detection","db_band_8_10_baseline","db_band_2_4_late_egg",-1.36789554148211e-07
"positive_numeric_count_given_detection","db_band_10_20_baseline","db_band_2_4_late_egg",1.50041309127129e-08
"positive_numeric_count_given_detection","db_band_0_2_early_pre","db_band_2_4_late_egg",-5.0284489682472e-07
"positive_numeric_count_given_detection","db_band_2_4_early_pre","db_band_2_4_late_egg",4.60720035491278e-06
"positive_numeric_count_given_detection","db_band_4_6_early_pre","db_band_2_4_late_egg",-8.18821366916122e-07
"positive_numeric_count_given_detection","db_band_6_8_early_pre","db_band_2_4_late_egg",-3.50020816043772e-07
"positive_numeric_count_given_detection","db_band_8_10_early_pre","db_band_2_4_late_egg",-1.24074949326599e-07
"positive_numeric_count_given_detection","db_band_10_20_early_pre","db_band_2_4_late_egg",-6.29372038869828e-08
"positive_numeric_count_given_detection","db_band_0_2_immediate_pre","db_band_2_4_late_egg",-6.26499222512916e-07
"positive_numeric_count_given_detection","db_band_2_4_immediate_pre","db_band_2_4_late_egg",2.38843415243752e-06
"positive_numeric_count_given_detection","db_band_4_6_immediate_pre","db_band_2_4_late_egg",1.20979098090448e-07
"positive_numeric_count_given_detection","db_band_6_8_immediate_pre","db_band_2_4_late_egg",-3.62675478821376e-07
"positive_numeric_count_given_detection","db_band_8_10_immediate_pre","db_band_2_4_late_egg",-2.11566744742198e-07
"positive_numeric_count_given_detection","db_band_10_20_immediate_pre","db_band_2_4_late_egg",-1.70358264918645e-07
"positive_numeric_count_given_detection","db_band_0_2_spawn_start","db_band_2_4_late_egg",-1.88326441250412e-06
"positive_numeric_count_given_detection","db_band_2_4_spawn_start","db_band_2_4_late_egg",3.97239440565185e-06
"positive_numeric_count_given_detection","db_band_4_6_spawn_start","db_band_2_4_late_egg",-5.83006924810542e-07
"positive_numeric_count_given_detection","db_band_6_8_spawn_start","db_band_2_4_late_egg",-3.98073517443947e-07
"positive_numeric_count_given_detection","db_band_8_10_spawn_start","db_band_2_4_late_egg",6.75459872514896e-07
"positive_numeric_count_given_detection","db_band_10_20_spawn_start","db_band_2_4_late_egg",-1.97022606962783e-07
"positive_numeric_count_given_detection","db_band_0_2_early_egg","db_band_2_4_late_egg",5.23435824815858e-07
"positive_numeric_count_given_detection","db_band_2_4_early_egg","db_band_2_4_late_egg",4.27817778799013e-07
"positive_numeric_count_given_detection","db_band_4_6_early_egg","db_band_2_4_late_egg",1.55338812464536e-07
"positive_numeric_count_given_detection","db_band_6_8_early_egg","db_band_2_4_late_egg",-1.65052090460969e-07
"positive_numeric_count_given_detection","db_band_8_10_early_egg","db_band_2_4_late_egg",8.42800736774096e-07
"positive_numeric_count_given_detection","db_band_10_20_early_egg","db_band_2_4_late_egg",-5.03031412817826e-07
"positive_numeric_count_given_detection","db_band_0_2_late_egg","db_band_2_4_late_egg",-2.52914635776441e-05
"positive_numeric_count_given_detection","db_band_2_4_late_egg","db_band_2_4_late_egg",8.91643200499626e-05
"positive_numeric_count_given_detection","db_band_4_6_late_egg","db_band_2_4_late_egg",-1.98528878806289e-05
"positive_numeric_count_given_detection","db_band_6_8_late_egg","db_band_2_4_late_egg",-7.21042199499142e-06
"positive_numeric_count_given_detection","db_band_8_10_late_egg","db_band_2_4_late_egg",-2.03133625063301e-06
"positive_numeric_count_given_detection","db_band_10_20_late_egg","db_band_2_4_late_egg",-1.97862993117223e-06
"positive_numeric_count_given_detection","db_band_0_2_baseline","db_band_4_6_late_egg",9.11192125277426e-08
"positive_numeric_count_given_detection","db_band_2_4_baseline","db_band_4_6_late_egg",-2.22393634723757e-07
"positive_numeric_count_given_detection","db_band_4_6_baseline","db_band_4_6_late_egg",2.94201058524002e-06
"positive_numeric_count_given_detection","db_band_6_8_baseline","db_band_4_6_late_egg",-6.41003218337057e-07
"positive_numeric_count_given_detection","db_band_8_10_baseline","db_band_4_6_late_egg",2.87303917853476e-08
"positive_numeric_count_given_detection","db_band_10_20_baseline","db_band_4_6_late_egg",-1.88602352392794e-07
"positive_numeric_count_given_detection","db_band_0_2_early_pre","db_band_4_6_late_egg",-6.19188234037469e-07
"positive_numeric_count_given_detection","db_band_2_4_early_pre","db_band_4_6_late_egg",7.42367000355648e-08
"positive_numeric_count_given_detection","db_band_4_6_early_pre","db_band_4_6_late_egg",3.04596874119736e-06
"positive_numeric_count_given_detection","db_band_6_8_early_pre","db_band_4_6_late_egg",-5.62667235032714e-07
"positive_numeric_count_given_detection","db_band_8_10_early_pre","db_band_4_6_late_egg",-2.52933283204507e-07
"positive_numeric_count_given_detection","db_band_10_20_early_pre","db_band_4_6_late_egg",-7.91855556383817e-08
"positive_numeric_count_given_detection","db_band_0_2_immediate_pre","db_band_4_6_late_egg",-2.88648439100537e-07
"positive_numeric_count_given_detection","db_band_2_4_immediate_pre","db_band_4_6_late_egg",8.02587577822625e-08
"positive_numeric_count_given_detection","db_band_4_6_immediate_pre","db_band_4_6_late_egg",1.85712107296961e-06
"positive_numeric_count_given_detection","db_band_6_8_immediate_pre","db_band_4_6_late_egg",4.69054222575539e-07
"positive_numeric_count_given_detection","db_band_8_10_immediate_pre","db_band_4_6_late_egg",4.63968468340262e-07
"positive_numeric_count_given_detection","db_band_10_20_immediate_pre","db_band_4_6_late_egg",-4.07886012797615e-07
"positive_numeric_count_given_detection","db_band_0_2_spawn_start","db_band_4_6_late_egg",1.32120181052104e-08
"positive_numeric_count_given_detection","db_band_2_4_spawn_start","db_band_4_6_late_egg",-4.07052081905671e-08
"positive_numeric_count_given_detection","db_band_4_6_spawn_start","db_band_4_6_late_egg",2.34234597841383e-06
"positive_numeric_count_given_detection","db_band_6_8_spawn_start","db_band_4_6_late_egg",-3.95123888677309e-07
"positive_numeric_count_given_detection","db_band_8_10_spawn_start","db_band_4_6_late_egg",-8.69023695198141e-08
"positive_numeric_count_given_detection","db_band_10_20_spawn_start","db_band_4_6_late_egg",-2.4266869325167e-07
"positive_numeric_count_given_detection","db_band_0_2_early_egg","db_band_4_6_late_egg",3.98834584130006e-07
"positive_numeric_count_given_detection","db_band_2_4_early_egg","db_band_4_6_late_egg",7.89000457475304e-07
"positive_numeric_count_given_detection","db_band_4_6_early_egg","db_band_4_6_late_egg",2.38686605838524e-07
"positive_numeric_count_given_detection","db_band_6_8_early_egg","db_band_4_6_late_egg",-6.5223006258579e-07
"positive_numeric_count_given_detection","db_band_8_10_early_egg","db_band_4_6_late_egg",3.919238829081e-08
"positive_numeric_count_given_detection","db_band_10_20_early_egg","db_band_4_6_late_egg",-1.41182577097991e-07
"positive_numeric_count_given_detection","db_band_0_2_late_egg","db_band_4_6_late_egg",-1.88714358606945e-05
"positive_numeric_count_given_detection","db_band_2_4_late_egg","db_band_4_6_late_egg",-1.98528878806289e-05
"positive_numeric_count_given_detection","db_band_4_6_late_egg","db_band_4_6_late_egg",7.28019818273845e-05
"positive_numeric_count_given_detection","db_band_6_8_late_egg","db_band_4_6_late_egg",-1.78199632123157e-05
"positive_numeric_count_given_detection","db_band_8_10_late_egg","db_band_4_6_late_egg",-8.4154141674259e-06
"positive_numeric_count_given_detection","db_band_10_20_late_egg","db_band_4_6_late_egg",-2.00232452244247e-06
"positive_numeric_count_given_detection","db_band_0_2_baseline","db_band_6_8_late_egg",-3.47659942528258e-07
"positive_numeric_count_given_detection","db_band_2_4_baseline","db_band_6_8_late_egg",-3.19291288545733e-07
"positive_numeric_count_given_detection","db_band_4_6_baseline","db_band_6_8_late_egg",-3.90695672402376e-07
"positive_numeric_count_given_detection","db_band_6_8_baseline","db_band_6_8_late_egg",2.25513772915937e-06
"positive_numeric_count_given_detection","db_band_8_10_baseline","db_band_6_8_late_egg",-3.12018331015973e-07
"positive_numeric_count_given_detection","db_band_10_20_baseline","db_band_6_8_late_egg",6.68987995845691e-08
"positive_numeric_count_given_detection","db_band_0_2_early_pre","db_band_6_8_late_egg",-6.69756831195193e-08
"positive_numeric_count_given_detection","db_band_2_4_early_pre","db_band_6_8_late_egg",-5.63161869887783e-07
"positive_numeric_count_given_detection","db_band_4_6_early_pre","db_band_6_8_late_egg",-2.40537698022052e-07
"positive_numeric_count_given_detection","db_band_6_8_early_pre","db_band_6_8_late_egg",2.31171649393422e-06
"positive_numeric_count_given_detection","db_band_8_10_early_pre","db_band_6_8_late_egg",-1.56052494094293e-07
"positive_numeric_count_given_detection","db_band_10_20_early_pre","db_band_6_8_late_egg",-3.58055484820005e-08
"positive_numeric_count_given_detection","db_band_0_2_immediate_pre","db_band_6_8_late_egg",1.62952460884131e-07
"positive_numeric_count_given_detection","db_band_2_4_immediate_pre","db_band_6_8_late_egg",8.02267918073528e-07
"positive_numeric_count_given_detection","db_band_4_6_immediate_pre","db_band_6_8_late_egg",-1.07463176999779e-06
"positive_numeric_count_given_detection","db_band_6_8_immediate_pre","db_band_6_8_late_egg",7.52684911513641e-07
"positive_numeric_count_given_detection","db_band_8_10_immediate_pre","db_band_6_8_late_egg",2.37735334163529e-07
"positive_numeric_count_given_detection","db_band_10_20_immediate_pre","db_band_6_8_late_egg",-1.03127108572755e-07
"positive_numeric_count_given_detection","db_band_0_2_spawn_start","db_band_6_8_late_egg",-3.92908783169402e-07
"positive_numeric_count_given_detection","db_band_2_4_spawn_start","db_band_6_8_late_egg",3.13999791988067e-07
"positive_numeric_count_given_detection","db_band_4_6_spawn_start","db_band_6_8_late_egg",5.90165523872825e-07
"positive_numeric_count_given_detection","db_band_6_8_spawn_start","db_band_6_8_late_egg",8.95619644917204e-07
"positive_numeric_count_given_detection","db_band_8_10_spawn_start","db_band_6_8_late_egg",3.97181688139836e-07
"positive_numeric_count_given_detection","db_band_10_20_spawn_start","db_band_6_8_late_egg",-2.44278883292036e-07
"positive_numeric_count_given_detection","db_band_0_2_early_egg","db_band_6_8_late_egg",9.12164239905543e-07
"positive_numeric_count_given_detection","db_band_2_4_early_egg","db_band_6_8_late_egg",-7.28489536158078e-07
"positive_numeric_count_given_detection","db_band_4_6_early_egg","db_band_6_8_late_egg",4.9507571160195e-07
"positive_numeric_count_given_detection","db_band_6_8_early_egg","db_band_6_8_late_egg",1.50271444582556e-08
"positive_numeric_count_given_detection","db_band_8_10_early_egg","db_band_6_8_late_egg",3.86939806461562e-07
"positive_numeric_count_given_detection","db_band_10_20_early_egg","db_band_6_8_late_egg",-8.32884406813654e-08
"positive_numeric_count_given_detection","db_band_0_2_late_egg","db_band_6_8_late_egg",-3.26782083781157e-06
"positive_numeric_count_given_detection","db_band_2_4_late_egg","db_band_6_8_late_egg",-7.21042199499142e-06
"positive_numeric_count_given_detection","db_band_4_6_late_egg","db_band_6_8_late_egg",-1.78199632123157e-05
"positive_numeric_count_given_detection","db_band_6_8_late_egg","db_band_6_8_late_egg",6.41819819810596e-05
"positive_numeric_count_given_detection","db_band_8_10_late_egg","db_band_6_8_late_egg",-1.16992965862177e-05
"positive_numeric_count_given_detection","db_band_10_20_late_egg","db_band_6_8_late_egg",-3.34819264235419e-06
"positive_numeric_count_given_detection","db_band_0_2_baseline","db_band_8_10_late_egg",-4.72367677911825e-07
"positive_numeric_count_given_detection","db_band_2_4_baseline","db_band_8_10_late_egg",-2.16606805295645e-07
"positive_numeric_count_given_detection","db_band_4_6_baseline","db_band_8_10_late_egg",-1.73577451658821e-07
"positive_numeric_count_given_detection","db_band_6_8_baseline","db_band_8_10_late_egg",-1.98218414300216e-07
"positive_numeric_count_given_detection","db_band_8_10_baseline","db_band_8_10_late_egg",2.19393245006536e-06
"positive_numeric_count_given_detection","db_band_10_20_baseline","db_band_8_10_late_egg",-1.19553112625261e-08
"positive_numeric_count_given_detection","db_band_0_2_early_pre","db_band_8_10_late_egg",-1.1541395134547e-07
"positive_numeric_count_given_detection","db_band_2_4_early_pre","db_band_8_10_late_egg",2.29610271519495e-09
"positive_numeric_count_given_detection","db_band_4_6_early_pre","db_band_8_10_late_egg",-4.08524762243838e-07
"positive_numeric_count_given_detection","db_band_6_8_early_pre","db_band_8_10_late_egg",-2.32679816302804e-07
"positive_numeric_count_given_detection","db_band_8_10_early_pre","db_band_8_10_late_egg",2.25218091081582e-06
"positive_numeric_count_given_detection","db_band_10_20_early_pre","db_band_8_10_late_egg",-1.2157018954354e-07
"positive_numeric_count_given_detection","db_band_0_2_immediate_pre","db_band_8_10_late_egg",1.51440394876403e-07
"positive_numeric_count_given_detection","db_band_2_4_immediate_pre","db_band_8_10_late_egg",-3.54201482948303e-07
"positive_numeric_count_given_detection","db_band_4_6_immediate_pre","db_band_8_10_late_egg",3.69530199863337e-07
"positive_numeric_count_given_detection","db_band_6_8_immediate_pre","db_band_8_10_late_egg",-7.24392208677912e-07
"positive_numeric_count_given_detection","db_band_8_10_immediate_pre","db_band_8_10_late_egg",2.01919427437467e-06
"positive_numeric_count_given_detection","db_band_10_20_immediate_pre","db_band_8_10_late_egg",-6.9984163838214e-08
"positive_numeric_count_given_detection","db_band_0_2_spawn_start","db_band_8_10_late_egg",-1.42008855987256e-07
"positive_numeric_count_given_detection","db_band_2_4_spawn_start","db_band_8_10_late_egg",1.76066033854384e-07
"positive_numeric_count_given_detection","db_band_4_6_spawn_start","db_band_8_10_late_egg",1.94071391741772e-08
"positive_numeric_count_given_detection","db_band_6_8_spawn_start","db_band_8_10_late_egg",-1.91806583823149e-07
"positive_numeric_count_given_detection","db_band_8_10_spawn_start","db_band_8_10_late_egg",1.13843498529334e-06
"positive_numeric_count_given_detection","db_band_10_20_spawn_start","db_band_8_10_late_egg",-1.46891778047084e-07
"positive_numeric_count_given_detection","db_band_0_2_early_egg","db_band_8_10_late_egg",7.04415757243552e-08
"positive_numeric_count_given_detection","db_band_2_4_early_egg","db_band_8_10_late_egg",4.12843114743592e-07
"positive_numeric_count_given_detection","db_band_4_6_early_egg","db_band_8_10_late_egg",-4.97295781726185e-07
"positive_numeric_count_given_detection","db_band_6_8_early_egg","db_band_8_10_late_egg",8.53675268523846e-07
"positive_numeric_count_given_detection","db_band_8_10_early_egg","db_band_8_10_late_egg",-1.2887716598091e-06
"positive_numeric_count_given_detection","db_band_10_20_early_egg","db_band_8_10_late_egg",9.47204703928328e-08
"positive_numeric_count_given_detection","db_band_0_2_late_egg","db_band_8_10_late_egg",-1.98122121691607e-06
"positive_numeric_count_given_detection","db_band_2_4_late_egg","db_band_8_10_late_egg",-2.03133625063301e-06
"positive_numeric_count_given_detection","db_band_4_6_late_egg","db_band_8_10_late_egg",-8.4154141674259e-06
"positive_numeric_count_given_detection","db_band_6_8_late_egg","db_band_8_10_late_egg",-1.16992965862177e-05
"positive_numeric_count_given_detection","db_band_8_10_late_egg","db_band_8_10_late_egg",5.21752610919164e-05
"positive_numeric_count_given_detection","db_band_10_20_late_egg","db_band_8_10_late_egg",-5.22176789693902e-06
"positive_numeric_count_given_detection","db_band_0_2_baseline","db_band_10_20_late_egg",1.80216887488309e-07
"positive_numeric_count_given_detection","db_band_2_4_baseline","db_band_10_20_late_egg",6.19177711499766e-08
"positive_numeric_count_given_detection","db_band_4_6_baseline","db_band_10_20_late_egg",-9.16675765437112e-08
"positive_numeric_count_given_detection","db_band_6_8_baseline","db_band_10_20_late_egg",-5.84331241322146e-08
"positive_numeric_count_given_detection","db_band_8_10_baseline","db_band_10_20_late_egg",-2.23109992290971e-08
"positive_numeric_count_given_detection","db_band_10_20_baseline","db_band_10_20_late_egg",3.51016319760312e-07
"positive_numeric_count_given_detection","db_band_0_2_early_pre","db_band_10_20_late_egg",1.6976573226749e-07
"positive_numeric_count_given_detection","db_band_2_4_early_pre","db_band_10_20_late_egg",-1.23661627088717e-07
"positive_numeric_count_given_detection","db_band_4_6_early_pre","db_band_10_20_late_egg",-1.13403641654338e-07
"positive_numeric_count_given_detection","db_band_6_8_early_pre","db_band_10_20_late_egg",8.93440494155836e-08
"positive_numeric_count_given_detection","db_band_8_10_early_pre","db_band_10_20_late_egg",-1.02422421346389e-07
"positive_numeric_count_given_detection","db_band_10_20_early_pre","db_band_10_20_late_egg",3.69407905609492e-07
"positive_numeric_count_given_detection","db_band_0_2_immediate_pre","db_band_10_20_late_egg",1.89200616083416e-09
"positive_numeric_count_given_detection","db_band_2_4_immediate_pre","db_band_10_20_late_egg",-1.2165903017221e-07
"positive_numeric_count_given_detection","db_band_4_6_immediate_pre","db_band_10_20_late_egg",6.85451415450698e-08
"positive_numeric_count_given_detection","db_band_6_8_immediate_pre","db_band_10_20_late_egg",7.11407003110092e-08
"positive_numeric_count_given_detection","db_band_8_10_immediate_pre","db_band_10_20_late_egg",-3.25604818550585e-07
"positive_numeric_count_given_detection","db_band_10_20_immediate_pre","db_band_10_20_late_egg",3.49030948163646e-07
"positive_numeric_count_given_detection","db_band_0_2_spawn_start","db_band_10_20_late_egg",1.63253181886953e-07
"positive_numeric_count_given_detection","db_band_2_4_spawn_start","db_band_10_20_late_egg",-7.40624542001396e-08
"positive_numeric_count_given_detection","db_band_4_6_spawn_start","db_band_10_20_late_egg",-4.24272310429285e-07
"positive_numeric_count_given_detection","db_band_6_8_spawn_start","db_band_10_20_late_egg",-4.71406695784649e-08
"positive_numeric_count_given_detection","db_band_8_10_spawn_start","db_band_10_20_late_egg",-2.36281134175103e-08
"positive_numeric_count_given_detection","db_band_10_20_spawn_start","db_band_10_20_late_egg",2.91762182363627e-07
"positive_numeric_count_given_detection","db_band_0_2_early_egg","db_band_10_20_late_egg",2.47492066831861e-07
"positive_numeric_count_given_detection","db_band_2_4_early_egg","db_band_10_20_late_egg",-1.23160960168744e-07
"positive_numeric_count_given_detection","db_band_4_6_early_egg","db_band_10_20_late_egg",-4.53378807574577e-07
"positive_numeric_count_given_detection","db_band_6_8_early_egg","db_band_10_20_late_egg",-3.03708606432543e-07
"positive_numeric_count_given_detection","db_band_8_10_early_egg","db_band_10_20_late_egg",1.60352765940238e-07
"positive_numeric_count_given_detection","db_band_10_20_early_egg","db_band_10_20_late_egg",4.11122834635365e-09
"positive_numeric_count_given_detection","db_band_0_2_late_egg","db_band_10_20_late_egg",-3.34355925112617e-06
"positive_numeric_count_given_detection","db_band_2_4_late_egg","db_band_10_20_late_egg",-1.97862993117223e-06
"positive_numeric_count_given_detection","db_band_4_6_late_egg","db_band_10_20_late_egg",-2.00232452244247e-06
"positive_numeric_count_given_detection","db_band_6_8_late_egg","db_band_10_20_late_egg",-3.34819264235419e-06
"positive_numeric_count_given_detection","db_band_8_10_late_egg","db_band_10_20_late_egg",-5.22176789693902e-06
"positive_numeric_count_given_detection","db_band_10_20_late_egg","db_band_10_20_late_egg",6.19857071460403e-06
