"model_version_id","analysis_taxon_id","unit_label","region","outcome","band","band_label","contrast","contrast_type","period","minimum_day","maximum_day","estimate","standard_error","conf_low","conf_high","ratio","ratio_conf_low","ratio_conf_high","p_value","n","status","bh_family_id","bh_family_size","p_value_bh_13","significant_nominal_0_05","significant_bh_0_05"
"SOG_DISTANCE_BAND_CONTROL_AMERICAN_ROBIN_v1","ctl_c7322190c88f","American Robin","SoG","detection","band_0_2","0–<2 km","within_band_0_2_early_pre_minus_baseline","within_band_period_minus_baseline","early_pre",-14,-8,0.0800388762633014,0.0620143470836341,-0.041507010545388,0.201584763071991,1.08332918264686,0.959342609802989,1.2233399267185,0.196824738616935,217176,"completed","american_robin__detection__early_pre__13_bands",13,0.284302400224461,FALSE,FALSE
"SOG_DISTANCE_BAND_CONTROL_AMERICAN_ROBIN_v1","ctl_c7322190c88f","American Robin","SoG","detection","band_0_2","0–<2 km","within_band_0_2_immediate_pre_minus_baseline","within_band_period_minus_baseline","immediate_pre",-7,-1,0.139192325652512,0.06034514621827,0.020918012422899,0.257466638882124,1.14934512729988,1.02113832754805,1.29364865269522,0.0210769340912317,217176,"completed","american_robin__detection__immediate_pre__13_bands",13,0.0391428775980017,TRUE,TRUE
"SOG_DISTANCE_BAND_CONTROL_AMERICAN_ROBIN_v1","ctl_c7322190c88f","American Robin","SoG","detection","band_0_2","0–<2 km","within_band_0_2_spawn_start_minus_baseline","within_band_period_minus_baseline","spawn_start",0,3,-0.00351685567786969,0.0643920215717307,-0.129722898850188,0.122689187494449,0.996489321215857,0.878338785889528,1.13053298254568,0.956444131460696,217176,"completed","american_robin__detection__spawn_start__13_bands",13,0.956444131460696,FALSE,FALSE
"SOG_DISTANCE_BAND_CONTROL_AMERICAN_ROBIN_v1","ctl_c7322190c88f","American Robin","SoG","detection","band_0_2","0–<2 km","within_band_0_2_early_egg_minus_baseline","within_band_period_minus_baseline","early_egg",4,14,0.0676606516495286,0.0504222946331718,-0.0311652298493554,0.166486533148413,1.07000214340016,0.969315400006183,1.18114762942344,0.179635017315016,217176,"completed","american_robin__detection__early_egg__13_bands",13,0.194813309817562,FALSE,FALSE
"SOG_DISTANCE_BAND_CONTROL_AMERICAN_ROBIN_v1","ctl_c7322190c88f","American Robin","SoG","detection","band_0_2","0–<2 km","within_band_0_2_late_egg_minus_baseline","within_band_period_minus_baseline","late_egg",15,28,0.0821440063590658,0.0499669562757879,-0.0157894283585661,0.180077441076698,1.08561213362419,0.984334571180288,1.19731008051347,0.100183105267871,217176,"completed","american_robin__detection__late_egg__13_bands",13,0.118398215316575,FALSE,FALSE
"SOG_DISTANCE_BAND_CONTROL_AMERICAN_ROBIN_v1","ctl_c7322190c88f","American Robin","SoG","detection","band_0_2","0–<2 km","within_band_0_2_active_0_14_minus_baseline","within_band_duration_weighted_active_minus_baseline","active_0_14",0,14,0.0486799830288891,0.0462286520442429,-0.0419265100316609,0.139286476089439,1.04988431617563,0.958940250471684,1.14945334374003,0.292328972109191,217176,"completed","american_robin__detection__active_0_14__13_bands",13,0.292328972109191,FALSE,FALSE
"SOG_DISTANCE_BAND_CONTROL_AMERICAN_ROBIN_v1","ctl_c7322190c88f","American Robin","SoG","detection","band_2_4","2–<4 km","within_band_2_4_early_pre_minus_baseline","within_band_period_minus_baseline","early_pre",-14,-8,0.0150227170943841,0.046954537374891,-0.0770064850711421,0.10705191925991,1.01513612529695,0.925883849164395,1.11299203870219,0.749012484207418,217176,"completed","american_robin__detection__early_pre__13_bands",13,0.811430191224702,FALSE,FALSE
"SOG_DISTANCE_BAND_CONTROL_AMERICAN_ROBIN_v1","ctl_c7322190c88f","American Robin","SoG","detection","band_2_4","2–<4 km","within_band_2_4_immediate_pre_minus_baseline","within_band_period_minus_baseline","immediate_pre",-7,-1,0.0790144220575808,0.0475458907943588,-0.0141738115122368,0.172202655627398,1.08221992979591,0.985926164051839,1.18791854720054,0.0965416584742094,217176,"completed","american_robin__detection__immediate_pre__13_bands",13,0.139449062240525,FALSE,FALSE
"SOG_DISTANCE_BAND_CONTROL_AMERICAN_ROBIN_v1","ctl_c7322190c88f","American Robin","SoG","detection","band_2_4","2–<4 km","within_band_2_4_spawn_start_minus_baseline","within_band_period_minus_baseline","spawn_start",0,3,0.0204937465202416,0.0536135145746246,-0.0845868111306359,0.125574304171119,1.02070518526402,0.91889188187107,1.1337994118562,0.702276206638264,217176,"completed","american_robin__detection__spawn_start__13_bands",13,0.760799223858119,FALSE,FALSE
"SOG_DISTANCE_BAND_CONTROL_AMERICAN_ROBIN_v1","ctl_c7322190c88f","American Robin","SoG","detection","band_2_4","2–<4 km","within_band_2_4_early_egg_minus_baseline","within_band_period_minus_baseline","early_egg",4,14,0.0542844498665025,0.0393174438281806,-0.0227763240009082,0.131345223733913,1.05578487731385,0.977481098384219,1.14036139318417,0.167380178023533,217176,"completed","american_robin__detection__early_egg__13_bands",13,0.194813309817562,FALSE,FALSE
"SOG_DISTANCE_BAND_CONTROL_AMERICAN_ROBIN_v1","ctl_c7322190c88f","American Robin","SoG","detection","band_2_4","2–<4 km","within_band_2_4_late_egg_minus_baseline","within_band_period_minus_baseline","late_egg",15,28,0.144681148137874,0.0375949404727508,0.0709964188103547,0.218365877465392,1.15567102365736,1.07357738117727,1.24404215135072,0.000118881754084737,217176,"completed","american_robin__detection__late_egg__13_bands",13,0.000193182850387698,TRUE,TRUE
"SOG_DISTANCE_BAND_CONTROL_AMERICAN_ROBIN_v1","ctl_c7322190c88f","American Robin","SoG","detection","band_2_4","2–<4 km","within_band_2_4_active_0_14_minus_baseline","within_band_duration_weighted_active_minus_baseline","active_0_14",0,14,0.0452735956408329,0.0361753943052801,-0.0256288743240514,0.116176065605717,1.04631408772493,0.974696757485447,1.12319361048865,0.210751209898136,217176,"completed","american_robin__detection__active_0_14__13_bands",13,0.249069611697798,FALSE,FALSE
"SOG_DISTANCE_BAND_CONTROL_AMERICAN_ROBIN_v1","ctl_c7322190c88f","American Robin","SoG","detection","band_4_6","4–<6 km","within_band_4_6_early_pre_minus_baseline","within_band_period_minus_baseline","early_pre",-14,-8,0.10473684421543,0.039351208442176,0.0276098929206371,0.181863795510224,1.11041835888913,1.02799457822682,1.19945081216758,0.0077772186234808,217176,"completed","american_robin__detection__early_pre__13_bands",13,0.0505519210526252,TRUE,FALSE
"SOG_DISTANCE_BAND_CONTROL_AMERICAN_ROBIN_v1","ctl_c7322190c88f","American Robin","SoG","detection","band_4_6","4–<6 km","within_band_4_6_immediate_pre_minus_baseline","within_band_period_minus_baseline","immediate_pre",-7,-1,0.0492205832319106,0.0406304029377803,-0.0304135432034892,0.12885470966731,1.05045203729136,0.970044295364133,1.13752484079642,0.225733530517941,217176,"completed","american_robin__detection__immediate_pre__13_bands",13,0.293453589673323,FALSE,FALSE
"SOG_DISTANCE_BAND_CONTROL_AMERICAN_ROBIN_v1","ctl_c7322190c88f","American Robin","SoG","detection","band_4_6","4–<6 km","within_band_4_6_spawn_start_minus_baseline","within_band_period_minus_baseline","spawn_start",0,3,0.060561083278427,0.0478356565647617,-0.0331950807653329,0.154317247322187,1.06243249244806,0.967349829835709,1.16686101159607,0.205504534747267,217176,"completed","american_robin__detection__spawn_start__13_bands",13,0.267155895171447,FALSE,FALSE
"SOG_DISTANCE_BAND_CONTROL_AMERICAN_ROBIN_v1","ctl_c7322190c88f","American Robin","SoG","detection","band_4_6","4–<6 km","within_band_4_6_early_egg_minus_baseline","within_band_period_minus_baseline","early_egg",4,14,0.112595197091678,0.0349201668499372,0.0441529277316714,0.181037466451684,1.11917879440797,1.04514217388968,1.19846008049875,0.00126254472963177,217176,"completed","american_robin__detection__early_egg__13_bands",13,0.00234472592645899,TRUE,TRUE
"SOG_DISTANCE_BAND_CONTROL_AMERICAN_ROBIN_v1","ctl_c7322190c88f","American Robin","SoG","detection","band_4_6","4–<6 km","within_band_4_6_late_egg_minus_baseline","within_band_period_minus_baseline","late_egg",15,28,0.128220846234836,0.032359343064185,0.0647976992656569,0.191643993204014,1.13680403386702,1.06694315916548,1.21123923080132,7.41983091847453e-05,217176,"completed","american_robin__detection__late_egg__13_bands",13,0.000137796859914527,TRUE,TRUE
"SOG_DISTANCE_BAND_CONTROL_AMERICAN_ROBIN_v1","ctl_c7322190c88f","American Robin","SoG","detection","band_4_6","4–<6 km","within_band_4_6_active_0_14_minus_baseline","within_band_duration_weighted_active_minus_baseline","active_0_14",0,14,0.0987194334081443,0.0319574855234356,0.0360839127457503,0.161354954070538,1.1037565788907,1.03674283877923,1.17510200203459,0.00200773052179679,217176,"completed","american_robin__detection__active_0_14__13_bands",13,0.0037286423976226,TRUE,TRUE
"SOG_DISTANCE_BAND_CONTROL_AMERICAN_ROBIN_v1","ctl_c7322190c88f","American Robin","SoG","detection","band_6_8","6–<8 km","within_band_6_8_early_pre_minus_baseline","within_band_period_minus_baseline","early_pre",-14,-8,-0.0817146002713989,0.0365760430931624,-0.153402327430982,-0.0100268731118156,0.921534926987083,0.857784542127252,0.990023228386769,0.0254763817964882,217176,"completed","american_robin__detection__early_pre__13_bands",13,0.0827982408385868,TRUE,FALSE
"SOG_DISTANCE_BAND_CONTROL_AMERICAN_ROBIN_v1","ctl_c7322190c88f","American Robin","SoG","detection","band_6_8","6–<8 km","within_band_6_8_immediate_pre_minus_baseline","within_band_period_minus_baseline","immediate_pre",-7,-1,0.0249745558383259,0.0375232124406223,-0.0485695891295392,0.098518700806191,1.02528903257263,0.952591047017482,1.10353504119636,0.505682045377397,217176,"completed","american_robin__detection__immediate_pre__13_bands",13,0.58691466636233,FALSE,FALSE
"SOG_DISTANCE_BAND_CONTROL_AMERICAN_ROBIN_v1","ctl_c7322190c88f","American Robin","SoG","detection","band_6_8","6–<8 km","within_band_6_8_spawn_start_minus_baseline","within_band_period_minus_baseline","spawn_start",0,3,0.0240570636231966,0.0453776706305034,-0.0648815365149112,0.112995663761304,1.02434876927507,0.937178478230352,1.1196270779678,0.596006536083646,217176,"completed","american_robin__detection__spawn_start__13_bands",13,0.704371360826127,FALSE,FALSE
"SOG_DISTANCE_BAND_CONTROL_AMERICAN_ROBIN_v1","ctl_c7322190c88f","American Robin","SoG","detection","band_6_8","6–<8 km","within_band_6_8_early_egg_minus_baseline","within_band_period_minus_baseline","early_egg",4,14,0.0454240646016837,0.0332805282444182,-0.019804572143844,0.110652701347211,1.04647153736378,0.980390250151203,1.11700690448892,0.172289473207109,217176,"completed","american_robin__detection__early_egg__13_bands",13,0.194813309817562,FALSE,FALSE
"SOG_DISTANCE_BAND_CONTROL_AMERICAN_ROBIN_v1","ctl_c7322190c88f","American Robin","SoG","detection","band_6_8","6–<8 km","within_band_6_8_late_egg_minus_baseline","within_band_period_minus_baseline","late_egg",15,28,0.0455268677396766,0.031129970242223,-0.015486752774884,0.106540488254237,1.04657912345164,0.984632550314388,1.11242296559775,0.143610522777471,217176,"completed","american_robin__detection__late_egg__13_bands",13,0.155578066342261,FALSE,FALSE
"SOG_DISTANCE_BAND_CONTROL_AMERICAN_ROBIN_v1","ctl_c7322190c88f","American Robin","SoG","detection","band_6_8","6–<8 km","within_band_6_8_active_0_14_minus_baseline","within_band_duration_weighted_active_minus_baseline","active_0_14",0,14,0.0397261976740871,0.030194645545507,-0.0194542201210594,0.0989066154692336,1.04052583679162,0.980733792035245,1.10396320165951,0.188284734492023,217176,"completed","american_robin__detection__active_0_14__13_bands",13,0.244770154839629,FALSE,FALSE
"SOG_DISTANCE_BAND_CONTROL_AMERICAN_ROBIN_v1","ctl_c7322190c88f","American Robin","SoG","detection","band_8_10","8–<10 km","within_band_8_10_early_pre_minus_baseline","within_band_period_minus_baseline","early_pre",-14,-8,0.079987925523263,0.0345693872384818,0.0122331715682201,0.147742679478306,1.08327398762943,1.01230830286363,1.15921456828419,0.0206766677026561,217176,"completed","american_robin__detection__early_pre__13_bands",13,0.0827982408385868,TRUE,FALSE
"SOG_DISTANCE_BAND_CONTROL_AMERICAN_ROBIN_v1","ctl_c7322190c88f","American Robin","SoG","detection","band_8_10","8–<10 km","within_band_8_10_immediate_pre_minus_baseline","within_band_period_minus_baseline","immediate_pre",-7,-1,0.170309372727072,0.0358669186649037,0.100011503907434,0.240607241546711,1.18567160904412,1.10518363193272,1.27202134005082,2.05063418191796e-06,217176,"completed","american_robin__detection__immediate_pre__13_bands",13,2.66582443649335e-05,TRUE,TRUE
"SOG_DISTANCE_BAND_CONTROL_AMERICAN_ROBIN_v1","ctl_c7322190c88f","American Robin","SoG","detection","band_8_10","8–<10 km","within_band_8_10_spawn_start_minus_baseline","within_band_period_minus_baseline","spawn_start",0,3,0.189926123214743,0.0439157614728249,0.103852812374355,0.275999434055132,1.20916026548423,1.10943714747792,1.31784711819828,1.52682326106633e-05,217176,"completed","american_robin__detection__spawn_start__13_bands",13,0.000198487023938623,TRUE,TRUE
"SOG_DISTANCE_BAND_CONTROL_AMERICAN_ROBIN_v1","ctl_c7322190c88f","American Robin","SoG","detection","band_8_10","8–<10 km","within_band_8_10_early_egg_minus_baseline","within_band_period_minus_baseline","early_egg",4,14,0.140793334950376,0.0312019064984003,0.0796387219645257,0.201947947936227,1.15118671333997,1.08289577053908,1.22378430595472,6.41189718025401e-06,217176,"completed","american_robin__detection__early_egg__13_bands",13,1.66709326686604e-05,TRUE,TRUE
"SOG_DISTANCE_BAND_CONTROL_AMERICAN_ROBIN_v1","ctl_c7322190c88f","American Robin","SoG","detection","band_8_10","8–<10 km","within_band_8_10_late_egg_minus_baseline","within_band_period_minus_baseline","late_egg",15,28,0.192845604596254,0.0295102690766073,0.135006540032018,0.25068466916049,1.21269554444609,1.14454426968301,1.28490485031802,6.36672305831633e-11,217176,"completed","american_robin__detection__late_egg__13_bands",13,2.75891332527041e-10,TRUE,TRUE
"SOG_DISTANCE_BAND_CONTROL_AMERICAN_ROBIN_v1","ctl_c7322190c88f","American Robin","SoG","detection","band_8_10","8–<10 km","within_band_8_10_active_0_14_minus_baseline","within_band_duration_weighted_active_minus_baseline","active_0_14",0,14,0.153895411820874,0.0285024854258762,0.0980315669162791,0.209759256725469,1.16636889200034,1.10299760279194,1.23338109600834,6.68760150485515e-08,217176,"completed","american_robin__detection__active_0_14__13_bands",13,2.8979606521039e-07,TRUE,TRUE
"SOG_DISTANCE_BAND_CONTROL_AMERICAN_ROBIN_v1","ctl_c7322190c88f","American Robin","SoG","detection","band_10_12","10–<12 km","within_band_10_12_early_pre_minus_baseline","within_band_period_minus_baseline","early_pre",-14,-8,0.114427460532004,0.034039209847752,0.0477118351682085,0.181143085895799,1.12123130459161,1.0488683647959,1.19858666787117,0.000774819649068347,217176,"completed","american_robin__detection__early_pre__13_bands",13,0.0100726554378885,TRUE,TRUE
"SOG_DISTANCE_BAND_CONTROL_AMERICAN_ROBIN_v1","ctl_c7322190c88f","American Robin","SoG","detection","band_10_12","10–<12 km","within_band_10_12_immediate_pre_minus_baseline","within_band_period_minus_baseline","immediate_pre",-7,-1,0.105125941203436,0.0345925460348092,0.0373257968416666,0.172926085565206,1.11085050339561,1.03803115302517,1.18877823396534,0.00237383217495685,217176,"completed","american_robin__detection__immediate_pre__13_bands",13,0.0102866060914797,TRUE,TRUE
"SOG_DISTANCE_BAND_CONTROL_AMERICAN_ROBIN_v1","ctl_c7322190c88f","American Robin","SoG","detection","band_10_12","10–<12 km","within_band_10_12_spawn_start_minus_baseline","within_band_period_minus_baseline","spawn_start",0,3,0.152714122477993,0.043588183137531,0.0672828533768964,0.23814539157909,1.16499188633954,1.06959797479058,1.26889366586795,0.000459071057289268,217176,"completed","american_robin__detection__spawn_start__13_bands",13,0.00298396187238024,TRUE,TRUE
"SOG_DISTANCE_BAND_CONTROL_AMERICAN_ROBIN_v1","ctl_c7322190c88f","American Robin","SoG","detection","band_10_12","10–<12 km","within_band_10_12_early_egg_minus_baseline","within_band_period_minus_baseline","early_egg",4,14,0.194967199684177,0.0294627677554543,0.137221235998618,0.252713163369735,1.2152711245593,1.14708189625911,1.28751391771072,3.65547824488765e-11,217176,"completed","american_robin__detection__early_egg__13_bands",13,4.75212171835394e-10,TRUE,TRUE
"SOG_DISTANCE_BAND_CONTROL_AMERICAN_ROBIN_v1","ctl_c7322190c88f","American Robin","SoG","detection","band_10_12","10–<12 km","within_band_10_12_late_egg_minus_baseline","within_band_period_minus_baseline","late_egg",15,28,0.274109938554589,0.0278611028262094,0.219503180445651,0.328716696663526,1.31535940300151,1.2454578090603,1.38918423930387,7.68897362900091e-23,217176,"completed","american_robin__detection__late_egg__13_bands",13,9.99566571770118e-22,TRUE,TRUE
"SOG_DISTANCE_BAND_CONTROL_AMERICAN_ROBIN_v1","ctl_c7322190c88f","American Robin","SoG","detection","band_10_12","10–<12 km","within_band_10_12_active_0_14_minus_baseline","within_band_duration_weighted_active_minus_baseline","active_0_14",0,14,0.183699712429194,0.0274517554666523,0.129895260402155,0.237504164456234,1.20165492687375,1.13870910914421,1.26808027764454,2.20548789844565e-11,217176,"completed","american_robin__detection__active_0_14__13_bands",13,2.86713426797935e-10,TRUE,TRUE
"SOG_DISTANCE_BAND_CONTROL_AMERICAN_ROBIN_v1","ctl_c7322190c88f","American Robin","SoG","detection","band_12_14","12–<14 km","within_band_12_14_early_pre_minus_baseline","within_band_period_minus_baseline","early_pre",-14,-8,0.0926407093041565,0.0453520644767504,0.00375229630518729,0.181529122303126,1.09706749830463,1.00375934498245,1.19904945528296,0.0410820417496645,217176,"completed","american_robin__detection__early_pre__13_bands",13,0.0890110904576064,TRUE,FALSE
"SOG_DISTANCE_BAND_CONTROL_AMERICAN_ROBIN_v1","ctl_c7322190c88f","American Robin","SoG","detection","band_12_14","12–<14 km","within_band_12_14_immediate_pre_minus_baseline","within_band_period_minus_baseline","immediate_pre",-7,-1,0.106715061418418,0.0439739415973847,0.0205277196292763,0.19290240320756,1.11261718174673,1.02073986238161,1.21276442582511,0.0152335099237975,217176,"completed","american_robin__detection__immediate_pre__13_bands",13,0.033005938168228,TRUE,TRUE
"SOG_DISTANCE_BAND_CONTROL_AMERICAN_ROBIN_v1","ctl_c7322190c88f","American Robin","SoG","detection","band_12_14","12–<14 km","within_band_12_14_spawn_start_minus_baseline","within_band_period_minus_baseline","spawn_start",0,3,0.165779442516012,0.0522667702175768,0.0633384553013304,0.268220429730693,1.18031274620303,1.06538736421846,1.30763534995678,0.00151500288535842,217176,"completed","american_robin__detection__spawn_start__13_bands",13,0.00656501250321982,TRUE,TRUE
"SOG_DISTANCE_BAND_CONTROL_AMERICAN_ROBIN_v1","ctl_c7322190c88f","American Robin","SoG","detection","band_12_14","12–<14 km","within_band_12_14_early_egg_minus_baseline","within_band_period_minus_baseline","early_egg",4,14,0.179855320983485,0.0381596487360513,0.105063783798125,0.254646858168845,1.19704416342064,1.11078145795649,1.29000598534978,2.43816967590577e-06,217176,"completed","american_robin__detection__early_egg__13_bands",13,7.92405144669377e-06,TRUE,TRUE
"SOG_DISTANCE_BAND_CONTROL_AMERICAN_ROBIN_v1","ctl_c7322190c88f","American Robin","SoG","detection","band_12_14","12–<14 km","within_band_12_14_late_egg_minus_baseline","within_band_period_minus_baseline","late_egg",15,28,0.207692574528239,0.0357359170802437,0.137651464096452,0.277733684960027,1.23083472143466,1.14757550929688,1.32013457869743,6.17780847803834e-09,217176,"completed","american_robin__detection__late_egg__13_bands",13,2.00778775536246e-08,TRUE,TRUE
"SOG_DISTANCE_BAND_CONTROL_AMERICAN_ROBIN_v1","ctl_c7322190c88f","American Robin","SoG","detection","band_12_14","12–<14 km","within_band_12_14_active_0_14_minus_baseline","within_band_duration_weighted_active_minus_baseline","active_0_14",0,14,0.176101753392159,0.0348682801825885,0.107761180031434,0.244442326752884,1.19255939944139,1.11378172030625,1.2769090166114,4.4068790763137e-07,217176,"completed","american_robin__detection__active_0_14__13_bands",13,1.14578855984156e-06,TRUE,TRUE
"SOG_DISTANCE_BAND_CONTROL_AMERICAN_ROBIN_v1","ctl_c7322190c88f","American Robin","SoG","detection","band_14_16","14–<16 km","within_band_14_16_early_pre_minus_baseline","within_band_period_minus_baseline","early_pre",-14,-8,0.00171204277795023,0.039196768619977,-0.0751122120275545,0.078536297583455,1.0017135091599,0.927639388191542,1.08170261764074,0.96516094744501,217176,"completed","american_robin__detection__early_pre__13_bands",13,0.96516094744501,FALSE,FALSE
"SOG_DISTANCE_BAND_CONTROL_AMERICAN_ROBIN_v1","ctl_c7322190c88f","American Robin","SoG","detection","band_14_16","14–<16 km","within_band_14_16_immediate_pre_minus_baseline","within_band_period_minus_baseline","immediate_pre",-7,-1,0.0968869187777002,0.0386350947945814,0.0211635244410299,0.172610313114371,1.10173578094784,1.0213890600573,1.18840290981054,0.01215047350123,217176,"completed","american_robin__detection__immediate_pre__13_bands",13,0.033005938168228,TRUE,TRUE
"SOG_DISTANCE_BAND_CONTROL_AMERICAN_ROBIN_v1","ctl_c7322190c88f","American Robin","SoG","detection","band_14_16","14–<16 km","within_band_14_16_spawn_start_minus_baseline","within_band_period_minus_baseline","spawn_start",0,3,0.0852961797085069,0.0450671802195561,-0.00303387040659893,0.173626229823613,1.08903957035902,0.996970727127607,1.18961084165911,0.0584050762493713,217176,"completed","american_robin__detection__spawn_start__13_bands",13,0.0949082489052284,FALSE,FALSE
"SOG_DISTANCE_BAND_CONTROL_AMERICAN_ROBIN_v1","ctl_c7322190c88f","American Robin","SoG","detection","band_14_16","14–<16 km","within_band_14_16_early_egg_minus_baseline","within_band_period_minus_baseline","early_egg",4,14,0.0774735630144753,0.0324753206485701,0.0138231041568879,0.141124021872063,1.08055366549934,1.01391908500232,1.15156745868077,0.0170506605532174,217176,"completed","american_robin__detection__early_egg__13_bands",13,0.0277073233989782,TRUE,TRUE
"SOG_DISTANCE_BAND_CONTROL_AMERICAN_ROBIN_v1","ctl_c7322190c88f","American Robin","SoG","detection","band_14_16","14–<16 km","within_band_14_16_late_egg_minus_baseline","within_band_period_minus_baseline","late_egg",15,28,0.123174126345825,0.0310624067716724,0.0622929278002142,0.184055324891436,1.13108135486445,1.06427405452919,1.20208232633084,7.32803003685997e-05,217176,"completed","american_robin__detection__late_egg__13_bands",13,0.000137796859914527,TRUE,TRUE
"SOG_DISTANCE_BAND_CONTROL_AMERICAN_ROBIN_v1","ctl_c7322190c88f","American Robin","SoG","detection","band_14_16","14–<16 km","within_band_14_16_active_0_14_minus_baseline","within_band_duration_weighted_active_minus_baseline","active_0_14",0,14,0.0795595941328837,0.0299115495743445,0.0209340342453841,0.138185154020383,1.0828100867349,1.02115468817613,1.14818812224128,0.00781804327735634,217176,"completed","american_robin__detection__active_0_14__13_bands",13,0.0127043203257041,TRUE,TRUE
"SOG_DISTANCE_BAND_CONTROL_AMERICAN_ROBIN_v1","ctl_c7322190c88f","American Robin","SoG","detection","band_16_18","16–<18 km","within_band_16_18_early_pre_minus_baseline","within_band_period_minus_baseline","early_pre",-14,-8,0.0473605732157146,0.0339475943348117,-0.0191754890422922,0.113896635473721,1.04850000194589,0.981007191123723,1.12063628485867,0.162983160615273,217176,"completed","american_robin__detection__early_pre__13_bands",13,0.264847635999818,FALSE,FALSE
"SOG_DISTANCE_BAND_CONTROL_AMERICAN_ROBIN_v1","ctl_c7322190c88f","American Robin","SoG","detection","band_16_18","16–<18 km","within_band_16_18_immediate_pre_minus_baseline","within_band_period_minus_baseline","immediate_pre",-7,-1,0.126891684955268,0.0335559998317932,0.0611231338197211,0.192660236090815,1.13529404169662,1.06302980104861,1.21247076971918,0.000155892351916035,217176,"completed","american_robin__detection__immediate_pre__13_bands",13,0.00101330028745423,TRUE,TRUE
"SOG_DISTANCE_BAND_CONTROL_AMERICAN_ROBIN_v1","ctl_c7322190c88f","American Robin","SoG","detection","band_16_18","16–<18 km","within_band_16_18_spawn_start_minus_baseline","within_band_period_minus_baseline","spawn_start",0,3,0.115386604682855,0.0414348462763211,0.0341757982763115,0.196597411089397,1.12230724294667,1.03476650090655,1.21725388913058,0.00535653537681361,217176,"completed","american_robin__detection__spawn_start__13_bands",13,0.0174087399746442,TRUE,TRUE
"SOG_DISTANCE_BAND_CONTROL_AMERICAN_ROBIN_v1","ctl_c7322190c88f","American Robin","SoG","detection","band_16_18","16–<18 km","within_band_16_18_early_egg_minus_baseline","within_band_period_minus_baseline","early_egg",4,14,0.181847509013807,0.0291461391412869,0.124722126008492,0.238972892019123,1.1994312774753,1.13283362432659,1.26994411049657,4.3991878205499e-10,217176,"completed","american_robin__detection__early_egg__13_bands",13,2.85947208335744e-09,TRUE,TRUE
"SOG_DISTANCE_BAND_CONTROL_AMERICAN_ROBIN_v1","ctl_c7322190c88f","American Robin","SoG","detection","band_16_18","16–<18 km","within_band_16_18_late_egg_minus_baseline","within_band_period_minus_baseline","late_egg",15,28,0.20087488030231,0.0277384577136895,0.146508502196792,0.255241258407829,1.22247180695115,1.15778477449061,1.29077299314799,4.42943056078792e-13,217176,"completed","american_robin__detection__late_egg__13_bands",13,2.87912986451215e-12,TRUE,TRUE
"SOG_DISTANCE_BAND_CONTROL_AMERICAN_ROBIN_v1","ctl_c7322190c88f","American Robin","SoG","detection","band_16_18","16–<18 km","within_band_16_18_active_0_14_minus_baseline","within_band_duration_weighted_active_minus_baseline","active_0_14",0,14,0.16412460119222,0.0266013545883506,0.111986904259073,0.216262298125366,1.17836113114761,1.11849821298631,1.24142796052592,6.83835198068259e-10,217176,"completed","american_robin__detection__active_0_14__13_bands",13,4.44492878744368e-09,TRUE,TRUE
"SOG_DISTANCE_BAND_CONTROL_AMERICAN_ROBIN_v1","ctl_c7322190c88f","American Robin","SoG","detection","band_18_20","18–<20 km","within_band_18_20_early_pre_minus_baseline","within_band_period_minus_baseline","early_pre",-14,-8,0.0169675560960294,0.0379242034082074,-0.0573625167264283,0.0912976289184871,1.0171123226954,0.944251700277703,1.09559503750386,0.654581184071293,217176,"completed","american_robin__detection__early_pre__13_bands",13,0.773595944811528,FALSE,FALSE
"SOG_DISTANCE_BAND_CONTROL_AMERICAN_ROBIN_v1","ctl_c7322190c88f","American Robin","SoG","detection","band_18_20","18–<20 km","within_band_18_20_immediate_pre_minus_baseline","within_band_period_minus_baseline","immediate_pre",-7,-1,0.0225142654268601,0.0369000089183994,-0.0498084230824096,0.0948369539361298,1.02276962430565,0.951411675558772,1.09947957469406,0.541767384334459,217176,"completed","american_robin__detection__immediate_pre__13_bands",13,0.58691466636233,FALSE,FALSE
"SOG_DISTANCE_BAND_CONTROL_AMERICAN_ROBIN_v1","ctl_c7322190c88f","American Robin","SoG","detection","band_18_20","18–<20 km","within_band_18_20_spawn_start_minus_baseline","within_band_period_minus_baseline","spawn_start",0,3,0.109060940366544,0.0451107933794044,0.0206454100288831,0.197476470704204,1.11523031081458,1.02086000073334,1.21832439831724,0.0156222067372837,217176,"completed","american_robin__detection__spawn_start__13_bands",13,0.0290126696549555,TRUE,TRUE
"SOG_DISTANCE_BAND_CONTROL_AMERICAN_ROBIN_v1","ctl_c7322190c88f","American Robin","SoG","detection","band_18_20","18–<20 km","within_band_18_20_early_egg_minus_baseline","within_band_period_minus_baseline","early_egg",4,14,0.123999565431605,0.0318346393515703,0.061604818841706,0.186394312021505,1.13201537906096,1.06354196992383,1.20489727219915,9.81523516320133e-05,217176,"completed","american_robin__detection__early_egg__13_bands",13,0.000212663428536029,TRUE,TRUE
"SOG_DISTANCE_BAND_CONTROL_AMERICAN_ROBIN_v1","ctl_c7322190c88f","American Robin","SoG","detection","band_18_20","18–<20 km","within_band_18_20_late_egg_minus_baseline","within_band_period_minus_baseline","late_egg",15,28,0.114792393040526,0.0304212104852939,0.0551679161232375,0.174416869957814,1.12164055301371,1.0567180397754,1.19055176765252,0.000161016613310421,217176,"completed","american_robin__detection__late_egg__13_bands",13,0.000232579552559497,TRUE,TRUE
"SOG_DISTANCE_BAND_CONTROL_AMERICAN_ROBIN_v1","ctl_c7322190c88f","American Robin","SoG","detection","band_18_20","18–<20 km","within_band_18_20_active_0_14_minus_baseline","within_band_duration_weighted_active_minus_baseline","active_0_14",0,14,0.120015932080922,0.0290109090492489,0.0631555951856271,0.176876268976217,1.12751481509355,1.0651925651728,1.19348341306646,3.51992302301591e-05,217176,"completed","american_robin__detection__active_0_14__13_bands",13,7.62649988320114e-05,TRUE,TRUE
"SOG_DISTANCE_BAND_CONTROL_AMERICAN_ROBIN_v1","ctl_c7322190c88f","American Robin","SoG","detection","band_20_22","20–<22 km","within_band_20_22_early_pre_minus_baseline","within_band_period_minus_baseline","early_pre",-14,-8,0.0679420203793154,0.0350449585958916,-0.000744836308329597,0.13662887706696,1.07030325090325,0.999255441013376,1.14640261326206,0.0525366300631258,217176,"completed","american_robin__detection__early_pre__13_bands",13,0.0975680272600909,FALSE,FALSE
"SOG_DISTANCE_BAND_CONTROL_AMERICAN_ROBIN_v1","ctl_c7322190c88f","American Robin","SoG","detection","band_20_22","20–<22 km","within_band_20_22_immediate_pre_minus_baseline","within_band_period_minus_baseline","immediate_pre",-7,-1,-0.0134970161946702,0.034985325133509,-0.0820669934437719,0.0550729610544314,0.986593660116762,0.921210241582529,1.05661770380501,0.699651617372421,217176,"completed","american_robin__detection__immediate_pre__13_bands",13,0.699651617372421,FALSE,FALSE
"SOG_DISTANCE_BAND_CONTROL_AMERICAN_ROBIN_v1","ctl_c7322190c88f","American Robin","SoG","detection","band_20_22","20–<22 km","within_band_20_22_spawn_start_minus_baseline","within_band_period_minus_baseline","spawn_start",0,3,-0.0715569622697974,0.0406395589940448,-0.151209034245716,0.00809510970612126,0.93094324744409,0.859667979828435,1.00812796369909,0.0782771478429872,217176,"completed","american_robin__detection__spawn_start__13_bands",13,0.113066991328759,FALSE,FALSE
"SOG_DISTANCE_BAND_CONTROL_AMERICAN_ROBIN_v1","ctl_c7322190c88f","American Robin","SoG","detection","band_20_22","20–<22 km","within_band_20_22_early_egg_minus_baseline","within_band_period_minus_baseline","early_egg",4,14,-0.0135989225981694,0.0296309160843411,-0.0716744509524066,0.0444766057560678,0.986493125027816,0.930833878573292,1.04548051819809,0.646274588076209,217176,"completed","american_robin__detection__early_egg__13_bands",13,0.646274588076209,FALSE,FALSE
"SOG_DISTANCE_BAND_CONTROL_AMERICAN_ROBIN_v1","ctl_c7322190c88f","American Robin","SoG","detection","band_20_22","20–<22 km","within_band_20_22_late_egg_minus_baseline","within_band_period_minus_baseline","late_egg",15,28,-0.00522418388647438,0.0279809022824229,-0.0600657446149579,0.0496173768420091,0.994789438430013,0.941702619672883,1.05086893265271,0.851891668666921,217176,"completed","american_robin__detection__late_egg__13_bands",13,0.851891668666921,FALSE,FALSE
"SOG_DISTANCE_BAND_CONTROL_AMERICAN_ROBIN_v1","ctl_c7322190c88f","American Robin","SoG","detection","band_20_22","20–<22 km","within_band_20_22_active_0_14_minus_baseline","within_band_duration_weighted_active_minus_baseline","active_0_14",0,14,-0.0290543998439368,0.0271050135562251,-0.0821792502146079,0.0240704505267342,0.971363620999891,0.921106835299684,1.02436248222502,0.283756070415048,217176,"completed","american_robin__detection__active_0_14__13_bands",13,0.292328972109191,FALSE,FALSE
"SOG_DISTANCE_BAND_CONTROL_AMERICAN_ROBIN_v1","ctl_c7322190c88f","American Robin","SoG","detection","band_22_24","22–<24 km","within_band_22_24_early_pre_minus_baseline","within_band_period_minus_baseline","early_pre",-14,-8,0.0367309382950118,0.0365724693342735,-0.0349497844258599,0.108411661015883,1.03741385494283,0.965653905905394,1.11450644982197,0.315218126580082,217176,"completed","american_robin__detection__early_pre__13_bands",13,0.409783564554107,FALSE,FALSE
"SOG_DISTANCE_BAND_CONTROL_AMERICAN_ROBIN_v1","ctl_c7322190c88f","American Robin","SoG","detection","band_22_24","22–<24 km","within_band_22_24_immediate_pre_minus_baseline","within_band_period_minus_baseline","immediate_pre",-7,-1,0.0634804458168689,0.0357877235934469,-0.00666220351496134,0.133623095148699,1.06553864985986,0.99335993976125,1.14296195054741,0.0760953979988452,217176,"completed","american_robin__detection__immediate_pre__13_bands",13,0.123655021748123,FALSE,FALSE
"SOG_DISTANCE_BAND_CONTROL_AMERICAN_ROBIN_v1","ctl_c7322190c88f","American Robin","SoG","detection","band_22_24","22–<24 km","within_band_22_24_spawn_start_minus_baseline","within_band_period_minus_baseline","spawn_start",0,3,0.107905013552222,0.0444528533933591,0.0207790218911995,0.195031005213245,1.11394193097403,1.02099640885187,1.21534866805019,0.015207330337074,217176,"completed","american_robin__detection__spawn_start__13_bands",13,0.0290126696549555,TRUE,TRUE
"SOG_DISTANCE_BAND_CONTROL_AMERICAN_ROBIN_v1","ctl_c7322190c88f","American Robin","SoG","detection","band_22_24","22–<24 km","within_band_22_24_early_egg_minus_baseline","within_band_period_minus_baseline","early_egg",4,14,0.0410484232171621,0.0306037851765082,-0.0189338935193948,0.101030739953719,1.04190255659773,0.981244226701243,1.10631064917888,0.179827670600826,217176,"completed","american_robin__detection__early_egg__13_bands",13,0.194813309817562,FALSE,FALSE
"SOG_DISTANCE_BAND_CONTROL_AMERICAN_ROBIN_v1","ctl_c7322190c88f","American Robin","SoG","detection","band_22_24","22–<24 km","within_band_22_24_late_egg_minus_baseline","within_band_period_minus_baseline","late_egg",15,28,0.110138073360588,0.0296956676215074,0.0519356343255616,0.168340512395615,1.1164322093644,1.05330794345525,1.18333948381472,0.000208166825379522,217176,"completed","american_robin__detection__late_egg__13_bands",13,0.000270616872993379,TRUE,TRUE
"SOG_DISTANCE_BAND_CONTROL_AMERICAN_ROBIN_v1","ctl_c7322190c88f","American Robin","SoG","detection","band_22_24","22–<24 km","within_band_22_24_active_0_14_minus_baseline","within_band_duration_weighted_active_minus_baseline","active_0_14",0,14,0.0588768473065115,0.0286025036318596,0.00281697032039059,0.114936724292632,1.06064461145592,1.0028209417095,1.12180245248244,0.0395468767756815,217176,"completed","american_robin__detection__active_0_14__13_bands",13,0.0571232664537622,TRUE,FALSE
"SOG_DISTANCE_BAND_CONTROL_AMERICAN_ROBIN_v1","ctl_c7322190c88f","American Robin","SoG","detection","band_24_26","24–26 km","within_band_24_26_early_pre_minus_baseline","within_band_period_minus_baseline","early_pre",-14,-8,0.0811270767253748,0.0390639280969015,0.00456318456078554,0.157690968889964,1.08450870362524,1.0045736117418,1.17080432383604,0.0378221239272975,217176,"completed","american_robin__detection__early_pre__13_bands",13,0.0890110904576064,TRUE,FALSE
"SOG_DISTANCE_BAND_CONTROL_AMERICAN_ROBIN_v1","ctl_c7322190c88f","American Robin","SoG","detection","band_24_26","24–26 km","within_band_24_26_immediate_pre_minus_baseline","within_band_period_minus_baseline","immediate_pre",-7,-1,0.0976728613394577,0.0394049266821263,0.0204406242290487,0.174905098449867,1.1026020223533,1.02065096450612,1.191133170864,0.0131863385180279,217176,"completed","american_robin__detection__immediate_pre__13_bands",13,0.033005938168228,TRUE,TRUE
"SOG_DISTANCE_BAND_CONTROL_AMERICAN_ROBIN_v1","ctl_c7322190c88f","American Robin","SoG","detection","band_24_26","24–26 km","within_band_24_26_spawn_start_minus_baseline","within_band_period_minus_baseline","spawn_start",0,3,0.124994915980082,0.0474757872552391,0.0319440828221281,0.218045749138037,1.13314269213217,1.03245977145429,1.2436439619569,0.00846807147031172,217176,"completed","american_robin__detection__spawn_start__13_bands",13,0.0220169858228105,TRUE,TRUE
"SOG_DISTANCE_BAND_CONTROL_AMERICAN_ROBIN_v1","ctl_c7322190c88f","American Robin","SoG","detection","band_24_26","24–26 km","within_band_24_26_early_egg_minus_baseline","within_band_period_minus_baseline","early_egg",4,14,0.172656244183059,0.0340842689200031,0.105852304660475,0.239460183705643,1.1884574956798,1.11165767772299,1.27056309450459,4.07180486331704e-07,217176,"completed","american_robin__detection__early_egg__13_bands",13,1.76444877410405e-06,TRUE,TRUE
"SOG_DISTANCE_BAND_CONTROL_AMERICAN_ROBIN_v1","ctl_c7322190c88f","American Robin","SoG","detection","band_24_26","24–26 km","within_band_24_26_late_egg_minus_baseline","within_band_period_minus_baseline","late_egg",15,28,0.144879442022573,0.0323118064427068,0.0815494651194384,0.208209418925708,1.15590020887634,1.08496688427319,1.23147103588826,7.33278999478175e-06,217176,"completed","american_robin__detection__late_egg__13_bands",13,1.90652539864326e-05,TRUE,TRUE
"SOG_DISTANCE_BAND_CONTROL_AMERICAN_ROBIN_v1","ctl_c7322190c88f","American Robin","SoG","detection","band_24_26","24–26 km","within_band_24_26_active_0_14_minus_baseline","within_band_duration_weighted_active_minus_baseline","active_0_14",0,14,0.159946556662265,0.0313521500733086,0.0984974716806856,0.221395641643845,1.17344815632985,1.10351161436114,1.24781702129262,3.36769697364528e-07,217176,"completed","american_robin__detection__active_0_14__13_bands",13,1.09450151643472e-06,TRUE,TRUE
"SOG_DISTANCE_BAND_CONTROL_AMERICAN_ROBIN_v1","ctl_c7322190c88f","American Robin","SoG","positive_numeric_count_given_detection","band_0_2","0–<2 km","within_band_0_2_early_pre_minus_baseline","within_band_period_minus_baseline","early_pre",-14,-8,0.0133304796183095,0.0309144635164276,-0.0472607554752661,0.0739217147118851,1.01341972658912,0.95383864651058,1.07672251066477,0.666319121651095,125407,"completed","american_robin__positive_numeric_count_given_detection__early_pre__13_bands",13,0.666319121651095,FALSE,FALSE
"SOG_DISTANCE_BAND_CONTROL_AMERICAN_ROBIN_v1","ctl_c7322190c88f","American Robin","SoG","positive_numeric_count_given_detection","band_0_2","0–<2 km","within_band_0_2_immediate_pre_minus_baseline","within_band_period_minus_baseline","immediate_pre",-7,-1,-0.0627790254550643,0.0289870849723205,-0.119592668017615,-0.00596538289251388,0.939150979221828,0.887281781365483,0.994052374676235,0.030329646680367,125407,"completed","american_robin__positive_numeric_count_given_detection__immediate_pre__13_bands",13,0.0788570813689543,TRUE,FALSE
"SOG_DISTANCE_BAND_CONTROL_AMERICAN_ROBIN_v1","ctl_c7322190c88f","American Robin","SoG","positive_numeric_count_given_detection","band_0_2","0–<2 km","within_band_0_2_spawn_start_minus_baseline","within_band_period_minus_baseline","spawn_start",0,3,-0.0594024795756607,0.0312747580721354,-0.120699879022249,0.00189491987092808,0.942327425280879,0.886299916878833,1.00189671636615,0.0575152470866579,125407,"completed","american_robin__positive_numeric_count_given_detection__spawn_start__13_bands",13,0.249232737375518,FALSE,FALSE
"SOG_DISTANCE_BAND_CONTROL_AMERICAN_ROBIN_v1","ctl_c7322190c88f","American Robin","SoG","positive_numeric_count_given_detection","band_0_2","0–<2 km","within_band_0_2_early_egg_minus_baseline","within_band_period_minus_baseline","early_egg",4,14,-0.0446476525833776,0.0244296803599097,-0.0925289462426261,0.00323364107587099,0.956334384426015,0.911622822527136,1.00323887493313,0.067609797878491,125407,"completed","american_robin__positive_numeric_count_given_detection__early_egg__13_bands",13,0.167204133007947,FALSE,FALSE
"SOG_DISTANCE_BAND_CONTROL_AMERICAN_ROBIN_v1","ctl_c7322190c88f","American Robin","SoG","positive_numeric_count_given_detection","band_0_2","0–<2 km","within_band_0_2_late_egg_minus_baseline","within_band_period_minus_baseline","late_egg",15,28,-0.00242431059981991,0.0235109457726912,-0.0485049175567689,0.043656296357129,0.997578625667835,0.952652654570806,1.04462325236229,0.917872394701921,125407,"completed","american_robin__positive_numeric_count_given_detection__late_egg__13_bands",13,0.952926191021128,FALSE,FALSE
"SOG_DISTANCE_BAND_CONTROL_AMERICAN_ROBIN_v1","ctl_c7322190c88f","American Robin","SoG","positive_numeric_count_given_detection","band_0_2","0–<2 km","within_band_0_2_active_0_14_minus_baseline","within_band_duration_weighted_active_minus_baseline","active_0_14",0,14,-0.0485822731146531,0.0227903324214887,-0.0932505038564665,-0.00391404237283965,0.952578964443449,0.910965271397632,0.996093607507103,0.0330310783133519,125407,"completed","american_robin__positive_numeric_count_given_detection__active_0_14__13_bands",13,0.143134672691192,TRUE,FALSE
"SOG_DISTANCE_BAND_CONTROL_AMERICAN_ROBIN_v1","ctl_c7322190c88f","American Robin","SoG","positive_numeric_count_given_detection","band_2_4","2–<4 km","within_band_2_4_early_pre_minus_baseline","within_band_period_minus_baseline","early_pre",-14,-8,-0.0183754067192658,0.0241211364510612,-0.065651965429522,0.0289011519909904,0.98179239170677,0.936456726897321,1.02932284293259,0.446181237154269,125407,"completed","american_robin__positive_numeric_count_given_detection__early_pre__13_bands",13,0.58003560830055,FALSE,FALSE
"SOG_DISTANCE_BAND_CONTROL_AMERICAN_ROBIN_v1","ctl_c7322190c88f","American Robin","SoG","positive_numeric_count_given_detection","band_2_4","2–<4 km","within_band_2_4_immediate_pre_minus_baseline","within_band_period_minus_baseline","immediate_pre",-7,-1,0.0218600457375978,0.0236054871242271,-0.0244058588634113,0.0681259503386069,1.02210072710657,0.975889555946088,1.07050012984203,0.354415937369773,125407,"completed","american_robin__positive_numeric_count_given_detection__immediate_pre__13_bands",13,0.418855198709731,FALSE,FALSE
"SOG_DISTANCE_BAND_CONTROL_AMERICAN_ROBIN_v1","ctl_c7322190c88f","American Robin","SoG","positive_numeric_count_given_detection","band_2_4","2–<4 km","within_band_2_4_spawn_start_minus_baseline","within_band_period_minus_baseline","spawn_start",0,3,0.00907641855775562,0.0264163417259324,-0.0426986598283745,0.0608514969438858,1.00911773414927,0.958200090746087,1.06274108216966,0.731153857387145,125407,"completed","american_robin__positive_numeric_count_given_detection__spawn_start__13_bands",13,0.754999892720359,FALSE,FALSE
"SOG_DISTANCE_BAND_CONTROL_AMERICAN_ROBIN_v1","ctl_c7322190c88f","American Robin","SoG","positive_numeric_count_given_detection","band_2_4","2–<4 km","within_band_2_4_early_egg_minus_baseline","within_band_period_minus_baseline","early_egg",4,14,-0.0615079122359409,0.0191952495121225,-0.0991299099539609,-0.0238859145179208,0.940345505474489,0.905625050672645,0.976397096137418,0.00135377251451474,125407,"completed","american_robin__positive_numeric_count_given_detection__early_egg__13_bands",13,0.00879952134434582,TRUE,TRUE
"SOG_DISTANCE_BAND_CONTROL_AMERICAN_ROBIN_v1","ctl_c7322190c88f","American Robin","SoG","positive_numeric_count_given_detection","band_2_4","2–<4 km","within_band_2_4_late_egg_minus_baseline","within_band_period_minus_baseline","late_egg",15,28,-0.0362505530710008,0.0176480000363505,-0.0708399975414093,-0.00166110860059224,0.964398630171186,0.931610940244131,0.998340270276705,0.0399671315669028,125407,"completed","american_robin__positive_numeric_count_given_detection__late_egg__13_bands",13,0.106333325526987,TRUE,FALSE
"SOG_DISTANCE_BAND_CONTROL_AMERICAN_ROBIN_v1","ctl_c7322190c88f","American Robin","SoG","positive_numeric_count_given_detection","band_2_4","2–<4 km","within_band_2_4_active_0_14_minus_baseline","within_band_duration_weighted_active_minus_baseline","active_0_14",0,14,-0.0426854240242885,0.0181394250004123,-0.0782380437253621,-0.00713280432321481,0.958212773378695,0.924744270770007,0.992892573750748,0.0186133676325202,125407,"completed","american_robin__positive_numeric_count_given_detection__active_0_14__13_bands",13,0.120986889611382,TRUE,FALSE
"SOG_DISTANCE_BAND_CONTROL_AMERICAN_ROBIN_v1","ctl_c7322190c88f","American Robin","SoG","positive_numeric_count_given_detection","band_4_6","4–<6 km","within_band_4_6_early_pre_minus_baseline","within_band_period_minus_baseline","early_pre",-14,-8,0.0209927216015101,0.0185387144123789,-0.0153424909664262,0.0573279341694464,1.02121461880354,0.98477460543308,1.05900303673999,0.257478060468835,125407,"completed","american_robin__positive_numeric_count_given_detection__early_pre__13_bands",13,0.478173540870693,FALSE,FALSE
"SOG_DISTANCE_BAND_CONTROL_AMERICAN_ROBIN_v1","ctl_c7322190c88f","American Robin","SoG","positive_numeric_count_given_detection","band_4_6","4–<6 km","within_band_4_6_immediate_pre_minus_baseline","within_band_period_minus_baseline","immediate_pre",-7,-1,0.066126059744783,0.0186810832198757,0.029511809441631,0.102740310047935,1.06836138604131,1.02995159855336,1.10820358236959,0.000400530975551648,125407,"completed","american_robin__positive_numeric_count_given_detection__immediate_pre__13_bands",13,0.00260345134108571,TRUE,TRUE
"SOG_DISTANCE_BAND_CONTROL_AMERICAN_ROBIN_v1","ctl_c7322190c88f","American Robin","SoG","positive_numeric_count_given_detection","band_4_6","4–<6 km","within_band_4_6_spawn_start_minus_baseline","within_band_period_minus_baseline","spawn_start",0,3,0.0540187260183044,0.0217394977145994,0.0114100934556987,0.0966273585809101,1.05550436736412,1.01147543686033,1.10144985130131,0.0129617167625566,125407,"completed","american_robin__positive_numeric_count_given_detection__spawn_start__13_bands",13,0.168502317913236,TRUE,FALSE
"SOG_DISTANCE_BAND_CONTROL_AMERICAN_ROBIN_v1","ctl_c7322190c88f","American Robin","SoG","positive_numeric_count_given_detection","band_4_6","4–<6 km","within_band_4_6_early_egg_minus_baseline","within_band_period_minus_baseline","early_egg",4,14,0.0677726574056471,0.0156887072066226,0.0370233563166729,0.0985219584946212,1.07012199651127,1.037717257808,1.10353863617555,1.56144511926268e-05,125407,"completed","american_robin__positive_numeric_count_given_detection__early_egg__13_bands",13,0.000202987865504149,TRUE,TRUE
"SOG_DISTANCE_BAND_CONTROL_AMERICAN_ROBIN_v1","ctl_c7322190c88f","American Robin","SoG","positive_numeric_count_given_detection","band_4_6","4–<6 km","within_band_4_6_late_egg_minus_baseline","within_band_period_minus_baseline","late_egg",15,28,0.0735792330384525,0.0143276816171791,0.0454974930868248,0.10166097299008,1.07635381607667,1.04654838100474,1.10700810245444,2.81455033218284e-07,125407,"completed","american_robin__positive_numeric_count_given_detection__late_egg__13_bands",13,3.65891543183769e-06,TRUE,TRUE
"SOG_DISTANCE_BAND_CONTROL_AMERICAN_ROBIN_v1","ctl_c7322190c88f","American Robin","SoG","positive_numeric_count_given_detection","band_4_6","4–<6 km","within_band_4_6_active_0_14_minus_baseline","within_band_duration_weighted_active_minus_baseline","active_0_14",0,14,0.0641049423690223,0.0146954803650311,0.0353023301180458,0.0929075546199989,1.06620428289402,1.03593285516284,1.09736028469032,1.28748344222664e-05,125407,"completed","american_robin__positive_numeric_count_given_detection__active_0_14__13_bands",13,0.000167372847489463,TRUE,TRUE
"SOG_DISTANCE_BAND_CONTROL_AMERICAN_ROBIN_v1","ctl_c7322190c88f","American Robin","SoG","positive_numeric_count_given_detection","band_6_8","6–<8 km","within_band_6_8_early_pre_minus_baseline","within_band_period_minus_baseline","early_pre",-14,-8,-0.036227518760741,0.0173610988586006,-0.0702546472556376,-0.00220039026584448,0.964420844684295,0.932156418606613,0.997802028818182,0.0369146685319449,125407,"completed","american_robin__positive_numeric_count_given_detection__early_pre__13_bands",13,0.16553017501717,TRUE,FALSE
"SOG_DISTANCE_BAND_CONTROL_AMERICAN_ROBIN_v1","ctl_c7322190c88f","American Robin","SoG","positive_numeric_count_given_detection","band_6_8","6–<8 km","within_band_6_8_immediate_pre_minus_baseline","within_band_period_minus_baseline","immediate_pre",-7,-1,-0.0673932664122549,0.0165745552130668,-0.0998787976896365,-0.0349077351348733,0.93482749278364,0.904947093067828,0.965694511821195,4.78130167040005e-05,125407,"completed","american_robin__positive_numeric_count_given_detection__immediate_pre__13_bands",13,0.000621569217152006,TRUE,TRUE
"SOG_DISTANCE_BAND_CONTROL_AMERICAN_ROBIN_v1","ctl_c7322190c88f","American Robin","SoG","positive_numeric_count_given_detection","band_6_8","6–<8 km","within_band_6_8_spawn_start_minus_baseline","within_band_period_minus_baseline","spawn_start",0,3,-0.0156523553710379,0.0201159298698458,-0.0550788534314691,0.0237741426893933,0.984469506108443,0.946410517294214,1.02405900055748,0.436505657158786,125407,"completed","american_robin__positive_numeric_count_given_detection__spawn_start__13_bands",13,0.589687760652989,FALSE,FALSE
"SOG_DISTANCE_BAND_CONTROL_AMERICAN_ROBIN_v1","ctl_c7322190c88f","American Robin","SoG","positive_numeric_count_given_detection","band_6_8","6–<8 km","within_band_6_8_early_egg_minus_baseline","within_band_period_minus_baseline","early_egg",4,14,-0.0195450466706999,0.0143553487936089,-0.0476810132916839,0.00859091995028413,0.980644719413939,0.953437872583868,1.00862792780434,0.173350469481368,125407,"completed","american_robin__positive_numeric_count_given_detection__early_egg__13_bands",13,0.225355610325779,FALSE,FALSE
"SOG_DISTANCE_BAND_CONTROL_AMERICAN_ROBIN_v1","ctl_c7322190c88f","American Robin","SoG","positive_numeric_count_given_detection","band_6_8","6–<8 km","within_band_6_8_late_egg_minus_baseline","within_band_period_minus_baseline","late_egg",15,28,-0.0269935447468171,0.0132025641510629,-0.05287009498648,-0.00111699450715425,0.973367524837869,0.948503219803093,0.998883629099,0.0408974328949948,125407,"completed","american_robin__positive_numeric_count_given_detection__late_egg__13_bands",13,0.106333325526987,TRUE,FALSE
"SOG_DISTANCE_BAND_CONTROL_AMERICAN_ROBIN_v1","ctl_c7322190c88f","American Robin","SoG","positive_numeric_count_given_detection","band_6_8","6–<8 km","within_band_6_8_active_0_14_minus_baseline","within_band_duration_weighted_active_minus_baseline","active_0_14",0,14,-0.0185069956574567,0.0134734297450176,-0.0449144327059218,0.00790044139100843,0.981663207188235,0.956079287450659,1.00793173222762,0.169568373913501,125407,"completed","american_robin__positive_numeric_count_given_detection__active_0_14__13_bands",13,0.220438886087551,FALSE,FALSE
"SOG_DISTANCE_BAND_CONTROL_AMERICAN_ROBIN_v1","ctl_c7322190c88f","American Robin","SoG","positive_numeric_count_given_detection","band_8_10","8–<10 km","within_band_8_10_early_pre_minus_baseline","within_band_period_minus_baseline","early_pre",-14,-8,-0.00809296084669428,0.0164621349622465,-0.0403581524813351,0.0241722307879466,0.991939698996607,0.960445391645062,1.02446674741202,0.622994614135867,125407,"completed","american_robin__positive_numeric_count_given_detection__early_pre__13_bands",13,0.666319121651095,FALSE,FALSE
"SOG_DISTANCE_BAND_CONTROL_AMERICAN_ROBIN_v1","ctl_c7322190c88f","American Robin","SoG","positive_numeric_count_given_detection","band_8_10","8–<10 km","within_band_8_10_immediate_pre_minus_baseline","within_band_period_minus_baseline","immediate_pre",-7,-1,0.022228863369388,0.0157921075962263,-0.00872309875919691,0.0531808254979729,1.0224777654011,0.991314837080621,1.05462033012485,0.159251560214976,125407,"completed","american_robin__positive_numeric_count_given_detection__immediate_pre__13_bands",13,0.224121264470234,FALSE,FALSE
"SOG_DISTANCE_BAND_CONTROL_AMERICAN_ROBIN_v1","ctl_c7322190c88f","American Robin","SoG","positive_numeric_count_given_detection","band_8_10","8–<10 km","within_band_8_10_spawn_start_minus_baseline","within_band_period_minus_baseline","spawn_start",0,3,0.0112926669566465,0.0182853249871649,-0.0245459114638071,0.0471312453771001,1.01135666981424,0.975752889646537,1.04825957927551,0.536851656422575,125407,"completed","american_robin__positive_numeric_count_given_detection__spawn_start__13_bands",13,0.634461048499406,FALSE,FALSE
"SOG_DISTANCE_BAND_CONTROL_AMERICAN_ROBIN_v1","ctl_c7322190c88f","American Robin","SoG","positive_numeric_count_given_detection","band_8_10","8–<10 km","within_band_8_10_early_egg_minus_baseline","within_band_period_minus_baseline","early_egg",4,14,0.0268814035636616,0.0134173115838026,0.000583956090056414,0.0531788510372668,1.02724596782801,1.00058412662561,1.0546182478205,0.0451250876878544,125407,"completed","american_robin__positive_numeric_count_given_detection__early_egg__13_bands",13,0.146656534985527,TRUE,FALSE
"SOG_DISTANCE_BAND_CONTROL_AMERICAN_ROBIN_v1","ctl_c7322190c88f","American Robin","SoG","positive_numeric_count_given_detection","band_8_10","8–<10 km","within_band_8_10_late_egg_minus_baseline","within_band_period_minus_baseline","late_egg",15,28,0.0291284781010491,0.0124352246558007,0.00475588563601524,0.0535010705660829,1.02955686148873,1.0047672128099,1.05495812116937,0.0191593095153178,125407,"completed","american_robin__positive_numeric_count_given_detection__late_egg__13_bands",13,0.0830236745663771,TRUE,FALSE
"SOG_DISTANCE_BAND_CONTROL_AMERICAN_ROBIN_v1","ctl_c7322190c88f","American Robin","SoG","positive_numeric_count_given_detection","band_8_10","8–<10 km","within_band_8_10_active_0_14_minus_baseline","within_band_duration_weighted_active_minus_baseline","active_0_14",0,14,0.0227244071351242,0.0125533410801525,-0.00187968926762177,0.0473285035378703,1.02298457344576,0.998122076241873,1.04846637742777,0.070260466594309,125407,"completed","american_robin__positive_numeric_count_given_detection__active_0_14__13_bands",13,0.152231010954336,FALSE,FALSE
"SOG_DISTANCE_BAND_CONTROL_AMERICAN_ROBIN_v1","ctl_c7322190c88f","American Robin","SoG","positive_numeric_count_given_detection","band_10_12","10–<12 km","within_band_10_12_early_pre_minus_baseline","within_band_period_minus_baseline","early_pre",-14,-8,0.034353777620405,0.0146467518871061,0.00564667143118301,0.063060883809627,1.03495068435961,1.00566264392997,1.06509168409661,0.0190022012958064,125407,"completed","american_robin__positive_numeric_count_given_detection__early_pre__13_bands",13,0.16553017501717,TRUE,FALSE
"SOG_DISTANCE_BAND_CONTROL_AMERICAN_ROBIN_v1","ctl_c7322190c88f","American Robin","SoG","positive_numeric_count_given_detection","band_10_12","10–<12 km","within_band_10_12_immediate_pre_minus_baseline","within_band_period_minus_baseline","immediate_pre",-7,-1,0.0293367479249428,0.0146512921141449,0.000620743054243072,0.0580527527956426,1.0297713094457,1.00062093575508,1.05977090011344,0.0452490594365326,125407,"completed","american_robin__positive_numeric_count_given_detection__immediate_pre__13_bands",13,0.0977926972535584,TRUE,FALSE
"SOG_DISTANCE_BAND_CONTROL_AMERICAN_ROBIN_v1","ctl_c7322190c88f","American Robin","SoG","positive_numeric_count_given_detection","band_10_12","10–<12 km","within_band_10_12_spawn_start_minus_baseline","within_band_period_minus_baseline","spawn_start",0,3,0.0197264242899915,0.0170477349669534,-0.0136865222632214,0.0531393708432043,1.01992227589513,0.986406712345404,1.05457661210931,0.247219761237286,125407,"completed","american_robin__positive_numeric_count_given_detection__spawn_start__13_bands",13,0.459122413726388,FALSE,FALSE
"SOG_DISTANCE_BAND_CONTROL_AMERICAN_ROBIN_v1","ctl_c7322190c88f","American Robin","SoG","positive_numeric_count_given_detection","band_10_12","10–<12 km","within_band_10_12_early_egg_minus_baseline","within_band_period_minus_baseline","early_egg",4,14,0.0211914935647218,0.0119906082823886,-0.00230966682148754,0.0446926539509312,1.02141762781376,0.997692998406601,1.04570641677843,0.07717113831136,125407,"completed","american_robin__positive_numeric_count_given_detection__early_egg__13_bands",13,0.167204133007947,FALSE,FALSE
"SOG_DISTANCE_BAND_CONTROL_AMERICAN_ROBIN_v1","ctl_c7322190c88f","American Robin","SoG","positive_numeric_count_given_detection","band_10_12","10–<12 km","within_band_10_12_late_egg_minus_baseline","within_band_period_minus_baseline","late_egg",15,28,-0.00909202091753511,0.0110272257729685,-0.0307049862819452,0.012520944446875,0.990949186523776,0.969761623861781,1.01259965965831,0.409651742081496,125407,"completed","american_robin__positive_numeric_count_given_detection__late_egg__13_bands",13,0.484133877005404,FALSE,FALSE
"SOG_DISTANCE_BAND_CONTROL_AMERICAN_ROBIN_v1","ctl_c7322190c88f","American Robin","SoG","positive_numeric_count_given_detection","band_10_12","10–<12 km","within_band_10_12_active_0_14_minus_baseline","within_band_duration_weighted_active_minus_baseline","active_0_14",0,14,0.0208008084247937,0.0113678871607387,-0.00147984099056946,0.0430814578401569,1.02101865306674,0.998521253434184,1.04402293524034,0.0672818444188581,125407,"completed","american_robin__positive_numeric_count_given_detection__active_0_14__13_bands",13,0.152231010954336,FALSE,FALSE
"SOG_DISTANCE_BAND_CONTROL_AMERICAN_ROBIN_v1","ctl_c7322190c88f","American Robin","SoG","positive_numeric_count_given_detection","band_12_14","12–<14 km","within_band_12_14_early_pre_minus_baseline","within_band_period_minus_baseline","early_pre",-14,-8,-0.041368583699327,0.0201155823264194,-0.0807944005871594,-0.00194276681149456,0.959475417766637,0.92238331341851,0.998059119138429,0.0397300926632317,125407,"completed","american_robin__positive_numeric_count_given_detection__early_pre__13_bands",13,0.16553017501717,TRUE,FALSE
"SOG_DISTANCE_BAND_CONTROL_AMERICAN_ROBIN_v1","ctl_c7322190c88f","American Robin","SoG","positive_numeric_count_given_detection","band_12_14","12–<14 km","within_band_12_14_immediate_pre_minus_baseline","within_band_period_minus_baseline","immediate_pre",-7,-1,-0.0264052602548698,0.0193511829822341,-0.0643328819582929,0.0115223614485534,0.973940310321586,0.937692806554185,1.01158899955206,0.172400972669411,125407,"completed","american_robin__positive_numeric_count_given_detection__immediate_pre__13_bands",13,0.224121264470234,FALSE,FALSE
"SOG_DISTANCE_BAND_CONTROL_AMERICAN_ROBIN_v1","ctl_c7322190c88f","American Robin","SoG","positive_numeric_count_given_detection","band_12_14","12–<14 km","within_band_12_14_spawn_start_minus_baseline","within_band_period_minus_baseline","spawn_start",0,3,-0.016484224940639,0.0219960678809768,-0.0595957257888517,0.0266272759075737,0.983650896419563,0.942145341668408,1.02698494938539,0.453605969733069,125407,"completed","american_robin__positive_numeric_count_given_detection__spawn_start__13_bands",13,0.589687760652989,FALSE,FALSE
"SOG_DISTANCE_BAND_CONTROL_AMERICAN_ROBIN_v1","ctl_c7322190c88f","American Robin","SoG","positive_numeric_count_given_detection","band_12_14","12–<14 km","within_band_12_14_early_egg_minus_baseline","within_band_period_minus_baseline","early_egg",4,14,0.0016628988069263,0.0159764583033859,-0.029650384068216,0.0329761816820686,1.00166428218985,0.970784876084287,1.03352592209913,0.917102433676215,125407,"completed","american_robin__positive_numeric_count_given_detection__early_egg__13_bands",13,0.917102433676215,FALSE,FALSE
"SOG_DISTANCE_BAND_CONTROL_AMERICAN_ROBIN_v1","ctl_c7322190c88f","American Robin","SoG","positive_numeric_count_given_detection","band_12_14","12–<14 km","within_band_12_14_late_egg_minus_baseline","within_band_period_minus_baseline","late_egg",15,28,0.000885840338324762,0.0150059671364609,-0.0285253148023302,0.0302969954789797,1.00088623281076,0.97187769094309,1.03076061974219,0.952926191021128,125407,"completed","american_robin__positive_numeric_count_given_detection__late_egg__13_bands",13,0.952926191021128,FALSE,FALSE
"SOG_DISTANCE_BAND_CONTROL_AMERICAN_ROBIN_v1","ctl_c7322190c88f","American Robin","SoG","positive_numeric_count_given_detection","band_12_14","12–<14 km","within_band_12_14_active_0_14_minus_baseline","within_band_duration_weighted_active_minus_baseline","active_0_14",0,14,-0.00317633419242445,0.0150128879175747,-0.0326010538148075,0.0262483854299586,0.996828705020207,0.967924632412426,1.02659590827405,0.832439527948724,125407,"completed","american_robin__positive_numeric_count_given_detection__active_0_14__13_bands",13,0.832439527948724,FALSE,FALSE
"SOG_DISTANCE_BAND_CONTROL_AMERICAN_ROBIN_v1","ctl_c7322190c88f","American Robin","SoG","positive_numeric_count_given_detection","band_14_16","14–<16 km","within_band_14_16_early_pre_minus_baseline","within_band_period_minus_baseline","early_pre",-14,-8,-0.0314009282244083,0.0182100691458096,-0.0670920079061792,0.00429015145736267,0.969086960863913,0.935109159942738,1.00429936733158,0.084640759758268,125407,"completed","american_robin__positive_numeric_count_given_detection__early_pre__13_bands",13,0.204311492750328,FALSE,FALSE
"SOG_DISTANCE_BAND_CONTROL_AMERICAN_ROBIN_v1","ctl_c7322190c88f","American Robin","SoG","positive_numeric_count_given_detection","band_14_16","14–<16 km","within_band_14_16_immediate_pre_minus_baseline","within_band_period_minus_baseline","immediate_pre",-7,-1,-0.0249909209615775,0.0172938848668004,-0.0588863124532887,0.00890447053013362,0.975318766944695,0.94281394926936,1.00894423326224,0.148437465212815,125407,"completed","american_robin__positive_numeric_count_given_detection__immediate_pre__13_bands",13,0.224121264470234,FALSE,FALSE
"SOG_DISTANCE_BAND_CONTROL_AMERICAN_ROBIN_v1","ctl_c7322190c88f","American Robin","SoG","positive_numeric_count_given_detection","band_14_16","14–<16 km","within_band_14_16_spawn_start_minus_baseline","within_band_period_minus_baseline","spawn_start",0,3,-0.0270377894199175,0.0195239906939676,-0.0653041080145891,0.0112285291747542,0.97332445946264,0.936782536977976,1.01129180572088,0.166098480900123,125407,"completed","american_robin__positive_numeric_count_given_detection__spawn_start__13_bands",13,0.431856050340321,FALSE,FALSE
"SOG_DISTANCE_BAND_CONTROL_AMERICAN_ROBIN_v1","ctl_c7322190c88f","American Robin","SoG","positive_numeric_count_given_detection","band_14_16","14–<16 km","within_band_14_16_early_egg_minus_baseline","within_band_period_minus_baseline","early_egg",4,14,-0.021404050113557,0.0144427606781745,-0.0497113408801104,0.0069032406529964,0.978823390956791,0.951504045183179,1.00692712294219,0.138342528076905,125407,"completed","american_robin__positive_numeric_count_given_detection__early_egg__13_bands",13,0.205779323310594,FALSE,FALSE
"SOG_DISTANCE_BAND_CONTROL_AMERICAN_ROBIN_v1","ctl_c7322190c88f","American Robin","SoG","positive_numeric_count_given_detection","band_14_16","14–<16 km","within_band_14_16_late_egg_minus_baseline","within_band_period_minus_baseline","late_egg",15,28,-0.022641066342018,0.0136497720442873,-0.0493941279460028,0.00411199526196675,0.977613319130929,0.951805922450322,1.00412046111436,0.0971734612290374,125407,"completed","american_robin__positive_numeric_count_given_detection__late_egg__13_bands",13,0.18974054074088,FALSE,FALSE
"SOG_DISTANCE_BAND_CONTROL_AMERICAN_ROBIN_v1","ctl_c7322190c88f","American Robin","SoG","positive_numeric_count_given_detection","band_14_16","14–<16 km","within_band_14_16_active_0_14_minus_baseline","within_band_duration_weighted_active_minus_baseline","active_0_14",0,14,-0.0229063805952531,0.0135791488854941,-0.0495210233515287,0.0037082621610225,0.977353978788077,0.951685150314687,1.00371514627188,0.0916266278826925,125407,"completed","american_robin__positive_numeric_count_given_detection__active_0_14__13_bands",13,0.170163737496429,FALSE,FALSE
"SOG_DISTANCE_BAND_CONTROL_AMERICAN_ROBIN_v1","ctl_c7322190c88f","American Robin","SoG","positive_numeric_count_given_detection","band_16_18","16–<18 km","within_band_16_18_early_pre_minus_baseline","within_band_period_minus_baseline","early_pre",-14,-8,-0.0253338003139875,0.0151413729308974,-0.0550103459350361,0.00434274530706116,0.974984407603225,0.946475355730285,1.00435218869058,0.094297612038613,125407,"completed","american_robin__positive_numeric_count_given_detection__early_pre__13_bands",13,0.204311492750328,FALSE,FALSE
"SOG_DISTANCE_BAND_CONTROL_AMERICAN_ROBIN_v1","ctl_c7322190c88f","American Robin","SoG","positive_numeric_count_given_detection","band_16_18","16–<18 km","within_band_16_18_immediate_pre_minus_baseline","within_band_period_minus_baseline","immediate_pre",-7,-1,-0.0280016642996813,0.0144508440830622,-0.0563247982486869,0.000321469649324262,0.972386748456945,0.945232076303902,1.00032152132623,0.0526576062134545,125407,"completed","american_robin__positive_numeric_count_given_detection__immediate_pre__13_bands",13,0.0977926972535584,FALSE,FALSE
"SOG_DISTANCE_BAND_CONTROL_AMERICAN_ROBIN_v1","ctl_c7322190c88f","American Robin","SoG","positive_numeric_count_given_detection","band_16_18","16–<18 km","within_band_16_18_spawn_start_minus_baseline","within_band_period_minus_baseline","spawn_start",0,3,-0.013585066288355,0.0174587168854034,-0.047803522600027,0.020633390023317,0.986506794276889,0.953321074724109,1.02084773006419,0.436495251137055,125407,"completed","american_robin__positive_numeric_count_given_detection__spawn_start__13_bands",13,0.589687760652989,FALSE,FALSE
"SOG_DISTANCE_BAND_CONTROL_AMERICAN_ROBIN_v1","ctl_c7322190c88f","American Robin","SoG","positive_numeric_count_given_detection","band_16_18","16–<18 km","within_band_16_18_early_egg_minus_baseline","within_band_period_minus_baseline","early_egg",4,14,-0.0198373555063872,0.0121890136026425,-0.0437273831746352,0.00405267216186087,0.980358110189029,0.957214874786562,1.00406089534255,0.103635547253923,125407,"completed","american_robin__positive_numeric_count_given_detection__early_egg__13_bands",13,0.192466016328714,FALSE,FALSE
"SOG_DISTANCE_BAND_CONTROL_AMERICAN_ROBIN_v1","ctl_c7322190c88f","American Robin","SoG","positive_numeric_count_given_detection","band_16_18","16–<18 km","within_band_16_18_late_egg_minus_baseline","within_band_period_minus_baseline","late_egg",15,28,-0.0367621428421211,0.0115252417357909,-0.0593512015573891,-0.014173084126853,0.963905379878369,0.942375747202726,0.985926881200381,0.00142417164279205,125407,"completed","american_robin__positive_numeric_count_given_detection__late_egg__13_bands",13,0.00925711567814835,TRUE,TRUE
"SOG_DISTANCE_BAND_CONTROL_AMERICAN_ROBIN_v1","ctl_c7322190c88f","American Robin","SoG","positive_numeric_count_given_detection","band_16_18","16–<18 km","within_band_16_18_active_0_14_minus_baseline","within_band_duration_weighted_active_minus_baseline","active_0_14",0,14,-0.0181700783815786,0.011461569210877,-0.0406343412412106,0.00429418447805343,0.981994002203979,0.960180164051542,1.00430341769987,0.11289714464837,125407,"completed","american_robin__positive_numeric_count_given_detection__active_0_14__13_bands",13,0.183457860053601,FALSE,FALSE
"SOG_DISTANCE_BAND_CONTROL_AMERICAN_ROBIN_v1","ctl_c7322190c88f","American Robin","SoG","positive_numeric_count_given_detection","band_18_20","18–<20 km","within_band_18_20_early_pre_minus_baseline","within_band_period_minus_baseline","early_pre",-14,-8,-0.0168375631647743,0.017619056637423,-0.0513702796156948,0.0176951532861462,0.983303396354796,0.949926866848385,1.01785264005718,0.339251624552919,125407,"completed","american_robin__positive_numeric_count_given_detection__early_pre__13_bands",13,0.551283889898493,FALSE,FALSE
"SOG_DISTANCE_BAND_CONTROL_AMERICAN_ROBIN_v1","ctl_c7322190c88f","American Robin","SoG","positive_numeric_count_given_detection","band_18_20","18–<20 km","within_band_18_20_immediate_pre_minus_baseline","within_band_period_minus_baseline","immediate_pre",-7,-1,-0.0562270570987897,0.0168899853271399,-0.0893308200393939,-0.0231232941581855,0.945324468889164,0.914542974381461,0.977142000445612,0.000871529212225916,125407,"completed","american_robin__positive_numeric_count_given_detection__immediate_pre__13_bands",13,0.0037766265863123,TRUE,TRUE
"SOG_DISTANCE_BAND_CONTROL_AMERICAN_ROBIN_v1","ctl_c7322190c88f","American Robin","SoG","positive_numeric_count_given_detection","band_18_20","18–<20 km","within_band_18_20_spawn_start_minus_baseline","within_band_period_minus_baseline","spawn_start",0,3,-0.0229457127988399,0.0195217254960354,-0.0612075916871465,0.0153161660894667,0.977315538058391,0.940627952963019,1.01543405968493,0.239837250217798,125407,"completed","american_robin__positive_numeric_count_given_detection__spawn_start__13_bands",13,0.459122413726388,FALSE,FALSE
"SOG_DISTANCE_BAND_CONTROL_AMERICAN_ROBIN_v1","ctl_c7322190c88f","American Robin","SoG","positive_numeric_count_given_detection","band_18_20","18–<20 km","within_band_18_20_early_egg_minus_baseline","within_band_period_minus_baseline","early_egg",4,14,-0.00808274050278231,0.0138931379549427,-0.0353127905267165,0.0191473095211519,0.991949837013278,0.9653034312623,1.01933179483675,0.560715328027602,125407,"completed","american_robin__positive_numeric_count_given_detection__early_egg__13_bands",13,0.607441605363235,FALSE,FALSE
"SOG_DISTANCE_BAND_CONTROL_AMERICAN_ROBIN_v1","ctl_c7322190c88f","American Robin","SoG","positive_numeric_count_given_detection","band_18_20","18–<20 km","within_band_18_20_late_egg_minus_baseline","within_band_period_minus_baseline","late_egg",15,28,-0.0157563513200103,0.013124508130733,-0.0414799145710501,0.00996721193102959,0.984367130591332,0.959368604477899,1.01001705003255,0.229933995296251,125407,"completed","american_robin__positive_numeric_count_given_detection__late_egg__13_bands",13,0.332126882094584,FALSE,FALSE
"SOG_DISTANCE_BAND_CONTROL_AMERICAN_ROBIN_v1","ctl_c7322190c88f","American Robin","SoG","positive_numeric_count_given_detection","band_18_20","18–<20 km","within_band_18_20_active_0_14_minus_baseline","within_band_duration_weighted_active_minus_baseline","active_0_14",0,14,-0.012046199781731,0.0129599753700936,-0.0374472847476407,0.0133548851841787,0.988026065218925,0.963245194095956,1.01344445997282,0.352633915247318,125407,"completed","american_robin__positive_numeric_count_given_detection__active_0_14__13_bands",13,0.382020074851261,FALSE,FALSE
"SOG_DISTANCE_BAND_CONTROL_AMERICAN_ROBIN_v1","ctl_c7322190c88f","American Robin","SoG","positive_numeric_count_given_detection","band_20_22","20–<22 km","within_band_20_22_early_pre_minus_baseline","within_band_period_minus_baseline","early_pre",-14,-8,0.0127275223175073,0.016249255301093,-0.0191204328482316,0.0445754774832462,1.01280886194735,0.981061203132847,1.04558389177294,0.433469728201677,125407,"completed","american_robin__positive_numeric_count_given_detection__early_pre__13_bands",13,0.58003560830055,FALSE,FALSE
"SOG_DISTANCE_BAND_CONTROL_AMERICAN_ROBIN_v1","ctl_c7322190c88f","American Robin","SoG","positive_numeric_count_given_detection","band_20_22","20–<22 km","within_band_20_22_immediate_pre_minus_baseline","within_band_period_minus_baseline","immediate_pre",-7,-1,0.0386184200350653,0.0161313718452637,0.00700151219712509,0.0702353278730055,1.03937380375283,1.00702608008764,1.07276060202295,0.0166659858565287,125407,"completed","american_robin__positive_numeric_count_given_detection__immediate_pre__13_bands",13,0.0541644540337183,TRUE,FALSE
"SOG_DISTANCE_BAND_CONTROL_AMERICAN_ROBIN_v1","ctl_c7322190c88f","American Robin","SoG","positive_numeric_count_given_detection","band_20_22","20–<22 km","within_band_20_22_spawn_start_minus_baseline","within_band_period_minus_baseline","spawn_start",0,3,0.0286353028842771,0.0187242366002221,-0.00806352649016486,0.065334132258719,1.02904923474514,0.991968896533067,1.0675156562172,0.126185751009125,125407,"completed","american_robin__positive_numeric_count_given_detection__spawn_start__13_bands",13,0.410103690779656,FALSE,FALSE
"SOG_DISTANCE_BAND_CONTROL_AMERICAN_ROBIN_v1","ctl_c7322190c88f","American Robin","SoG","positive_numeric_count_given_detection","band_20_22","20–<22 km","within_band_20_22_early_egg_minus_baseline","within_band_period_minus_baseline","early_egg",4,14,0.0112572971552922,0.0132604716371711,-0.014732749671578,0.0372473439821624,1.01132089896234,0.985375246275284,1.03794971970734,0.395916678710527,125407,"completed","american_robin__positive_numeric_count_given_detection__early_egg__13_bands",13,0.467901529385168,FALSE,FALSE
"SOG_DISTANCE_BAND_CONTROL_AMERICAN_ROBIN_v1","ctl_c7322190c88f","American Robin","SoG","positive_numeric_count_given_detection","band_20_22","20–<22 km","within_band_20_22_late_egg_minus_baseline","within_band_period_minus_baseline","late_egg",15,28,0.0202757390666039,0.0124053664048451,-0.00403833230191563,0.0445898104351233,1.02048268817956,0.995969810796774,1.04559887818394,0.102167983475858,125407,"completed","american_robin__positive_numeric_count_given_detection__late_egg__13_bands",13,0.18974054074088,FALSE,FALSE
"SOG_DISTANCE_BAND_CONTROL_AMERICAN_ROBIN_v1","ctl_c7322190c88f","American Robin","SoG","positive_numeric_count_given_detection","band_20_22","20–<22 km","within_band_20_22_active_0_14_minus_baseline","within_band_duration_weighted_active_minus_baseline","active_0_14",0,14,0.0158914320163549,0.0124034224999829,-0.00841882936864547,0.0402016934013552,1.01601837235194,0.991616509734494,1.04102072002924,0.200118695120164,125407,"completed","american_robin__positive_numeric_count_given_detection__active_0_14__13_bands",13,0.236503912414739,FALSE,FALSE
"SOG_DISTANCE_BAND_CONTROL_AMERICAN_ROBIN_v1","ctl_c7322190c88f","American Robin","SoG","positive_numeric_count_given_detection","band_22_24","22–<24 km","within_band_22_24_early_pre_minus_baseline","within_band_period_minus_baseline","early_pre",-14,-8,-0.00979388994175456,0.0156649731477329,-0.0404966731300981,0.020908893246589,0.990253914008843,0.960312359340383,1.02112901565006,0.531833571317682,125407,"completed","american_robin__positive_numeric_count_given_detection__early_pre__13_bands",13,0.628530584284533,FALSE,FALSE
"SOG_DISTANCE_BAND_CONTROL_AMERICAN_ROBIN_v1","ctl_c7322190c88f","American Robin","SoG","positive_numeric_count_given_detection","band_22_24","22–<24 km","within_band_22_24_immediate_pre_minus_baseline","within_band_period_minus_baseline","immediate_pre",-7,-1,0.0108089058778888,0.0148491944624713,-0.0182949804679865,0.0399127922237642,1.01086753314282,0.981871356763759,1.04072001135696,0.466667496572793,125407,"completed","american_robin__positive_numeric_count_given_detection__immediate_pre__13_bands",13,0.505556454620526,FALSE,FALSE
"SOG_DISTANCE_BAND_CONTROL_AMERICAN_ROBIN_v1","ctl_c7322190c88f","American Robin","SoG","positive_numeric_count_given_detection","band_22_24","22–<24 km","within_band_22_24_spawn_start_minus_baseline","within_band_period_minus_baseline","spawn_start",0,3,-0.00546534203735801,0.0175141207579521,-0.0397923879438295,0.0288617038691135,0.994549565773309,0.960988931331107,1.02928223888052,0.754999892720359,125407,"completed","american_robin__positive_numeric_count_given_detection__spawn_start__13_bands",13,0.754999892720359,FALSE,FALSE
"SOG_DISTANCE_BAND_CONTROL_AMERICAN_ROBIN_v1","ctl_c7322190c88f","American Robin","SoG","positive_numeric_count_given_detection","band_22_24","22–<24 km","within_band_22_24_early_egg_minus_baseline","within_band_period_minus_baseline","early_egg",4,14,0.0252988289915283,0.0125169491617044,0.000766059438268935,0.0498315985447877,1.02562156019214,1.00076635293674,1.05109407569926,0.0432626094689926,125407,"completed","american_robin__positive_numeric_count_given_detection__early_egg__13_bands",13,0.146656534985527,TRUE,FALSE
"SOG_DISTANCE_BAND_CONTROL_AMERICAN_ROBIN_v1","ctl_c7322190c88f","American Robin","SoG","positive_numeric_count_given_detection","band_22_24","22–<24 km","within_band_22_24_late_egg_minus_baseline","within_band_period_minus_baseline","late_egg",15,28,0.0104836532874867,0.0118018756797921,-0.0126475979949249,0.0336149045698984,1.01053879932277,0.987432046747441,1.03418626962783,0.374377252570792,125407,"completed","american_robin__positive_numeric_count_given_detection__late_egg__13_bands",13,0.484133877005404,FALSE,FALSE
"SOG_DISTANCE_BAND_CONTROL_AMERICAN_ROBIN_v1","ctl_c7322190c88f","American Robin","SoG","positive_numeric_count_given_detection","band_22_24","22–<24 km","within_band_22_24_active_0_14_minus_baseline","within_band_duration_weighted_active_minus_baseline","active_0_14",0,14,0.0170950500504919,0.0118040208591862,-0.00604040570627263,0.0402305058072565,1.01724200663434,0.993977800867466,1.04105071477288,0.147550062579871,125407,"completed","american_robin__positive_numeric_count_given_detection__active_0_14__13_bands",13,0.213127868170924,FALSE,FALSE
"SOG_DISTANCE_BAND_CONTROL_AMERICAN_ROBIN_v1","ctl_c7322190c88f","American Robin","SoG","positive_numeric_count_given_detection","band_24_26","24–26 km","within_band_24_26_early_pre_minus_baseline","within_band_period_minus_baseline","early_pre",-14,-8,0.0355283273606657,0.0182005284721889,-0.000144052944420284,0.0712007076657517,1.03616699958865,0.999855957430707,1.07379672347548,0.0509323615437446,125407,"completed","american_robin__positive_numeric_count_given_detection__early_pre__13_bands",13,0.16553017501717,FALSE,FALSE
"SOG_DISTANCE_BAND_CONTROL_AMERICAN_ROBIN_v1","ctl_c7322190c88f","American Robin","SoG","positive_numeric_count_given_detection","band_24_26","24–26 km","within_band_24_26_immediate_pre_minus_baseline","within_band_period_minus_baseline","immediate_pre",-7,-1,0.0084793067189396,0.0175111749951069,-0.0258419655984484,0.0428005790363276,1.00851535786435,0.974489080239134,1.04372973250626,0.628227898058721,125407,"completed","american_robin__positive_numeric_count_given_detection__immediate_pre__13_bands",13,0.628227898058721,FALSE,FALSE
"SOG_DISTANCE_BAND_CONTROL_AMERICAN_ROBIN_v1","ctl_c7322190c88f","American Robin","SoG","positive_numeric_count_given_detection","band_24_26","24–26 km","within_band_24_26_spawn_start_minus_baseline","within_band_period_minus_baseline","spawn_start",0,3,0.0399257388106308,0.0203392683911447,6.15052920933043e-05,0.0797899723291683,1.04073348521621,1.00006150718358,1.0830595713064,0.0496475739460259,125407,"completed","american_robin__positive_numeric_count_given_detection__spawn_start__13_bands",13,0.249232737375518,TRUE,FALSE
"SOG_DISTANCE_BAND_CONTROL_AMERICAN_ROBIN_v1","ctl_c7322190c88f","American Robin","SoG","positive_numeric_count_given_detection","band_24_26","24–26 km","within_band_24_26_early_egg_minus_baseline","within_band_period_minus_baseline","early_egg",4,14,0.0215200593814943,0.014672615348492,-0.00723773826055958,0.0502778570235482,1.02175328587077,0.992788391089868,1.05156324001901,0.142462608445796,125407,"completed","american_robin__positive_numeric_count_given_detection__early_egg__13_bands",13,0.205779323310594,FALSE,FALSE
"SOG_DISTANCE_BAND_CONTROL_AMERICAN_ROBIN_v1","ctl_c7322190c88f","American Robin","SoG","positive_numeric_count_given_detection","band_24_26","24–26 km","within_band_24_26_late_egg_minus_baseline","within_band_period_minus_baseline","late_egg",15,28,0.0187886799144783,0.0136995321266376,-0.00806190965878079,0.0456392694877373,1.01896629781904,0.991970500380807,1.04669676738617,0.170224337178134,125407,"completed","american_robin__positive_numeric_count_given_detection__late_egg__13_bands",13,0.276614547914468,FALSE,FALSE
"SOG_DISTANCE_BAND_CONTROL_AMERICAN_ROBIN_v1","ctl_c7322190c88f","American Robin","SoG","positive_numeric_count_given_detection","band_24_26","24–26 km","within_band_24_26_active_0_14_minus_baseline","within_band_duration_weighted_active_minus_baseline","active_0_14",0,14,0.0264282405625974,0.0138504073296689,-0.000718058974763253,0.053574540099958,1.02678056342239,0.999282198767887,1.05503563129807,0.0563756959133758,125407,"completed","american_robin__positive_numeric_count_given_detection__active_0_14__13_bands",13,0.152231010954336,FALSE,FALSE
"SOG_DISTANCE_BAND_CONTROL_CHESTNUT_BACKED_CHICKADEE_v1","ctl_c0ffb64cc4d8","Chestnut-backed Chickadee","SoG","detection","band_0_2","0–<2 km","within_band_0_2_early_pre_minus_baseline","within_band_period_minus_baseline","early_pre",-14,-8,-0.00460398159149883,0.0687379962022395,-0.139327978517339,0.130120015334342,0.995406600485624,0.869942659159788,1.13896506839579,0.946598660454983,217183,"completed","chestnut_backed_chickadee__detection__early_pre__13_bands",13,0.946598660454983,FALSE,FALSE
"SOG_DISTANCE_BAND_CONTROL_CHESTNUT_BACKED_CHICKADEE_v1","ctl_c0ffb64cc4d8","Chestnut-backed Chickadee","SoG","detection","band_0_2","0–<2 km","within_band_0_2_immediate_pre_minus_baseline","within_band_period_minus_baseline","immediate_pre",-7,-1,-0.0232670034647205,0.0678294510822333,-0.156210284677019,0.109676277747578,0.977001586136005,0.855379298297937,1.11591676489205,0.731581804231682,217183,"completed","chestnut_backed_chickadee__detection__immediate_pre__13_bands",13,0.864596677728351,FALSE,FALSE
"SOG_DISTANCE_BAND_CONTROL_CHESTNUT_BACKED_CHICKADEE_v1","ctl_c0ffb64cc4d8","Chestnut-backed Chickadee","SoG","detection","band_0_2","0–<2 km","within_band_0_2_spawn_start_minus_baseline","within_band_period_minus_baseline","spawn_start",0,3,-0.137486691218415,0.0707509336829327,-0.276155973109545,0.00118259067271495,0.871545949134651,0.758694585578441,1.00118329020879,0.0519860630594157,217183,"completed","chestnut_backed_chickadee__detection__spawn_start__13_bands",13,0.165346788439832,FALSE,FALSE
"SOG_DISTANCE_BAND_CONTROL_CHESTNUT_BACKED_CHICKADEE_v1","ctl_c0ffb64cc4d8","Chestnut-backed Chickadee","SoG","detection","band_0_2","0–<2 km","within_band_0_2_early_egg_minus_baseline","within_band_period_minus_baseline","early_egg",4,14,0.00117731700615846,0.0563319118540432,-0.109231201408051,0.111585835420368,1.00117801031588,0.896523116128175,1.1180497081536,0.983325709157187,217183,"completed","chestnut_backed_chickadee__detection__early_egg__13_bands",13,0.983325709157187,FALSE,FALSE
"SOG_DISTANCE_BAND_CONTROL_CHESTNUT_BACKED_CHICKADEE_v1","ctl_c0ffb64cc4d8","Chestnut-backed Chickadee","SoG","detection","band_0_2","0–<2 km","within_band_0_2_late_egg_minus_baseline","within_band_period_minus_baseline","late_egg",15,28,-0.0231038215332394,0.0550447937713828,-0.130989634861584,0.0847819917951055,0.977161028150565,0.877226866921818,1.08847974331521,0.674684428975949,217183,"completed","chestnut_backed_chickadee__detection__late_egg__13_bands",13,0.827700791756778,FALSE,FALSE
"SOG_DISTANCE_BAND_CONTROL_CHESTNUT_BACKED_CHICKADEE_v1","ctl_c0ffb64cc4d8","Chestnut-backed Chickadee","SoG","detection","band_0_2","0–<2 km","within_band_0_2_active_0_14_minus_baseline","within_band_duration_weighted_active_minus_baseline","active_0_14",0,14,-0.0357997518537278,0.0514987865773855,-0.136735518792918,0.0651360150854625,0.964833480255714,0.872200876370039,1.06730418398182,0.4869567965233,217183,"completed","chestnut_backed_chickadee__detection__active_0_14__13_bands",13,0.617618743396952,FALSE,FALSE
"SOG_DISTANCE_BAND_CONTROL_CHESTNUT_BACKED_CHICKADEE_v1","ctl_c0ffb64cc4d8","Chestnut-backed Chickadee","SoG","detection","band_2_4","2–<4 km","within_band_2_4_early_pre_minus_baseline","within_band_period_minus_baseline","early_pre",-14,-8,-0.0100114791755584,0.0536540701011335,-0.115171524197767,0.0951485658466505,0.990038468858545,0.891213266155572,1.09982223901127,0.851979678483239,217183,"completed","chestnut_backed_chickadee__detection__early_pre__13_bands",13,0.922977985023509,FALSE,FALSE
"SOG_DISTANCE_BAND_CONTROL_CHESTNUT_BACKED_CHICKADEE_v1","ctl_c0ffb64cc4d8","Chestnut-backed Chickadee","SoG","detection","band_2_4","2–<4 km","within_band_2_4_immediate_pre_minus_baseline","within_band_period_minus_baseline","immediate_pre",-7,-1,-0.0569264599186573,0.0545664689712169,-0.163874773865765,0.0500218540284503,0.944663537445533,0.848848313217657,1.05129407113552,0.296832596666731,217183,"completed","chestnut_backed_chickadee__detection__immediate_pre__13_bands",13,0.759001104630142,FALSE,FALSE
"SOG_DISTANCE_BAND_CONTROL_CHESTNUT_BACKED_CHICKADEE_v1","ctl_c0ffb64cc4d8","Chestnut-backed Chickadee","SoG","detection","band_2_4","2–<4 km","within_band_2_4_spawn_start_minus_baseline","within_band_period_minus_baseline","spawn_start",0,3,-0.0673321310855914,0.0617774052016104,-0.188413620339085,0.0537493581679024,0.934884645514793,0.828272046207174,1.05522008671135,0.275750513585821,217183,"completed","chestnut_backed_chickadee__detection__spawn_start__13_bands",13,0.392428739983537,FALSE,FALSE
"SOG_DISTANCE_BAND_CONTROL_CHESTNUT_BACKED_CHICKADEE_v1","ctl_c0ffb64cc4d8","Chestnut-backed Chickadee","SoG","detection","band_2_4","2–<4 km","within_band_2_4_early_egg_minus_baseline","within_band_period_minus_baseline","early_egg",4,14,-0.0305812627457408,0.0443695631742121,-0.117544008576971,0.0563814830854895,0.969881613621786,0.88910138279881,1.05800121632975,0.490672461135161,217183,"completed","chestnut_backed_chickadee__detection__early_egg__13_bands",13,0.560730018102873,FALSE,FALSE
"SOG_DISTANCE_BAND_CONTROL_CHESTNUT_BACKED_CHICKADEE_v1","ctl_c0ffb64cc4d8","Chestnut-backed Chickadee","SoG","detection","band_2_4","2–<4 km","within_band_2_4_late_egg_minus_baseline","within_band_period_minus_baseline","late_egg",15,28,-0.0447338740146049,0.0413043939177705,-0.12568899849669,0.0362212504674806,0.956251931461315,0.881889072966273,1.03688523245652,0.278795362321121,217183,"completed","chestnut_backed_chickadee__detection__late_egg__13_bands",13,0.501905587058372,FALSE,FALSE
"SOG_DISTANCE_BAND_CONTROL_CHESTNUT_BACKED_CHICKADEE_v1","ctl_c0ffb64cc4d8","Chestnut-backed Chickadee","SoG","detection","band_2_4","2–<4 km","within_band_2_4_active_0_14_minus_baseline","within_band_duration_weighted_active_minus_baseline","active_0_14",0,14,-0.0403814943030343,0.0411411308592989,-0.12101662907051,0.040253640464441,0.960422973361621,0.886019225794193,1.04107479940287,0.326328571022123,217183,"completed","chestnut_backed_chickadee__detection__active_0_14__13_bands",13,0.471363491476401,FALSE,FALSE
"SOG_DISTANCE_BAND_CONTROL_CHESTNUT_BACKED_CHICKADEE_v1","ctl_c0ffb64cc4d8","Chestnut-backed Chickadee","SoG","detection","band_4_6","4–<6 km","within_band_4_6_early_pre_minus_baseline","within_band_period_minus_baseline","early_pre",-14,-8,-0.0431740601111004,0.0407010127149276,-0.122946579166665,0.0365984589444645,0.957744670414093,0.884310901924334,1.03727642813238,0.288798383171996,217183,"completed","chestnut_backed_chickadee__detection__early_pre__13_bands",13,0.772143179527531,FALSE,FALSE
"SOG_DISTANCE_BAND_CONTROL_CHESTNUT_BACKED_CHICKADEE_v1","ctl_c0ffb64cc4d8","Chestnut-backed Chickadee","SoG","detection","band_4_6","4–<6 km","within_band_4_6_immediate_pre_minus_baseline","within_band_period_minus_baseline","immediate_pre",-7,-1,-0.019175366279584,0.0425385044911783,-0.102549303038489,0.0641985704793208,0.98100731155483,0.90253365100464,1.06630411425966,0.652150502650916,217183,"completed","chestnut_backed_chickadee__detection__immediate_pre__13_bands",13,0.847795653446191,FALSE,FALSE
"SOG_DISTANCE_BAND_CONTROL_CHESTNUT_BACKED_CHICKADEE_v1","ctl_c0ffb64cc4d8","Chestnut-backed Chickadee","SoG","detection","band_4_6","4–<6 km","within_band_4_6_spawn_start_minus_baseline","within_band_period_minus_baseline","spawn_start",0,3,0.00118500414210462,0.0501108965371937,-0.097030548303808,0.0994005565880172,1.00118570653693,0.907528282260135,1.10450862917188,0.981133676300961,217183,"completed","chestnut_backed_chickadee__detection__spawn_start__13_bands",13,0.981133676300961,FALSE,FALSE
"SOG_DISTANCE_BAND_CONTROL_CHESTNUT_BACKED_CHICKADEE_v1","ctl_c0ffb64cc4d8","Chestnut-backed Chickadee","SoG","detection","band_4_6","4–<6 km","within_band_4_6_early_egg_minus_baseline","within_band_period_minus_baseline","early_egg",4,14,-0.0291142356898487,0.0356813834979585,-0.0990484622644092,0.0408199908847119,0.971305500374807,0.905698814744538,1.0416645795484,0.414528559831494,217183,"completed","chestnut_backed_chickadee__detection__early_egg__13_bands",13,0.538887127780943,FALSE,FALSE
"SOG_DISTANCE_BAND_CONTROL_CHESTNUT_BACKED_CHICKADEE_v1","ctl_c0ffb64cc4d8","Chestnut-backed Chickadee","SoG","detection","band_4_6","4–<6 km","within_band_4_6_late_egg_minus_baseline","within_band_period_minus_baseline","late_egg",15,28,-0.00703930489577809,0.0327105545440386,-0.0711508137164267,0.0570722039248705,0.99298541297804,0.931321425490345,1.05873225225977,0.829611544467412,217183,"completed","chestnut_backed_chickadee__detection__late_egg__13_bands",13,0.898745839839696,FALSE,FALSE
"SOG_DISTANCE_BAND_CONTROL_CHESTNUT_BACKED_CHICKADEE_v1","ctl_c0ffb64cc4d8","Chestnut-backed Chickadee","SoG","detection","band_4_6","4–<6 km","within_band_4_6_active_0_14_minus_baseline","within_band_duration_weighted_active_minus_baseline","active_0_14",0,14,-0.0210344384013278,0.0329001357545919,-0.0855175195668065,0.0434486427641509,0.979185242414442,0.918037059301678,1.04440635511116,0.522600475182036,217183,"completed","chestnut_backed_chickadee__detection__active_0_14__13_bands",13,0.617618743396952,FALSE,FALSE
"SOG_DISTANCE_BAND_CONTROL_CHESTNUT_BACKED_CHICKADEE_v1","ctl_c0ffb64cc4d8","Chestnut-backed Chickadee","SoG","detection","band_6_8","6–<8 km","within_band_6_8_early_pre_minus_baseline","within_band_period_minus_baseline","early_pre",-14,-8,-0.034445705662533,0.0387621916449479,-0.11041820524847,0.0415267939234043,0.966140794236809,0.895459571087207,1.0424010914923,0.374195592373393,217183,"completed","chestnut_backed_chickadee__detection__early_pre__13_bands",13,0.778455015904139,FALSE,FALSE
"SOG_DISTANCE_BAND_CONTROL_CHESTNUT_BACKED_CHICKADEE_v1","ctl_c0ffb64cc4d8","Chestnut-backed Chickadee","SoG","detection","band_6_8","6–<8 km","within_band_6_8_immediate_pre_minus_baseline","within_band_period_minus_baseline","immediate_pre",-7,-1,-0.0765102787551679,0.0391203959561638,-0.153184845890195,0.000164288379859559,0.926343392582953,0.857971114718449,1.00016430187593,0.0504929112884527,217183,"completed","chestnut_backed_chickadee__detection__immediate_pre__13_bands",13,0.218802615583295,FALSE,FALSE
"SOG_DISTANCE_BAND_CONTROL_CHESTNUT_BACKED_CHICKADEE_v1","ctl_c0ffb64cc4d8","Chestnut-backed Chickadee","SoG","detection","band_6_8","6–<8 km","within_band_6_8_spawn_start_minus_baseline","within_band_period_minus_baseline","spawn_start",0,3,-0.081424473330446,0.0478820620318939,-0.175271590418471,0.0124226437575788,0.921802327884657,0.83922906324259,1.01250012530602,0.0890328860829866,217183,"completed","chestnut_backed_chickadee__detection__spawn_start__13_bands",13,0.165346788439832,FALSE,FALSE
"SOG_DISTANCE_BAND_CONTROL_CHESTNUT_BACKED_CHICKADEE_v1","ctl_c0ffb64cc4d8","Chestnut-backed Chickadee","SoG","detection","band_6_8","6–<8 km","within_band_6_8_early_egg_minus_baseline","within_band_period_minus_baseline","early_egg",4,14,-0.046134918432022,0.0346156530347936,-0.113980351681552,0.0217105148175081,0.954913118118576,0.892275487423095,1.02194790287068,0.182605259056691,217183,"completed","chestnut_backed_chickadee__detection__early_egg__13_bands",13,0.443763767293416,FALSE,FALSE
"SOG_DISTANCE_BAND_CONTROL_CHESTNUT_BACKED_CHICKADEE_v1","ctl_c0ffb64cc4d8","Chestnut-backed Chickadee","SoG","detection","band_6_8","6–<8 km","within_band_6_8_late_egg_minus_baseline","within_band_period_minus_baseline","late_egg",15,28,-0.0216258657647138,0.0316502518143188,-0.0836592194224022,0.0404074878929745,0.978606296687302,0.919744633803124,1.04123497840492,0.494432290824745,217183,"completed","chestnut_backed_chickadee__detection__late_egg__13_bands",13,0.714179975635743,FALSE,FALSE
"SOG_DISTANCE_BAND_CONTROL_CHESTNUT_BACKED_CHICKADEE_v1","ctl_c0ffb64cc4d8","Chestnut-backed Chickadee","SoG","detection","band_6_8","6–<8 km","within_band_6_8_active_0_14_minus_baseline","within_band_duration_weighted_active_minus_baseline","active_0_14",0,14,-0.0555454664049351,0.0316531495063798,-0.117584499434701,0.00649356662483105,0.945969012882473,0.889065383050047,1.00651469553783,0.0792907145409556,217183,"completed","chestnut_backed_chickadee__detection__active_0_14__13_bands",13,0.338500853589741,FALSE,FALSE
"SOG_DISTANCE_BAND_CONTROL_CHESTNUT_BACKED_CHICKADEE_v1","ctl_c0ffb64cc4d8","Chestnut-backed Chickadee","SoG","detection","band_8_10","8–<10 km","within_band_8_10_early_pre_minus_baseline","within_band_period_minus_baseline","early_pre",-14,-8,-0.0304718410935599,0.037718959149526,-0.104399642560968,0.0434559603738485,0.969987745476824,0.900865201394976,1.04441399769719,0.419168085486844,217183,"completed","chestnut_backed_chickadee__detection__early_pre__13_bands",13,0.778455015904139,FALSE,FALSE
"SOG_DISTANCE_BAND_CONTROL_CHESTNUT_BACKED_CHICKADEE_v1","ctl_c0ffb64cc4d8","Chestnut-backed Chickadee","SoG","detection","band_8_10","8–<10 km","within_band_8_10_immediate_pre_minus_baseline","within_band_period_minus_baseline","immediate_pre",-7,-1,0.0886252381534692,0.0384309747337012,0.0133019117846459,0.163948564522292,1.09267108815121,1.01339077579647,1.1781537146351,0.0211056742754481,217183,"completed","chestnut_backed_chickadee__detection__immediate_pre__13_bands",13,0.216331460171706,TRUE,FALSE
"SOG_DISTANCE_BAND_CONTROL_CHESTNUT_BACKED_CHICKADEE_v1","ctl_c0ffb64cc4d8","Chestnut-backed Chickadee","SoG","detection","band_8_10","8–<10 km","within_band_8_10_spawn_start_minus_baseline","within_band_period_minus_baseline","spawn_start",0,3,0.0818333116730658,0.0465374247048546,-0.00937836468169385,0.173044988027825,1.0852748920955,0.990665475025065,1.18891959102855,0.0786725166134204,217183,"completed","chestnut_backed_chickadee__detection__spawn_start__13_bands",13,0.165346788439832,FALSE,FALSE
"SOG_DISTANCE_BAND_CONTROL_CHESTNUT_BACKED_CHICKADEE_v1","ctl_c0ffb64cc4d8","Chestnut-backed Chickadee","SoG","detection","band_8_10","8–<10 km","within_band_8_10_early_egg_minus_baseline","within_band_period_minus_baseline","early_egg",4,14,0.0487352190185053,0.0329667946505395,-0.0158785111822798,0.11334894921929,1.04994230917646,0.984246887782809,1.12002269581171,0.1393241988715,217183,"completed","chestnut_backed_chickadee__detection__early_egg__13_bands",13,0.443763767293416,FALSE,FALSE
"SOG_DISTANCE_BAND_CONTROL_CHESTNUT_BACKED_CHICKADEE_v1","ctl_c0ffb64cc4d8","Chestnut-backed Chickadee","SoG","detection","band_8_10","8–<10 km","within_band_8_10_late_egg_minus_baseline","within_band_period_minus_baseline","late_egg",15,28,0.0687799348611373,0.0303757431501854,0.00924457228313458,0.12831529743914,1.07120044933241,1.00928743532316,1.13691141144797,0.0235553870275731,217183,"completed","chestnut_backed_chickadee__detection__late_egg__13_bands",13,0.106019198361267,TRUE,FALSE
"SOG_DISTANCE_BAND_CONTROL_CHESTNUT_BACKED_CHICKADEE_v1","ctl_c0ffb64cc4d8","Chestnut-backed Chickadee","SoG","detection","band_8_10","8–<10 km","within_band_8_10_active_0_14_minus_baseline","within_band_duration_weighted_active_minus_baseline","active_0_14",0,14,0.0575613770597214,0.0302678161372809,-0.00176245246002936,0.116885206579472,1.05925028232744,0.998239099747276,1.1239903955824,0.0572057570173698,217183,"completed","chestnut_backed_chickadee__detection__active_0_14__13_bands",13,0.338500853589741,FALSE,FALSE
"SOG_DISTANCE_BAND_CONTROL_CHESTNUT_BACKED_CHICKADEE_v1","ctl_c0ffb64cc4d8","Chestnut-backed Chickadee","SoG","detection","band_10_12","10–<12 km","within_band_10_12_early_pre_minus_baseline","within_band_period_minus_baseline","early_pre",-14,-8,0.0901526647008649,0.0410488754441155,0.00969834722452785,0.170606982177202,1.09434133824627,1.00974552859773,1.18602452863322,0.0280756716321336,217183,"completed","chestnut_backed_chickadee__detection__early_pre__13_bands",13,0.364983731217737,TRUE,FALSE
"SOG_DISTANCE_BAND_CONTROL_CHESTNUT_BACKED_CHICKADEE_v1","ctl_c0ffb64cc4d8","Chestnut-backed Chickadee","SoG","detection","band_10_12","10–<12 km","within_band_10_12_immediate_pre_minus_baseline","within_band_period_minus_baseline","immediate_pre",-7,-1,-0.0256835180710846,0.0416290666573167,-0.107274989429443,0.0559079532872735,0.974643497857563,0.898278621897927,1.0575003398266,0.537260331592934,217183,"completed","chestnut_backed_chickadee__detection__immediate_pre__13_bands",13,0.847795653446191,FALSE,FALSE
"SOG_DISTANCE_BAND_CONTROL_CHESTNUT_BACKED_CHICKADEE_v1","ctl_c0ffb64cc4d8","Chestnut-backed Chickadee","SoG","detection","band_10_12","10–<12 km","within_band_10_12_spawn_start_minus_baseline","within_band_period_minus_baseline","spawn_start",0,3,-0.0117006319381251,0.0502946942028873,-0.11027642118924,0.0868751573129894,0.988367554256126,0.895586541981084,1.09076049774637,0.816039816943533,217183,"completed","chestnut_backed_chickadee__detection__spawn_start__13_bands",13,0.884043135022161,FALSE,FALSE
"SOG_DISTANCE_BAND_CONTROL_CHESTNUT_BACKED_CHICKADEE_v1","ctl_c0ffb64cc4d8","Chestnut-backed Chickadee","SoG","detection","band_10_12","10–<12 km","within_band_10_12_early_egg_minus_baseline","within_band_period_minus_baseline","early_egg",4,14,0.0642210111316489,0.0343543881398542,-0.00311235233337517,0.131554374596673,1.06632804308805,0.996892486014299,1.14059992569718,0.0615715634953522,217183,"completed","chestnut_backed_chickadee__detection__early_egg__13_bands",13,0.400215162719789,FALSE,FALSE
"SOG_DISTANCE_BAND_CONTROL_CHESTNUT_BACKED_CHICKADEE_v1","ctl_c0ffb64cc4d8","Chestnut-backed Chickadee","SoG","detection","band_10_12","10–<12 km","within_band_10_12_late_egg_minus_baseline","within_band_period_minus_baseline","late_egg",15,28,0.0718868548058407,0.0319535205987341,0.00925910525306313,0.134514604358618,1.07453375885478,1.00930210337369,1.14398136599452,0.0244659688526,217183,"completed","chestnut_backed_chickadee__detection__late_egg__13_bands",13,0.106019198361267,TRUE,FALSE
"SOG_DISTANCE_BAND_CONTROL_CHESTNUT_BACKED_CHICKADEE_v1","ctl_c0ffb64cc4d8","Chestnut-backed Chickadee","SoG","detection","band_10_12","10–<12 km","within_band_10_12_active_0_14_minus_baseline","within_band_duration_weighted_active_minus_baseline","active_0_14",0,14,0.0439752396463759,0.0322688709653612,-0.0192705852675024,0.107221064560254,1.04495648107613,0.98091390547857,1.11318031199718,0.172953148931245,217183,"completed","chestnut_backed_chickadee__detection__active_0_14__13_bands",13,0.365399947071085,FALSE,FALSE
"SOG_DISTANCE_BAND_CONTROL_CHESTNUT_BACKED_CHICKADEE_v1","ctl_c0ffb64cc4d8","Chestnut-backed Chickadee","SoG","detection","band_12_14","12–<14 km","within_band_12_14_early_pre_minus_baseline","within_band_period_minus_baseline","early_pre",-14,-8,0.0559461592263874,0.0479490716402675,-0.0380322942806677,0.149924612733443,1.05754074339202,0.962681851271295,1.16174665852194,0.243298034442314,217183,"completed","chestnut_backed_chickadee__detection__early_pre__13_bands",13,0.772143179527531,FALSE,FALSE
"SOG_DISTANCE_BAND_CONTROL_CHESTNUT_BACKED_CHICKADEE_v1","ctl_c0ffb64cc4d8","Chestnut-backed Chickadee","SoG","detection","band_12_14","12–<14 km","within_band_12_14_immediate_pre_minus_baseline","within_band_period_minus_baseline","immediate_pre",-7,-1,0.0797029717822647,0.046719118554152,-0.0118648179733303,0.17127076153786,1.08296534863013,0.988205291427077,1.18681204857739,0.0880074597770647,217183,"completed","chestnut_backed_chickadee__detection__immediate_pre__13_bands",13,0.28602424427546,FALSE,FALSE
"SOG_DISTANCE_BAND_CONTROL_CHESTNUT_BACKED_CHICKADEE_v1","ctl_c0ffb64cc4d8","Chestnut-backed Chickadee","SoG","detection","band_12_14","12–<14 km","within_band_12_14_spawn_start_minus_baseline","within_band_period_minus_baseline","spawn_start",0,3,0.105285443347948,0.0544956731826275,-0.00152411340326711,0.212095000099163,1.11102770056442,0.998477047467725,1.23626532482847,0.053359952610715,217183,"completed","chestnut_backed_chickadee__detection__spawn_start__13_bands",13,0.165346788439832,FALSE,FALSE
"SOG_DISTANCE_BAND_CONTROL_CHESTNUT_BACKED_CHICKADEE_v1","ctl_c0ffb64cc4d8","Chestnut-backed Chickadee","SoG","detection","band_12_14","12–<14 km","within_band_12_14_early_egg_minus_baseline","within_band_period_minus_baseline","early_egg",4,14,0.146883603923692,0.0406839272742798,0.0671445717164574,0.226622636130928,1.15821914302,1.06945007923248,1.25435642982112,0.000305772883769809,217183,"completed","chestnut_backed_chickadee__detection__early_egg__13_bands",13,0.00397504748900751,TRUE,TRUE
"SOG_DISTANCE_BAND_CONTROL_CHESTNUT_BACKED_CHICKADEE_v1","ctl_c0ffb64cc4d8","Chestnut-backed Chickadee","SoG","detection","band_12_14","12–<14 km","within_band_12_14_late_egg_minus_baseline","within_band_period_minus_baseline","late_egg",15,28,0.092681109333391,0.0373280563213748,0.0195194633306137,0.165842755336168,1.09711182075895,1.019711213644,1.18038747749736,0.0130324738577073,217183,"completed","chestnut_backed_chickadee__detection__late_egg__13_bands",13,0.106019198361267,TRUE,FALSE
"SOG_DISTANCE_BAND_CONTROL_CHESTNUT_BACKED_CHICKADEE_v1","ctl_c0ffb64cc4d8","Chestnut-backed Chickadee","SoG","detection","band_12_14","12–<14 km","within_band_12_14_active_0_14_minus_baseline","within_band_duration_weighted_active_minus_baseline","active_0_14",0,14,0.135790761103494,0.0371939450677083,0.0628919683278245,0.208689553879163,1.14544219745745,1.06491178881561,1.23206245014472,0.000261339749464779,217183,"completed","chestnut_backed_chickadee__detection__active_0_14__13_bands",13,0.00339741674304212,TRUE,TRUE
"SOG_DISTANCE_BAND_CONTROL_CHESTNUT_BACKED_CHICKADEE_v1","ctl_c0ffb64cc4d8","Chestnut-backed Chickadee","SoG","detection","band_14_16","14–<16 km","within_band_14_16_early_pre_minus_baseline","within_band_period_minus_baseline","early_pre",-14,-8,0.0159787409183323,0.0452083684183119,-0.072628032981377,0.104585514818042,1.016107083673,0.929946675192557,1.110250332662,0.723753708405931,217183,"completed","chestnut_backed_chickadee__detection__early_pre__13_bands",13,0.922977985023509,FALSE,FALSE
"SOG_DISTANCE_BAND_CONTROL_CHESTNUT_BACKED_CHICKADEE_v1","ctl_c0ffb64cc4d8","Chestnut-backed Chickadee","SoG","detection","band_14_16","14–<16 km","within_band_14_16_immediate_pre_minus_baseline","within_band_period_minus_baseline","immediate_pre",-7,-1,0.0214933183773147,0.0449953002699288,-0.066695849625311,0.10968248637994,1.0217259635272,0.935479684568318,1.1159236932305,0.632878561277798,217183,"completed","chestnut_backed_chickadee__detection__immediate_pre__13_bands",13,0.847795653446191,FALSE,FALSE
"SOG_DISTANCE_BAND_CONTROL_CHESTNUT_BACKED_CHICKADEE_v1","ctl_c0ffb64cc4d8","Chestnut-backed Chickadee","SoG","detection","band_14_16","14–<16 km","within_band_14_16_spawn_start_minus_baseline","within_band_period_minus_baseline","spawn_start",0,3,0.0906145627853198,0.0519235758230734,-0.0111537757764386,0.192382901347078,1.09484692917089,0.988908196956605,1.21213455607299,0.080958311468739,217183,"completed","chestnut_backed_chickadee__detection__spawn_start__13_bands",13,0.165346788439832,FALSE,FALSE
"SOG_DISTANCE_BAND_CONTROL_CHESTNUT_BACKED_CHICKADEE_v1","ctl_c0ffb64cc4d8","Chestnut-backed Chickadee","SoG","detection","band_14_16","14–<16 km","within_band_14_16_early_egg_minus_baseline","within_band_period_minus_baseline","early_egg",4,14,0.024122073085592,0.037279840472092,-0.0489450715891071,0.0971892177602911,1.02441536380248,0.952233432931295,1.10206888489946,0.517596939787268,217183,"completed","chestnut_backed_chickadee__detection__early_egg__13_bands",13,0.560730018102873,FALSE,FALSE
"SOG_DISTANCE_BAND_CONTROL_CHESTNUT_BACKED_CHICKADEE_v1","ctl_c0ffb64cc4d8","Chestnut-backed Chickadee","SoG","detection","band_14_16","14–<16 km","within_band_14_16_late_egg_minus_baseline","within_band_period_minus_baseline","late_egg",15,28,0.0645347400147013,0.0352625261695922,-0.00457854128160062,0.133648021311003,1.06666263347656,0.995431924260136,1.14299044055757,0.0672316339058962,217183,"completed","chestnut_backed_chickadee__detection__late_egg__13_bands",13,0.218502810194163,FALSE,FALSE
"SOG_DISTANCE_BAND_CONTROL_CHESTNUT_BACKED_CHICKADEE_v1","ctl_c0ffb64cc4d8","Chestnut-backed Chickadee","SoG","detection","band_14_16","14–<16 km","within_band_14_16_active_0_14_minus_baseline","within_band_duration_weighted_active_minus_baseline","active_0_14",0,14,0.0418534036721861,0.0346173034155869,-0.0259952642642597,0.109702071608632,1.04274160545549,0.974339703813182,1.11594554906526,0.22665081706029,217183,"completed","chestnut_backed_chickadee__detection__active_0_14__13_bands",13,0.368307577722971,FALSE,FALSE
"SOG_DISTANCE_BAND_CONTROL_CHESTNUT_BACKED_CHICKADEE_v1","ctl_c0ffb64cc4d8","Chestnut-backed Chickadee","SoG","detection","band_16_18","16–<18 km","within_band_16_18_early_pre_minus_baseline","within_band_period_minus_baseline","early_pre",-14,-8,-0.0124566503572446,0.0428031765258013,-0.0963493347717254,0.0714360340572363,0.987620612566663,0.908146713424682,1.07404944591857,0.771034774006053,217183,"completed","chestnut_backed_chickadee__detection__early_pre__13_bands",13,0.922977985023509,FALSE,FALSE
"SOG_DISTANCE_BAND_CONTROL_CHESTNUT_BACKED_CHICKADEE_v1","ctl_c0ffb64cc4d8","Chestnut-backed Chickadee","SoG","detection","band_16_18","16–<18 km","within_band_16_18_immediate_pre_minus_baseline","within_band_period_minus_baseline","immediate_pre",-7,-1,-0.00401384543470845,0.0417393646496997,-0.0858214968857042,0.0777938060162873,0.995994199275871,0.917758039267772,1.08089976066311,0.923389919240955,217183,"completed","chestnut_backed_chickadee__detection__immediate_pre__13_bands",13,0.971405158138203,FALSE,FALSE
"SOG_DISTANCE_BAND_CONTROL_CHESTNUT_BACKED_CHICKADEE_v1","ctl_c0ffb64cc4d8","Chestnut-backed Chickadee","SoG","detection","band_16_18","16–<18 km","within_band_16_18_spawn_start_minus_baseline","within_band_period_minus_baseline","spawn_start",0,3,-0.108678138409272,0.05221193818465,-0.211011656814217,-0.00634462000432605,0.897019087030191,0.809764627550437,0.993675464598334,0.0373899345155042,217183,"completed","chestnut_backed_chickadee__detection__spawn_start__13_bands",13,0.165346788439832,TRUE,FALSE
"SOG_DISTANCE_BAND_CONTROL_CHESTNUT_BACKED_CHICKADEE_v1","ctl_c0ffb64cc4d8","Chestnut-backed Chickadee","SoG","detection","band_16_18","16–<18 km","within_band_16_18_early_egg_minus_baseline","within_band_period_minus_baseline","early_egg",4,14,0.0342724122828093,0.0350096240116747,-0.0343451898923618,0.10289001445798,1.03486647867354,0.966237911503662,1.10836949775192,0.327608342818471,217183,"completed","chestnut_backed_chickadee__detection__early_egg__13_bands",13,0.473212050737791,FALSE,FALSE
"SOG_DISTANCE_BAND_CONTROL_CHESTNUT_BACKED_CHICKADEE_v1","ctl_c0ffb64cc4d8","Chestnut-backed Chickadee","SoG","detection","band_16_18","16–<18 km","within_band_16_18_late_egg_minus_baseline","within_band_period_minus_baseline","late_egg",15,28,-0.00412168488908331,0.0329370499734449,-0.0686771165940313,0.0604337468158647,0.995886797596034,0.933628084432161,1.06229721466584,0.900414099876143,217183,"completed","chestnut_backed_chickadee__detection__late_egg__13_bands",13,0.900414099876143,FALSE,FALSE
"SOG_DISTANCE_BAND_CONTROL_CHESTNUT_BACKED_CHICKADEE_v1","ctl_c0ffb64cc4d8","Chestnut-backed Chickadee","SoG","detection","band_16_18","16–<18 km","within_band_16_18_active_0_14_minus_baseline","within_band_duration_weighted_active_minus_baseline","active_0_14",0,14,-0.00384773456841229,0.0327043515212823,-0.0679470856878634,0.0602516165510388,0.996159658477044,0.934309910635482,1.0621037558107,0.906343347603137,217183,"completed","chestnut_backed_chickadee__detection__active_0_14__13_bands",13,0.906343347603137,FALSE,FALSE
"SOG_DISTANCE_BAND_CONTROL_CHESTNUT_BACKED_CHICKADEE_v1","ctl_c0ffb64cc4d8","Chestnut-backed Chickadee","SoG","detection","band_18_20","18–<20 km","within_band_18_20_early_pre_minus_baseline","within_band_period_minus_baseline","early_pre",-14,-8,0.0481537609799565,0.0461713681471421,-0.0423404577053818,0.138647979665295,1.04933198923569,0.958543381532918,1.14871965614371,0.296978145972127,217183,"completed","chestnut_backed_chickadee__detection__early_pre__13_bands",13,0.772143179527531,FALSE,FALSE
"SOG_DISTANCE_BAND_CONTROL_CHESTNUT_BACKED_CHICKADEE_v1","ctl_c0ffb64cc4d8","Chestnut-backed Chickadee","SoG","detection","band_18_20","18–<20 km","within_band_18_20_immediate_pre_minus_baseline","within_band_period_minus_baseline","immediate_pre",-7,-1,0.0400027689187732,0.0467080711552516,-0.051543368332854,0.131548906170401,1.04081365611687,0.94976245945455,1.14059368842763,0.391753163466408,217183,"completed","chestnut_backed_chickadee__detection__immediate_pre__13_bands",13,0.759001104630142,FALSE,FALSE
"SOG_DISTANCE_BAND_CONTROL_CHESTNUT_BACKED_CHICKADEE_v1","ctl_c0ffb64cc4d8","Chestnut-backed Chickadee","SoG","detection","band_18_20","18–<20 km","within_band_18_20_spawn_start_minus_baseline","within_band_period_minus_baseline","spawn_start",0,3,0.0967281706842616,0.0539174041877906,-0.00894799966369704,0.20240434103222,1.1015608963748,0.991091914545797,1.2243429601362,0.0728121399208155,217183,"completed","chestnut_backed_chickadee__detection__spawn_start__13_bands",13,0.165346788439832,FALSE,FALSE
"SOG_DISTANCE_BAND_CONTROL_CHESTNUT_BACKED_CHICKADEE_v1","ctl_c0ffb64cc4d8","Chestnut-backed Chickadee","SoG","detection","band_18_20","18–<20 km","within_band_18_20_early_egg_minus_baseline","within_band_period_minus_baseline","early_egg",4,14,0.0412871020027086,0.0388871883264036,-0.0349303865770689,0.117504590582486,1.04215126631428,0.965672637695523,1.12468679289938,0.288365194488152,217183,"completed","chestnut_backed_chickadee__detection__early_egg__13_bands",13,0.468593441043246,FALSE,FALSE
"SOG_DISTANCE_BAND_CONTROL_CHESTNUT_BACKED_CHICKADEE_v1","ctl_c0ffb64cc4d8","Chestnut-backed Chickadee","SoG","detection","band_18_20","18–<20 km","within_band_18_20_late_egg_minus_baseline","within_band_period_minus_baseline","late_egg",15,28,0.0459158102628322,0.03728848407361,-0.0271682755595388,0.118999896085203,1.04698626174817,0.973197462397185,1.12636980124186,0.218185618510525,217183,"completed","chestnut_backed_chickadee__detection__late_egg__13_bands",13,0.472735506772803,FALSE,FALSE
"SOG_DISTANCE_BAND_CONTROL_CHESTNUT_BACKED_CHICKADEE_v1","ctl_c0ffb64cc4d8","Chestnut-backed Chickadee","SoG","detection","band_18_20","18–<20 km","within_band_18_20_active_0_14_minus_baseline","within_band_duration_weighted_active_minus_baseline","active_0_14",0,14,0.0560713869844561,0.036052520293882,-0.014590254343452,0.126733028312364,1.0576731851409,0.985515667648787,1.13511393404327,0.119881886386898,217183,"completed","chestnut_backed_chickadee__detection__active_0_14__13_bands",13,0.338500853589741,FALSE,FALSE
"SOG_DISTANCE_BAND_CONTROL_CHESTNUT_BACKED_CHICKADEE_v1","ctl_c0ffb64cc4d8","Chestnut-backed Chickadee","SoG","detection","band_20_22","20–<22 km","within_band_20_22_early_pre_minus_baseline","within_band_period_minus_baseline","early_pre",-14,-8,-0.0630023834094507,0.041780111614142,-0.144889897443233,0.0188851306243313,0.938941235805051,0.865117539520214,1.01906458258152,0.131566931657358,217183,"completed","chestnut_backed_chickadee__detection__early_pre__13_bands",13,0.772143179527531,FALSE,FALSE
"SOG_DISTANCE_BAND_CONTROL_CHESTNUT_BACKED_CHICKADEE_v1","ctl_c0ffb64cc4d8","Chestnut-backed Chickadee","SoG","detection","band_20_22","20–<22 km","within_band_20_22_immediate_pre_minus_baseline","within_band_period_minus_baseline","immediate_pre",-7,-1,-0.0888085796202469,0.0417202645946066,-0.170578795651157,-0.00703836358933639,0.915020710423407,0.843176648357958,0.992986347682045,0.0332817631033394,217183,"completed","chestnut_backed_chickadee__detection__immediate_pre__13_bands",13,0.216331460171706,TRUE,FALSE
"SOG_DISTANCE_BAND_CONTROL_CHESTNUT_BACKED_CHICKADEE_v1","ctl_c0ffb64cc4d8","Chestnut-backed Chickadee","SoG","detection","band_20_22","20–<22 km","within_band_20_22_spawn_start_minus_baseline","within_band_period_minus_baseline","spawn_start",0,3,-0.0510954192941514,0.0494901920858893,-0.148094413370464,0.0459035747821607,0.950187999938368,0.862349693757376,1.04697345144637,0.301868261525798,217183,"completed","chestnut_backed_chickadee__detection__spawn_start__13_bands",13,0.392428739983537,FALSE,FALSE
"SOG_DISTANCE_BAND_CONTROL_CHESTNUT_BACKED_CHICKADEE_v1","ctl_c0ffb64cc4d8","Chestnut-backed Chickadee","SoG","detection","band_20_22","20–<22 km","within_band_20_22_early_egg_minus_baseline","within_band_period_minus_baseline","early_egg",4,14,-0.0388450647298589,0.0350699479288996,-0.107580899610197,0.0298907701504793,0.961899729796276,0.898003871348972,1.03034198370687,0.268015010034182,217183,"completed","chestnut_backed_chickadee__detection__early_egg__13_bands",13,0.468593441043246,FALSE,FALSE
"SOG_DISTANCE_BAND_CONTROL_CHESTNUT_BACKED_CHICKADEE_v1","ctl_c0ffb64cc4d8","Chestnut-backed Chickadee","SoG","detection","band_20_22","20–<22 km","within_band_20_22_late_egg_minus_baseline","within_band_period_minus_baseline","late_egg",15,28,-0.05415299488349,0.0329433426995332,-0.118720760104936,0.0104147703379556,0.947287165324961,0.888055746735665,1.01046919282704,0.100212954292454,217183,"completed","chestnut_backed_chickadee__detection__late_egg__13_bands",13,0.260553681160381,FALSE,FALSE
"SOG_DISTANCE_BAND_CONTROL_CHESTNUT_BACKED_CHICKADEE_v1","ctl_c0ffb64cc4d8","Chestnut-backed Chickadee","SoG","detection","band_20_22","20–<22 km","within_band_20_22_active_0_14_minus_baseline","within_band_duration_weighted_active_minus_baseline","active_0_14",0,14,-0.0421118259470036,0.0326231934451089,-0.1060521101601,0.021828458266093,0.958762560046349,0.899377780134673,1.02206844203888,0.196753817653661,217183,"completed","chestnut_backed_chickadee__detection__active_0_14__13_bands",13,0.365399947071085,FALSE,FALSE
"SOG_DISTANCE_BAND_CONTROL_CHESTNUT_BACKED_CHICKADEE_v1","ctl_c0ffb64cc4d8","Chestnut-backed Chickadee","SoG","detection","band_22_24","22–<24 km","within_band_22_24_early_pre_minus_baseline","within_band_period_minus_baseline","early_pre",-14,-8,0.00914846948019772,0.0408219540076778,-0.0708610901534012,0.0891580291137966,1.00919044463227,0.931591290343275,1.09325340854334,0.822674353941548,217183,"completed","chestnut_backed_chickadee__detection__early_pre__13_bands",13,0.922977985023509,FALSE,FALSE
"SOG_DISTANCE_BAND_CONTROL_CHESTNUT_BACKED_CHICKADEE_v1","ctl_c0ffb64cc4d8","Chestnut-backed Chickadee","SoG","detection","band_22_24","22–<24 km","within_band_22_24_immediate_pre_minus_baseline","within_band_period_minus_baseline","immediate_pre",-7,-1,0.00144440834416659,0.0402948322623947,-0.0775320116532097,0.0804208283415428,1.00144545200433,0.92539740042182,1.08374304151169,0.971405158138203,217183,"completed","chestnut_backed_chickadee__detection__immediate_pre__13_bands",13,0.971405158138203,FALSE,FALSE
"SOG_DISTANCE_BAND_CONTROL_CHESTNUT_BACKED_CHICKADEE_v1","ctl_c0ffb64cc4d8","Chestnut-backed Chickadee","SoG","detection","band_22_24","22–<24 km","within_band_22_24_spawn_start_minus_baseline","within_band_period_minus_baseline","spawn_start",0,3,0.0237842803124216,0.0476408649657153,-0.0695900992127165,0.11715865983756,1.02406938213421,0.932776087207268,1.1242977964461,0.617609506851206,217183,"completed","chestnut_backed_chickadee__detection__spawn_start__13_bands",13,0.729902144460516,FALSE,FALSE
"SOG_DISTANCE_BAND_CONTROL_CHESTNUT_BACKED_CHICKADEE_v1","ctl_c0ffb64cc4d8","Chestnut-backed Chickadee","SoG","detection","band_22_24","22–<24 km","within_band_22_24_early_egg_minus_baseline","within_band_period_minus_baseline","early_egg",4,14,0.057388239555719,0.0345055032263117,-0.0102413040362825,0.125017783147721,1.05906690225288,0.989810959549977,1.13316860419233,0.0962800246846336,217183,"completed","chestnut_backed_chickadee__detection__early_egg__13_bands",13,0.417213440300079,FALSE,FALSE
"SOG_DISTANCE_BAND_CONTROL_CHESTNUT_BACKED_CHICKADEE_v1","ctl_c0ffb64cc4d8","Chestnut-backed Chickadee","SoG","detection","band_22_24","22–<24 km","within_band_22_24_late_egg_minus_baseline","within_band_period_minus_baseline","late_egg",15,28,0.0125652929352732,0.0326514089567789,-0.0514302926645019,0.0765608785350484,1.01264456791837,0.94986986055154,1.07956791084956,0.700362208409582,217183,"completed","chestnut_backed_chickadee__detection__late_egg__13_bands",13,0.827700791756778,FALSE,FALSE
"SOG_DISTANCE_BAND_CONTROL_CHESTNUT_BACKED_CHICKADEE_v1","ctl_c0ffb64cc4d8","Chestnut-backed Chickadee","SoG","detection","band_22_24","22–<24 km","within_band_22_24_active_0_14_minus_baseline","within_band_duration_weighted_active_minus_baseline","active_0_14",0,14,0.0484271837575064,0.0320001439860198,-0.0142919459551885,0.111146313470201,1.04961893973037,0.985809699093054,1.11755840874184,0.130192635996054,217183,"completed","chestnut_backed_chickadee__detection__active_0_14__13_bands",13,0.338500853589741,FALSE,FALSE
"SOG_DISTANCE_BAND_CONTROL_CHESTNUT_BACKED_CHICKADEE_v1","ctl_c0ffb64cc4d8","Chestnut-backed Chickadee","SoG","detection","band_24_26","24–26 km","within_band_24_26_early_pre_minus_baseline","within_band_period_minus_baseline","early_pre",-14,-8,-0.00961609507607461,0.0426533662559517,-0.093215156757136,0.0739829666049868,0.990429991722866,0.910997471946662,1.07678846397676,0.821631157708846,217183,"completed","chestnut_backed_chickadee__detection__early_pre__13_bands",13,0.922977985023509,FALSE,FALSE
"SOG_DISTANCE_BAND_CONTROL_CHESTNUT_BACKED_CHICKADEE_v1","ctl_c0ffb64cc4d8","Chestnut-backed Chickadee","SoG","detection","band_24_26","24–26 km","within_band_24_26_immediate_pre_minus_baseline","within_band_period_minus_baseline","immediate_pre",-7,-1,0.0350562240251437,0.0424308795303139,-0.0481067716866294,0.118219219736917,1.03567793714507,0.953032024808236,1.12549081412547,0.408692902493153,217183,"completed","chestnut_backed_chickadee__detection__immediate_pre__13_bands",13,0.759001104630142,FALSE,FALSE
"SOG_DISTANCE_BAND_CONTROL_CHESTNUT_BACKED_CHICKADEE_v1","ctl_c0ffb64cc4d8","Chestnut-backed Chickadee","SoG","detection","band_24_26","24–26 km","within_band_24_26_spawn_start_minus_baseline","within_band_period_minus_baseline","spawn_start",0,3,0.0677175870910108,0.0510253580898867,-0.0322902770634267,0.167725451245448,1.0700630661789,0.968225487632251,1.18261188145368,0.184463715061803,217183,"completed","chestnut_backed_chickadee__detection__spawn_start__13_bands",13,0.29975353697543,FALSE,FALSE
"SOG_DISTANCE_BAND_CONTROL_CHESTNUT_BACKED_CHICKADEE_v1","ctl_c0ffb64cc4d8","Chestnut-backed Chickadee","SoG","detection","band_24_26","24–26 km","within_band_24_26_early_egg_minus_baseline","within_band_period_minus_baseline","early_egg",4,14,-0.0465807869366054,0.0367369421969419,-0.118583870544741,0.0254222966715305,0.954487447338243,0.888177320617171,1.02574819912449,0.204814046443115,217183,"completed","chestnut_backed_chickadee__detection__early_egg__13_bands",13,0.443763767293416,FALSE,FALSE
"SOG_DISTANCE_BAND_CONTROL_CHESTNUT_BACKED_CHICKADEE_v1","ctl_c0ffb64cc4d8","Chestnut-backed Chickadee","SoG","detection","band_24_26","24–26 km","within_band_24_26_late_egg_minus_baseline","within_band_period_minus_baseline","late_egg",15,28,0.0347334128895105,0.0341324582941968,-0.0321649760709306,0.101631801849952,1.03534366273069,0.968346814847863,1.10697581023696,0.308864976651306,217183,"completed","chestnut_backed_chickadee__detection__late_egg__13_bands",13,0.501905587058372,FALSE,FALSE
"SOG_DISTANCE_BAND_CONTROL_CHESTNUT_BACKED_CHICKADEE_v1","ctl_c0ffb64cc4d8","Chestnut-backed Chickadee","SoG","detection","band_24_26","24–26 km","within_band_24_26_active_0_14_minus_baseline","within_band_duration_weighted_active_minus_baseline","active_0_14",0,14,-0.0161012205292411,0.033977048565498,-0.0826950120185854,0.0504925709601032,0.984027711208424,0.920631886067519,1.05178904954317,0.635581772120404,217183,"completed","chestnut_backed_chickadee__detection__active_0_14__13_bands",13,0.688546919797104,FALSE,FALSE
"SOG_DISTANCE_BAND_CONTROL_CHESTNUT_BACKED_CHICKADEE_v1","ctl_c0ffb64cc4d8","Chestnut-backed Chickadee","SoG","positive_numeric_count_given_detection","band_0_2","0–<2 km","within_band_0_2_early_pre_minus_baseline","within_band_period_minus_baseline","early_pre",-14,-8,-0.0533571685956137,0.0271033539320745,-0.106478766162722,-0.00023557102850575,0.948041341410068,0.898994137053786,0.99976445671617,0.0489926569800555,72498,"completed","chestnut_backed_chickadee__positive_numeric_count_given_detection__early_pre__13_bands",13,0.636904540740722,TRUE,FALSE
"SOG_DISTANCE_BAND_CONTROL_CHESTNUT_BACKED_CHICKADEE_v1","ctl_c0ffb64cc4d8","Chestnut-backed Chickadee","SoG","positive_numeric_count_given_detection","band_0_2","0–<2 km","within_band_0_2_immediate_pre_minus_baseline","within_band_period_minus_baseline","immediate_pre",-7,-1,-0.0334397118420624,0.0260425852055117,-0.0844822409091811,0.0176028172250562,0.96711321494812,0.918987975622836,1.01775865989258,0.199128084417268,72498,"completed","chestnut_backed_chickadee__positive_numeric_count_given_detection__immediate_pre__13_bands",13,0.7196966734907,FALSE,FALSE
"SOG_DISTANCE_BAND_CONTROL_CHESTNUT_BACKED_CHICKADEE_v1","ctl_c0ffb64cc4d8","Chestnut-backed Chickadee","SoG","positive_numeric_count_given_detection","band_0_2","0–<2 km","within_band_0_2_spawn_start_minus_baseline","within_band_period_minus_baseline","spawn_start",0,3,-0.0354105488733132,0.0276784504247417,-0.0896593148536842,0.0188382171070579,0.9652090694073,0.914242601095166,1.01901677579902,0.200772264387131,72498,"completed","chestnut_backed_chickadee__positive_numeric_count_given_detection__spawn_start__13_bands",13,0.652509859258176,FALSE,FALSE
"SOG_DISTANCE_BAND_CONTROL_CHESTNUT_BACKED_CHICKADEE_v1","ctl_c0ffb64cc4d8","Chestnut-backed Chickadee","SoG","positive_numeric_count_given_detection","band_0_2","0–<2 km","within_band_0_2_early_egg_minus_baseline","within_band_period_minus_baseline","early_egg",4,14,0.00721749392532927,0.0218666880670949,-0.0356404271473485,0.050075414998007,1.00724360281039,0.964987214313152,1.05135038097325,0.74134858427731,72498,"completed","chestnut_backed_chickadee__positive_numeric_count_given_detection__early_egg__13_bands",13,0.805980422482993,FALSE,FALSE
"SOG_DISTANCE_BAND_CONTROL_CHESTNUT_BACKED_CHICKADEE_v1","ctl_c0ffb64cc4d8","Chestnut-backed Chickadee","SoG","positive_numeric_count_given_detection","band_0_2","0–<2 km","within_band_0_2_late_egg_minus_baseline","within_band_period_minus_baseline","late_egg",15,28,-0.0210985689144451,0.0207702748450428,-0.0618075595597272,0.019610421730837,0.979122448775925,0.940063775672238,1.01980396916306,0.309721798787411,72498,"completed","chestnut_backed_chickadee__positive_numeric_count_given_detection__late_egg__13_bands",13,0.447375931581816,FALSE,FALSE
"SOG_DISTANCE_BAND_CONTROL_CHESTNUT_BACKED_CHICKADEE_v1","ctl_c0ffb64cc4d8","Chestnut-backed Chickadee","SoG","positive_numeric_count_given_detection","band_0_2","0–<2 km","within_band_0_2_active_0_14_minus_baseline","within_band_duration_weighted_active_minus_baseline","active_0_14",0,14,-0.00414998415430871,0.0200635795305267,-0.0434738774350962,0.0351739091264787,0.995858615130188,0.957457565011675,1.03579982818029,0.836133517363307,72498,"completed","chestnut_backed_chickadee__positive_numeric_count_given_detection__active_0_14__13_bands",13,0.878221868079104,FALSE,FALSE
"SOG_DISTANCE_BAND_CONTROL_CHESTNUT_BACKED_CHICKADEE_v1","ctl_c0ffb64cc4d8","Chestnut-backed Chickadee","SoG","positive_numeric_count_given_detection","band_2_4","2–<4 km","within_band_2_4_early_pre_minus_baseline","within_band_period_minus_baseline","early_pre",-14,-8,-0.00117107607425918,0.0203454395676854,-0.0410474048765588,0.0387052527280405,0.998829609367732,0.959783630444834,1.03946405929773,0.954099402985532,72498,"completed","chestnut_backed_chickadee__positive_numeric_count_given_detection__early_pre__13_bands",13,0.959722183530124,FALSE,FALSE
"SOG_DISTANCE_BAND_CONTROL_CHESTNUT_BACKED_CHICKADEE_v1","ctl_c0ffb64cc4d8","Chestnut-backed Chickadee","SoG","positive_numeric_count_given_detection","band_2_4","2–<4 km","within_band_2_4_immediate_pre_minus_baseline","within_band_period_minus_baseline","immediate_pre",-7,-1,0.00246037390713414,0.0211285217579136,-0.0389507677849474,0.0438715155992156,1.00246340311083,0.961798059429677,1.04484809958179,0.907297502913767,72498,"completed","chestnut_backed_chickadee__positive_numeric_count_given_detection__immediate_pre__13_bands",13,0.953961181141444,FALSE,FALSE
"SOG_DISTANCE_BAND_CONTROL_CHESTNUT_BACKED_CHICKADEE_v1","ctl_c0ffb64cc4d8","Chestnut-backed Chickadee","SoG","positive_numeric_count_given_detection","band_2_4","2–<4 km","within_band_2_4_spawn_start_minus_baseline","within_band_period_minus_baseline","spawn_start",0,3,-0.0109781783148479,0.0231336264692382,-0.0563192530263572,0.0343628963966614,0.989081861972859,0.945237317840451,1.03496012188637,0.635104180771205,72498,"completed","chestnut_backed_chickadee__positive_numeric_count_given_detection__spawn_start__13_bands",13,0.98885387890895,FALSE,FALSE
"SOG_DISTANCE_BAND_CONTROL_CHESTNUT_BACKED_CHICKADEE_v1","ctl_c0ffb64cc4d8","Chestnut-backed Chickadee","SoG","positive_numeric_count_given_detection","band_2_4","2–<4 km","within_band_2_4_early_egg_minus_baseline","within_band_period_minus_baseline","early_egg",4,14,-0.0247873882307859,0.0166515272027896,-0.0574237818358424,0.00784900537427063,0.975517296439663,0.944193852366018,1.00787988956747,0.136593920975417,72498,"completed","chestnut_backed_chickadee__positive_numeric_count_given_detection__early_egg__13_bands",13,0.321809978464159,FALSE,FALSE
"SOG_DISTANCE_BAND_CONTROL_CHESTNUT_BACKED_CHICKADEE_v1","ctl_c0ffb64cc4d8","Chestnut-backed Chickadee","SoG","positive_numeric_count_given_detection","band_2_4","2–<4 km","within_band_2_4_late_egg_minus_baseline","within_band_period_minus_baseline","late_egg",15,28,-0.00848759549762446,0.0152252551543134,-0.0383285472555115,0.0213533562602626,0.991548322450203,0.96239669615014,1.02158297060533,0.577207584043978,72498,"completed","chestnut_backed_chickadee__positive_numeric_count_given_detection__late_egg__13_bands",13,0.682154417506519,FALSE,FALSE
"SOG_DISTANCE_BAND_CONTROL_CHESTNUT_BACKED_CHICKADEE_v1","ctl_c0ffb64cc4d8","Chestnut-backed Chickadee","SoG","positive_numeric_count_given_detection","band_2_4","2–<4 km","within_band_2_4_active_0_14_minus_baseline","within_band_duration_weighted_active_minus_baseline","active_0_14",0,14,-0.0211049322532024,0.0154397914151082,-0.0513663673556253,0.0091565028492204,0.979116218307921,0.949930583216605,1.00919855186409,0.171650939245754,72498,"completed","chestnut_backed_chickadee__positive_numeric_count_given_detection__active_0_14__13_bands",13,0.361063982669466,FALSE,FALSE
"SOG_DISTANCE_BAND_CONTROL_CHESTNUT_BACKED_CHICKADEE_v1","ctl_c0ffb64cc4d8","Chestnut-backed Chickadee","SoG","positive_numeric_count_given_detection","band_4_6","4–<6 km","within_band_4_6_early_pre_minus_baseline","within_band_period_minus_baseline","early_pre",-14,-8,0.0157383326159736,0.0154186754696647,-0.0144817159938804,0.0459583812258276,1.01586283245519,0.98562263969801,1.0470308339103,0.307381516260248,72498,"completed","chestnut_backed_chickadee__positive_numeric_count_given_detection__early_pre__13_bands",13,0.831051218111401,FALSE,FALSE
"SOG_DISTANCE_BAND_CONTROL_CHESTNUT_BACKED_CHICKADEE_v1","ctl_c0ffb64cc4d8","Chestnut-backed Chickadee","SoG","positive_numeric_count_given_detection","band_4_6","4–<6 km","within_band_4_6_immediate_pre_minus_baseline","within_band_period_minus_baseline","immediate_pre",-7,-1,0.018716074903395,0.0159876377512074,-0.0126191192868444,0.0500512690936343,1.01889231844536,0.987460167936876,1.05132499547397,0.241735799156709,72498,"completed","chestnut_backed_chickadee__positive_numeric_count_given_detection__immediate_pre__13_bands",13,0.7196966734907,FALSE,FALSE
"SOG_DISTANCE_BAND_CONTROL_CHESTNUT_BACKED_CHICKADEE_v1","ctl_c0ffb64cc4d8","Chestnut-backed Chickadee","SoG","positive_numeric_count_given_detection","band_4_6","4–<6 km","within_band_4_6_spawn_start_minus_baseline","within_band_period_minus_baseline","spawn_start",0,3,-0.0044891283650801,0.0189866817343788,-0.041702340750387,0.0327240840202268,0.995520932710875,0.959155239514486,1.03326540546992,0.813094638481256,72498,"completed","chestnut_backed_chickadee__positive_numeric_count_given_detection__spawn_start__13_bands",13,0.98885387890895,FALSE,FALSE
"SOG_DISTANCE_BAND_CONTROL_CHESTNUT_BACKED_CHICKADEE_v1","ctl_c0ffb64cc4d8","Chestnut-backed Chickadee","SoG","positive_numeric_count_given_detection","band_4_6","4–<6 km","within_band_4_6_early_egg_minus_baseline","within_band_period_minus_baseline","early_egg",4,14,-0.000893808547208023,0.0129100861216962,-0.0261971123830429,0.0244094952886268,0.999106590780668,0.974143055024173,1.02470984584148,0.944803875092355,72498,"completed","chestnut_backed_chickadee__positive_numeric_count_given_detection__early_egg__13_bands",13,0.944803875092355,FALSE,FALSE
"SOG_DISTANCE_BAND_CONTROL_CHESTNUT_BACKED_CHICKADEE_v1","ctl_c0ffb64cc4d8","Chestnut-backed Chickadee","SoG","positive_numeric_count_given_detection","band_4_6","4–<6 km","within_band_4_6_late_egg_minus_baseline","within_band_period_minus_baseline","late_egg",15,28,-0.0150374562930269,0.0119794259935591,-0.0385166997958657,0.00844178720981199,0.985075041652623,0.962215635800947,1.00847751957302,0.209379482649864,72498,"completed","chestnut_backed_chickadee__positive_numeric_count_given_detection__late_egg__13_bands",13,0.340241659306028,FALSE,FALSE
"SOG_DISTANCE_BAND_CONTROL_CHESTNUT_BACKED_CHICKADEE_v1","ctl_c0ffb64cc4d8","Chestnut-backed Chickadee","SoG","positive_numeric_count_given_detection","band_4_6","4–<6 km","within_band_4_6_active_0_14_minus_baseline","within_band_duration_weighted_active_minus_baseline","active_0_14",0,14,-0.00185256049864058,0.0120905610090562,-0.025549624629275,0.0218445036319938,0.998149154432392,0.974774004966857,1.02208484163257,0.878221868079104,72498,"completed","chestnut_backed_chickadee__positive_numeric_count_given_detection__active_0_14__13_bands",13,0.878221868079104,FALSE,FALSE
"SOG_DISTANCE_BAND_CONTROL_CHESTNUT_BACKED_CHICKADEE_v1","ctl_c0ffb64cc4d8","Chestnut-backed Chickadee","SoG","positive_numeric_count_given_detection","band_6_8","6–<8 km","within_band_6_8_early_pre_minus_baseline","within_band_period_minus_baseline","early_pre",-14,-8,-0.000894389171850488,0.0144316098951907,-0.0291798248053562,0.0273910464616552,0.99910601067493,0.971241795395349,1.02776962986899,0.950583284443318,72498,"completed","chestnut_backed_chickadee__positive_numeric_count_given_detection__early_pre__13_bands",13,0.959722183530124,FALSE,FALSE
"SOG_DISTANCE_BAND_CONTROL_CHESTNUT_BACKED_CHICKADEE_v1","ctl_c0ffb64cc4d8","Chestnut-backed Chickadee","SoG","positive_numeric_count_given_detection","band_6_8","6–<8 km","within_band_6_8_immediate_pre_minus_baseline","within_band_period_minus_baseline","immediate_pre",-7,-1,-0.0164804911384471,0.0148962093727528,-0.0456765250152106,0.0127155427383165,0.983654569184292,0.955350944346212,1.01279672899605,0.268573027840863,72498,"completed","chestnut_backed_chickadee__positive_numeric_count_given_detection__immediate_pre__13_bands",13,0.7196966734907,FALSE,FALSE
"SOG_DISTANCE_BAND_CONTROL_CHESTNUT_BACKED_CHICKADEE_v1","ctl_c0ffb64cc4d8","Chestnut-backed Chickadee","SoG","positive_numeric_count_given_detection","band_6_8","6–<8 km","within_band_6_8_spawn_start_minus_baseline","within_band_period_minus_baseline","spawn_start",0,3,-0.00561396190784791,0.0181603157264994,-0.0412075266796631,0.0299796028639673,0.994401766928842,0.959629960462623,1.03043351584657,0.757219979306768,72498,"completed","chestnut_backed_chickadee__positive_numeric_count_given_detection__spawn_start__13_bands",13,0.98885387890895,FALSE,FALSE
"SOG_DISTANCE_BAND_CONTROL_CHESTNUT_BACKED_CHICKADEE_v1","ctl_c0ffb64cc4d8","Chestnut-backed Chickadee","SoG","positive_numeric_count_given_detection","band_6_8","6–<8 km","within_band_6_8_early_egg_minus_baseline","within_band_period_minus_baseline","early_egg",4,14,-0.0201103127538956,0.012643902964211,-0.0448919071877685,0.00467128167997725,0.98009055085549,0.956100823874563,1.00468220912468,0.111718848617508,72498,"completed","chestnut_backed_chickadee__positive_numeric_count_given_detection__early_egg__13_bands",13,0.321809978464159,FALSE,FALSE
"SOG_DISTANCE_BAND_CONTROL_CHESTNUT_BACKED_CHICKADEE_v1","ctl_c0ffb64cc4d8","Chestnut-backed Chickadee","SoG","positive_numeric_count_given_detection","band_6_8","6–<8 km","within_band_6_8_late_egg_minus_baseline","within_band_period_minus_baseline","late_egg",15,28,-0.0324369259128559,0.0113912704137945,-0.0547634056620498,-0.0101104461636619,0.968083508889266,0.946709107473176,0.989940492581464,0.00440606500511001,72498,"completed","chestnut_backed_chickadee__positive_numeric_count_given_detection__late_egg__13_bands",13,0.028639422533215,TRUE,TRUE
"SOG_DISTANCE_BAND_CONTROL_CHESTNUT_BACKED_CHICKADEE_v1","ctl_c0ffb64cc4d8","Chestnut-backed Chickadee","SoG","positive_numeric_count_given_detection","band_6_8","6–<8 km","within_band_6_8_active_0_14_minus_baseline","within_band_duration_weighted_active_minus_baseline","active_0_14",0,14,-0.0162446191949496,0.0116801448176428,-0.0391372823717415,0.0066480439818424,0.983886613064501,0.961618686790369,1.00667019127777,0.16428936090946,72498,"completed","chestnut_backed_chickadee__positive_numeric_count_given_detection__active_0_14__13_bands",13,0.361063982669466,FALSE,FALSE
"SOG_DISTANCE_BAND_CONTROL_CHESTNUT_BACKED_CHICKADEE_v1","ctl_c0ffb64cc4d8","Chestnut-backed Chickadee","SoG","positive_numeric_count_given_detection","band_8_10","8–<10 km","within_band_8_10_early_pre_minus_baseline","within_band_period_minus_baseline","early_pre",-14,-8,0.00757671067446045,0.0137483312591202,-0.0193695234409414,0.0345229447898623,1.00760548657643,0.980816860449269,1.03512577884712,0.581564860304852,72498,"completed","chestnut_backed_chickadee__positive_numeric_count_given_detection__early_pre__13_bands",13,0.959722183530124,FALSE,FALSE
"SOG_DISTANCE_BAND_CONTROL_CHESTNUT_BACKED_CHICKADEE_v1","ctl_c0ffb64cc4d8","Chestnut-backed Chickadee","SoG","positive_numeric_count_given_detection","band_8_10","8–<10 km","within_band_8_10_immediate_pre_minus_baseline","within_band_period_minus_baseline","immediate_pre",-7,-1,-0.00190073246097682,0.0134504637886175,-0.0282631570620272,0.0244616921400736,0.998101072787022,0.972132509602281,1.02476333386502,0.88762226483471,72498,"completed","chestnut_backed_chickadee__positive_numeric_count_given_detection__immediate_pre__13_bands",13,0.953961181141444,FALSE,FALSE
"SOG_DISTANCE_BAND_CONTROL_CHESTNUT_BACKED_CHICKADEE_v1","ctl_c0ffb64cc4d8","Chestnut-backed Chickadee","SoG","positive_numeric_count_given_detection","band_8_10","8–<10 km","within_band_8_10_spawn_start_minus_baseline","within_band_period_minus_baseline","spawn_start",0,3,-0.000228704107545892,0.0163710352302,-0.0323153435483743,0.0318579353332825,0.999771322043245,0.968201217926819,1.03237083146868,0.98885387890895,72498,"completed","chestnut_backed_chickadee__positive_numeric_count_given_detection__spawn_start__13_bands",13,0.98885387890895,FALSE,FALSE
"SOG_DISTANCE_BAND_CONTROL_CHESTNUT_BACKED_CHICKADEE_v1","ctl_c0ffb64cc4d8","Chestnut-backed Chickadee","SoG","positive_numeric_count_given_detection","band_8_10","8–<10 km","within_band_8_10_early_egg_minus_baseline","within_band_period_minus_baseline","early_egg",4,14,-0.00908871334506013,0.0114526138791166,-0.0315354240769722,0.0133579973868519,0.99095246416545,0.968956631451482,1.01344761402229,0.42743245267961,72498,"completed","chestnut_backed_chickadee__positive_numeric_count_given_detection__early_egg__13_bands",13,0.572389152808906,FALSE,FALSE
"SOG_DISTANCE_BAND_CONTROL_CHESTNUT_BACKED_CHICKADEE_v1","ctl_c0ffb64cc4d8","Chestnut-backed Chickadee","SoG","positive_numeric_count_given_detection","band_8_10","8–<10 km","within_band_8_10_late_egg_minus_baseline","within_band_period_minus_baseline","late_egg",15,28,-0.0093079099451337,0.0104882935243128,-0.0298645875120714,0.011248767621804,0.990735274558952,0.970576952890314,1.01131227290365,0.374832884530561,72498,"completed","chestnut_backed_chickadee__positive_numeric_count_given_detection__late_egg__13_bands",13,0.487282749889729,FALSE,FALSE
"SOG_DISTANCE_BAND_CONTROL_CHESTNUT_BACKED_CHICKADEE_v1","ctl_c0ffb64cc4d8","Chestnut-backed Chickadee","SoG","positive_numeric_count_given_detection","band_8_10","8–<10 km","within_band_8_10_active_0_14_minus_baseline","within_band_duration_weighted_active_minus_baseline","active_0_14",0,14,-0.00672604421505633,0.0105530999030989,-0.0274097399503832,0.0139576515202706,0.993296524991492,0.972962498233636,1.01405551431979,0.523895285213566,72498,"completed","chestnut_backed_chickadee__positive_numeric_count_given_detection__active_0_14__13_bands",13,0.681063870777636,FALSE,FALSE
"SOG_DISTANCE_BAND_CONTROL_CHESTNUT_BACKED_CHICKADEE_v1","ctl_c0ffb64cc4d8","Chestnut-backed Chickadee","SoG","positive_numeric_count_given_detection","band_10_12","10–<12 km","within_band_10_12_early_pre_minus_baseline","within_band_period_minus_baseline","early_pre",-14,-8,0.00594265061506084,0.0155506673092584,-0.0245360972466501,0.0364213984767718,1.0059603431928,0.97576246594428,1.03709278374145,0.702351866309,72498,"completed","chestnut_backed_chickadee__positive_numeric_count_given_detection__early_pre__13_bands",13,0.959722183530124,FALSE,FALSE
"SOG_DISTANCE_BAND_CONTROL_CHESTNUT_BACKED_CHICKADEE_v1","ctl_c0ffb64cc4d8","Chestnut-backed Chickadee","SoG","positive_numeric_count_given_detection","band_10_12","10–<12 km","within_band_10_12_immediate_pre_minus_baseline","within_band_period_minus_baseline","immediate_pre",-7,-1,0.00658435089510213,0.0162133325367366,-0.0251931969462731,0.0383618987364773,1.00660607538784,0.975121503332237,1.0391072164291,0.684663844038207,72498,"completed","chestnut_backed_chickadee__positive_numeric_count_given_detection__immediate_pre__13_bands",13,0.953961181141444,FALSE,FALSE
"SOG_DISTANCE_BAND_CONTROL_CHESTNUT_BACKED_CHICKADEE_v1","ctl_c0ffb64cc4d8","Chestnut-backed Chickadee","SoG","positive_numeric_count_given_detection","band_10_12","10–<12 km","within_band_10_12_spawn_start_minus_baseline","within_band_period_minus_baseline","spawn_start",0,3,0.0213303755955551,0.0188316272261266,-0.0155789355379371,0.0582396867290472,1.02155949421936,0.984541788348717,1.05996902577393,0.257344910232833,72498,"completed","chestnut_backed_chickadee__positive_numeric_count_given_detection__spawn_start__13_bands",13,0.669096766605366,FALSE,FALSE
"SOG_DISTANCE_BAND_CONTROL_CHESTNUT_BACKED_CHICKADEE_v1","ctl_c0ffb64cc4d8","Chestnut-backed Chickadee","SoG","positive_numeric_count_given_detection","band_10_12","10–<12 km","within_band_10_12_early_egg_minus_baseline","within_band_period_minus_baseline","early_egg",4,14,0.0140720176390491,0.0131622362675564,-0.0117254914013683,0.0398695266794665,1.01417149454516,0.98834298427464,1.04067498501326,0.285015340520439,72498,"completed","chestnut_backed_chickadee__positive_numeric_count_given_detection__early_egg__13_bands",13,0.522379702101415,FALSE,FALSE
"SOG_DISTANCE_BAND_CONTROL_CHESTNUT_BACKED_CHICKADEE_v1","ctl_c0ffb64cc4d8","Chestnut-backed Chickadee","SoG","positive_numeric_count_given_detection","band_10_12","10–<12 km","within_band_10_12_late_egg_minus_baseline","within_band_period_minus_baseline","late_egg",15,28,0.00356666008701635,0.0120784004366351,-0.0201065697596414,0.0272398899336741,1.0035730281878,0.980094219335656,1.02761428752098,0.767770506943473,72498,"completed","chestnut_backed_chickadee__positive_numeric_count_given_detection__late_egg__13_bands",13,0.782793921311835,FALSE,FALSE
"SOG_DISTANCE_BAND_CONTROL_CHESTNUT_BACKED_CHICKADEE_v1","ctl_c0ffb64cc4d8","Chestnut-backed Chickadee","SoG","positive_numeric_count_given_detection","band_10_12","10–<12 km","within_band_10_12_active_0_14_minus_baseline","within_band_duration_weighted_active_minus_baseline","active_0_14",0,14,0.016007579760784,0.0123361384701041,-0.00817080734891911,0.0401859668704872,1.01613638744765,0.99186248296616,1.04100434851348,0.194419067591251,72498,"completed","chestnut_backed_chickadee__positive_numeric_count_given_detection__active_0_14__13_bands",13,0.361063982669466,FALSE,FALSE
"SOG_DISTANCE_BAND_CONTROL_CHESTNUT_BACKED_CHICKADEE_v1","ctl_c0ffb64cc4d8","Chestnut-backed Chickadee","SoG","positive_numeric_count_given_detection","band_12_14","12–<14 km","within_band_12_14_early_pre_minus_baseline","within_band_period_minus_baseline","early_pre",-14,-8,-0.0152032292448019,0.0174478659769386,-0.0494004181666834,0.0189939596770795,0.984911756389762,0.951799935399855,1.01917549244973,0.3835621006668,72498,"completed","chestnut_backed_chickadee__positive_numeric_count_given_detection__early_pre__13_bands",13,0.831051218111401,FALSE,FALSE
"SOG_DISTANCE_BAND_CONTROL_CHESTNUT_BACKED_CHICKADEE_v1","ctl_c0ffb64cc4d8","Chestnut-backed Chickadee","SoG","positive_numeric_count_given_detection","band_12_14","12–<14 km","within_band_12_14_immediate_pre_minus_baseline","within_band_period_minus_baseline","immediate_pre",-7,-1,0.000986479649594201,0.0170868817281091,-0.0325031931455952,0.0344761524447836,1.00098696638068,0.968019358799619,1.03507734401767,0.953961181141444,72498,"completed","chestnut_backed_chickadee__positive_numeric_count_given_detection__immediate_pre__13_bands",13,0.953961181141444,FALSE,FALSE
"SOG_DISTANCE_BAND_CONTROL_CHESTNUT_BACKED_CHICKADEE_v1","ctl_c0ffb64cc4d8","Chestnut-backed Chickadee","SoG","positive_numeric_count_given_detection","band_12_14","12–<14 km","within_band_12_14_spawn_start_minus_baseline","within_band_period_minus_baseline","spawn_start",0,3,0.0138838940785253,0.0197140901480743,-0.0247550125996762,0.0525228007567268,1.01398072293751,0.975548879939059,1.05392659212842,0.481269325639842,72498,"completed","chestnut_backed_chickadee__positive_numeric_count_given_detection__spawn_start__13_bands",13,0.893785890473992,FALSE,FALSE
"SOG_DISTANCE_BAND_CONTROL_CHESTNUT_BACKED_CHICKADEE_v1","ctl_c0ffb64cc4d8","Chestnut-backed Chickadee","SoG","positive_numeric_count_given_detection","band_12_14","12–<14 km","within_band_12_14_early_egg_minus_baseline","within_band_period_minus_baseline","early_egg",4,14,0.0287990996036028,0.0142374313167303,0.00089424699044877,0.0567039522167568,1.02921780343894,1.0008946469485,1.05834244407761,0.0430964990204155,72498,"completed","chestnut_backed_chickadee__positive_numeric_count_given_detection__early_egg__13_bands",13,0.280127243632701,TRUE,FALSE
"SOG_DISTANCE_BAND_CONTROL_CHESTNUT_BACKED_CHICKADEE_v1","ctl_c0ffb64cc4d8","Chestnut-backed Chickadee","SoG","positive_numeric_count_given_detection","band_12_14","12–<14 km","within_band_12_14_late_egg_minus_baseline","within_band_period_minus_baseline","late_egg",15,28,0.0387787861348723,0.0134825343314736,0.0123535044248593,0.0652040678448853,1.03954049744163,1.01243012414292,1.06737681944818,0.00402464245554792,72498,"completed","chestnut_backed_chickadee__positive_numeric_count_given_detection__late_egg__13_bands",13,0.028639422533215,TRUE,TRUE
"SOG_DISTANCE_BAND_CONTROL_CHESTNUT_BACKED_CHICKADEE_v1","ctl_c0ffb64cc4d8","Chestnut-backed Chickadee","SoG","positive_numeric_count_given_detection","band_12_14","12–<14 km","within_band_12_14_active_0_14_minus_baseline","within_band_duration_weighted_active_minus_baseline","active_0_14",0,14,0.0248217114635821,0.0132698922793798,-0.00118679948272845,0.0508302224098927,1.025132334887,0.998813904485261,1.05214424760381,0.0614104655830342,72498,"completed","chestnut_backed_chickadee__positive_numeric_count_given_detection__active_0_14__13_bands",13,0.199584013144861,FALSE,FALSE
"SOG_DISTANCE_BAND_CONTROL_CHESTNUT_BACKED_CHICKADEE_v1","ctl_c0ffb64cc4d8","Chestnut-backed Chickadee","SoG","positive_numeric_count_given_detection","band_14_16","14–<16 km","within_band_14_16_early_pre_minus_baseline","within_band_period_minus_baseline","early_pre",-14,-8,0.000850405718131213,0.0168389782691532,-0.0321533852258618,0.0338541966621242,1.0008507674156,0.968358038870815,1.03443377183552,0.959722183530124,72498,"completed","chestnut_backed_chickadee__positive_numeric_count_given_detection__early_pre__13_bands",13,0.959722183530124,FALSE,FALSE
"SOG_DISTANCE_BAND_CONTROL_CHESTNUT_BACKED_CHICKADEE_v1","ctl_c0ffb64cc4d8","Chestnut-backed Chickadee","SoG","positive_numeric_count_given_detection","band_14_16","14–<16 km","within_band_14_16_immediate_pre_minus_baseline","within_band_period_minus_baseline","immediate_pre",-7,-1,0.00784328383575468,0.0170362664347626,-0.0255471848074085,0.0412337524789179,1.00787412296036,0.97477638324469,1.04209566952355,0.645238117008681,72498,"completed","chestnut_backed_chickadee__positive_numeric_count_given_detection__immediate_pre__13_bands",13,0.953961181141444,FALSE,FALSE
"SOG_DISTANCE_BAND_CONTROL_CHESTNUT_BACKED_CHICKADEE_v1","ctl_c0ffb64cc4d8","Chestnut-backed Chickadee","SoG","positive_numeric_count_given_detection","band_14_16","14–<16 km","within_band_14_16_spawn_start_minus_baseline","within_band_period_minus_baseline","spawn_start",0,3,-0.00132389321127736,0.0191611163811754,-0.0388789912219616,0.0362312047994069,0.998676982748738,0.96186709646626,1.03689555400766,0.944915833964383,72498,"completed","chestnut_backed_chickadee__positive_numeric_count_given_detection__spawn_start__13_bands",13,0.98885387890895,FALSE,FALSE
"SOG_DISTANCE_BAND_CONTROL_CHESTNUT_BACKED_CHICKADEE_v1","ctl_c0ffb64cc4d8","Chestnut-backed Chickadee","SoG","positive_numeric_count_given_detection","band_14_16","14–<16 km","within_band_14_16_early_egg_minus_baseline","within_band_period_minus_baseline","early_egg",4,14,-0.00458826750739272,0.0140492370260319,-0.0321242660886819,0.0229477310738965,0.995422242511563,0.968386237031939,1.02321305590186,0.74398192844584,72498,"completed","chestnut_backed_chickadee__positive_numeric_count_given_detection__early_egg__13_bands",13,0.805980422482993,FALSE,FALSE
"SOG_DISTANCE_BAND_CONTROL_CHESTNUT_BACKED_CHICKADEE_v1","ctl_c0ffb64cc4d8","Chestnut-backed Chickadee","SoG","positive_numeric_count_given_detection","band_14_16","14–<16 km","within_band_14_16_late_egg_minus_baseline","within_band_period_minus_baseline","late_egg",15,28,-0.0188200732077305,0.0132300877781716,-0.0447505687652504,0.0071104223497894,0.981355918581227,0.956235967207025,1.00713576142436,0.154875158012648,72498,"completed","chestnut_backed_chickadee__positive_numeric_count_given_detection__late_egg__13_bands",13,0.28762529345206,FALSE,FALSE
"SOG_DISTANCE_BAND_CONTROL_CHESTNUT_BACKED_CHICKADEE_v1","ctl_c0ffb64cc4d8","Chestnut-backed Chickadee","SoG","positive_numeric_count_given_detection","band_14_16","14–<16 km","within_band_14_16_active_0_14_minus_baseline","within_band_duration_weighted_active_minus_baseline","active_0_14",0,14,-0.00371776769509529,0.0130588790561739,-0.0293127003236606,0.02187716493347,0.996289134646805,0.971112749712083,1.02211822479889,0.775879574628259,72498,"completed","chestnut_backed_chickadee__positive_numeric_count_given_detection__active_0_14__13_bands",13,0.878221868079104,FALSE,FALSE
"SOG_DISTANCE_BAND_CONTROL_CHESTNUT_BACKED_CHICKADEE_v1","ctl_c0ffb64cc4d8","Chestnut-backed Chickadee","SoG","positive_numeric_count_given_detection","band_16_18","16–<18 km","within_band_16_18_early_pre_minus_baseline","within_band_period_minus_baseline","early_pre",-14,-8,-0.0182517680017566,0.0157932521494176,-0.0492059734133748,0.0127024374098616,0.981913786763351,0.951985025897848,1.01278345604924,0.247816674298309,72498,"completed","chestnut_backed_chickadee__positive_numeric_count_given_detection__early_pre__13_bands",13,0.831051218111401,FALSE,FALSE
"SOG_DISTANCE_BAND_CONTROL_CHESTNUT_BACKED_CHICKADEE_v1","ctl_c0ffb64cc4d8","Chestnut-backed Chickadee","SoG","positive_numeric_count_given_detection","band_16_18","16–<18 km","within_band_16_18_immediate_pre_minus_baseline","within_band_period_minus_baseline","immediate_pre",-7,-1,-0.0236953531134975,0.0160121187254217,-0.0550785291315033,0.00768782290450835,0.976583177468729,0.946410824215162,1.0077174500892,0.138916295456326,72498,"completed","chestnut_backed_chickadee__positive_numeric_count_given_detection__immediate_pre__13_bands",13,0.7196966734907,FALSE,FALSE
"SOG_DISTANCE_BAND_CONTROL_CHESTNUT_BACKED_CHICKADEE_v1","ctl_c0ffb64cc4d8","Chestnut-backed Chickadee","SoG","positive_numeric_count_given_detection","band_16_18","16–<18 km","within_band_16_18_spawn_start_minus_baseline","within_band_period_minus_baseline","spawn_start",0,3,-0.0564523501300634,0.0198417642614991,-0.0953414934723356,-0.0175632067877911,0.945111517863123,0.909062442565688,0.982590127336596,0.00443936425342439,72498,"completed","chestnut_backed_chickadee__positive_numeric_count_given_detection__spawn_start__13_bands",13,0.0577117352945171,TRUE,FALSE
"SOG_DISTANCE_BAND_CONTROL_CHESTNUT_BACKED_CHICKADEE_v1","ctl_c0ffb64cc4d8","Chestnut-backed Chickadee","SoG","positive_numeric_count_given_detection","band_16_18","16–<18 km","within_band_16_18_early_egg_minus_baseline","within_band_period_minus_baseline","early_egg",4,14,-0.0379940288068085,0.0131821785348574,-0.0638306239729059,-0.012157433640711,0.96271868945332,0.93816388854656,0.987916169379101,0.00394875344547395,72498,"completed","chestnut_backed_chickadee__positive_numeric_count_given_detection__early_egg__13_bands",13,0.0513337947911614,TRUE,FALSE
"SOG_DISTANCE_BAND_CONTROL_CHESTNUT_BACKED_CHICKADEE_v1","ctl_c0ffb64cc4d8","Chestnut-backed Chickadee","SoG","positive_numeric_count_given_detection","band_16_18","16–<18 km","within_band_16_18_late_egg_minus_baseline","within_band_period_minus_baseline","late_egg",15,28,-0.0233160318833025,0.0123712145518626,-0.0475631668499711,0.000931103083366074,0.976953686467516,0.953550238465376,1.00093153669441,0.0594703106908567,72498,"completed","chestnut_backed_chickadee__positive_numeric_count_given_detection__late_egg__13_bands",13,0.154622807796228,FALSE,FALSE
"SOG_DISTANCE_BAND_CONTROL_CHESTNUT_BACKED_CHICKADEE_v1","ctl_c0ffb64cc4d8","Chestnut-backed Chickadee","SoG","positive_numeric_count_given_detection","band_16_18","16–<18 km","within_band_16_18_active_0_14_minus_baseline","within_band_duration_weighted_active_minus_baseline","active_0_14",0,14,-0.0429162478263431,0.0124799907088616,-0.0673765801431062,-0.01845591550958,0.957991620587813,0.934843091696935,0.981713351970714,0.000584289087101053,72498,"completed","chestnut_backed_chickadee__positive_numeric_count_given_detection__active_0_14__13_bands",13,0.00759575813231369,TRUE,TRUE
"SOG_DISTANCE_BAND_CONTROL_CHESTNUT_BACKED_CHICKADEE_v1","ctl_c0ffb64cc4d8","Chestnut-backed Chickadee","SoG","positive_numeric_count_given_detection","band_18_20","18–<20 km","within_band_18_20_early_pre_minus_baseline","within_band_period_minus_baseline","early_pre",-14,-8,0.00861731381572734,0.0182260260418255,-0.0271050408075398,0.0443396684389944,1.00865454974547,0.973259004243137,1.04533736270277,0.636353967463309,72498,"completed","chestnut_backed_chickadee__positive_numeric_count_given_detection__early_pre__13_bands",13,0.959722183530124,FALSE,FALSE
"SOG_DISTANCE_BAND_CONTROL_CHESTNUT_BACKED_CHICKADEE_v1","ctl_c0ffb64cc4d8","Chestnut-backed Chickadee","SoG","positive_numeric_count_given_detection","band_18_20","18–<20 km","within_band_18_20_immediate_pre_minus_baseline","within_band_period_minus_baseline","immediate_pre",-7,-1,-0.0179613757934363,0.0175491511289914,-0.0523570799655099,0.0164343283786373,0.982198968281511,0.948989941039268,1.01657011478623,0.306076357466949,72498,"completed","chestnut_backed_chickadee__positive_numeric_count_given_detection__immediate_pre__13_bands",13,0.7196966734907,FALSE,FALSE
"SOG_DISTANCE_BAND_CONTROL_CHESTNUT_BACKED_CHICKADEE_v1","ctl_c0ffb64cc4d8","Chestnut-backed Chickadee","SoG","positive_numeric_count_given_detection","band_18_20","18–<20 km","within_band_18_20_spawn_start_minus_baseline","within_band_period_minus_baseline","spawn_start",0,3,0.0182957746352147,0.0205483598744012,-0.0219782706599795,0.058569819930409,1.01846416771291,0.978261491796846,1.06031901451003,0.373263811594203,72498,"completed","chestnut_backed_chickadee__positive_numeric_count_given_detection__spawn_start__13_bands",13,0.808738258454107,FALSE,FALSE
"SOG_DISTANCE_BAND_CONTROL_CHESTNUT_BACKED_CHICKADEE_v1","ctl_c0ffb64cc4d8","Chestnut-backed Chickadee","SoG","positive_numeric_count_given_detection","band_18_20","18–<20 km","within_band_18_20_early_egg_minus_baseline","within_band_period_minus_baseline","early_egg",4,14,0.0112187344536429,0.0145379183280286,-0.0172750618794779,0.0397125307867636,1.01128190044819,0.98287329647366,1.04051161613943,0.440299348314543,72498,"completed","chestnut_backed_chickadee__positive_numeric_count_given_detection__early_egg__13_bands",13,0.572389152808906,FALSE,FALSE
"SOG_DISTANCE_BAND_CONTROL_CHESTNUT_BACKED_CHICKADEE_v1","ctl_c0ffb64cc4d8","Chestnut-backed Chickadee","SoG","positive_numeric_count_given_detection","band_18_20","18–<20 km","within_band_18_20_late_egg_minus_baseline","within_band_period_minus_baseline","late_egg",15,28,0.00384681357632197,0.013953912948342,-0.0235023532458355,0.0311959803984794,1.00385422206031,0.97677167608226,1.03168767463671,0.782793921311835,72498,"completed","chestnut_backed_chickadee__positive_numeric_count_given_detection__late_egg__13_bands",13,0.782793921311835,FALSE,FALSE
"SOG_DISTANCE_BAND_CONTROL_CHESTNUT_BACKED_CHICKADEE_v1","ctl_c0ffb64cc4d8","Chestnut-backed Chickadee","SoG","positive_numeric_count_given_detection","band_18_20","18–<20 km","within_band_18_20_active_0_14_minus_baseline","within_band_duration_weighted_active_minus_baseline","active_0_14",0,14,0.0131059451687287,0.0136235328534755,-0.0135956885662816,0.0398075789037389,1.01319220449284,0.986496315383199,1.04061051950945,0.33604567477016,72498,"completed","chestnut_backed_chickadee__positive_numeric_count_given_detection__active_0_14__13_bands",13,0.546074221501509,FALSE,FALSE
"SOG_DISTANCE_BAND_CONTROL_CHESTNUT_BACKED_CHICKADEE_v1","ctl_c0ffb64cc4d8","Chestnut-backed Chickadee","SoG","positive_numeric_count_given_detection","band_20_22","20–<22 km","within_band_20_22_early_pre_minus_baseline","within_band_period_minus_baseline","early_pre",-14,-8,-0.021688534900752,0.0167956227879492,-0.0546073506630526,0.0112302808615487,0.978544970197827,0.946856857690273,1.01129357718893,0.196592505451486,72498,"completed","chestnut_backed_chickadee__positive_numeric_count_given_detection__early_pre__13_bands",13,0.831051218111401,FALSE,FALSE
"SOG_DISTANCE_BAND_CONTROL_CHESTNUT_BACKED_CHICKADEE_v1","ctl_c0ffb64cc4d8","Chestnut-backed Chickadee","SoG","positive_numeric_count_given_detection","band_20_22","20–<22 km","within_band_20_22_immediate_pre_minus_baseline","within_band_period_minus_baseline","immediate_pre",-7,-1,-0.00766382489036674,0.0169503294356405,-0.0408858601103112,0.0255582103295777,0.992365467337674,0.959938690991335,1.02588762178897,0.651172254003527,72498,"completed","chestnut_backed_chickadee__positive_numeric_count_given_detection__immediate_pre__13_bands",13,0.953961181141444,FALSE,FALSE
"SOG_DISTANCE_BAND_CONTROL_CHESTNUT_BACKED_CHICKADEE_v1","ctl_c0ffb64cc4d8","Chestnut-backed Chickadee","SoG","positive_numeric_count_given_detection","band_20_22","20–<22 km","within_band_20_22_spawn_start_minus_baseline","within_band_period_minus_baseline","spawn_start",0,3,-0.0413268482213449,0.0197111559746323,-0.0799600040252758,-0.00269369241741402,0.959515462767453,0.923153268063048,0.997309932316636,0.0360270279104271,72498,"completed","chestnut_backed_chickadee__positive_numeric_count_given_detection__spawn_start__13_bands",13,0.234175681417776,TRUE,FALSE
"SOG_DISTANCE_BAND_CONTROL_CHESTNUT_BACKED_CHICKADEE_v1","ctl_c0ffb64cc4d8","Chestnut-backed Chickadee","SoG","positive_numeric_count_given_detection","band_20_22","20–<22 km","within_band_20_22_early_egg_minus_baseline","within_band_period_minus_baseline","early_egg",4,14,-0.0201429802374329,0.0139421758247674,-0.047469142720102,0.00718318224523624,0.980058534286508,0.953639899411915,1.00720904318301,0.148527682368074,72498,"completed","chestnut_backed_chickadee__positive_numeric_count_given_detection__early_egg__13_bands",13,0.321809978464159,FALSE,FALSE
"SOG_DISTANCE_BAND_CONTROL_CHESTNUT_BACKED_CHICKADEE_v1","ctl_c0ffb64cc4d8","Chestnut-backed Chickadee","SoG","positive_numeric_count_given_detection","band_20_22","20–<22 km","within_band_20_22_late_egg_minus_baseline","within_band_period_minus_baseline","late_egg",15,28,-0.0234445648289483,0.0131227999286545,-0.0491647800654359,0.00227565040753926,0.976828123802078,0.952024242155971,1.00227824166515,0.0740099210313888,72498,"completed","chestnut_backed_chickadee__positive_numeric_count_given_detection__late_egg__13_bands",13,0.160354828901342,FALSE,FALSE
"SOG_DISTANCE_BAND_CONTROL_CHESTNUT_BACKED_CHICKADEE_v1","ctl_c0ffb64cc4d8","Chestnut-backed Chickadee","SoG","positive_numeric_count_given_detection","band_20_22","20–<22 km","within_band_20_22_active_0_14_minus_baseline","within_band_duration_weighted_active_minus_baseline","active_0_14",0,14,-0.0257920116998094,0.0130182263616195,-0.0513072665111735,-0.000276756888445369,0.97453776098376,0.949986726575287,0.99972328140521,0.0475662519518259,72498,"completed","chestnut_backed_chickadee__positive_numeric_count_given_detection__active_0_14__13_bands",13,0.199584013144861,TRUE,FALSE
"SOG_DISTANCE_BAND_CONTROL_CHESTNUT_BACKED_CHICKADEE_v1","ctl_c0ffb64cc4d8","Chestnut-backed Chickadee","SoG","positive_numeric_count_given_detection","band_22_24","22–<24 km","within_band_22_24_early_pre_minus_baseline","within_band_period_minus_baseline","early_pre",-14,-8,-0.00226235178155697,0.0143285168588018,-0.0303457287766835,0.0258210252135695,0.997740205407451,0.970110080592568,1.02615727575827,0.874542254162814,72498,"completed","chestnut_backed_chickadee__positive_numeric_count_given_detection__early_pre__13_bands",13,0.959722183530124,FALSE,FALSE
"SOG_DISTANCE_BAND_CONTROL_CHESTNUT_BACKED_CHICKADEE_v1","ctl_c0ffb64cc4d8","Chestnut-backed Chickadee","SoG","positive_numeric_count_given_detection","band_22_24","22–<24 km","within_band_22_24_immediate_pre_minus_baseline","within_band_period_minus_baseline","immediate_pre",-7,-1,-0.0136464506871434,0.0140720329992578,-0.0412271285549479,0.0139342271806611,0.986446240008984,0.959611150100178,1.01403176101724,0.332167695457246,72498,"completed","chestnut_backed_chickadee__positive_numeric_count_given_detection__immediate_pre__13_bands",13,0.7196966734907,FALSE,FALSE
"SOG_DISTANCE_BAND_CONTROL_CHESTNUT_BACKED_CHICKADEE_v1","ctl_c0ffb64cc4d8","Chestnut-backed Chickadee","SoG","positive_numeric_count_given_detection","band_22_24","22–<24 km","within_band_22_24_spawn_start_minus_baseline","within_band_period_minus_baseline","spawn_start",0,3,-0.0291349430727894,0.016486688288867,-0.0614482583433071,0.00317837219772824,0.971285387388102,0.940401602417495,1.00318342857824,0.0771981158362442,72498,"completed","chestnut_backed_chickadee__positive_numeric_count_given_detection__spawn_start__13_bands",13,0.334525168623725,FALSE,FALSE
"SOG_DISTANCE_BAND_CONTROL_CHESTNUT_BACKED_CHICKADEE_v1","ctl_c0ffb64cc4d8","Chestnut-backed Chickadee","SoG","positive_numeric_count_given_detection","band_22_24","22–<24 km","within_band_22_24_early_egg_minus_baseline","within_band_period_minus_baseline","early_egg",4,14,-0.0213389019392901,0.0119525535383589,-0.0447654763977604,0.00208767251918012,0.97888716159089,0.956221712098889,1.00208985322472,0.0742125589115103,72498,"completed","chestnut_backed_chickadee__positive_numeric_count_given_detection__early_egg__13_bands",13,0.321587755283211,FALSE,FALSE
"SOG_DISTANCE_BAND_CONTROL_CHESTNUT_BACKED_CHICKADEE_v1","ctl_c0ffb64cc4d8","Chestnut-backed Chickadee","SoG","positive_numeric_count_given_detection","band_22_24","22–<24 km","within_band_22_24_late_egg_minus_baseline","within_band_period_minus_baseline","late_egg",15,28,-0.0255892328320077,0.0114519238968022,-0.0480345912234336,-0.00314387444058177,0.974735396685057,0.953100817583945,0.996861062357754,0.0254507154747565,72498,"completed","chestnut_backed_chickadee__positive_numeric_count_given_detection__late_egg__13_bands",13,0.0827148252929585,TRUE,FALSE
"SOG_DISTANCE_BAND_CONTROL_CHESTNUT_BACKED_CHICKADEE_v1","ctl_c0ffb64cc4d8","Chestnut-backed Chickadee","SoG","positive_numeric_count_given_detection","band_22_24","22–<24 km","within_band_22_24_active_0_14_minus_baseline","within_band_duration_weighted_active_minus_baseline","active_0_14",0,14,-0.0234178462415566,0.0111790929222105,-0.0453284657489158,-0.00150722673419743,0.976854223618344,0.955683520969786,0.998493908561562,0.0361897107616573,72498,"completed","chestnut_backed_chickadee__positive_numeric_count_given_detection__active_0_14__13_bands",13,0.199584013144861,TRUE,FALSE
"SOG_DISTANCE_BAND_CONTROL_CHESTNUT_BACKED_CHICKADEE_v1","ctl_c0ffb64cc4d8","Chestnut-backed Chickadee","SoG","positive_numeric_count_given_detection","band_24_26","24–26 km","within_band_24_26_early_pre_minus_baseline","within_band_period_minus_baseline","early_pre",-14,-8,-0.0161568082506602,0.0164577416267027,-0.0484133891058631,0.0160997726045427,0.983973012870436,0.952739853383056,1.01623007226932,0.326240380430014,72498,"completed","chestnut_backed_chickadee__positive_numeric_count_given_detection__early_pre__13_bands",13,0.831051218111401,FALSE,FALSE
"SOG_DISTANCE_BAND_CONTROL_CHESTNUT_BACKED_CHICKADEE_v1","ctl_c0ffb64cc4d8","Chestnut-backed Chickadee","SoG","positive_numeric_count_given_detection","band_24_26","24–26 km","within_band_24_26_immediate_pre_minus_baseline","within_band_period_minus_baseline","immediate_pre",-7,-1,-0.00384914947160588,0.0161079662044668,-0.0354201830965491,0.0277218841533373,0.996158249008559,0.965199770412451,1.02810971105365,0.811137087422976,72498,"completed","chestnut_backed_chickadee__positive_numeric_count_given_detection__immediate_pre__13_bands",13,0.953961181141444,FALSE,FALSE
"SOG_DISTANCE_BAND_CONTROL_CHESTNUT_BACKED_CHICKADEE_v1","ctl_c0ffb64cc4d8","Chestnut-backed Chickadee","SoG","positive_numeric_count_given_detection","band_24_26","24–26 km","within_band_24_26_spawn_start_minus_baseline","within_band_period_minus_baseline","spawn_start",0,3,0.000427061930776778,0.0189204642372216,-0.0366563665449557,0.0375104904065093,1.00042715313471,0.964007343612848,1.03822288840484,0.981992133717066,72498,"completed","chestnut_backed_chickadee__positive_numeric_count_given_detection__spawn_start__13_bands",13,0.98885387890895,FALSE,FALSE
"SOG_DISTANCE_BAND_CONTROL_CHESTNUT_BACKED_CHICKADEE_v1","ctl_c0ffb64cc4d8","Chestnut-backed Chickadee","SoG","positive_numeric_count_given_detection","band_24_26","24–26 km","within_band_24_26_early_egg_minus_baseline","within_band_period_minus_baseline","early_egg",4,14,0.0136905881150904,0.0138086103243999,-0.0133737907972814,0.0407549670274621,1.01378473336054,0.986715241003364,1.04159684870156,0.321464432062409,72498,"completed","chestnut_backed_chickadee__positive_numeric_count_given_detection__early_egg__13_bands",13,0.522379702101415,FALSE,FALSE
"SOG_DISTANCE_BAND_CONTROL_CHESTNUT_BACKED_CHICKADEE_v1","ctl_c0ffb64cc4d8","Chestnut-backed Chickadee","SoG","positive_numeric_count_given_detection","band_24_26","24–26 km","within_band_24_26_late_egg_minus_baseline","within_band_period_minus_baseline","late_egg",15,28,-0.0312682383696423,0.0126976564804635,-0.0561551877594124,-0.00638128897987219,0.969215557403545,0.945392411175695,0.993639028205069,0.0137964316450546,72498,"completed","chestnut_backed_chickadee__positive_numeric_count_given_detection__late_egg__13_bands",13,0.0597845371285699,TRUE,FALSE
"SOG_DISTANCE_BAND_CONTROL_CHESTNUT_BACKED_CHICKADEE_v1","ctl_c0ffb64cc4d8","Chestnut-backed Chickadee","SoG","positive_numeric_count_given_detection","band_24_26","24–26 km","within_band_24_26_active_0_14_minus_baseline","within_band_duration_weighted_active_minus_baseline","active_0_14",0,14,0.0101536477992734,0.0128313239498379,-0.0149952850163751,0.0353025806149219,1.01020537099256,0.985116584400677,1.03593311466082,0.42875889302356,72498,"completed","chestnut_backed_chickadee__positive_numeric_count_given_detection__active_0_14__13_bands",13,0.619318401034031,FALSE,FALSE
