"model_version_id","analysis_taxon_id","unit_label","region","outcome","band","band_label","contrast","contrast_type","period","minimum_day","maximum_day","estimate","standard_error","conf_low","conf_high","ratio","ratio_conf_low","ratio_conf_high","p_value","n","status","stage","bh_family_id","bh_family_size","p_value_bh_13","significant_nominal_0_05","significant_bh_0_05"
"SOG_STAGED_REFIT_S2_DISTANCE_BALD_EAGLE_v1","atx_fc0a9b777dcd","Bald Eagle","SoG","detection","band_0_2","0–<2 km","within_band_0_2_early_pre_minus_baseline","within_band_period_minus_baseline","early_pre",-14,-8,0.00632746006402992,0.0608292715270505,-0.112895721334797,0.125550641462857,1.00634752072816,0.893243801530925,1.13377258340891,0.917153486880602,217199,"completed","s2_detectability","bald_eagle__detection__early_pre__13_bands",13,0.917153486880602,FALSE,FALSE
"SOG_STAGED_REFIT_S2_DISTANCE_BALD_EAGLE_v1","atx_fc0a9b777dcd","Bald Eagle","SoG","detection","band_0_2","0–<2 km","within_band_0_2_immediate_pre_minus_baseline","within_band_period_minus_baseline","immediate_pre",-7,-1,0.0133392673703257,0.0597687163806407,-0.103805264137919,0.130483798878571,1.01342863230949,0.901400815395694,1.13937948051871,0.823394307049331,217199,"completed","s2_detectability","bald_eagle__detection__immediate_pre__13_bands",13,0.902675462520361,FALSE,FALSE
"SOG_STAGED_REFIT_S2_DISTANCE_BALD_EAGLE_v1","atx_fc0a9b777dcd","Bald Eagle","SoG","detection","band_0_2","0–<2 km","within_band_0_2_spawn_start_minus_baseline","within_band_period_minus_baseline","spawn_start",0,3,0.277902063361141,0.0702503278733604,0.140213950827224,0.415590175895058,1.32035687956185,1.15051992721677,1.51526474958469,7.62525412720059e-05,217199,"completed","s2_detectability","bald_eagle__detection__spawn_start__13_bands",13,0.000991283036536076,TRUE,TRUE
"SOG_STAGED_REFIT_S2_DISTANCE_BALD_EAGLE_v1","atx_fc0a9b777dcd","Bald Eagle","SoG","detection","band_0_2","0–<2 km","within_band_0_2_early_egg_minus_baseline","within_band_period_minus_baseline","early_egg",4,14,0.0529112425784354,0.049900788086712,-0.0448925048716855,0.150714990028556,1.05433606081605,0.956100252428648,1.16266523966853,0.288995042937338,217199,"completed","s2_detectability","bald_eagle__detection__early_egg__13_bands",13,0.737796516744879,FALSE,FALSE
"SOG_STAGED_REFIT_S2_DISTANCE_BALD_EAGLE_v1","atx_fc0a9b777dcd","Bald Eagle","SoG","detection","band_0_2","0–<2 km","within_band_0_2_late_egg_minus_baseline","within_band_period_minus_baseline","late_egg",15,28,-0.00841894491560622,0.0480913309495175,-0.102676221545257,0.0858383317140445,0.991616395156227,0.902419110050184,1.08963015542518,0.861031237997629,217199,"completed","s2_detectability","bald_eagle__detection__late_egg__13_bands",13,0.861031237997629,FALSE,FALSE
"SOG_STAGED_REFIT_S2_DISTANCE_BALD_EAGLE_v1","atx_fc0a9b777dcd","Bald Eagle","SoG","detection","band_0_2","0–<2 km","within_band_0_2_active_0_14_minus_baseline","within_band_duration_weighted_active_minus_baseline","active_0_14",0,14,0.112908794787157,0.0462344592094877,0.0222909198918748,0.203526669682439,1.11952982133646,1.02254121878437,1.22571784671103,0.0146024319911188,217199,"completed","s2_detectability","bald_eagle__detection__active_0_14__13_bands",13,0.0474579039711361,TRUE,TRUE
"SOG_STAGED_REFIT_S2_DISTANCE_BALD_EAGLE_v1","atx_fc0a9b777dcd","Bald Eagle","SoG","detection","band_2_4","2–<4 km","within_band_2_4_early_pre_minus_baseline","within_band_period_minus_baseline","early_pre",-14,-8,0.011851236387805,0.0473299596437223,-0.080913779903625,0.104616252679235,1.01192174053492,0.92227320650141,1.11028445990711,0.802281060359043,217199,"completed","s2_detectability","bald_eagle__detection__early_pre__13_bands",13,0.869137815388963,FALSE,FALSE
"SOG_STAGED_REFIT_S2_DISTANCE_BALD_EAGLE_v1","atx_fc0a9b777dcd","Bald Eagle","SoG","detection","band_2_4","2–<4 km","within_band_2_4_immediate_pre_minus_baseline","within_band_period_minus_baseline","immediate_pre",-7,-1,0.142459258469813,0.0480274915921597,0.0483271046813801,0.236591412258247,1.15310610069334,1.04951390009282,1.26692336265257,0.00301502046065036,217199,"completed","s2_detectability","bald_eagle__detection__immediate_pre__13_bands",13,0.0195976329942273,TRUE,TRUE
"SOG_STAGED_REFIT_S2_DISTANCE_BALD_EAGLE_v1","atx_fc0a9b777dcd","Bald Eagle","SoG","detection","band_2_4","2–<4 km","within_band_2_4_spawn_start_minus_baseline","within_band_period_minus_baseline","spawn_start",0,3,0.186944332867968,0.0573028421327333,0.0746328260760263,0.29925583965991,1.20556017310465,1.07748845258086,1.34885466985276,0.00110476265586788,217199,"completed","s2_detectability","bald_eagle__detection__spawn_start__13_bands",13,0.00718095726314119,TRUE,TRUE
"SOG_STAGED_REFIT_S2_DISTANCE_BALD_EAGLE_v1","atx_fc0a9b777dcd","Bald Eagle","SoG","detection","band_2_4","2–<4 km","within_band_2_4_early_egg_minus_baseline","within_band_period_minus_baseline","early_egg",4,14,0.0872032024169947,0.0389861352642353,0.0107917814026865,0.163614623431303,1.09111837508404,1.01085022271503,1.17776034638285,0.0253010665415407,217199,"completed","s2_detectability","bald_eagle__detection__early_egg__13_bands",13,0.109637955013343,TRUE,FALSE
"SOG_STAGED_REFIT_S2_DISTANCE_BALD_EAGLE_v1","atx_fc0a9b777dcd","Bald Eagle","SoG","detection","band_2_4","2–<4 km","within_band_2_4_late_egg_minus_baseline","within_band_period_minus_baseline","late_egg",15,28,0.0753870793437077,0.035999243596542,0.00482985842380113,0.145944300263614,1.07830145833469,1.00484154099081,1.15713173432322,0.0362484424853554,217199,"completed","s2_detectability","bald_eagle__detection__late_egg__13_bands",13,0.202729485301797,TRUE,FALSE
"SOG_STAGED_REFIT_S2_DISTANCE_BALD_EAGLE_v1","atx_fc0a9b777dcd","Bald Eagle","SoG","detection","band_2_4","2–<4 km","within_band_2_4_active_0_14_minus_baseline","within_band_duration_weighted_active_minus_baseline","active_0_14",0,14,0.113800837203921,0.0362076021255574,0.0428352410712724,0.184766433336569,1.12052893498355,1.04376591092973,1.20293744122852,0.00167220416685743,217199,"completed","s2_detectability","bald_eagle__detection__active_0_14__13_bands",13,0.00724621805638218,TRUE,TRUE
"SOG_STAGED_REFIT_S2_DISTANCE_BALD_EAGLE_v1","atx_fc0a9b777dcd","Bald Eagle","SoG","detection","band_4_6","4–<6 km","within_band_4_6_early_pre_minus_baseline","within_band_period_minus_baseline","early_pre",-14,-8,0.015204823584756,0.0389545101227976,-0.0611446132913282,0.0915542604608403,1.01532100500737,0.940687194067994,1.09587623782902,0.696298053268569,217199,"completed","s2_detectability","bald_eagle__detection__early_pre__13_bands",13,0.853193448655246,FALSE,FALSE
"SOG_STAGED_REFIT_S2_DISTANCE_BALD_EAGLE_v1","atx_fc0a9b777dcd","Bald Eagle","SoG","detection","band_4_6","4–<6 km","within_band_4_6_immediate_pre_minus_baseline","within_band_period_minus_baseline","immediate_pre",-7,-1,-0.0238946271670918,0.0402766742653035,-0.102835458144138,0.0550462038099543,0.976388589169127,0.902275423340729,1.05658943200503,0.553005711957526,217199,"completed","s2_detectability","bald_eagle__detection__immediate_pre__13_bands",13,0.89863428193098,FALSE,FALSE
"SOG_STAGED_REFIT_S2_DISTANCE_BALD_EAGLE_v1","atx_fc0a9b777dcd","Bald Eagle","SoG","detection","band_4_6","4–<6 km","within_band_4_6_spawn_start_minus_baseline","within_band_period_minus_baseline","spawn_start",0,3,0.0828298504066443,0.0489198182361808,-0.0130512314665158,0.178710932279804,1.08635694962863,0.987033566547836,1.19567506314308,0.0904220171635848,217199,"completed","s2_detectability","bald_eagle__detection__spawn_start__13_bands",13,0.1959143705211,FALSE,FALSE
"SOG_STAGED_REFIT_S2_DISTANCE_BALD_EAGLE_v1","atx_fc0a9b777dcd","Bald Eagle","SoG","detection","band_4_6","4–<6 km","within_band_4_6_early_egg_minus_baseline","within_band_period_minus_baseline","early_egg",4,14,-0.00752202766302435,0.0344240515244549,-0.0749919288529072,0.0599478735268584,0.992506191986399,0.927750974312914,1.06178119819371,0.827031130291498,217199,"completed","s2_detectability","bald_eagle__detection__early_egg__13_bands",13,0.895950391149123,FALSE,FALSE
"SOG_STAGED_REFIT_S2_DISTANCE_BALD_EAGLE_v1","atx_fc0a9b777dcd","Bald Eagle","SoG","detection","band_4_6","4–<6 km","within_band_4_6_late_egg_minus_baseline","within_band_period_minus_baseline","late_egg",15,28,-0.0630217660350058,0.0315631581256877,-0.124884419199696,-0.00115911287031509,0.938923036835032,0.882598908177692,0.99884155864153,0.0458591314085031,217199,"completed","s2_detectability","bald_eagle__detection__late_egg__13_bands",13,0.202729485301797,TRUE,FALSE
"SOG_STAGED_REFIT_S2_DISTANCE_BALD_EAGLE_v1","atx_fc0a9b777dcd","Bald Eagle","SoG","detection","band_4_6","4–<6 km","within_band_4_6_active_0_14_minus_baseline","within_band_duration_weighted_active_minus_baseline","active_0_14",0,14,0.0165718064888873,0.0316644490469579,-0.0454893732334537,0.0786329862112283,1.01670988053169,0.955529756709654,1.08180721103892,0.600725942208598,217199,"completed","s2_detectability","bald_eagle__detection__active_0_14__13_bands",13,0.828961803901285,FALSE,FALSE
"SOG_STAGED_REFIT_S2_DISTANCE_BALD_EAGLE_v1","atx_fc0a9b777dcd","Bald Eagle","SoG","detection","band_6_8","6–<8 km","within_band_6_8_early_pre_minus_baseline","within_band_period_minus_baseline","early_pre",-14,-8,0.0234088485863893,0.0360777959329681,-0.0473023320838139,0.0941200292565925,1.02368498616024,0.953798989958954,1.0986916131406,0.516439444176843,217199,"completed","s2_detectability","bald_eagle__detection__early_pre__13_bands",13,0.803822085523509,FALSE,FALSE
"SOG_STAGED_REFIT_S2_DISTANCE_BALD_EAGLE_v1","atx_fc0a9b777dcd","Bald Eagle","SoG","detection","band_6_8","6–<8 km","within_band_6_8_immediate_pre_minus_baseline","within_band_period_minus_baseline","immediate_pre",-7,-1,0.0266651848177892,0.0369567539997903,-0.0457687220073064,0.0990990916428849,1.02702388200357,0.955262867923001,1.10417570872304,0.47058718247906,217199,"completed","s2_detectability","bald_eagle__detection__immediate_pre__13_bands",13,0.89863428193098,FALSE,FALSE
"SOG_STAGED_REFIT_S2_DISTANCE_BALD_EAGLE_v1","atx_fc0a9b777dcd","Bald Eagle","SoG","detection","band_6_8","6–<8 km","within_band_6_8_spawn_start_minus_baseline","within_band_period_minus_baseline","spawn_start",0,3,-0.0480380021648527,0.0446158815777312,-0.13548352319571,0.0394075188660045,0.953097566618434,0.873293551896879,1.04019429608848,0.281613486320993,217199,"completed","s2_detectability","bald_eagle__detection__spawn_start__13_bands",13,0.40677503579699,FALSE,FALSE
"SOG_STAGED_REFIT_S2_DISTANCE_BALD_EAGLE_v1","atx_fc0a9b777dcd","Bald Eagle","SoG","detection","band_6_8","6–<8 km","within_band_6_8_early_egg_minus_baseline","within_band_period_minus_baseline","early_egg",4,14,0.00913534251537842,0.0318569357410946,-0.0533031041949739,0.0715737892257307,1.00917719711175,0.948092598082541,1.07419741197228,0.774294947841059,217199,"completed","s2_detectability","bald_eagle__detection__early_egg__13_bands",13,0.895950391149123,FALSE,FALSE
"SOG_STAGED_REFIT_S2_DISTANCE_BALD_EAGLE_v1","atx_fc0a9b777dcd","Bald Eagle","SoG","detection","band_6_8","6–<8 km","within_band_6_8_late_egg_minus_baseline","within_band_period_minus_baseline","late_egg",15,28,0.0239571642618529,0.0292859749483149,-0.0334422918889866,0.0813566204126923,1.0242464425985,0.967110719753863,1.08475767432573,0.413333073910498,217199,"completed","s2_detectability","bald_eagle__detection__late_egg__13_bands",13,0.537332996083648,FALSE,FALSE
"SOG_STAGED_REFIT_S2_DISTANCE_BALD_EAGLE_v1","atx_fc0a9b777dcd","Bald Eagle","SoG","detection","band_6_8","6–<8 km","within_band_6_8_active_0_14_minus_baseline","within_band_duration_weighted_active_minus_baseline","active_0_14",0,14,-0.00611088273268321,0.0292195048114034,-0.0633800598091288,0.0511582943437624,0.993907750736235,0.93858668681621,1.0524894832298,0.834341207183249,217199,"completed","s2_detectability","bald_eagle__detection__active_0_14__13_bands",13,0.834341207183249,FALSE,FALSE
"SOG_STAGED_REFIT_S2_DISTANCE_BALD_EAGLE_v1","atx_fc0a9b777dcd","Bald Eagle","SoG","detection","band_8_10","8–<10 km","within_band_8_10_early_pre_minus_baseline","within_band_period_minus_baseline","early_pre",-14,-8,-0.0608726260353165,0.0350332873669264,-0.129536607534534,0.00779135546390117,0.940943083794468,0.878502428019621,1.00782178705699,0.0822874306958318,217199,"completed","s2_detectability","bald_eagle__detection__early_pre__13_bands",13,0.356578866348604,FALSE,FALSE
"SOG_STAGED_REFIT_S2_DISTANCE_BALD_EAGLE_v1","atx_fc0a9b777dcd","Bald Eagle","SoG","detection","band_8_10","8–<10 km","within_band_8_10_immediate_pre_minus_baseline","within_band_period_minus_baseline","immediate_pre",-7,-1,-0.13427187412299,0.0354400140775663,-0.203733025326613,-0.0648107229193679,0.874352318516513,0.815680108051321,0.937244845557888,0.000151432616918432,217199,"completed","s2_detectability","bald_eagle__detection__immediate_pre__13_bands",13,0.00196862401993962,TRUE,TRUE
"SOG_STAGED_REFIT_S2_DISTANCE_BALD_EAGLE_v1","atx_fc0a9b777dcd","Bald Eagle","SoG","detection","band_8_10","8–<10 km","within_band_8_10_spawn_start_minus_baseline","within_band_period_minus_baseline","spawn_start",0,3,-0.0974195554859983,0.0440525488246238,-0.183760964609453,-0.0110781463625433,0.907175315897971,0.832134689695883,0.988982990332191,0.02700540302877,217199,"completed","s2_detectability","bald_eagle__detection__spawn_start__13_bands",13,0.11702341312467,TRUE,FALSE
"SOG_STAGED_REFIT_S2_DISTANCE_BALD_EAGLE_v1","atx_fc0a9b777dcd","Bald Eagle","SoG","detection","band_8_10","8–<10 km","within_band_8_10_early_egg_minus_baseline","within_band_period_minus_baseline","early_egg",4,14,-0.090459081641546,0.0301154561514969,-0.149484291076475,-0.0314338722066168,0.913511712535917,0.86115196568382,0.969055035806188,0.00266680750807274,217199,"completed","s2_detectability","bald_eagle__detection__early_egg__13_bands",13,0.0173342488024728,TRUE,TRUE
"SOG_STAGED_REFIT_S2_DISTANCE_BALD_EAGLE_v1","atx_fc0a9b777dcd","Bald Eagle","SoG","detection","band_8_10","8–<10 km","within_band_8_10_late_egg_minus_baseline","within_band_period_minus_baseline","late_egg",15,28,-0.0340121533686391,0.0277507283147818,-0.0884025814103672,0.0203782746730891,0.966559757609078,0.915392282617561,1.02058732935553,0.22033756016636,217199,"completed","s2_detectability","bald_eagle__detection__late_egg__13_bands",13,0.40919832602324,FALSE,FALSE
"SOG_STAGED_REFIT_S2_DISTANCE_BALD_EAGLE_v1","atx_fc0a9b777dcd","Bald Eagle","SoG","detection","band_8_10","8–<10 km","within_band_8_10_active_0_14_minus_baseline","within_band_duration_weighted_active_minus_baseline","active_0_14",0,14,-0.0923152080000666,0.0277377567824276,-0.146680212305556,-0.0379502036945769,0.911817692011889,0.863570092353711,0.962760881632465,0.000874271253208117,217199,"completed","s2_detectability","bald_eagle__detection__active_0_14__13_bands",13,0.00568276314585276,TRUE,TRUE
"SOG_STAGED_REFIT_S2_DISTANCE_BALD_EAGLE_v1","atx_fc0a9b777dcd","Bald Eagle","SoG","detection","band_10_12","10–<12 km","within_band_10_12_early_pre_minus_baseline","within_band_period_minus_baseline","early_pre",-14,-8,0.0239218636606955,0.0337977624793805,-0.0423205335569294,0.0901642608783204,1.02421028672151,0.958562479883808,1.0943540284962,0.479073006128825,217199,"completed","s2_detectability","bald_eagle__detection__early_pre__13_bands",13,0.803822085523509,FALSE,FALSE
"SOG_STAGED_REFIT_S2_DISTANCE_BALD_EAGLE_v1","atx_fc0a9b777dcd","Bald Eagle","SoG","detection","band_10_12","10–<12 km","within_band_10_12_immediate_pre_minus_baseline","within_band_period_minus_baseline","immediate_pre",-7,-1,0.0632005274177036,0.0344834711104433,-0.00438583402069267,0.1307868888561,1.06524042772762,0.995623769704092,1.13972486735886,0.0668356775386936,217199,"completed","s2_detectability","bald_eagle__detection__immediate_pre__13_bands",13,0.289621269334339,FALSE,FALSE
"SOG_STAGED_REFIT_S2_DISTANCE_BALD_EAGLE_v1","atx_fc0a9b777dcd","Bald Eagle","SoG","detection","band_10_12","10–<12 km","within_band_10_12_spawn_start_minus_baseline","within_band_period_minus_baseline","spawn_start",0,3,0.0659556469669235,0.0421132566094151,-0.0165848192592235,0.14849611319307,1.06817933912176,0.983551951704634,1.16008828872646,0.11731367098073,217199,"completed","s2_detectability","bald_eagle__detection__spawn_start__13_bands",13,0.21786824610707,FALSE,FALSE
"SOG_STAGED_REFIT_S2_DISTANCE_BALD_EAGLE_v1","atx_fc0a9b777dcd","Bald Eagle","SoG","detection","band_10_12","10–<12 km","within_band_10_12_early_egg_minus_baseline","within_band_period_minus_baseline","early_egg",4,14,0.103346476242263,0.0289626713963438,0.0465806834093606,0.160112269075165,1.10887554155655,1.04768260626312,1.17364262736794,0.000359353450004817,217199,"completed","s2_detectability","bald_eagle__detection__early_egg__13_bands",13,0.00467159485006262,TRUE,TRUE
"SOG_STAGED_REFIT_S2_DISTANCE_BALD_EAGLE_v1","atx_fc0a9b777dcd","Bald Eagle","SoG","detection","band_10_12","10–<12 km","within_band_10_12_late_egg_minus_baseline","within_band_period_minus_baseline","late_egg",15,28,0.0374872326117502,0.026228131837412,-0.0139189611713456,0.0888934263948461,1.03819874191079,0.986177459690871,1.09296416898741,0.152924995170315,217199,"completed","s2_detectability","bald_eagle__detection__late_egg__13_bands",13,0.332857875616091,FALSE,FALSE
"SOG_STAGED_REFIT_S2_DISTANCE_BALD_EAGLE_v1","atx_fc0a9b777dcd","Bald Eagle","SoG","detection","band_10_12","10–<12 km","within_band_10_12_active_0_14_minus_baseline","within_band_duration_weighted_active_minus_baseline","active_0_14",0,14,0.0933755884355057,0.026972108889201,0.0405112264255791,0.146239950445432,1.09787400662159,1.04134300019659,1.15747389110773,0.000536314003101585,217199,"completed","s2_detectability","bald_eagle__detection__active_0_14__13_bands",13,0.00568276314585276,TRUE,TRUE
"SOG_STAGED_REFIT_S2_DISTANCE_BALD_EAGLE_v1","atx_fc0a9b777dcd","Bald Eagle","SoG","detection","band_12_14","12–<14 km","within_band_12_14_early_pre_minus_baseline","within_band_period_minus_baseline","early_pre",-14,-8,-0.0157140573180299,0.0441559058204726,-0.102258042430899,0.0708299277948389,0.984408764297125,0.902796561790121,1.0733986550674,0.7219329180929,217199,"completed","s2_detectability","bald_eagle__detection__early_pre__13_bands",13,0.853193448655246,FALSE,FALSE
"SOG_STAGED_REFIT_S2_DISTANCE_BALD_EAGLE_v1","atx_fc0a9b777dcd","Bald Eagle","SoG","detection","band_12_14","12–<14 km","within_band_12_14_immediate_pre_minus_baseline","within_band_period_minus_baseline","immediate_pre",-7,-1,-0.00583238691783282,0.0426287437832224,-0.0893831894391345,0.0777184156034689,0.994184588432443,0.914495081568925,1.08081827425563,0.891174517338984,217199,"completed","s2_detectability","bald_eagle__detection__immediate_pre__13_bands",13,0.902675462520361,FALSE,FALSE
"SOG_STAGED_REFIT_S2_DISTANCE_BALD_EAGLE_v1","atx_fc0a9b777dcd","Bald Eagle","SoG","detection","band_12_14","12–<14 km","within_band_12_14_spawn_start_minus_baseline","within_band_period_minus_baseline","spawn_start",0,3,-0.00997021250130128,0.0500794689908847,-0.108124168088326,0.0881837430857231,0.99007932529654,0.897516146647154,1.09218878573003,0.842194045734222,217199,"completed","s2_detectability","bald_eagle__detection__spawn_start__13_bands",13,0.915661845853719,FALSE,FALSE
"SOG_STAGED_REFIT_S2_DISTANCE_BALD_EAGLE_v1","atx_fc0a9b777dcd","Bald Eagle","SoG","detection","band_12_14","12–<14 km","within_band_12_14_early_egg_minus_baseline","within_band_period_minus_baseline","early_egg",4,14,-0.0304837923364307,0.0360116575659959,-0.101065344189372,0.0400977595165106,0.969976152986968,0.903873968044377,1.04091252832409,0.397275047478012,217199,"completed","s2_detectability","bald_eagle__detection__early_egg__13_bands",13,0.737796516744879,FALSE,FALSE
"SOG_STAGED_REFIT_S2_DISTANCE_BALD_EAGLE_v1","atx_fc0a9b777dcd","Bald Eagle","SoG","detection","band_12_14","12–<14 km","within_band_12_14_late_egg_minus_baseline","within_band_period_minus_baseline","late_egg",15,28,-0.0111299642468874,0.0335435365868852,-0.076874087871284,0.0546141593775092,0.988931744653712,0.926006441708694,1.05613303702211,0.740035358369723,217199,"completed","s2_detectability","bald_eagle__detection__late_egg__13_bands",13,0.8017049715672,FALSE,FALSE
"SOG_STAGED_REFIT_S2_DISTANCE_BALD_EAGLE_v1","atx_fc0a9b777dcd","Bald Eagle","SoG","detection","band_12_14","12–<14 km","within_band_12_14_active_0_14_minus_baseline","within_band_duration_weighted_active_minus_baseline","active_0_14",0,14,-0.0250135043803962,0.0331314695755886,-0.0899499915034344,0.0399229827426421,0.975296741161209,0.913976890738589,1.04073061688792,0.450262658138026,217199,"completed","s2_detectability","bald_eagle__detection__active_0_14__13_bands",13,0.731676819474293,FALSE,FALSE
"SOG_STAGED_REFIT_S2_DISTANCE_BALD_EAGLE_v1","atx_fc0a9b777dcd","Bald Eagle","SoG","detection","band_14_16","14–<16 km","within_band_14_16_early_pre_minus_baseline","within_band_period_minus_baseline","early_pre",-14,-8,0.0829301151893533,0.0395496300222041,0.00541426474394908,0.160445965634757,1.0864658784329,1.00542894836368,1.17403433322669,0.0360057957512498,217199,"completed","s2_detectability","bald_eagle__detection__early_pre__13_bands",13,0.234037672383124,TRUE,FALSE
"SOG_STAGED_REFIT_S2_DISTANCE_BALD_EAGLE_v1","atx_fc0a9b777dcd","Bald Eagle","SoG","detection","band_14_16","14–<16 km","within_band_14_16_immediate_pre_minus_baseline","within_band_period_minus_baseline","immediate_pre",-7,-1,0.0257355619059273,0.0383797289898455,-0.0494873246505778,0.100958448462432,1.02606958071073,0.951717221408341,1.10623067522298,0.502506668938054,217199,"completed","s2_detectability","bald_eagle__detection__immediate_pre__13_bands",13,0.89863428193098,FALSE,FALSE
"SOG_STAGED_REFIT_S2_DISTANCE_BALD_EAGLE_v1","atx_fc0a9b777dcd","Bald Eagle","SoG","detection","band_14_16","14–<16 km","within_band_14_16_spawn_start_minus_baseline","within_band_period_minus_baseline","spawn_start",0,3,0.0598198027229605,0.0459226538212197,-0.0301869448411309,0.149826550287052,1.06164522372945,0.970264130719103,1.16163274038816,0.19270426296316,217199,"completed","s2_detectability","bald_eagle__detection__spawn_start__13_bands",13,0.313144427315135,FALSE,FALSE
"SOG_STAGED_REFIT_S2_DISTANCE_BALD_EAGLE_v1","atx_fc0a9b777dcd","Bald Eagle","SoG","detection","band_14_16","14–<16 km","within_band_14_16_early_egg_minus_baseline","within_band_period_minus_baseline","early_egg",4,14,0.029901055651941,0.0318255026529468,-0.0324757833377187,0.0922778946416007,1.03035258134535,0.968045892387904,1.09666953832766,0.347458033516893,217199,"completed","s2_detectability","bald_eagle__detection__early_egg__13_bands",13,0.737796516744879,FALSE,FALSE
"SOG_STAGED_REFIT_S2_DISTANCE_BALD_EAGLE_v1","atx_fc0a9b777dcd","Bald Eagle","SoG","detection","band_14_16","14–<16 km","within_band_14_16_late_egg_minus_baseline","within_band_period_minus_baseline","late_egg",15,28,0.0214675352075432,0.0305135108089721,-0.0383378470199158,0.0812729174350021,1.02169962053283,0.962387746129219,1.08466688067822,0.481718066943984,217199,"completed","s2_detectability","bald_eagle__detection__late_egg__13_bands",13,0.569303170024709,FALSE,FALSE
"SOG_STAGED_REFIT_S2_DISTANCE_BALD_EAGLE_v1","atx_fc0a9b777dcd","Bald Eagle","SoG","detection","band_14_16","14–<16 km","within_band_14_16_active_0_14_minus_baseline","within_band_duration_weighted_active_minus_baseline","active_0_14",0,14,0.0378793882042129,0.0296628607713833,-0.0202587505861243,0.0960175269945501,1.03860595719417,0.979945079135754,1.10077835716117,0.201603258940391,217199,"completed","s2_detectability","bald_eagle__detection__active_0_14__13_bands",13,0.37440605231787,FALSE,FALSE
"SOG_STAGED_REFIT_S2_DISTANCE_BALD_EAGLE_v1","atx_fc0a9b777dcd","Bald Eagle","SoG","detection","band_16_18","16–<18 km","within_band_16_18_early_pre_minus_baseline","within_band_period_minus_baseline","early_pre",-14,-8,0.0834884413397732,0.0338049015078893,0.0172320518833864,0.14974483079616,1.08707265011685,1.01738138020074,1.16153781623064,0.0135221080876374,217199,"completed","s2_detectability","bald_eagle__detection__early_pre__13_bands",13,0.175787405139287,TRUE,FALSE
"SOG_STAGED_REFIT_S2_DISTANCE_BALD_EAGLE_v1","atx_fc0a9b777dcd","Bald Eagle","SoG","detection","band_16_18","16–<18 km","within_band_16_18_immediate_pre_minus_baseline","within_band_period_minus_baseline","immediate_pre",-7,-1,-0.00423115624902321,0.0346015476039778,-0.0720489433621678,0.0635866308641214,0.99577778248108,0.930485353615067,1.06565180013907,0.902675462520361,217199,"completed","s2_detectability","bald_eagle__detection__immediate_pre__13_bands",13,0.902675462520361,FALSE,FALSE
"SOG_STAGED_REFIT_S2_DISTANCE_BALD_EAGLE_v1","atx_fc0a9b777dcd","Bald Eagle","SoG","detection","band_16_18","16–<18 km","within_band_16_18_spawn_start_minus_baseline","within_band_period_minus_baseline","spawn_start",0,3,0.0864393727984008,0.0416890191517226,0.00473039671022382,0.168148348886578,1.09028526476943,1.00474160269937,1.18311211099421,0.038132034461067,217199,"completed","s2_detectability","bald_eagle__detection__spawn_start__13_bands",13,0.123929111998468,TRUE,FALSE
"SOG_STAGED_REFIT_S2_DISTANCE_BALD_EAGLE_v1","atx_fc0a9b777dcd","Bald Eagle","SoG","detection","band_16_18","16–<18 km","within_band_16_18_early_egg_minus_baseline","within_band_period_minus_baseline","early_egg",4,14,0.0202125105100834,0.0288606338220285,-0.036353292352091,0.0767783133722578,1.02041816657206,0.964299553638851,1.07980267204422,0.483709497384084,217199,"completed","s2_detectability","bald_eagle__detection__early_egg__13_bands",13,0.786027933249137,FALSE,FALSE
"SOG_STAGED_REFIT_S2_DISTANCE_BALD_EAGLE_v1","atx_fc0a9b777dcd","Bald Eagle","SoG","detection","band_16_18","16–<18 km","within_band_16_18_late_egg_minus_baseline","within_band_period_minus_baseline","late_egg",15,28,0.0267677046688453,0.027311171743228,-0.0267612083234697,0.0802966176611602,1.02712917773634,0.973593699840521,1.08360843741095,0.327036302976287,217199,"completed","s2_detectability","bald_eagle__detection__late_egg__13_bands",13,0.503007423714226,FALSE,FALSE
"SOG_STAGED_REFIT_S2_DISTANCE_BALD_EAGLE_v1","atx_fc0a9b777dcd","Bald Eagle","SoG","detection","band_16_18","16–<18 km","within_band_16_18_active_0_14_minus_baseline","within_band_duration_weighted_active_minus_baseline","active_0_14",0,14,0.0378730071203013,0.0267352094957055,-0.0145270406104148,0.0902730548510175,1.03859932978356,0.985577967742195,1.09447309409519,0.156600900442995,217199,"completed","s2_detectability","bald_eagle__detection__active_0_14__13_bands",13,0.339301950959822,FALSE,FALSE
"SOG_STAGED_REFIT_S2_DISTANCE_BALD_EAGLE_v1","atx_fc0a9b777dcd","Bald Eagle","SoG","detection","band_18_20","18–<20 km","within_band_18_20_early_pre_minus_baseline","within_band_period_minus_baseline","early_pre",-14,-8,0.0275463480021837,0.0390237379830908,-0.0489387729868019,0.104031468991169,1.02792925647063,0.952239430689879,1.10963537347192,0.480258433828885,217199,"completed","s2_detectability","bald_eagle__detection__early_pre__13_bands",13,0.803822085523509,FALSE,FALSE
"SOG_STAGED_REFIT_S2_DISTANCE_BALD_EAGLE_v1","atx_fc0a9b777dcd","Bald Eagle","SoG","detection","band_18_20","18–<20 km","within_band_18_20_immediate_pre_minus_baseline","within_band_period_minus_baseline","immediate_pre",-7,-1,-0.00837546862726615,0.0394174924453466,-0.0856323341810251,0.0688813969264928,0.991659507893729,0.917931661281608,1.07130914105636,0.831731790960873,217199,"completed","s2_detectability","bald_eagle__detection__immediate_pre__13_bands",13,0.902675462520361,FALSE,FALSE
"SOG_STAGED_REFIT_S2_DISTANCE_BALD_EAGLE_v1","atx_fc0a9b777dcd","Bald Eagle","SoG","detection","band_18_20","18–<20 km","within_band_18_20_spawn_start_minus_baseline","within_band_period_minus_baseline","spawn_start",0,3,-0.0917173069569951,0.0478588422950592,-0.185518914197093,0.00208430028310323,0.912363031774394,0.83067312391715,1.00208647394687,0.0553125489457519,217199,"completed","s2_detectability","bald_eagle__detection__spawn_start__13_bands",13,0.143812627258955,FALSE,FALSE
"SOG_STAGED_REFIT_S2_DISTANCE_BALD_EAGLE_v1","atx_fc0a9b777dcd","Bald Eagle","SoG","detection","band_18_20","18–<20 km","within_band_18_20_early_egg_minus_baseline","within_band_period_minus_baseline","early_egg",4,14,-0.0295097368494072,0.0326069291475042,-0.0934181436249648,0.0343986699261503,0.970921423879479,0.91081257019018,1.03499714672506,0.36545781647255,217199,"completed","s2_detectability","bald_eagle__detection__early_egg__13_bands",13,0.737796516744879,FALSE,FALSE
"SOG_STAGED_REFIT_S2_DISTANCE_BALD_EAGLE_v1","atx_fc0a9b777dcd","Bald Eagle","SoG","detection","band_18_20","18–<20 km","within_band_18_20_late_egg_minus_baseline","within_band_period_minus_baseline","late_egg",15,28,-0.0614044631020499,0.0308836281306344,-0.121935261950021,-0.000873664254078366,0.940442788434421,0.885205673136821,0.999126717279417,0.0467837273773377,217199,"completed","s2_detectability","bald_eagle__detection__late_egg__13_bands",13,0.202729485301797,TRUE,FALSE
"SOG_STAGED_REFIT_S2_DISTANCE_BALD_EAGLE_v1","atx_fc0a9b777dcd","Bald Eagle","SoG","detection","band_18_20","18–<20 km","within_band_18_20_active_0_14_minus_baseline","within_band_duration_weighted_active_minus_baseline","active_0_14",0,14,-0.0460984222114307,0.0301848739775653,-0.105259688085339,0.0130628436624777,0.954947969474348,0.900090749390182,1.01314853532382,0.126710605471888,217199,"completed","s2_detectability","bald_eagle__detection__active_0_14__13_bands",13,0.329447574226908,FALSE,FALSE
"SOG_STAGED_REFIT_S2_DISTANCE_BALD_EAGLE_v1","atx_fc0a9b777dcd","Bald Eagle","SoG","detection","band_20_22","20–<22 km","within_band_20_22_early_pre_minus_baseline","within_band_period_minus_baseline","early_pre",-14,-8,-0.0372006636786506,0.0362359558355772,-0.108221832061766,0.0338205047044648,0.963482779951058,0.897428495934274,1.03439892032379,0.304598045642084,217199,"completed","s2_detectability","bald_eagle__detection__early_pre__13_bands",13,0.803822085523509,FALSE,FALSE
"SOG_STAGED_REFIT_S2_DISTANCE_BALD_EAGLE_v1","atx_fc0a9b777dcd","Bald Eagle","SoG","detection","band_20_22","20–<22 km","within_band_20_22_immediate_pre_minus_baseline","within_band_period_minus_baseline","immediate_pre",-7,-1,0.0227143887406747,0.0370356308550501,-0.0498741138799439,0.0953028913612932,1.02297432483412,0.95134917861978,1.09999198274188,0.539670204706809,217199,"completed","s2_detectability","bald_eagle__detection__immediate_pre__13_bands",13,0.89863428193098,FALSE,FALSE
"SOG_STAGED_REFIT_S2_DISTANCE_BALD_EAGLE_v1","atx_fc0a9b777dcd","Bald Eagle","SoG","detection","band_20_22","20–<22 km","within_band_20_22_spawn_start_minus_baseline","within_band_period_minus_baseline","spawn_start",0,3,0.0344688277351472,0.0428561585504274,-0.0495276995394288,0.118465355009723,1.03506976240444,0.951678796707011,1.12576787120941,0.421228865230609,217199,"completed","s2_detectability","bald_eagle__detection__spawn_start__13_bands",13,0.547597524799792,FALSE,FALSE
"SOG_STAGED_REFIT_S2_DISTANCE_BALD_EAGLE_v1","atx_fc0a9b777dcd","Bald Eagle","SoG","detection","band_20_22","20–<22 km","within_band_20_22_early_egg_minus_baseline","within_band_period_minus_baseline","early_egg",4,14,0.00118884551284894,0.0308105665728379,-0.0591987553131871,0.0615764463388849,1.0011895524698,0.94251941979691,1.06351179500436,0.96922074924255,217199,"completed","s2_detectability","bald_eagle__detection__early_egg__13_bands",13,0.96922074924255,FALSE,FALSE
"SOG_STAGED_REFIT_S2_DISTANCE_BALD_EAGLE_v1","atx_fc0a9b777dcd","Bald Eagle","SoG","detection","band_20_22","20–<22 km","within_band_20_22_late_egg_minus_baseline","within_band_period_minus_baseline","late_egg",15,28,-0.0492071921578654,0.0284675482949287,-0.10500256154408,0.00658817722834947,0.951983865672049,0.900322216368268,1.00660992700551,0.0838921090327228,217199,"completed","s2_detectability","bald_eagle__detection__late_egg__13_bands",13,0.272649354356349,FALSE,FALSE
"SOG_STAGED_REFIT_S2_DISTANCE_BALD_EAGLE_v1","atx_fc0a9b777dcd","Bald Eagle","SoG","detection","band_20_22","20–<22 km","within_band_20_22_active_0_14_minus_baseline","within_band_duration_weighted_active_minus_baseline","active_0_14",0,14,0.0100635074387951,0.0282824455427171,-0.0453690672196457,0.065496082097236,1.01011431482024,0.955644719600984,1.06768855420537,0.721974107987521,217199,"completed","s2_detectability","bald_eagle__detection__active_0_14__13_bands",13,0.828961803901285,FALSE,FALSE
"SOG_STAGED_REFIT_S2_DISTANCE_BALD_EAGLE_v1","atx_fc0a9b777dcd","Bald Eagle","SoG","detection","band_22_24","22–<24 km","within_band_22_24_early_pre_minus_baseline","within_band_period_minus_baseline","early_pre",-14,-8,0.0212190607268962,0.0360831736159239,-0.0495026600082205,0.091940781462013,1.02144578578727,0.951702626596285,1.0962998988813,0.556492213054737,217199,"completed","s2_detectability","bald_eagle__detection__early_pre__13_bands",13,0.803822085523509,FALSE,FALSE
"SOG_STAGED_REFIT_S2_DISTANCE_BALD_EAGLE_v1","atx_fc0a9b777dcd","Bald Eagle","SoG","detection","band_22_24","22–<24 km","within_band_22_24_immediate_pre_minus_baseline","within_band_period_minus_baseline","immediate_pre",-7,-1,0.00722513050234598,0.0349640156638845,-0.061303080953762,0.0757533419584539,1.0072512947331,0.940538137377913,1.07869647218129,0.836287303973614,217199,"completed","s2_detectability","bald_eagle__detection__immediate_pre__13_bands",13,0.902675462520361,FALSE,FALSE
"SOG_STAGED_REFIT_S2_DISTANCE_BALD_EAGLE_v1","atx_fc0a9b777dcd","Bald Eagle","SoG","detection","band_22_24","22–<24 km","within_band_22_24_spawn_start_minus_baseline","within_band_period_minus_baseline","spawn_start",0,3,0.00460314636992002,0.0434669941956596,-0.0805905967697843,0.0897968895096243,1.00461375712287,0.922571317816224,1.09395206799783,0.915661845853719,217199,"completed","s2_detectability","bald_eagle__detection__spawn_start__13_bands",13,0.915661845853719,FALSE,FALSE
"SOG_STAGED_REFIT_S2_DISTANCE_BALD_EAGLE_v1","atx_fc0a9b777dcd","Bald Eagle","SoG","detection","band_22_24","22–<24 km","within_band_22_24_early_egg_minus_baseline","within_band_period_minus_baseline","early_egg",4,14,0.0141268231324942,0.0294481887116675,-0.0435905661523131,0.0718442124173014,1.01422707823749,0.957345847034865,1.07448793914567,0.631428000842732,217199,"completed","s2_detectability","bald_eagle__detection__early_egg__13_bands",13,0.895950391149123,FALSE,FALSE
"SOG_STAGED_REFIT_S2_DISTANCE_BALD_EAGLE_v1","atx_fc0a9b777dcd","Bald Eagle","SoG","detection","band_22_24","22–<24 km","within_band_22_24_late_egg_minus_baseline","within_band_period_minus_baseline","late_egg",15,28,0.0264298421696792,0.0281763070951089,-0.0287947049540747,0.081654389293433,1.02678220792273,0.971615911926377,1.08508072949979,0.348235908725233,217199,"completed","s2_detectability","bald_eagle__detection__late_egg__13_bands",13,0.503007423714226,FALSE,FALSE
"SOG_STAGED_REFIT_S2_DISTANCE_BALD_EAGLE_v1","atx_fc0a9b777dcd","Bald Eagle","SoG","detection","band_22_24","22–<24 km","within_band_22_24_active_0_14_minus_baseline","within_band_duration_weighted_active_minus_baseline","active_0_14",0,14,0.0115871759958077,0.0277582185891215,-0.0428179327138606,0.065992284705476,1.01165456735992,0.958085810271807,1.06821847551405,0.676362260608333,217199,"completed","s2_detectability","bald_eagle__detection__active_0_14__13_bands",13,0.828961803901285,FALSE,FALSE
"SOG_STAGED_REFIT_S2_DISTANCE_BALD_EAGLE_v1","atx_fc0a9b777dcd","Bald Eagle","SoG","detection","band_24_26","24–26 km","within_band_24_26_early_pre_minus_baseline","within_band_period_minus_baseline","early_pre",-14,-8,-0.0346685376871506,0.0394862169426201,-0.112060100780421,0.0427230254061202,0.965925531112213,0.893990526357408,1.04364879061526,0.37994867725553,217199,"completed","s2_detectability","bald_eagle__detection__early_pre__13_bands",13,0.803822085523509,FALSE,FALSE
"SOG_STAGED_REFIT_S2_DISTANCE_BALD_EAGLE_v1","atx_fc0a9b777dcd","Bald Eagle","SoG","detection","band_24_26","24–26 km","within_band_24_26_immediate_pre_minus_baseline","within_band_period_minus_baseline","immediate_pre",-7,-1,0.0647221732896099,0.0392232413685229,-0.0121539671496166,0.141598313728836,1.06686258028494,0.98791959398764,1.15211376729357,0.0989229920198757,217199,"completed","s2_detectability","bald_eagle__detection__immediate_pre__13_bands",13,0.321499724064596,FALSE,FALSE
"SOG_STAGED_REFIT_S2_DISTANCE_BALD_EAGLE_v1","atx_fc0a9b777dcd","Bald Eagle","SoG","detection","band_24_26","24–26 km","within_band_24_26_spawn_start_minus_baseline","within_band_period_minus_baseline","spawn_start",0,3,0.00634063944810441,0.0471770444825643,-0.0861246686347657,0.0988059475309745,1.00636078385605,0.917479843130528,1.1038520735537,0.893085532949255,217199,"completed","s2_detectability","bald_eagle__detection__spawn_start__13_bands",13,0.915661845853719,FALSE,FALSE
"SOG_STAGED_REFIT_S2_DISTANCE_BALD_EAGLE_v1","atx_fc0a9b777dcd","Bald Eagle","SoG","detection","band_24_26","24–26 km","within_band_24_26_early_egg_minus_baseline","within_band_period_minus_baseline","early_egg",4,14,0.0102220073991259,0.0330478700114044,-0.054550627588988,0.0749946423872398,1.01027443058791,0.946910567845229,1.07787837601422,0.757086398565774,217199,"completed","s2_detectability","bald_eagle__detection__early_egg__13_bands",13,0.895950391149123,FALSE,FALSE
"SOG_STAGED_REFIT_S2_DISTANCE_BALD_EAGLE_v1","atx_fc0a9b777dcd","Bald Eagle","SoG","detection","band_24_26","24–26 km","within_band_24_26_late_egg_minus_baseline","within_band_period_minus_baseline","late_egg",15,28,0.0439827136343951,0.0308253117068131,-0.0164337871231794,0.10439921439197,1.04496429109754,0.983700510875132,1.11004351181798,0.153626711822811,217199,"completed","s2_detectability","bald_eagle__detection__late_egg__13_bands",13,0.332857875616091,FALSE,FALSE
"SOG_STAGED_REFIT_S2_DISTANCE_BALD_EAGLE_v1","atx_fc0a9b777dcd","Bald Eagle","SoG","detection","band_24_26","24–26 km","within_band_24_26_active_0_14_minus_baseline","within_band_duration_weighted_active_minus_baseline","active_0_14",0,14,0.00918697594552015,0.0307601150467514,-0.0511017417064212,0.0694756935974614,1.00922930573732,0.95018199247709,1.071946005737,0.765195511293494,217199,"completed","s2_detectability","bald_eagle__detection__active_0_14__13_bands",13,0.828961803901285,FALSE,FALSE
"SOG_STAGED_REFIT_S2_DISTANCE_BALD_EAGLE_v1","atx_fc0a9b777dcd","Bald Eagle","SoG","positive_numeric_count_given_detection","band_0_2","0–<2 km","within_band_0_2_early_pre_minus_baseline","within_band_period_minus_baseline","early_pre",-14,-8,-0.0323387013984174,0.020001574516078,-0.0715410670840244,0.00686366428718962,0.968178603092077,0.930958045077558,1.00688727321459,0.105919778354594,83359,"completed","s2_detectability","bald_eagle__positive_numeric_count_given_detection__early_pre__13_bands",13,0.34423927965243,FALSE,FALSE
"SOG_STAGED_REFIT_S2_DISTANCE_BALD_EAGLE_v1","atx_fc0a9b777dcd","Bald Eagle","SoG","positive_numeric_count_given_detection","band_0_2","0–<2 km","within_band_0_2_immediate_pre_minus_baseline","within_band_period_minus_baseline","immediate_pre",-7,-1,-0.0367685223236098,0.0200181499100429,-0.0760033751844177,0.0024663305371981,0.963899230681455,0.926813078389043,1.00246937443226,0.0662454418375828,83359,"completed","s2_detectability","bald_eagle__positive_numeric_count_given_detection__immediate_pre__13_bands",13,0.143531790648096,FALSE,FALSE
"SOG_STAGED_REFIT_S2_DISTANCE_BALD_EAGLE_v1","atx_fc0a9b777dcd","Bald Eagle","SoG","positive_numeric_count_given_detection","band_0_2","0–<2 km","within_band_0_2_spawn_start_minus_baseline","within_band_period_minus_baseline","spawn_start",0,3,0.238733596961007,0.0198221239870059,0.199882947849388,0.277584246072626,1.26964025550379,1.22125979870758,1.31993731399464,2.09109855137056e-33,83359,"completed","s2_detectability","bald_eagle__positive_numeric_count_given_detection__spawn_start__13_bands",13,2.71842811678173e-32,TRUE,TRUE
"SOG_STAGED_REFIT_S2_DISTANCE_BALD_EAGLE_v1","atx_fc0a9b777dcd","Bald Eagle","SoG","positive_numeric_count_given_detection","band_0_2","0–<2 km","within_band_0_2_early_egg_minus_baseline","within_band_period_minus_baseline","early_egg",4,14,0.0373323689372351,0.0166257798826074,0.00474643915243407,0.0699182987220361,1.03803797508753,1.00475772133775,1.07242055954463,0.0247392142893813,83359,"completed","s2_detectability","bald_eagle__positive_numeric_count_given_detection__early_egg__13_bands",13,0.0804024464404892,TRUE,FALSE
"SOG_STAGED_REFIT_S2_DISTANCE_BALD_EAGLE_v1","atx_fc0a9b777dcd","Bald Eagle","SoG","positive_numeric_count_given_detection","band_0_2","0–<2 km","within_band_0_2_late_egg_minus_baseline","within_band_period_minus_baseline","late_egg",15,28,-0.0294504426644715,0.0167512020400436,-0.0622821953607109,0.00338131003176791,0.970978995580761,0.939617693620726,1.00338703310922,0.0787289281885489,83359,"completed","s2_detectability","bald_eagle__positive_numeric_count_given_detection__late_egg__13_bands",13,0.204695213290227,FALSE,FALSE
"SOG_STAGED_REFIT_S2_DISTANCE_BALD_EAGLE_v1","atx_fc0a9b777dcd","Bald Eagle","SoG","positive_numeric_count_given_detection","band_0_2","0–<2 km","within_band_0_2_active_0_14_minus_baseline","within_band_duration_weighted_active_minus_baseline","active_0_14",0,14,0.0910393630769075,0.0152361713074294,0.0611770160520634,0.120901710101752,1.0953121192651,1.06308708101051,1.12851398539114,2.29790283411558e-09,83359,"completed","s2_detectability","bald_eagle__positive_numeric_count_given_detection__active_0_14__13_bands",13,2.98727368435026e-08,TRUE,TRUE
"SOG_STAGED_REFIT_S2_DISTANCE_BALD_EAGLE_v1","atx_fc0a9b777dcd","Bald Eagle","SoG","positive_numeric_count_given_detection","band_2_4","2–<4 km","within_band_2_4_early_pre_minus_baseline","within_band_period_minus_baseline","early_pre",-14,-8,-0.0107061831827349,0.0179861419547727,-0.0459583736349143,0.0245460072694445,0.9893509240147,0.955081717943543,1.02484974056074,0.551678892574018,83359,"completed","s2_detectability","bald_eagle__positive_numeric_count_given_detection__early_pre__13_bands",13,0.790458429387089,FALSE,FALSE
"SOG_STAGED_REFIT_S2_DISTANCE_BALD_EAGLE_v1","atx_fc0a9b777dcd","Bald Eagle","SoG","positive_numeric_count_given_detection","band_2_4","2–<4 km","within_band_2_4_immediate_pre_minus_baseline","within_band_period_minus_baseline","immediate_pre",-7,-1,0.00403452701134306,0.0172971399826938,-0.0298672443902845,0.0379362984129706,1.00404267667177,0.97057437418898,1.03866506615795,0.815568668643417,83359,"completed","s2_detectability","bald_eagle__positive_numeric_count_given_detection__immediate_pre__13_bands",13,0.838045985024924,FALSE,FALSE
"SOG_STAGED_REFIT_S2_DISTANCE_BALD_EAGLE_v1","atx_fc0a9b777dcd","Bald Eagle","SoG","positive_numeric_count_given_detection","band_2_4","2–<4 km","within_band_2_4_spawn_start_minus_baseline","within_band_period_minus_baseline","spawn_start",0,3,0.115300977860739,0.0190791823189119,0.0779064676611981,0.152695488060279,1.12221114745825,1.08102154346813,1.16497017759636,1.51005523500475e-09,83359,"completed","s2_detectability","bald_eagle__positive_numeric_count_given_detection__spawn_start__13_bands",13,9.81535902753088e-09,TRUE,TRUE
"SOG_STAGED_REFIT_S2_DISTANCE_BALD_EAGLE_v1","atx_fc0a9b777dcd","Bald Eagle","SoG","positive_numeric_count_given_detection","band_2_4","2–<4 km","within_band_2_4_early_egg_minus_baseline","within_band_period_minus_baseline","early_egg",4,14,0.00929509450064815,0.01454086833721,-0.0192044837442222,0.0377946727455185,1.00933842805062,0.980978747524984,1.03851797494089,0.522667269320299,83359,"completed","s2_detectability","bald_eagle__positive_numeric_count_given_detection__early_egg__13_bands",13,0.61769768192399,FALSE,FALSE
"SOG_STAGED_REFIT_S2_DISTANCE_BALD_EAGLE_v1","atx_fc0a9b777dcd","Bald Eagle","SoG","positive_numeric_count_given_detection","band_2_4","2–<4 km","within_band_2_4_late_egg_minus_baseline","within_band_period_minus_baseline","late_egg",15,28,-0.000664367421412507,0.013746690676788,-0.0276073860545296,0.0262786512117046,0.999335853221757,0.972770214989023,1.02662697947195,0.961453833740403,83359,"completed","s2_detectability","bald_eagle__positive_numeric_count_given_detection__late_egg__13_bands",13,0.961453833740403,FALSE,FALSE
"SOG_STAGED_REFIT_S2_DISTANCE_BALD_EAGLE_v1","atx_fc0a9b777dcd","Bald Eagle","SoG","positive_numeric_count_given_detection","band_2_4","2–<4 km","within_band_2_4_active_0_14_minus_baseline","within_band_duration_weighted_active_minus_baseline","active_0_14",0,14,0.037563330063339,0.0134007913467021,0.0112982616594668,0.0638283984672112,1.03827774919538,1.01136232807008,1.06590947136754,0.00506189876550019,83359,"completed","s2_detectability","bald_eagle__positive_numeric_count_given_detection__active_0_14__13_bands",13,0.0131609367903005,TRUE,TRUE
"SOG_STAGED_REFIT_S2_DISTANCE_BALD_EAGLE_v1","atx_fc0a9b777dcd","Bald Eagle","SoG","positive_numeric_count_given_detection","band_4_6","4–<6 km","within_band_4_6_early_pre_minus_baseline","within_band_period_minus_baseline","early_pre",-14,-8,0.00284524704527623,0.0143254942770145,-0.0252322057984069,0.0309226998889593,1.0028492986023,0.975083465703608,1.03140577302418,0.842564519802705,83359,"completed","s2_detectability","bald_eagle__positive_numeric_count_given_detection__early_pre__13_bands",13,0.842564519802705,FALSE,FALSE
"SOG_STAGED_REFIT_S2_DISTANCE_BALD_EAGLE_v1","atx_fc0a9b777dcd","Bald Eagle","SoG","positive_numeric_count_given_detection","band_4_6","4–<6 km","within_band_4_6_immediate_pre_minus_baseline","within_band_period_minus_baseline","immediate_pre",-7,-1,0.0300844213491431,0.0148492545995976,0.000980417136666027,0.0591884255616202,1.03054152998761,1.00098089790265,1.06097513674282,0.042765947277795,83359,"completed","s2_detectability","bald_eagle__positive_numeric_count_given_detection__immediate_pre__13_bands",13,0.111191462922267,TRUE,FALSE
"SOG_STAGED_REFIT_S2_DISTANCE_BALD_EAGLE_v1","atx_fc0a9b777dcd","Bald Eagle","SoG","positive_numeric_count_given_detection","band_4_6","4–<6 km","within_band_4_6_spawn_start_minus_baseline","within_band_period_minus_baseline","spawn_start",0,3,0.0599478208897788,0.017157767251104,0.0263192150224941,0.0935764267570635,1.06178114230465,1.02666862421912,1.09809452393778,0.000475988331624132,83359,"completed","s2_detectability","bald_eagle__positive_numeric_count_given_detection__spawn_start__13_bands",13,0.00206261610370457,TRUE,TRUE
"SOG_STAGED_REFIT_S2_DISTANCE_BALD_EAGLE_v1","atx_fc0a9b777dcd","Bald Eagle","SoG","positive_numeric_count_given_detection","band_4_6","4–<6 km","within_band_4_6_early_egg_minus_baseline","within_band_period_minus_baseline","early_egg",4,14,0.0379714217321791,0.0126700485714559,0.0131385828497524,0.0628042606146057,1.0387015481633,1.01322527327647,1.0648183919337,0.00272701107313007,83359,"completed","s2_detectability","bald_eagle__positive_numeric_count_given_detection__early_egg__13_bands",13,0.0177255719753455,TRUE,TRUE
"SOG_STAGED_REFIT_S2_DISTANCE_BALD_EAGLE_v1","atx_fc0a9b777dcd","Bald Eagle","SoG","positive_numeric_count_given_detection","band_4_6","4–<6 km","within_band_4_6_late_egg_minus_baseline","within_band_period_minus_baseline","late_egg",15,28,-0.00307354939767536,0.0119444581192607,-0.0264842571262733,0.0203371583309226,0.996931169119838,0.973863375122997,1.02054536740035,0.796931661682321,83359,"completed","s2_detectability","bald_eagle__positive_numeric_count_given_detection__late_egg__13_bands",13,0.878545508118378,FALSE,FALSE
"SOG_STAGED_REFIT_S2_DISTANCE_BALD_EAGLE_v1","atx_fc0a9b777dcd","Bald Eagle","SoG","positive_numeric_count_given_detection","band_4_6","4–<6 km","within_band_4_6_active_0_14_minus_baseline","within_band_duration_weighted_active_minus_baseline","active_0_14",0,14,0.0438317948408723,0.0116216383701609,0.0210538021940082,0.0666097874877364,1.04480659824716,1.02127699710256,1.06887830709769,0.000162225189548931,83359,"completed","s2_detectability","bald_eagle__positive_numeric_count_given_detection__active_0_14__13_bands",13,0.00105446373206805,TRUE,TRUE
"SOG_STAGED_REFIT_S2_DISTANCE_BALD_EAGLE_v1","atx_fc0a9b777dcd","Bald Eagle","SoG","positive_numeric_count_given_detection","band_6_8","6–<8 km","within_band_6_8_early_pre_minus_baseline","within_band_period_minus_baseline","early_pre",-14,-8,0.00836812974253697,0.0133068583447949,-0.0177128333606372,0.0344490928457112,1.00840324040877,0.98244311674195,1.03504933561868,0.529441758073822,83359,"completed","s2_detectability","bald_eagle__positive_numeric_count_given_detection__early_pre__13_bands",13,0.790458429387089,FALSE,FALSE
"SOG_STAGED_REFIT_S2_DISTANCE_BALD_EAGLE_v1","atx_fc0a9b777dcd","Bald Eagle","SoG","positive_numeric_count_given_detection","band_6_8","6–<8 km","within_band_6_8_immediate_pre_minus_baseline","within_band_period_minus_baseline","immediate_pre",-7,-1,0.00724081925332868,0.0132302940305024,-0.0186900805513314,0.0331717190579887,1.0072670973718,0.981483495935836,1.03372803480554,0.584178908922255,83359,"completed","s2_detectability","bald_eagle__positive_numeric_count_given_detection__immediate_pre__13_bands",13,0.690393255999029,FALSE,FALSE
"SOG_STAGED_REFIT_S2_DISTANCE_BALD_EAGLE_v1","atx_fc0a9b777dcd","Bald Eagle","SoG","positive_numeric_count_given_detection","band_6_8","6–<8 km","within_band_6_8_spawn_start_minus_baseline","within_band_period_minus_baseline","spawn_start",0,3,-0.0179528126911049,0.0155607758859513,-0.0484513729990688,0.0125457476168591,0.982207378987797,0.952703665301498,1.01262477565128,0.248614076652627,83359,"completed","s2_detectability","bald_eagle__positive_numeric_count_given_detection__spawn_start__13_bands",13,0.483513013927969,FALSE,FALSE
"SOG_STAGED_REFIT_S2_DISTANCE_BALD_EAGLE_v1","atx_fc0a9b777dcd","Bald Eagle","SoG","positive_numeric_count_given_detection","band_6_8","6–<8 km","within_band_6_8_early_egg_minus_baseline","within_band_period_minus_baseline","early_egg",4,14,-0.0172688506428116,0.0116756748348822,-0.0401527528143813,0.0056150515287581,0.982879401351277,0.960642687070147,1.00563084547804,0.139128238889624,83359,"completed","s2_detectability","bald_eagle__positive_numeric_count_given_detection__early_egg__13_bands",13,0.22608338819564,FALSE,FALSE
"SOG_STAGED_REFIT_S2_DISTANCE_BALD_EAGLE_v1","atx_fc0a9b777dcd","Bald Eagle","SoG","positive_numeric_count_given_detection","band_6_8","6–<8 km","within_band_6_8_late_egg_minus_baseline","within_band_period_minus_baseline","late_egg",15,28,-0.0147343289852661,0.0110913431061913,-0.0364729620135777,0.00700430404304548,0.985373690059899,0.964184163142204,1.00702889155322,0.184028471866811,83359,"completed","s2_detectability","bald_eagle__positive_numeric_count_given_detection__late_egg__13_bands",13,0.398728355711425,FALSE,FALSE
"SOG_STAGED_REFIT_S2_DISTANCE_BALD_EAGLE_v1","atx_fc0a9b777dcd","Bald Eagle","SoG","positive_numeric_count_given_detection","band_6_8","6–<8 km","within_band_6_8_active_0_14_minus_baseline","within_band_duration_weighted_active_minus_baseline","active_0_14",0,14,-0.0174512405223565,0.0106950672181207,-0.0384131870821081,0.00351070603739514,0.98270015044293,0.96231524250782,1.00351687578378,0.102740742371621,83359,"completed","s2_detectability","bald_eagle__positive_numeric_count_given_detection__active_0_14__13_bands",13,0.169984290204872,FALSE,FALSE
"SOG_STAGED_REFIT_S2_DISTANCE_BALD_EAGLE_v1","atx_fc0a9b777dcd","Bald Eagle","SoG","positive_numeric_count_given_detection","band_8_10","8–<10 km","within_band_8_10_early_pre_minus_baseline","within_band_period_minus_baseline","early_pre",-14,-8,-0.034707143326191,0.0129020857455035,-0.0599947667128255,-0.00941951993955652,0.965888241659616,0.9417694621214,0.990624704770945,0.00714431797912053,83359,"completed","s2_detectability","bald_eagle__positive_numeric_count_given_detection__early_pre__13_bands",13,0.0464380668642835,TRUE,TRUE
"SOG_STAGED_REFIT_S2_DISTANCE_BALD_EAGLE_v1","atx_fc0a9b777dcd","Bald Eagle","SoG","positive_numeric_count_given_detection","band_8_10","8–<10 km","within_band_8_10_immediate_pre_minus_baseline","within_band_period_minus_baseline","immediate_pre",-7,-1,-0.0300765436961107,0.0131167683695696,-0.0557849372940213,-0.00436815009820016,0.970371254903313,0.94574250796366,0.995641376393344,0.021848909914764,83359,"completed","s2_detectability","bald_eagle__positive_numeric_count_given_detection__immediate_pre__13_bands",13,0.071008957222983,TRUE,FALSE
"SOG_STAGED_REFIT_S2_DISTANCE_BALD_EAGLE_v1","atx_fc0a9b777dcd","Bald Eagle","SoG","positive_numeric_count_given_detection","band_8_10","8–<10 km","within_band_8_10_spawn_start_minus_baseline","within_band_period_minus_baseline","spawn_start",0,3,-0.031825460931569,0.0160583405688817,-0.0632992300980556,-0.000351691765082443,0.968675639068899,0.938662555573106,0.999648370071217,0.0474943674732115,83359,"completed","s2_detectability","bald_eagle__positive_numeric_count_given_detection__spawn_start__13_bands",13,0.154356694287937,TRUE,FALSE
"SOG_STAGED_REFIT_S2_DISTANCE_BALD_EAGLE_v1","atx_fc0a9b777dcd","Bald Eagle","SoG","positive_numeric_count_given_detection","band_8_10","8–<10 km","within_band_8_10_early_egg_minus_baseline","within_band_period_minus_baseline","early_egg",4,14,-0.0279334702038237,0.0111400790255525,-0.0497676238788367,-0.00609931652881069,0.972453061753142,0.951450493189263,0.993919246542391,0.0121597165999116,83359,"completed","s2_detectability","bald_eagle__positive_numeric_count_given_detection__early_egg__13_bands",13,0.0526921052662834,TRUE,FALSE
"SOG_STAGED_REFIT_S2_DISTANCE_BALD_EAGLE_v1","atx_fc0a9b777dcd","Bald Eagle","SoG","positive_numeric_count_given_detection","band_8_10","8–<10 km","within_band_8_10_late_egg_minus_baseline","within_band_period_minus_baseline","late_egg",15,28,-0.0364458171705683,0.0103213880723875,-0.0566753660629092,-0.0162162682782274,0.964210336125174,0.94490076643766,0.983914507547347,0.000413840755673066,83359,"completed","s2_detectability","bald_eagle__positive_numeric_count_given_detection__late_egg__13_bands",13,0.00268996491187493,TRUE,TRUE
"SOG_STAGED_REFIT_S2_DISTANCE_BALD_EAGLE_v1","atx_fc0a9b777dcd","Bald Eagle","SoG","positive_numeric_count_given_detection","band_8_10","8–<10 km","within_band_8_10_active_0_14_minus_baseline","within_band_duration_weighted_active_minus_baseline","active_0_14",0,14,-0.0289713343978891,0.0102914670964903,-0.0491422392550892,-0.00880042954068908,0.971444311103578,0.952045701795717,0.991238180893545,0.00487646327102161,83359,"completed","s2_detectability","bald_eagle__positive_numeric_count_given_detection__active_0_14__13_bands",13,0.0131609367903005,TRUE,TRUE
"SOG_STAGED_REFIT_S2_DISTANCE_BALD_EAGLE_v1","atx_fc0a9b777dcd","Bald Eagle","SoG","positive_numeric_count_given_detection","band_10_12","10–<12 km","within_band_10_12_early_pre_minus_baseline","within_band_period_minus_baseline","early_pre",-14,-8,0.0169546943652208,0.0121842564142662,-0.00692600938514202,0.0408353981155837,1.01709924095463,0.993097920140615,1.04168062883871,0.164066359702276,83359,"completed","s2_detectability","bald_eagle__positive_numeric_count_given_detection__early_pre__13_bands",13,0.426572535225917,FALSE,FALSE
"SOG_STAGED_REFIT_S2_DISTANCE_BALD_EAGLE_v1","atx_fc0a9b777dcd","Bald Eagle","SoG","positive_numeric_count_given_detection","band_10_12","10–<12 km","within_band_10_12_immediate_pre_minus_baseline","within_band_period_minus_baseline","immediate_pre",-7,-1,0.0187664769650697,0.0120984131847495,-0.00494597714712383,0.0424789310772632,1.01894367401303,0.995066234057438,1.04339407295299,0.120865278740405,83359,"completed","s2_detectability","bald_eagle__positive_numeric_count_given_detection__immediate_pre__13_bands",13,0.224464089089324,FALSE,FALSE
"SOG_STAGED_REFIT_S2_DISTANCE_BALD_EAGLE_v1","atx_fc0a9b777dcd","Bald Eagle","SoG","positive_numeric_count_given_detection","band_10_12","10–<12 km","within_band_10_12_spawn_start_minus_baseline","within_band_period_minus_baseline","spawn_start",0,3,0.0110424034208889,0.014831514509676,-0.0180268308542593,0.0401116376960371,1.01110359578706,0.982134680492305,1.04092697439527,0.456560142417673,83359,"completed","s2_detectability","bald_eagle__positive_numeric_count_given_detection__spawn_start__13_bands",13,0.659475761269972,FALSE,FALSE
"SOG_STAGED_REFIT_S2_DISTANCE_BALD_EAGLE_v1","atx_fc0a9b777dcd","Bald Eagle","SoG","positive_numeric_count_given_detection","band_10_12","10–<12 km","within_band_10_12_early_egg_minus_baseline","within_band_period_minus_baseline","early_egg",4,14,0.0361739914712524,0.0101921375743943,0.0161977688999621,0.0561502140425427,1.03683623145911,1.01632966393142,1.05775656169262,0.000386395301195008,83359,"completed","s2_detectability","bald_eagle__positive_numeric_count_given_detection__early_egg__13_bands",13,0.0050231389155351,TRUE,TRUE
"SOG_STAGED_REFIT_S2_DISTANCE_BALD_EAGLE_v1","atx_fc0a9b777dcd","Bald Eagle","SoG","positive_numeric_count_given_detection","band_10_12","10–<12 km","within_band_10_12_late_egg_minus_baseline","within_band_period_minus_baseline","late_egg",15,28,0.0344491894533638,0.00947570380789075,0.0158771512617289,0.0530212276449987,1.03504943561237,1.01600386294647,1.05445202841511,0.000277411524938014,83359,"completed","s2_detectability","bald_eagle__positive_numeric_count_given_detection__late_egg__13_bands",13,0.00268996491187493,TRUE,TRUE
"SOG_STAGED_REFIT_S2_DISTANCE_BALD_EAGLE_v1","atx_fc0a9b777dcd","Bald Eagle","SoG","positive_numeric_count_given_detection","band_10_12","10–<12 km","within_band_10_12_active_0_14_minus_baseline","within_band_duration_weighted_active_minus_baseline","active_0_14",0,14,0.0294722346578221,0.00958254867951927,0.0106907843658625,0.0482536849497818,1.02991083924804,1.01074813499323,1.04943684789258,0.00210068592522236,83359,"completed","s2_detectability","bald_eagle__positive_numeric_count_given_detection__active_0_14__13_bands",13,0.00910297234263021,TRUE,TRUE
"SOG_STAGED_REFIT_S2_DISTANCE_BALD_EAGLE_v1","atx_fc0a9b777dcd","Bald Eagle","SoG","positive_numeric_count_given_detection","band_12_14","12–<14 km","within_band_12_14_early_pre_minus_baseline","within_band_period_minus_baseline","early_pre",-14,-8,0.0129380919975286,0.0157180413279268,-0.0178687029127201,0.0437448869077772,1.01302215124067,0.98228999570716,1.04471580021081,0.410430429674614,83359,"completed","s2_detectability","bald_eagle__positive_numeric_count_given_detection__early_pre__13_bands",13,0.790458429387089,FALSE,FALSE
"SOG_STAGED_REFIT_S2_DISTANCE_BALD_EAGLE_v1","atx_fc0a9b777dcd","Bald Eagle","SoG","positive_numeric_count_given_detection","band_12_14","12–<14 km","within_band_12_14_immediate_pre_minus_baseline","within_band_period_minus_baseline","immediate_pre",-7,-1,-0.0409177826189181,0.0155689174419264,-0.0714323000833713,-0.0104032651544649,0.959908047829316,0.931059308098792,0.989650661641544,0.00858452643977397,83359,"completed","s2_detectability","bald_eagle__positive_numeric_count_given_detection__immediate_pre__13_bands",13,0.0557994218585308,TRUE,FALSE
"SOG_STAGED_REFIT_S2_DISTANCE_BALD_EAGLE_v1","atx_fc0a9b777dcd","Bald Eagle","SoG","positive_numeric_count_given_detection","band_12_14","12–<14 km","within_band_12_14_spawn_start_minus_baseline","within_band_period_minus_baseline","spawn_start",0,3,-0.00169469906136413,0.0178982098589957,-0.0367745457727354,0.0333851476500071,0.998306736130236,0.963893424700963,1.03394868547028,0.924564719351315,83359,"completed","s2_detectability","bald_eagle__positive_numeric_count_given_detection__spawn_start__13_bands",13,0.924564719351315,FALSE,FALSE
"SOG_STAGED_REFIT_S2_DISTANCE_BALD_EAGLE_v1","atx_fc0a9b777dcd","Bald Eagle","SoG","positive_numeric_count_given_detection","band_12_14","12–<14 km","within_band_12_14_early_egg_minus_baseline","within_band_period_minus_baseline","early_egg",4,14,-0.0234781908708907,0.0130177568281005,-0.0489925254134681,0.00203614367168669,0.976795277490865,0.952188246885352,1.00203821801986,0.0713016930747544,83359,"completed","s2_detectability","bald_eagle__positive_numeric_count_given_detection__early_egg__13_bands",13,0.142469626751744,FALSE,FALSE
"SOG_STAGED_REFIT_S2_DISTANCE_BALD_EAGLE_v1","atx_fc0a9b777dcd","Bald Eagle","SoG","positive_numeric_count_given_detection","band_12_14","12–<14 km","within_band_12_14_late_egg_minus_baseline","within_band_period_minus_baseline","late_egg",15,28,0.0131315934073848,0.0122340555812703,-0.0108467149167662,0.0371099017315357,1.01321819142157,0.989211898582755,1.03780707136501,0.28310788255477,83359,"completed","s2_detectability","bald_eagle__positive_numeric_count_given_detection__late_egg__13_bands",13,0.460050309151501,FALSE,FALSE
"SOG_STAGED_REFIT_S2_DISTANCE_BALD_EAGLE_v1","atx_fc0a9b777dcd","Bald Eagle","SoG","positive_numeric_count_given_detection","band_12_14","12–<14 km","within_band_12_14_active_0_14_minus_baseline","within_band_duration_weighted_active_minus_baseline","active_0_14",0,14,-0.0176692597216836,0.0119929755058206,-0.041175059780563,0.00583654033719578,0.982485926296289,0.959661117177501,1.00585360612431,0.140669960489842,83359,"completed","s2_detectability","bald_eagle__positive_numeric_count_given_detection__active_0_14__13_bands",13,0.203189942929771,FALSE,FALSE
"SOG_STAGED_REFIT_S2_DISTANCE_BALD_EAGLE_v1","atx_fc0a9b777dcd","Bald Eagle","SoG","positive_numeric_count_given_detection","band_14_16","14–<16 km","within_band_14_16_early_pre_minus_baseline","within_band_period_minus_baseline","early_pre",-14,-8,-0.0075119868415787,0.0146470705523422,-0.0362197176031867,0.0211957439200293,0.992516157613888,0.964428368312599,1.02142196921082,0.608044945682376,83359,"completed","s2_detectability","bald_eagle__positive_numeric_count_given_detection__early_pre__13_bands",13,0.790458429387089,FALSE,FALSE
"SOG_STAGED_REFIT_S2_DISTANCE_BALD_EAGLE_v1","atx_fc0a9b777dcd","Bald Eagle","SoG","positive_numeric_count_given_detection","band_14_16","14–<16 km","within_band_14_16_immediate_pre_minus_baseline","within_band_period_minus_baseline","immediate_pre",-7,-1,0.00787778549637603,0.0142393894249253,-0.020030904938318,0.03578647593107,1.00790889689118,0.980168380795314,1.0364345191467,0.580099768165044,83359,"completed","s2_detectability","bald_eagle__positive_numeric_count_given_detection__immediate_pre__13_bands",13,0.690393255999029,FALSE,FALSE
"SOG_STAGED_REFIT_S2_DISTANCE_BALD_EAGLE_v1","atx_fc0a9b777dcd","Bald Eagle","SoG","positive_numeric_count_given_detection","band_14_16","14–<16 km","within_band_14_16_spawn_start_minus_baseline","within_band_period_minus_baseline","spawn_start",0,3,0.0239400270689958,0.0162047385716454,-0.00782067691031625,0.0557007310483079,1.02422889004008,0.992209825016319,1.057281224942,0.139582560132725,83359,"completed","s2_detectability","bald_eagle__positive_numeric_count_given_detection__spawn_start__13_bands",13,0.362914656345084,FALSE,FALSE
"SOG_STAGED_REFIT_S2_DISTANCE_BALD_EAGLE_v1","atx_fc0a9b777dcd","Bald Eagle","SoG","positive_numeric_count_given_detection","band_14_16","14–<16 km","within_band_14_16_early_egg_minus_baseline","within_band_period_minus_baseline","early_egg",4,14,-0.014760123945169,0.0122328294022314,-0.0387360290025652,0.00921578111222724,0.985348272712895,0.962004616951018,1.00925837717442,0.227586479107676,83359,"completed","s2_detectability","bald_eagle__positive_numeric_count_given_detection__early_egg__13_bands",13,0.328736025377754,FALSE,FALSE
"SOG_STAGED_REFIT_S2_DISTANCE_BALD_EAGLE_v1","atx_fc0a9b777dcd","Bald Eagle","SoG","positive_numeric_count_given_detection","band_14_16","14–<16 km","within_band_14_16_late_egg_minus_baseline","within_band_period_minus_baseline","late_egg",15,28,0.00749534815033302,0.0117877066061412,-0.0156081322580286,0.0305988285586947,1.00752350858573,0.984513043377335,1.03107178435202,0.524866734489012,83359,"completed","s2_detectability","bald_eagle__positive_numeric_count_given_detection__late_egg__13_bands",13,0.75814083870635,FALSE,FALSE
"SOG_STAGED_REFIT_S2_DISTANCE_BALD_EAGLE_v1","atx_fc0a9b777dcd","Bald Eagle","SoG","positive_numeric_count_given_detection","band_14_16","14–<16 km","within_band_14_16_active_0_14_minus_baseline","within_band_duration_weighted_active_minus_baseline","active_0_14",0,14,-0.00444008367472502,0.0112548337942222,-0.0264991525633848,0.0176189852139347,0.995569758924085,0.973848869110375,1.01777511513629,0.693208533634522,83359,"completed","s2_detectability","bald_eagle__positive_numeric_count_given_detection__active_0_14__13_bands",13,0.819246448840798,FALSE,FALSE
"SOG_STAGED_REFIT_S2_DISTANCE_BALD_EAGLE_v1","atx_fc0a9b777dcd","Bald Eagle","SoG","positive_numeric_count_given_detection","band_16_18","16–<18 km","within_band_16_18_early_pre_minus_baseline","within_band_period_minus_baseline","early_pre",-14,-8,0.0397080475178938,0.0132147702858797,0.0138075736935995,0.0656085213421882,1.04050695125655,1.01390333849147,1.06780861104967,0.0026573531979456,83359,"completed","s2_detectability","bald_eagle__positive_numeric_count_given_detection__early_pre__13_bands",13,0.0345455915732928,TRUE,TRUE
"SOG_STAGED_REFIT_S2_DISTANCE_BALD_EAGLE_v1","atx_fc0a9b777dcd","Bald Eagle","SoG","positive_numeric_count_given_detection","band_16_18","16–<18 km","within_band_16_18_immediate_pre_minus_baseline","within_band_period_minus_baseline","immediate_pre",-7,-1,0.0179502207091267,0.0133530238253642,-0.00822122507329236,0.0441216664915458,1.01811229422031,0.991812476777488,1.0451095019599,0.178857428556191,83359,"completed","s2_detectability","bald_eagle__positive_numeric_count_given_detection__immediate_pre__13_bands",13,0.290643321403811,FALSE,FALSE
"SOG_STAGED_REFIT_S2_DISTANCE_BALD_EAGLE_v1","atx_fc0a9b777dcd","Bald Eagle","SoG","positive_numeric_count_given_detection","band_16_18","16–<18 km","within_band_16_18_spawn_start_minus_baseline","within_band_period_minus_baseline","spawn_start",0,3,0.0123064953373821,0.0152863072173958,-0.0176541162653283,0.0422671069400925,1.01238253184529,0.982500804641688,1.04317308031037,0.420781249958013,83359,"completed","s2_detectability","bald_eagle__positive_numeric_count_given_detection__spawn_start__13_bands",13,0.659475761269972,FALSE,FALSE
"SOG_STAGED_REFIT_S2_DISTANCE_BALD_EAGLE_v1","atx_fc0a9b777dcd","Bald Eagle","SoG","positive_numeric_count_given_detection","band_16_18","16–<18 km","within_band_16_18_early_egg_minus_baseline","within_band_period_minus_baseline","early_egg",4,14,0.0111322449089161,0.0112929289146166,-0.0110014890437033,0.0332659788615356,1.01119443891933,0.989058806022485,1.03382547839945,0.324245365691847,83359,"completed","s2_detectability","bald_eagle__positive_numeric_count_given_detection__early_egg__13_bands",13,0.421518975399401,FALSE,FALSE
"SOG_STAGED_REFIT_S2_DISTANCE_BALD_EAGLE_v1","atx_fc0a9b777dcd","Bald Eagle","SoG","positive_numeric_count_given_detection","band_16_18","16–<18 km","within_band_16_18_late_egg_minus_baseline","within_band_period_minus_baseline","late_egg",15,28,0.0127383006584857,0.0108100916559761,-0.00844908965680442,0.0339256909737758,1.01281977840544,0.991586503587166,1.03450773060978,0.238648654740505,83359,"completed","s2_detectability","bald_eagle__positive_numeric_count_given_detection__late_egg__13_bands",13,0.44320464451808,FALSE,FALSE
"SOG_STAGED_REFIT_S2_DISTANCE_BALD_EAGLE_v1","atx_fc0a9b777dcd","Bald Eagle","SoG","positive_numeric_count_given_detection","band_16_18","16–<18 km","within_band_16_18_active_0_14_minus_baseline","within_band_duration_weighted_active_minus_baseline","active_0_14",0,14,0.011445378356507,0.0103619856229405,-0.00886374027277815,0.0317544969857922,1.01151112730045,0.99117542686516,1.03226405025861,0.269352654624005,83359,"completed","s2_detectability","bald_eagle__positive_numeric_count_given_detection__active_0_14__13_bands",13,0.350158451011207,FALSE,FALSE
"SOG_STAGED_REFIT_S2_DISTANCE_BALD_EAGLE_v1","atx_fc0a9b777dcd","Bald Eagle","SoG","positive_numeric_count_given_detection","band_18_20","18–<20 km","within_band_18_20_early_pre_minus_baseline","within_band_period_minus_baseline","early_pre",-14,-8,-0.00435699618576692,0.0135186603701765,-0.0308530836305417,0.0221390912590079,0.995652481752005,0.969618015370797,1.02238597953425,0.747229246321478,83359,"completed","s2_detectability","bald_eagle__positive_numeric_count_given_detection__early_pre__13_bands",13,0.842564519802705,FALSE,FALSE
"SOG_STAGED_REFIT_S2_DISTANCE_BALD_EAGLE_v1","atx_fc0a9b777dcd","Bald Eagle","SoG","positive_numeric_count_given_detection","band_18_20","18–<20 km","within_band_18_20_immediate_pre_minus_baseline","within_band_period_minus_baseline","immediate_pre",-7,-1,0.00861905292659144,0.0135690872803271,-0.0179758694459302,0.0352139752991131,1.00865630390908,0.982184732734148,1.03584132954642,0.525299488176058,83359,"completed","s2_detectability","bald_eagle__positive_numeric_count_given_detection__immediate_pre__13_bands",13,0.690393255999029,FALSE,FALSE
"SOG_STAGED_REFIT_S2_DISTANCE_BALD_EAGLE_v1","atx_fc0a9b777dcd","Bald Eagle","SoG","positive_numeric_count_given_detection","band_18_20","18–<20 km","within_band_18_20_spawn_start_minus_baseline","within_band_period_minus_baseline","spawn_start",0,3,-0.0019109686618727,0.0168055977002101,-0.0348493348929536,0.0310273975692082,0.998090856076217,0.965750910261131,1.03151376446914,0.909467489451284,83359,"completed","s2_detectability","bald_eagle__positive_numeric_count_given_detection__spawn_start__13_bands",13,0.924564719351315,FALSE,FALSE
"SOG_STAGED_REFIT_S2_DISTANCE_BALD_EAGLE_v1","atx_fc0a9b777dcd","Bald Eagle","SoG","positive_numeric_count_given_detection","band_18_20","18–<20 km","within_band_18_20_early_egg_minus_baseline","within_band_period_minus_baseline","early_egg",4,14,-0.00228323695803543,0.0112228299595305,-0.0242795794833324,0.0197131055672615,0.997719367644782,0.976012798455569,1.01990869192359,0.838786651076135,83359,"completed","s2_detectability","bald_eagle__positive_numeric_count_given_detection__early_egg__13_bands",13,0.838786651076135,FALSE,FALSE
"SOG_STAGED_REFIT_S2_DISTANCE_BALD_EAGLE_v1","atx_fc0a9b777dcd","Bald Eagle","SoG","positive_numeric_count_given_detection","band_18_20","18–<20 km","within_band_18_20_late_egg_minus_baseline","within_band_period_minus_baseline","late_egg",15,28,-0.0200411239352635,0.0111611453576269,-0.0419165668624286,0.00183431899190167,0.980158364508803,0.958949785424282,1.00183600238412,0.0725557128042642,83359,"completed","s2_detectability","bald_eagle__positive_numeric_count_given_detection__late_egg__13_bands",13,0.204695213290227,FALSE,FALSE
"SOG_STAGED_REFIT_S2_DISTANCE_BALD_EAGLE_v1","atx_fc0a9b777dcd","Bald Eagle","SoG","positive_numeric_count_given_detection","band_18_20","18–<20 km","within_band_18_20_active_0_14_minus_baseline","within_band_duration_weighted_active_minus_baseline","active_0_14",0,14,-0.00218396541239203,0.0104297568624418,-0.0226259132302874,0.0182579824055033,0.997818417704872,0.977628133127022,1.01842567840843,0.834137914298098,83359,"completed","s2_detectability","bald_eagle__positive_numeric_count_given_detection__active_0_14__13_bands",13,0.837842267016525,FALSE,FALSE
"SOG_STAGED_REFIT_S2_DISTANCE_BALD_EAGLE_v1","atx_fc0a9b777dcd","Bald Eagle","SoG","positive_numeric_count_given_detection","band_20_22","20–<22 km","within_band_20_22_early_pre_minus_baseline","within_band_period_minus_baseline","early_pre",-14,-8,0.00909338744120809,0.0132613429114237,-0.0168983670518179,0.0350851419342341,1.00913485789578,0.983243609503809,1.03570788721855,0.492898282769445,83359,"completed","s2_detectability","bald_eagle__positive_numeric_count_given_detection__early_pre__13_bands",13,0.790458429387089,FALSE,FALSE
"SOG_STAGED_REFIT_S2_DISTANCE_BALD_EAGLE_v1","atx_fc0a9b777dcd","Bald Eagle","SoG","positive_numeric_count_given_detection","band_20_22","20–<22 km","within_band_20_22_immediate_pre_minus_baseline","within_band_period_minus_baseline","immediate_pre",-7,-1,0.0313454862218101,0.0130959544685673,0.00567788712024173,0.0570130853233785,1.03184192948263,1.00569403687234,1.05866966333976,0.0166873725302226,83359,"completed","s2_detectability","bald_eagle__positive_numeric_count_given_detection__immediate_pre__13_bands",13,0.071008957222983,TRUE,FALSE
"SOG_STAGED_REFIT_S2_DISTANCE_BALD_EAGLE_v1","atx_fc0a9b777dcd","Bald Eagle","SoG","positive_numeric_count_given_detection","band_20_22","20–<22 km","within_band_20_22_spawn_start_minus_baseline","within_band_period_minus_baseline","spawn_start",0,3,0.00721840471436062,0.0157005074083216,-0.023554024344954,0.0379908337736753,1.00724452019723,0.976721206520089,1.03872171167656,0.645691266814144,83359,"completed","s2_detectability","bald_eagle__positive_numeric_count_given_detection__spawn_start__13_bands",13,0.763089678962171,FALSE,FALSE
"SOG_STAGED_REFIT_S2_DISTANCE_BALD_EAGLE_v1","atx_fc0a9b777dcd","Bald Eagle","SoG","positive_numeric_count_given_detection","band_20_22","20–<22 km","within_band_20_22_early_egg_minus_baseline","within_band_period_minus_baseline","early_egg",4,14,0.0204080665885434,0.0112071231426865,-0.00155749114142748,0.0423736243185143,1.02061773505988,0.998443721118457,1.04328420229023,0.0686082763732879,83359,"completed","s2_detectability","bald_eagle__positive_numeric_count_given_detection__early_egg__13_bands",13,0.142469626751744,FALSE,FALSE
"SOG_STAGED_REFIT_S2_DISTANCE_BALD_EAGLE_v1","atx_fc0a9b777dcd","Bald Eagle","SoG","positive_numeric_count_given_detection","band_20_22","20–<22 km","within_band_20_22_late_egg_minus_baseline","within_band_period_minus_baseline","late_egg",15,28,-0.0029275216105837,0.0107331400449039,-0.0239640895396199,0.0181090463184525,0.997076759402202,0.976320769256707,1.01827400936771,0.785041266789562,83359,"completed","s2_detectability","bald_eagle__positive_numeric_count_given_detection__late_egg__13_bands",13,0.878545508118378,FALSE,FALSE
"SOG_STAGED_REFIT_S2_DISTANCE_BALD_EAGLE_v1","atx_fc0a9b777dcd","Bald Eagle","SoG","positive_numeric_count_given_detection","band_20_22","20–<22 km","within_band_20_22_active_0_14_minus_baseline","within_band_duration_weighted_active_minus_baseline","active_0_14",0,14,0.0168908234220947,0.0104076509871783,-0.00350779767643765,0.037289444520627,1.01703427994144,0.996498347458435,1.03799341886932,0.104605717049152,83359,"completed","s2_detectability","bald_eagle__positive_numeric_count_given_detection__active_0_14__13_bands",13,0.169984290204872,FALSE,FALSE
"SOG_STAGED_REFIT_S2_DISTANCE_BALD_EAGLE_v1","atx_fc0a9b777dcd","Bald Eagle","SoG","positive_numeric_count_given_detection","band_22_24","22–<24 km","within_band_22_24_early_pre_minus_baseline","within_band_period_minus_baseline","early_pre",-14,-8,-0.00374384675559638,0.0133487681073465,-0.0299069514839724,0.0224192579727797,0.99626315270098,0.970535836266492,1.02267245818336,0.779121664529697,83359,"completed","s2_detectability","bald_eagle__positive_numeric_count_given_detection__early_pre__13_bands",13,0.842564519802705,FALSE,FALSE
"SOG_STAGED_REFIT_S2_DISTANCE_BALD_EAGLE_v1","atx_fc0a9b777dcd","Bald Eagle","SoG","positive_numeric_count_given_detection","band_22_24","22–<24 km","within_band_22_24_immediate_pre_minus_baseline","within_band_period_minus_baseline","immediate_pre",-7,-1,-0.00263498806508688,0.0128917390517508,-0.0279023323046069,0.0226323561744332,0.997368480468781,0.972483342370006,1.02289041106694,0.838045985024924,83359,"completed","s2_detectability","bald_eagle__positive_numeric_count_given_detection__immediate_pre__13_bands",13,0.838045985024924,FALSE,FALSE
"SOG_STAGED_REFIT_S2_DISTANCE_BALD_EAGLE_v1","atx_fc0a9b777dcd","Bald Eagle","SoG","positive_numeric_count_given_detection","band_22_24","22–<24 km","within_band_22_24_spawn_start_minus_baseline","within_band_period_minus_baseline","spawn_start",0,3,0.00851975657329899,0.0157526882826937,-0.0223549451204667,0.0393944582670647,1.00855615298877,0.97789307506815,1.04018071061667,0.58861469085734,83359,"completed","s2_detectability","bald_eagle__positive_numeric_count_given_detection__spawn_start__13_bands",13,0.763089678962171,FALSE,FALSE
"SOG_STAGED_REFIT_S2_DISTANCE_BALD_EAGLE_v1","atx_fc0a9b777dcd","Bald Eagle","SoG","positive_numeric_count_given_detection","band_22_24","22–<24 km","within_band_22_24_early_egg_minus_baseline","within_band_period_minus_baseline","early_egg",4,14,-0.00598385239939214,0.0109746712626648,-0.0274938128163818,0.0155261080175975,0.994034015188609,0.972880701926374,1.01564726424881,0.585587045471393,83359,"completed","s2_detectability","bald_eagle__positive_numeric_count_given_detection__early_egg__13_bands",13,0.634385965927343,FALSE,FALSE
"SOG_STAGED_REFIT_S2_DISTANCE_BALD_EAGLE_v1","atx_fc0a9b777dcd","Bald Eagle","SoG","positive_numeric_count_given_detection","band_22_24","22–<24 km","within_band_22_24_late_egg_minus_baseline","within_band_period_minus_baseline","late_egg",15,28,-0.0025524525029285,0.010671627056942,-0.023468457190978,0.018363552185121,0.997450802234185,0.97680478534971,1.01853319905822,0.810965084416964,83359,"completed","s2_detectability","bald_eagle__positive_numeric_count_given_detection__late_egg__13_bands",13,0.878545508118378,FALSE,FALSE
"SOG_STAGED_REFIT_S2_DISTANCE_BALD_EAGLE_v1","atx_fc0a9b777dcd","Bald Eagle","SoG","positive_numeric_count_given_detection","band_22_24","22–<24 km","within_band_22_24_active_0_14_minus_baseline","within_band_duration_weighted_active_minus_baseline","active_0_14",0,14,-0.00211622334000784,0.0103404807896338,-0.0223831932705183,0.0181507465905026,0.99788601428189,0.977865451787986,1.01831647255628,0.837842267016525,83359,"completed","s2_detectability","bald_eagle__positive_numeric_count_given_detection__active_0_14__13_bands",13,0.837842267016525,FALSE,FALSE
"SOG_STAGED_REFIT_S2_DISTANCE_BALD_EAGLE_v1","atx_fc0a9b777dcd","Bald Eagle","SoG","positive_numeric_count_given_detection","band_24_26","24–26 km","within_band_24_26_early_pre_minus_baseline","within_band_period_minus_baseline","early_pre",-14,-8,0.0263582965540408,0.0142749500490133,-0.00162009142313342,0.0543366845312151,1.02670874878541,0.998381220216555,1.05584002732328,0.0648236912740467,83359,"completed","s2_detectability","bald_eagle__positive_numeric_count_given_detection__early_pre__13_bands",13,0.280902662187536,FALSE,FALSE
"SOG_STAGED_REFIT_S2_DISTANCE_BALD_EAGLE_v1","atx_fc0a9b777dcd","Bald Eagle","SoG","positive_numeric_count_given_detection","band_24_26","24–26 km","within_band_24_26_immediate_pre_minus_baseline","within_band_period_minus_baseline","immediate_pre",-7,-1,0.0430553029974808,0.0137836226110472,0.0160398991033364,0.0700707068916253,1.04399562934181,1.01616922883833,1.072584017655,0.00178618819473121,83359,"completed","s2_detectability","bald_eagle__positive_numeric_count_given_detection__immediate_pre__13_bands",13,0.0232204465315057,TRUE,TRUE
"SOG_STAGED_REFIT_S2_DISTANCE_BALD_EAGLE_v1","atx_fc0a9b777dcd","Bald Eagle","SoG","positive_numeric_count_given_detection","band_24_26","24–26 km","within_band_24_26_spawn_start_minus_baseline","within_band_period_minus_baseline","spawn_start",0,3,0.0183883007370563,0.0163370704160491,-0.0136317688912947,0.0504083703654074,1.01855840659192,0.986460722917613,1.05170049200805,0.260353161345829,83359,"completed","s2_detectability","bald_eagle__positive_numeric_count_given_detection__spawn_start__13_bands",13,0.483513013927969,FALSE,FALSE
"SOG_STAGED_REFIT_S2_DISTANCE_BALD_EAGLE_v1","atx_fc0a9b777dcd","Bald Eagle","SoG","positive_numeric_count_given_detection","band_24_26","24–26 km","within_band_24_26_early_egg_minus_baseline","within_band_period_minus_baseline","early_egg",4,14,0.0209024758276798,0.0118087986647981,-0.0022423442560092,0.0440472959113687,1.02112246265843,0.9977601679198,1.04503177945006,0.0767144144047851,83359,"completed","s2_detectability","bald_eagle__positive_numeric_count_given_detection__early_egg__13_bands",13,0.142469626751744,FALSE,FALSE
"SOG_STAGED_REFIT_S2_DISTANCE_BALD_EAGLE_v1","atx_fc0a9b777dcd","Bald Eagle","SoG","positive_numeric_count_given_detection","band_24_26","24–26 km","within_band_24_26_late_egg_minus_baseline","within_band_period_minus_baseline","late_egg",15,28,0.0232992423318416,0.0113302332463314,0.00109239323259368,0.0455060914310896,1.02357279003188,1.0010929901114,1.04655737962669,0.0397460956071235,83359,"completed","s2_detectability","bald_eagle__positive_numeric_count_given_detection__late_egg__13_bands",13,0.172233080964202,TRUE,FALSE
"SOG_STAGED_REFIT_S2_DISTANCE_BALD_EAGLE_v1","atx_fc0a9b777dcd","Bald Eagle","SoG","positive_numeric_count_given_detection","band_24_26","24–26 km","within_band_24_26_active_0_14_minus_baseline","within_band_duration_weighted_active_minus_baseline","active_0_14",0,14,0.0202320291368468,0.0110239067557962,-0.00137443107344147,0.0418384893471352,1.02043808392777,0.998626513024364,1.04272605378421,0.0664632248856778,83359,"completed","s2_detectability","bald_eagle__positive_numeric_count_given_detection__active_0_14__13_bands",13,0.144003653918969,FALSE,FALSE
"SOG_STAGED_REFIT_S2_DISTANCE_GLAUCOUS_WINGED_GULL_v1","atx_725074cbfcb6","Glaucous-winged Gull","SoG","detection","band_0_2","0–<2 km","within_band_0_2_early_pre_minus_baseline","within_band_period_minus_baseline","early_pre",-14,-8,-0.00244863018871862,0.0727218933193019,-0.144980921982114,0.140083661604677,0.997554365260767,0.865038796178943,1.1503700366347,0.973139380385964,217037,"completed","s2_detectability","glaucous_winged_gull__detection__early_pre__13_bands",13,0.973139380385964,FALSE,FALSE
"SOG_STAGED_REFIT_S2_DISTANCE_GLAUCOUS_WINGED_GULL_v1","atx_725074cbfcb6","Glaucous-winged Gull","SoG","detection","band_0_2","0–<2 km","within_band_0_2_immediate_pre_minus_baseline","within_band_period_minus_baseline","immediate_pre",-7,-1,0.0190987828553605,0.0712348936372455,-0.120519043116182,0.158716608826903,1.01928233126357,0.886460206219946,1.17200576352585,0.788614697038467,217037,"completed","s2_detectability","glaucous_winged_gull__detection__immediate_pre__13_bands",13,0.854332588458339,FALSE,FALSE
"SOG_STAGED_REFIT_S2_DISTANCE_GLAUCOUS_WINGED_GULL_v1","atx_725074cbfcb6","Glaucous-winged Gull","SoG","detection","band_0_2","0–<2 km","within_band_0_2_spawn_start_minus_baseline","within_band_period_minus_baseline","spawn_start",0,3,0.329652392597975,0.0822478173088405,0.168449632865618,0.490855152330333,1.39048470167258,1.1834686174208,1.63371269598948,6.1225222089216e-05,217037,"completed","s2_detectability","glaucous_winged_gull__detection__spawn_start__13_bands",13,0.000795927887159808,TRUE,TRUE
"SOG_STAGED_REFIT_S2_DISTANCE_GLAUCOUS_WINGED_GULL_v1","atx_725074cbfcb6","Glaucous-winged Gull","SoG","detection","band_0_2","0–<2 km","within_band_0_2_early_egg_minus_baseline","within_band_period_minus_baseline","early_egg",4,14,0.210184289305759,0.0606482954299461,0.0913158145393196,0.329052764072199,1.23390543458066,1.09561496176096,1.38965117730827,0.000528999242992483,217037,"completed","s2_detectability","glaucous_winged_gull__detection__early_egg__13_bands",13,0.00687699015890228,TRUE,TRUE
"SOG_STAGED_REFIT_S2_DISTANCE_GLAUCOUS_WINGED_GULL_v1","atx_725074cbfcb6","Glaucous-winged Gull","SoG","detection","band_0_2","0–<2 km","within_band_0_2_late_egg_minus_baseline","within_band_period_minus_baseline","late_egg",15,28,0.0834291706991984,0.0587526869457881,-0.0317239797095028,0.1985823211079,1.08700822053394,0.968773946444629,1.2196724280672,0.155605920812801,217037,"completed","s2_detectability","glaucous_winged_gull__detection__late_egg__13_bands",13,0.404575394113282,FALSE,FALSE
"SOG_STAGED_REFIT_S2_DISTANCE_GLAUCOUS_WINGED_GULL_v1","atx_725074cbfcb6","Glaucous-winged Gull","SoG","detection","band_0_2","0–<2 km","within_band_0_2_active_0_14_minus_baseline","within_band_duration_weighted_active_minus_baseline","active_0_14",0,14,0.242042450183683,0.0556556907937132,0.132959300693308,0.351125599674059,1.27384826676137,1.14220351049391,1.42066574986209,1.36806203704347e-05,217037,"completed","s2_detectability","glaucous_winged_gull__detection__active_0_14__13_bands",13,0.000177848064815651,TRUE,TRUE
"SOG_STAGED_REFIT_S2_DISTANCE_GLAUCOUS_WINGED_GULL_v1","atx_725074cbfcb6","Glaucous-winged Gull","SoG","detection","band_2_4","2–<4 km","within_band_2_4_early_pre_minus_baseline","within_band_period_minus_baseline","early_pre",-14,-8,-0.0699890010358132,0.0564251993097454,-0.180580359503408,0.040602357431782,0.932404075328581,0.834785595045624,1.04143790315624,0.214832828627398,217037,"completed","s2_detectability","glaucous_winged_gull__detection__early_pre__13_bands",13,0.973139380385964,FALSE,FALSE
"SOG_STAGED_REFIT_S2_DISTANCE_GLAUCOUS_WINGED_GULL_v1","atx_725074cbfcb6","Glaucous-winged Gull","SoG","detection","band_2_4","2–<4 km","within_band_2_4_immediate_pre_minus_baseline","within_band_period_minus_baseline","immediate_pre",-7,-1,-0.0100928041461631,0.0557206143881324,-0.119303201543347,0.0991175932510207,0.989957957283013,0.887538656871047,1.1041961379383,0.856263716612935,217037,"completed","s2_detectability","glaucous_winged_gull__detection__immediate_pre__13_bands",13,0.856263716612935,FALSE,FALSE
"SOG_STAGED_REFIT_S2_DISTANCE_GLAUCOUS_WINGED_GULL_v1","atx_725074cbfcb6","Glaucous-winged Gull","SoG","detection","band_2_4","2–<4 km","within_band_2_4_spawn_start_minus_baseline","within_band_period_minus_baseline","spawn_start",0,3,-0.0202761235413802,0.066239946484148,-0.150104032988171,0.10955178590541,0.979928054741623,0.860618439059828,1.11577785100529,0.759527635266361,217037,"completed","s2_detectability","glaucous_winged_gull__detection__spawn_start__13_bands",13,0.897623568951154,FALSE,FALSE
"SOG_STAGED_REFIT_S2_DISTANCE_GLAUCOUS_WINGED_GULL_v1","atx_725074cbfcb6","Glaucous-winged Gull","SoG","detection","band_2_4","2–<4 km","within_band_2_4_early_egg_minus_baseline","within_band_period_minus_baseline","early_egg",4,14,-0.0474543770116041,0.0469726834066715,-0.139519144745882,0.0446103907226743,0.953653980684641,0.869776371397397,1.04562039713095,0.312373249567757,217037,"completed","s2_detectability","glaucous_winged_gull__detection__early_egg__13_bands",13,0.398590896432203,FALSE,FALSE
"SOG_STAGED_REFIT_S2_DISTANCE_GLAUCOUS_WINGED_GULL_v1","atx_725074cbfcb6","Glaucous-winged Gull","SoG","detection","band_2_4","2–<4 km","within_band_2_4_late_egg_minus_baseline","within_band_period_minus_baseline","late_egg",15,28,-0.0564681095129361,0.043534220324271,-0.141793613443539,0.0288573944176667,0.945096623606218,0.867800340328966,1.02927780324824,0.194597790452294,217037,"completed","s2_detectability","glaucous_winged_gull__detection__late_egg__13_bands",13,0.42162854597997,FALSE,FALSE
"SOG_STAGED_REFIT_S2_DISTANCE_GLAUCOUS_WINGED_GULL_v1","atx_725074cbfcb6","Glaucous-winged Gull","SoG","detection","band_2_4","2–<4 km","within_band_2_4_active_0_14_minus_baseline","within_band_duration_weighted_active_minus_baseline","active_0_14",0,14,-0.0402068427528777,0.0432529544183874,-0.12498107563787,0.0445673901321141,0.960590727371547,0.882513603433585,1.04557543580306,0.352591444095851,217037,"completed","s2_detectability","glaucous_winged_gull__detection__active_0_14__13_bands",13,0.458368877324606,FALSE,FALSE
"SOG_STAGED_REFIT_S2_DISTANCE_GLAUCOUS_WINGED_GULL_v1","atx_725074cbfcb6","Glaucous-winged Gull","SoG","detection","band_4_6","4–<6 km","within_band_4_6_early_pre_minus_baseline","within_band_period_minus_baseline","early_pre",-14,-8,0.0365923865627549,0.046541808600414,-0.054627882069413,0.127812655194923,1.0372701294131,0.94683741758693,1.13634009534048,0.431735014028687,217037,"completed","s2_detectability","glaucous_winged_gull__detection__early_pre__13_bands",13,0.973139380385964,FALSE,FALSE
"SOG_STAGED_REFIT_S2_DISTANCE_GLAUCOUS_WINGED_GULL_v1","atx_725074cbfcb6","Glaucous-winged Gull","SoG","detection","band_4_6","4–<6 km","within_band_4_6_immediate_pre_minus_baseline","within_band_period_minus_baseline","immediate_pre",-7,-1,0.0336392870066103,0.0478982327408044,-0.0602395240884835,0.127518098101704,1.03421148591652,0.941538985305977,1.13600542759688,0.482487431134721,217037,"completed","s2_detectability","glaucous_winged_gull__detection__immediate_pre__13_bands",13,0.784042075593921,FALSE,FALSE
"SOG_STAGED_REFIT_S2_DISTANCE_GLAUCOUS_WINGED_GULL_v1","atx_725074cbfcb6","Glaucous-winged Gull","SoG","detection","band_4_6","4–<6 km","within_band_4_6_spawn_start_minus_baseline","within_band_period_minus_baseline","spawn_start",0,3,-0.000205080791641416,0.05933061010737,-0.116490939782875,0.116080778199592,0.999794940235987,0.890038160879134,1.12308658938189,0.997242056482631,217037,"completed","s2_detectability","glaucous_winged_gull__detection__spawn_start__13_bands",13,0.997242056482631,FALSE,FALSE
"SOG_STAGED_REFIT_S2_DISTANCE_GLAUCOUS_WINGED_GULL_v1","atx_725074cbfcb6","Glaucous-winged Gull","SoG","detection","band_4_6","4–<6 km","within_band_4_6_early_egg_minus_baseline","within_band_period_minus_baseline","early_egg",4,14,0.0406461111822628,0.0423584571812269,-0.042374939333624,0.12366716169815,1.04148347096727,0.958510329966221,1.13163915545516,0.337269220058018,217037,"completed","s2_detectability","glaucous_winged_gull__detection__early_egg__13_bands",13,0.398590896432203,FALSE,FALSE
"SOG_STAGED_REFIT_S2_DISTANCE_GLAUCOUS_WINGED_GULL_v1","atx_725074cbfcb6","Glaucous-winged Gull","SoG","detection","band_4_6","4–<6 km","within_band_4_6_late_egg_minus_baseline","within_band_period_minus_baseline","late_egg",15,28,0.0203505223019766,0.0389946140667261,-0.0560775168598456,0.0967785614637989,1.02055900603023,0.945465843506455,1.10161640628566,0.601753650151054,217037,"completed","s2_detectability","glaucous_winged_gull__detection__late_egg__13_bands",13,0.715686972754769,FALSE,FALSE
"SOG_STAGED_REFIT_S2_DISTANCE_GLAUCOUS_WINGED_GULL_v1","atx_725074cbfcb6","Glaucous-winged Gull","SoG","detection","band_4_6","4–<6 km","within_band_4_6_active_0_14_minus_baseline","within_band_duration_weighted_active_minus_baseline","active_0_14",0,14,0.0297524599892217,0.03857700967572,-0.0458570896064427,0.105362009584886,1.03019948679557,0.955178457366452,1.11111277103131,0.440559664820352,217037,"completed","s2_detectability","glaucous_winged_gull__detection__active_0_14__13_bands",13,0.520661422060415,FALSE,FALSE
"SOG_STAGED_REFIT_S2_DISTANCE_GLAUCOUS_WINGED_GULL_v1","atx_725074cbfcb6","Glaucous-winged Gull","SoG","detection","band_6_8","6–<8 km","within_band_6_8_early_pre_minus_baseline","within_band_period_minus_baseline","early_pre",-14,-8,-0.015577367393717,0.0413826280975686,-0.0966858280505668,0.0655310932631328,0.984543332253442,0.907841179567341,1.06772593588085,0.706602550725593,217037,"completed","s2_detectability","glaucous_winged_gull__detection__early_pre__13_bands",13,0.973139380385964,FALSE,FALSE
"SOG_STAGED_REFIT_S2_DISTANCE_GLAUCOUS_WINGED_GULL_v1","atx_725074cbfcb6","Glaucous-winged Gull","SoG","detection","band_6_8","6–<8 km","within_band_6_8_immediate_pre_minus_baseline","within_band_period_minus_baseline","immediate_pre",-7,-1,-0.0354313139029903,0.0416101534256362,-0.116985716008423,0.0461230882024427,0.965189027020421,0.88959790008157,1.04720330139629,0.394488083558128,217037,"completed","s2_detectability","glaucous_winged_gull__detection__immediate_pre__13_bands",13,0.732620726607953,FALSE,FALSE
"SOG_STAGED_REFIT_S2_DISTANCE_GLAUCOUS_WINGED_GULL_v1","atx_725074cbfcb6","Glaucous-winged Gull","SoG","detection","band_6_8","6–<8 km","within_band_6_8_spawn_start_minus_baseline","within_band_period_minus_baseline","spawn_start",0,3,-0.132388610953054,0.0528138568702827,-0.235901868303462,-0.0288753536026469,0.876000505533343,0.78985818025308,0.971537555575859,0.0121863336609665,217037,"completed","s2_detectability","glaucous_winged_gull__detection__spawn_start__13_bands",13,0.041585426367809,TRUE,TRUE
"SOG_STAGED_REFIT_S2_DISTANCE_GLAUCOUS_WINGED_GULL_v1","atx_725074cbfcb6","Glaucous-winged Gull","SoG","detection","band_6_8","6–<8 km","within_band_6_8_early_egg_minus_baseline","within_band_period_minus_baseline","early_egg",4,14,-0.0812659175370332,0.0374694427326236,-0.154704675813762,-0.00782715926030493,0.921948496571765,0.856668134949376,0.992203393185818,0.0300934319677225,217037,"completed","s2_detectability","glaucous_winged_gull__detection__early_egg__13_bands",13,0.0558878022257703,TRUE,FALSE
"SOG_STAGED_REFIT_S2_DISTANCE_GLAUCOUS_WINGED_GULL_v1","atx_725074cbfcb6","Glaucous-winged Gull","SoG","detection","band_6_8","6–<8 km","within_band_6_8_late_egg_minus_baseline","within_band_period_minus_baseline","late_egg",15,28,-0.0985585848928459,0.0347926877070971,-0.166750999724106,-0.030366170061586,0.906142604791809,0.846410341508719,0.970090250498701,0.00461511280154759,217037,"completed","s2_detectability","glaucous_winged_gull__detection__late_egg__13_bands",13,0.0299982332100594,TRUE,TRUE
"SOG_STAGED_REFIT_S2_DISTANCE_GLAUCOUS_WINGED_GULL_v1","atx_725074cbfcb6","Glaucous-winged Gull","SoG","detection","band_6_8","6–<8 km","within_band_6_8_active_0_14_minus_baseline","within_band_duration_weighted_active_minus_baseline","active_0_14",0,14,-0.0948986357813056,0.0342463728180975,-0.162020293105908,-0.0277769784567031,0.909465117017163,0.85042394662191,0.972605254539915,0.00558747216696671,217037,"completed","s2_detectability","glaucous_winged_gull__detection__active_0_14__13_bands",13,0.0121061896950945,TRUE,TRUE
"SOG_STAGED_REFIT_S2_DISTANCE_GLAUCOUS_WINGED_GULL_v1","atx_725074cbfcb6","Glaucous-winged Gull","SoG","detection","band_8_10","8–<10 km","within_band_8_10_early_pre_minus_baseline","within_band_period_minus_baseline","early_pre",-14,-8,-0.00858688399730094,0.0431933501828498,-0.0932442947273131,0.0760705267327112,0.991449877992192,0.910970927716217,1.07903867254581,0.842418363232816,217037,"completed","s2_detectability","glaucous_winged_gull__detection__early_pre__13_bands",13,0.973139380385964,FALSE,FALSE
"SOG_STAGED_REFIT_S2_DISTANCE_GLAUCOUS_WINGED_GULL_v1","atx_725074cbfcb6","Glaucous-winged Gull","SoG","detection","band_8_10","8–<10 km","within_band_8_10_immediate_pre_minus_baseline","within_band_period_minus_baseline","immediate_pre",-7,-1,-0.107582983206246,0.04282974091184,-0.191527732860634,-0.0236382335518574,0.898002000273603,0.82569672585673,0.976638961064883,0.0120091397444534,217037,"completed","s2_detectability","glaucous_winged_gull__detection__immediate_pre__13_bands",13,0.0780594083389471,TRUE,FALSE
"SOG_STAGED_REFIT_S2_DISTANCE_GLAUCOUS_WINGED_GULL_v1","atx_725074cbfcb6","Glaucous-winged Gull","SoG","detection","band_8_10","8–<10 km","within_band_8_10_spawn_start_minus_baseline","within_band_period_minus_baseline","spawn_start",0,3,-0.141762758773807,0.0542164218297348,-0.248024992930719,-0.035500524616896,0.867827116434941,0.780340440039759,0.96512222791044,0.00892910036552703,217037,"completed","s2_detectability","glaucous_winged_gull__detection__spawn_start__13_bands",13,0.041585426367809,TRUE,TRUE
"SOG_STAGED_REFIT_S2_DISTANCE_GLAUCOUS_WINGED_GULL_v1","atx_725074cbfcb6","Glaucous-winged Gull","SoG","detection","band_8_10","8–<10 km","within_band_8_10_early_egg_minus_baseline","within_band_period_minus_baseline","early_egg",4,14,-0.108528194439433,0.0376221258028793,-0.182266206034911,-0.0347901828439544,0.897153599717553,0.833379460242437,0.965808038095893,0.00391798450498681,217037,"completed","s2_detectability","glaucous_winged_gull__detection__early_egg__13_bands",13,0.0101867597129657,TRUE,TRUE
"SOG_STAGED_REFIT_S2_DISTANCE_GLAUCOUS_WINGED_GULL_v1","atx_725074cbfcb6","Glaucous-winged Gull","SoG","detection","band_8_10","8–<10 km","within_band_8_10_late_egg_minus_baseline","within_band_period_minus_baseline","late_egg",15,28,-0.0255672199295828,0.0346238447498621,-0.0934287086456187,0.0422942687864531,0.974756853676399,0.910802947487397,1.04320141520212,0.46025434347608,217037,"completed","s2_detectability","glaucous_winged_gull__detection__late_egg__13_bands",13,0.67099960323748,FALSE,FALSE
"SOG_STAGED_REFIT_S2_DISTANCE_GLAUCOUS_WINGED_GULL_v1","atx_725074cbfcb6","Glaucous-winged Gull","SoG","detection","band_8_10","8–<10 km","within_band_8_10_active_0_14_minus_baseline","within_band_duration_weighted_active_minus_baseline","active_0_14",0,14,-0.117390744928599,0.0345115534666073,-0.185032146773678,-0.0497493430835206,0.889237660163426,0.831077566960243,0.951467886619965,0.000670192897292249,217037,"completed","s2_detectability","glaucous_winged_gull__detection__active_0_14__13_bands",13,0.00295666035823473,TRUE,TRUE
"SOG_STAGED_REFIT_S2_DISTANCE_GLAUCOUS_WINGED_GULL_v1","atx_725074cbfcb6","Glaucous-winged Gull","SoG","detection","band_10_12","10–<12 km","within_band_10_12_early_pre_minus_baseline","within_band_period_minus_baseline","early_pre",-14,-8,0.00524962964053319,0.0406527168723779,-0.0744282313030312,0.0849274905840976,1.00526343308998,0.928274092690451,1.08863812732177,0.897251975313162,217037,"completed","s2_detectability","glaucous_winged_gull__detection__early_pre__13_bands",13,0.973139380385964,FALSE,FALSE
"SOG_STAGED_REFIT_S2_DISTANCE_GLAUCOUS_WINGED_GULL_v1","atx_725074cbfcb6","Glaucous-winged Gull","SoG","detection","band_10_12","10–<12 km","within_band_10_12_immediate_pre_minus_baseline","within_band_period_minus_baseline","immediate_pre",-7,-1,0.0582267693803091,0.0412661261586668,-0.022653351672164,0.139106890432782,1.05995533387281,0.977601308902323,1.1492469369409,0.158242717864955,217037,"completed","s2_detectability","glaucous_winged_gull__detection__immediate_pre__13_bands",13,0.514288833061102,FALSE,FALSE
"SOG_STAGED_REFIT_S2_DISTANCE_GLAUCOUS_WINGED_GULL_v1","atx_725074cbfcb6","Glaucous-winged Gull","SoG","detection","band_10_12","10–<12 km","within_band_10_12_spawn_start_minus_baseline","within_band_period_minus_baseline","spawn_start",0,3,0.00586034963298775,0.050376442945998,-0.0928756642104053,0.104596363476381,1.00587755507545,0.911306801303013,1.11026237745386,0.907390097621253,217037,"completed","s2_detectability","glaucous_winged_gull__detection__spawn_start__13_bands",13,0.983005939089691,FALSE,FALSE
"SOG_STAGED_REFIT_S2_DISTANCE_GLAUCOUS_WINGED_GULL_v1","atx_725074cbfcb6","Glaucous-winged Gull","SoG","detection","band_10_12","10–<12 km","within_band_10_12_early_egg_minus_baseline","within_band_period_minus_baseline","early_egg",4,14,0.0791497961806172,0.034977164292686,0.0105958138856121,0.147703778475622,1.08236644428675,1.01065214831546,1.15916947455225,0.0236419053469405,217037,"completed","s2_detectability","glaucous_winged_gull__detection__early_egg__13_bands",13,0.0512241282517045,TRUE,FALSE
"SOG_STAGED_REFIT_S2_DISTANCE_GLAUCOUS_WINGED_GULL_v1","atx_725074cbfcb6","Glaucous-winged Gull","SoG","detection","band_10_12","10–<12 km","within_band_10_12_late_egg_minus_baseline","within_band_period_minus_baseline","late_egg",15,28,0.0138922660456731,0.0319891247505775,-0.0488052663624176,0.0765897984537638,1.01398921198634,0.952366569448621,1.07959913231725,0.664084468368696,217037,"completed","s2_detectability","glaucous_winged_gull__detection__late_egg__13_bands",13,0.715686972754769,FALSE,FALSE
"SOG_STAGED_REFIT_S2_DISTANCE_GLAUCOUS_WINGED_GULL_v1","atx_725074cbfcb6","Glaucous-winged Gull","SoG","detection","band_10_12","10–<12 km","within_band_10_12_active_0_14_minus_baseline","within_band_duration_weighted_active_minus_baseline","active_0_14",0,14,0.059605943767916,0.0325034625054374,-0.00409967211558931,0.123311559651421,1.06141820566707,0.995908720067821,1.13123681379632,0.0666786888267011,217037,"completed","s2_detectability","glaucous_winged_gull__detection__active_0_14__13_bands",13,0.108352869343389,FALSE,FALSE
"SOG_STAGED_REFIT_S2_DISTANCE_GLAUCOUS_WINGED_GULL_v1","atx_725074cbfcb6","Glaucous-winged Gull","SoG","detection","band_12_14","12–<14 km","within_band_12_14_early_pre_minus_baseline","within_band_period_minus_baseline","early_pre",-14,-8,0.0180661937081752,0.0541830636095664,-0.0881306595386177,0.124263046954968,1.01823037460337,0.915641231646244,1.13231368349464,0.738810628861208,217037,"completed","s2_detectability","glaucous_winged_gull__detection__early_pre__13_bands",13,0.973139380385964,FALSE,FALSE
"SOG_STAGED_REFIT_S2_DISTANCE_GLAUCOUS_WINGED_GULL_v1","atx_725074cbfcb6","Glaucous-winged Gull","SoG","detection","band_12_14","12–<14 km","within_band_12_14_immediate_pre_minus_baseline","within_band_period_minus_baseline","immediate_pre",-7,-1,0.0743897232595268,0.0527150280383265,-0.0289298331396123,0.177709279658666,1.07722654393994,0.971484628101432,1.194478011697,0.158195292574066,217037,"completed","s2_detectability","glaucous_winged_gull__detection__immediate_pre__13_bands",13,0.514288833061102,FALSE,FALSE
"SOG_STAGED_REFIT_S2_DISTANCE_GLAUCOUS_WINGED_GULL_v1","atx_725074cbfcb6","Glaucous-winged Gull","SoG","detection","band_12_14","12–<14 km","within_band_12_14_spawn_start_minus_baseline","within_band_period_minus_baseline","spawn_start",0,3,0.0219400875857179,0.0636319688217455,-0.102776279570279,0.146656454741715,1.02218254121196,0.902328820293473,1.15795608436702,0.730247276509164,217037,"completed","s2_detectability","glaucous_winged_gull__detection__spawn_start__13_bands",13,0.897623568951154,FALSE,FALSE
"SOG_STAGED_REFIT_S2_DISTANCE_GLAUCOUS_WINGED_GULL_v1","atx_725074cbfcb6","Glaucous-winged Gull","SoG","detection","band_12_14","12–<14 km","within_band_12_14_early_egg_minus_baseline","within_band_period_minus_baseline","early_egg",4,14,-0.0270470658180434,0.0456319966108609,-0.116484135717985,0.0623900040818979,0.973315430559326,0.890044216777138,1.06437737531201,0.553367545396158,217037,"completed","s2_detectability","glaucous_winged_gull__detection__early_egg__13_bands",13,0.599481507512504,FALSE,FALSE
"SOG_STAGED_REFIT_S2_DISTANCE_GLAUCOUS_WINGED_GULL_v1","atx_725074cbfcb6","Glaucous-winged Gull","SoG","detection","band_12_14","12–<14 km","within_band_12_14_late_egg_minus_baseline","within_band_period_minus_baseline","late_egg",15,28,0.0311639431263797,0.042608934784522,-0.0523480344708993,0.114675920723659,1.0316546227074,0.948998525161489,1.12150992054749,0.464538186856717,217037,"completed","s2_detectability","glaucous_winged_gull__detection__late_egg__13_bands",13,0.67099960323748,FALSE,FALSE
"SOG_STAGED_REFIT_S2_DISTANCE_GLAUCOUS_WINGED_GULL_v1","atx_725074cbfcb6","Glaucous-winged Gull","SoG","detection","band_12_14","12–<14 km","within_band_12_14_active_0_14_minus_baseline","within_band_duration_weighted_active_minus_baseline","active_0_14",0,14,-0.0139838249103737,0.0417001711710205,-0.0957146585547293,0.0677470087339819,0.986113494608019,0.908723275490998,1.07009454965553,0.737367004089674,217037,"completed","s2_detectability","glaucous_winged_gull__detection__active_0_14__13_bands",13,0.737367004089674,FALSE,FALSE
"SOG_STAGED_REFIT_S2_DISTANCE_GLAUCOUS_WINGED_GULL_v1","atx_725074cbfcb6","Glaucous-winged Gull","SoG","detection","band_14_16","14–<16 km","within_band_14_16_early_pre_minus_baseline","within_band_period_minus_baseline","early_pre",-14,-8,0.0302702162835381,0.0483133379200937,-0.0644221860127589,0.124962618579835,1.03073301717169,0.937609070523755,1.1331060951601,0.530961113750619,217037,"completed","s2_detectability","glaucous_winged_gull__detection__early_pre__13_bands",13,0.973139380385964,FALSE,FALSE
"SOG_STAGED_REFIT_S2_DISTANCE_GLAUCOUS_WINGED_GULL_v1","atx_725074cbfcb6","Glaucous-winged Gull","SoG","detection","band_14_16","14–<16 km","within_band_14_16_immediate_pre_minus_baseline","within_band_period_minus_baseline","immediate_pre",-7,-1,-0.0225960227696046,0.0458553661260848,-0.112470888874629,0.0672788433354196,0.977657355319028,0.893623361111565,1.06959368566694,0.622177052130737,217037,"completed","s2_detectability","glaucous_winged_gull__detection__immediate_pre__13_bands",13,0.803162531381882,FALSE,FALSE
"SOG_STAGED_REFIT_S2_DISTANCE_GLAUCOUS_WINGED_GULL_v1","atx_725074cbfcb6","Glaucous-winged Gull","SoG","detection","band_14_16","14–<16 km","within_band_14_16_spawn_start_minus_baseline","within_band_period_minus_baseline","spawn_start",0,3,-0.0965445621718053,0.0543059196508182,-0.202982208834735,0.00989308449112446,0.907969435608236,0.816292764095893,1.00994218282926,0.075438226613353,217037,"completed","s2_detectability","glaucous_winged_gull__detection__spawn_start__13_bands",13,0.157624856581579,FALSE,FALSE
"SOG_STAGED_REFIT_S2_DISTANCE_GLAUCOUS_WINGED_GULL_v1","atx_725074cbfcb6","Glaucous-winged Gull","SoG","detection","band_14_16","14–<16 km","within_band_14_16_early_egg_minus_baseline","within_band_period_minus_baseline","early_egg",4,14,-0.122067231772832,0.0380322503598409,-0.19660907272913,-0.047525390816533,0.885088860409033,0.821511721882853,0.95358626049145,0.00132932920247219,217037,"completed","s2_detectability","glaucous_winged_gull__detection__early_egg__13_bands",13,0.00864063981606921,TRUE,TRUE
"SOG_STAGED_REFIT_S2_DISTANCE_GLAUCOUS_WINGED_GULL_v1","atx_725074cbfcb6","Glaucous-winged Gull","SoG","detection","band_14_16","14–<16 km","within_band_14_16_late_egg_minus_baseline","within_band_period_minus_baseline","late_egg",15,28,-0.117050996224019,0.0367440907952569,-0.189068090827393,-0.0450339016206463,0.889539828834331,0.827730143945503,0.955965072518499,0.00144467478878949,217037,"completed","s2_detectability","glaucous_winged_gull__detection__late_egg__13_bands",13,0.0187807722542634,TRUE,TRUE
"SOG_STAGED_REFIT_S2_DISTANCE_GLAUCOUS_WINGED_GULL_v1","atx_725074cbfcb6","Glaucous-winged Gull","SoG","detection","band_14_16","14–<16 km","within_band_14_16_active_0_14_minus_baseline","within_band_duration_weighted_active_minus_baseline","active_0_14",0,14,-0.115261186545891,0.0354193578610735,-0.184681852309131,-0.0458405207826515,0.891133361463724,0.831368739826703,0.955194283681113,0.00113717706085951,217037,"completed","s2_detectability","glaucous_winged_gull__detection__active_0_14__13_bands",13,0.00295666035823473,TRUE,TRUE
"SOG_STAGED_REFIT_S2_DISTANCE_GLAUCOUS_WINGED_GULL_v1","atx_725074cbfcb6","Glaucous-winged Gull","SoG","detection","band_16_18","16–<18 km","within_band_16_18_early_pre_minus_baseline","within_band_period_minus_baseline","early_pre",-14,-8,-0.0461767957289548,0.0405389161600083,-0.12563161137486,0.0332780199169502,0.954873129775691,0.881939683494127,1.03383792682427,0.254672595900572,217037,"completed","s2_detectability","glaucous_winged_gull__detection__early_pre__13_bands",13,0.973139380385964,FALSE,FALSE
"SOG_STAGED_REFIT_S2_DISTANCE_GLAUCOUS_WINGED_GULL_v1","atx_725074cbfcb6","Glaucous-winged Gull","SoG","detection","band_16_18","16–<18 km","within_band_16_18_immediate_pre_minus_baseline","within_band_period_minus_baseline","immediate_pre",-7,-1,-0.120635769442484,0.0416853264590809,-0.202337507986078,-0.0389340308988912,0.886356739015452,0.816819198411749,0.961814157068918,0.00380413653167537,217037,"completed","s2_detectability","glaucous_winged_gull__detection__immediate_pre__13_bands",13,0.0494537749117798,TRUE,TRUE
"SOG_STAGED_REFIT_S2_DISTANCE_GLAUCOUS_WINGED_GULL_v1","atx_725074cbfcb6","Glaucous-winged Gull","SoG","detection","band_16_18","16–<18 km","within_band_16_18_spawn_start_minus_baseline","within_band_period_minus_baseline","spawn_start",0,3,-0.123259413864502,0.0511652934905379,-0.223541546364378,-0.0229772813646262,0.884034302057811,0.799681667311485,0.977284686095513,0.0159943947568496,217037,"completed","s2_detectability","glaucous_winged_gull__detection__spawn_start__13_bands",13,0.041585426367809,TRUE,TRUE
"SOG_STAGED_REFIT_S2_DISTANCE_GLAUCOUS_WINGED_GULL_v1","atx_725074cbfcb6","Glaucous-winged Gull","SoG","detection","band_16_18","16–<18 km","within_band_16_18_early_egg_minus_baseline","within_band_period_minus_baseline","early_egg",4,14,-0.102926077232643,0.0355729145556581,-0.172647708586853,-0.0332044458784323,0.902193663668835,0.841433992606213,0.967340770537567,0.00381115876435739,217037,"completed","s2_detectability","glaucous_winged_gull__detection__early_egg__13_bands",13,0.0101867597129657,TRUE,TRUE
"SOG_STAGED_REFIT_S2_DISTANCE_GLAUCOUS_WINGED_GULL_v1","atx_725074cbfcb6","Glaucous-winged Gull","SoG","detection","band_16_18","16–<18 km","within_band_16_18_late_egg_minus_baseline","within_band_period_minus_baseline","late_egg",15,28,-0.0882459040004662,0.0336711523428349,-0.154240149910384,-0.0222516580905483,0.91553571514547,0.857066171930745,0.977994083955816,0.00877195219213418,217037,"completed","s2_detectability","glaucous_winged_gull__detection__late_egg__13_bands",13,0.0380117928325815,TRUE,TRUE
"SOG_STAGED_REFIT_S2_DISTANCE_GLAUCOUS_WINGED_GULL_v1","atx_725074cbfcb6","Glaucous-winged Gull","SoG","detection","band_16_18","16–<18 km","within_band_16_18_active_0_14_minus_baseline","within_band_duration_weighted_active_minus_baseline","active_0_14",0,14,-0.108348300334472,0.0324420952641456,-0.171933638635215,-0.044762962033729,0.89731500687905,0.84203504990956,0.95622411639139,0.000838555822614219,217037,"completed","s2_detectability","glaucous_winged_gull__detection__active_0_14__13_bands",13,0.00295666035823473,TRUE,TRUE
"SOG_STAGED_REFIT_S2_DISTANCE_GLAUCOUS_WINGED_GULL_v1","atx_725074cbfcb6","Glaucous-winged Gull","SoG","detection","band_18_20","18–<20 km","within_band_18_20_early_pre_minus_baseline","within_band_period_minus_baseline","early_pre",-14,-8,-0.0211436932046302,0.0452089482950613,-0.109751603641884,0.0674642172326234,0.97907826756725,0.89605668487232,1.06979197879549,0.640007556174467,217037,"completed","s2_detectability","glaucous_winged_gull__detection__early_pre__13_bands",13,0.973139380385964,FALSE,FALSE
"SOG_STAGED_REFIT_S2_DISTANCE_GLAUCOUS_WINGED_GULL_v1","atx_725074cbfcb6","Glaucous-winged Gull","SoG","detection","band_18_20","18–<20 km","within_band_18_20_immediate_pre_minus_baseline","within_band_period_minus_baseline","immediate_pre",-7,-1,0.0200695019565591,0.0446551531476721,-0.0674529899369986,0.107591993850117,1.02027224848008,0.934771663257928,1.11359329976969,0.653119289720187,217037,"completed","s2_detectability","glaucous_winged_gull__detection__immediate_pre__13_bands",13,0.803162531381882,FALSE,FALSE
"SOG_STAGED_REFIT_S2_DISTANCE_GLAUCOUS_WINGED_GULL_v1","atx_725074cbfcb6","Glaucous-winged Gull","SoG","detection","band_18_20","18–<20 km","within_band_18_20_spawn_start_minus_baseline","within_band_period_minus_baseline","spawn_start",0,3,-0.0231846811895494,0.0546694883289737,-0.130334909367571,0.083965546988472,0.977082018440061,0.877801397775101,1.08759142236352,0.671501540327007,217037,"completed","s2_detectability","glaucous_winged_gull__detection__spawn_start__13_bands",13,0.897623568951154,FALSE,FALSE
"SOG_STAGED_REFIT_S2_DISTANCE_GLAUCOUS_WINGED_GULL_v1","atx_725074cbfcb6","Glaucous-winged Gull","SoG","detection","band_18_20","18–<20 km","within_band_18_20_early_egg_minus_baseline","within_band_period_minus_baseline","early_egg",4,14,-0.0608337752302396,0.0368604876823102,-0.13307900354015,0.0114114530796707,0.940979640900937,0.875395929999279,1.01147681208752,0.0988654411066159,217037,"completed","s2_detectability","glaucous_winged_gull__detection__early_egg__13_bands",13,0.150261166912707,FALSE,FALSE
"SOG_STAGED_REFIT_S2_DISTANCE_GLAUCOUS_WINGED_GULL_v1","atx_725074cbfcb6","Glaucous-winged Gull","SoG","detection","band_18_20","18–<20 km","within_band_18_20_late_egg_minus_baseline","within_band_period_minus_baseline","late_egg",15,28,-0.012931325211968,0.0355032775719923,-0.0825164705862015,0.0566538201622655,0.987151925141739,0.92079627167754,1.05828938852643,0.715686972754769,217037,"completed","s2_detectability","glaucous_winged_gull__detection__late_egg__13_bands",13,0.715686972754769,FALSE,FALSE
"SOG_STAGED_REFIT_S2_DISTANCE_GLAUCOUS_WINGED_GULL_v1","atx_725074cbfcb6","Glaucous-winged Gull","SoG","detection","band_18_20","18–<20 km","within_band_18_20_active_0_14_minus_baseline","within_band_duration_weighted_active_minus_baseline","active_0_14",0,14,-0.0507940168193889,0.0338230615749204,-0.117085999353114,0.0154979657143358,0.950474432116555,0.889508692701802,1.01561868199768,0.133159897489175,217037,"completed","s2_detectability","glaucous_winged_gull__detection__active_0_14__13_bands",13,0.19234207415103,FALSE,FALSE
"SOG_STAGED_REFIT_S2_DISTANCE_GLAUCOUS_WINGED_GULL_v1","atx_725074cbfcb6","Glaucous-winged Gull","SoG","detection","band_20_22","20–<22 km","within_band_20_22_early_pre_minus_baseline","within_band_period_minus_baseline","early_pre",-14,-8,-0.0338225940344058,0.0420166500826322,-0.116173714947387,0.0485285268785752,0.966742995399895,0.890320547876014,1.04972531677985,0.420830794675497,217037,"completed","s2_detectability","glaucous_winged_gull__detection__early_pre__13_bands",13,0.973139380385964,FALSE,FALSE
"SOG_STAGED_REFIT_S2_DISTANCE_GLAUCOUS_WINGED_GULL_v1","atx_725074cbfcb6","Glaucous-winged Gull","SoG","detection","band_20_22","20–<22 km","within_band_20_22_immediate_pre_minus_baseline","within_band_period_minus_baseline","immediate_pre",-7,-1,0.0417014192942032,0.0433508656035328,-0.0432647159873574,0.126667554575764,1.04258313706385,0.957657849167253,1.13503961632549,0.336074093436308,217037,"completed","s2_detectability","glaucous_winged_gull__detection__immediate_pre__13_bands",13,0.728160535778668,FALSE,FALSE
"SOG_STAGED_REFIT_S2_DISTANCE_GLAUCOUS_WINGED_GULL_v1","atx_725074cbfcb6","Glaucous-winged Gull","SoG","detection","band_20_22","20–<22 km","within_band_20_22_spawn_start_minus_baseline","within_band_period_minus_baseline","spawn_start",0,3,0.0555855293092848,0.0497123218861687,-0.0418488311754682,0.153019889794038,1.0571594313218,0.959014742746698,1.16534815724706,0.263505541015299,217037,"completed","s2_detectability","glaucous_winged_gull__detection__spawn_start__13_bands",13,0.428196504149861,FALSE,FALSE
"SOG_STAGED_REFIT_S2_DISTANCE_GLAUCOUS_WINGED_GULL_v1","atx_725074cbfcb6","Glaucous-winged Gull","SoG","detection","band_20_22","20–<22 km","within_band_20_22_early_egg_minus_baseline","within_band_period_minus_baseline","early_egg",4,14,0.00755128609128023,0.0358423542987806,-0.0626984374554541,0.0778010096380145,1.00757986895259,0.939226666570281,1.08090754708416,0.83313657078714,217037,"completed","s2_detectability","glaucous_winged_gull__detection__early_egg__13_bands",13,0.83313657078714,FALSE,FALSE
"SOG_STAGED_REFIT_S2_DISTANCE_GLAUCOUS_WINGED_GULL_v1","atx_725074cbfcb6","Glaucous-winged Gull","SoG","detection","band_20_22","20–<22 km","within_band_20_22_late_egg_minus_baseline","within_band_period_minus_baseline","late_egg",15,28,0.0329872035875259,0.0331494167556975,-0.0319844593621497,0.0979588665372016,1.03353731358691,0.968521633406199,1.10291741736289,0.319684418248674,217037,"completed","s2_detectability","glaucous_winged_gull__detection__late_egg__13_bands",13,0.593699633890395,FALSE,FALSE
"SOG_STAGED_REFIT_S2_DISTANCE_GLAUCOUS_WINGED_GULL_v1","atx_725074cbfcb6","Glaucous-winged Gull","SoG","detection","band_20_22","20–<22 km","within_band_20_22_active_0_14_minus_baseline","within_band_duration_weighted_active_minus_baseline","active_0_14",0,14,0.0203604176160814,0.0328072641804251,-0.0439406386088426,0.0846614738410055,1.02056910483213,0.957010765277314,1.088348569868,0.534858236536879,217037,"completed","s2_detectability","glaucous_winged_gull__detection__active_0_14__13_bands",13,0.579429756248285,FALSE,FALSE
"SOG_STAGED_REFIT_S2_DISTANCE_GLAUCOUS_WINGED_GULL_v1","atx_725074cbfcb6","Glaucous-winged Gull","SoG","detection","band_22_24","22–<24 km","within_band_22_24_early_pre_minus_baseline","within_band_period_minus_baseline","early_pre",-14,-8,-0.00481199766507218,0.0420370386523358,-0.0872030794403685,0.0775790841102241,0.995199561447452,0.916490956262752,1.08066769272217,0.908864889983343,217037,"completed","s2_detectability","glaucous_winged_gull__detection__early_pre__13_bands",13,0.973139380385964,FALSE,FALSE
"SOG_STAGED_REFIT_S2_DISTANCE_GLAUCOUS_WINGED_GULL_v1","atx_725074cbfcb6","Glaucous-winged Gull","SoG","detection","band_22_24","22–<24 km","within_band_22_24_immediate_pre_minus_baseline","within_band_period_minus_baseline","immediate_pre",-7,-1,0.0167628245333014,0.0405869403322142,-0.0627861167605145,0.0963117658271174,1.01690410901479,0.939144319438984,1.10110229655533,0.679599065015438,217037,"completed","s2_detectability","glaucous_winged_gull__detection__immediate_pre__13_bands",13,0.803162531381882,FALSE,FALSE
"SOG_STAGED_REFIT_S2_DISTANCE_GLAUCOUS_WINGED_GULL_v1","atx_725074cbfcb6","Glaucous-winged Gull","SoG","detection","band_22_24","22–<24 km","within_band_22_24_spawn_start_minus_baseline","within_band_period_minus_baseline","spawn_start",0,3,-0.0902101279240723,0.052354143754677,-0.192822364124672,0.0124021082765272,0.913739162983851,0.824628444725107,1.01247933334237,0.0848749227746966,217037,"completed","s2_detectability","glaucous_winged_gull__detection__spawn_start__13_bands",13,0.157624856581579,FALSE,FALSE
"SOG_STAGED_REFIT_S2_DISTANCE_GLAUCOUS_WINGED_GULL_v1","atx_725074cbfcb6","Glaucous-winged Gull","SoG","detection","band_22_24","22–<24 km","within_band_22_24_early_egg_minus_baseline","within_band_period_minus_baseline","early_egg",4,14,-0.0573001097876587,0.0352477952461018,-0.12638451900446,0.011784299429143,0.944310629974537,0.881275914287382,1.01185400783814,0.104026961708797,217037,"completed","s2_detectability","glaucous_winged_gull__detection__early_egg__13_bands",13,0.150261166912707,FALSE,FALSE
"SOG_STAGED_REFIT_S2_DISTANCE_GLAUCOUS_WINGED_GULL_v1","atx_725074cbfcb6","Glaucous-winged Gull","SoG","detection","band_22_24","22–<24 km","within_band_22_24_late_egg_minus_baseline","within_band_period_minus_baseline","late_egg",15,28,0.0124751170712439,0.0332245473766374,-0.0526437991896102,0.0775940333320981,1.01255325593664,0.948717886383208,1.08068384798403,0.707304323098167,217037,"completed","s2_detectability","glaucous_winged_gull__detection__late_egg__13_bands",13,0.715686972754769,FALSE,FALSE
"SOG_STAGED_REFIT_S2_DISTANCE_GLAUCOUS_WINGED_GULL_v1","atx_725074cbfcb6","Glaucous-winged Gull","SoG","detection","band_22_24","22–<24 km","within_band_22_24_active_0_14_minus_baseline","within_band_duration_weighted_active_minus_baseline","active_0_14",0,14,-0.0660761146240357,0.0329482630470078,-0.130653523549323,-0.00149870569874844,0.936059613754473,0.877521762351279,0.998502416799802,0.0449148945186837,217037,"completed","s2_detectability","glaucous_winged_gull__detection__active_0_14__13_bands",13,0.0834133755346982,TRUE,FALSE
"SOG_STAGED_REFIT_S2_DISTANCE_GLAUCOUS_WINGED_GULL_v1","atx_725074cbfcb6","Glaucous-winged Gull","SoG","detection","band_24_26","24–26 km","within_band_24_26_early_pre_minus_baseline","within_band_period_minus_baseline","early_pre",-14,-8,0.036211364252869,0.0488275628959647,-0.059488900476086,0.131911628981824,1.03687498163725,0.942245992015109,1.14100748281879,0.458319252530023,217037,"completed","s2_detectability","glaucous_winged_gull__detection__early_pre__13_bands",13,0.973139380385964,FALSE,FALSE
"SOG_STAGED_REFIT_S2_DISTANCE_GLAUCOUS_WINGED_GULL_v1","atx_725074cbfcb6","Glaucous-winged Gull","SoG","detection","band_24_26","24–26 km","within_band_24_26_immediate_pre_minus_baseline","within_band_period_minus_baseline","immediate_pre",-7,-1,-0.0607974207021913,0.0480163388005139,-0.154907715420672,0.0333128740162892,0.941013850393516,0.856494215044916,1.03387396094204,0.205447954112906,217037,"completed","s2_detectability","glaucous_winged_gull__detection__immediate_pre__13_bands",13,0.534164680693557,FALSE,FALSE
"SOG_STAGED_REFIT_S2_DISTANCE_GLAUCOUS_WINGED_GULL_v1","atx_725074cbfcb6","Glaucous-winged Gull","SoG","detection","band_24_26","24–26 km","within_band_24_26_spawn_start_minus_baseline","within_band_period_minus_baseline","spawn_start",0,3,-0.143484813664347,0.0590796064387901,-0.259278714505176,-0.0276909128235176,0.866333956525598,0.771607934747259,0.972688966029276,0.0151543569971898,217037,"completed","s2_detectability","glaucous_winged_gull__detection__spawn_start__13_bands",13,0.041585426367809,TRUE,TRUE
"SOG_STAGED_REFIT_S2_DISTANCE_GLAUCOUS_WINGED_GULL_v1","atx_725074cbfcb6","Glaucous-winged Gull","SoG","detection","band_24_26","24–26 km","within_band_24_26_early_egg_minus_baseline","within_band_period_minus_baseline","early_egg",4,14,-0.120670779906723,0.0415268363362827,-0.202061883517727,-0.0392796762957198,0.88632570779775,0.817044364798308,0.961481767880628,0.00366256344487303,217037,"completed","s2_detectability","glaucous_winged_gull__detection__early_egg__13_bands",13,0.0101867597129657,TRUE,TRUE
"SOG_STAGED_REFIT_S2_DISTANCE_GLAUCOUS_WINGED_GULL_v1","atx_725074cbfcb6","Glaucous-winged Gull","SoG","detection","band_24_26","24–26 km","within_band_24_26_late_egg_minus_baseline","within_band_period_minus_baseline","late_egg",15,28,-0.0819945110714967,0.0388439102337632,-0.158127176148379,-0.00586184599461392,0.92127701550614,0.85374119954661,0.994155301103708,0.0347833406214296,217037,"completed","s2_detectability","glaucous_winged_gull__detection__late_egg__13_bands",13,0.113045857019646,TRUE,FALSE
"SOG_STAGED_REFIT_S2_DISTANCE_GLAUCOUS_WINGED_GULL_v1","atx_725074cbfcb6","Glaucous-winged Gull","SoG","detection","band_24_26","24–26 km","within_band_24_26_active_0_14_minus_baseline","within_band_duration_weighted_active_minus_baseline","active_0_14",0,14,-0.126754522242089,0.0385507044817123,-0.202312514604892,-0.0511965298792866,0.880949899662804,0.816839613740458,0.950091930730595,0.00100903643979995,217037,"completed","s2_detectability","glaucous_winged_gull__detection__active_0_14__13_bands",13,0.00295666035823473,TRUE,TRUE
"SOG_STAGED_REFIT_S2_DISTANCE_GLAUCOUS_WINGED_GULL_v1","atx_725074cbfcb6","Glaucous-winged Gull","SoG","positive_numeric_count_given_detection","band_0_2","0–<2 km","within_band_0_2_early_pre_minus_baseline","within_band_period_minus_baseline","early_pre",-14,-8,0.108531548929661,0.0332907721198342,0.043282834557256,0.173780263302066,1.11464007368491,1.04423319832195,1.18979409566832,0.00111369367917141,85053,"completed","s2_detectability","glaucous_winged_gull__positive_numeric_count_given_detection__early_pre__13_bands",13,0.00723900891461419,TRUE,TRUE
"SOG_STAGED_REFIT_S2_DISTANCE_GLAUCOUS_WINGED_GULL_v1","atx_725074cbfcb6","Glaucous-winged Gull","SoG","positive_numeric_count_given_detection","band_0_2","0–<2 km","within_band_0_2_immediate_pre_minus_baseline","within_band_period_minus_baseline","immediate_pre",-7,-1,0.00368108871852182,0.0325897574487636,-0.0601936621459509,0.0675558395829945,1.00368787224663,0.941582167103006,1.0698900001414,0.91006835618261,85053,"completed","s2_detectability","glaucous_winged_gull__positive_numeric_count_given_detection__immediate_pre__13_bands",13,0.91006835618261,FALSE,FALSE
"SOG_STAGED_REFIT_S2_DISTANCE_GLAUCOUS_WINGED_GULL_v1","atx_725074cbfcb6","Glaucous-winged Gull","SoG","positive_numeric_count_given_detection","band_0_2","0–<2 km","within_band_0_2_spawn_start_minus_baseline","within_band_period_minus_baseline","spawn_start",0,3,0.410376680433433,0.0335107358128867,0.344696845144738,0.476056515722128,1.50738548080247,1.41156193294434,1.60971398753617,1.7621512941415e-34,85053,"completed","s2_detectability","glaucous_winged_gull__positive_numeric_count_given_detection__spawn_start__13_bands",13,2.29079668238395e-33,TRUE,TRUE
"SOG_STAGED_REFIT_S2_DISTANCE_GLAUCOUS_WINGED_GULL_v1","atx_725074cbfcb6","Glaucous-winged Gull","SoG","positive_numeric_count_given_detection","band_0_2","0–<2 km","within_band_0_2_early_egg_minus_baseline","within_band_period_minus_baseline","early_egg",4,14,0.281934426727106,0.0272587186545721,0.228508319899434,0.335360533554777,1.32569178718725,1.25672398090554,1.39844448050509,4.50649722090707e-25,85053,"completed","s2_detectability","glaucous_winged_gull__positive_numeric_count_given_detection__early_egg__13_bands",13,5.85844638717919e-24,TRUE,TRUE
"SOG_STAGED_REFIT_S2_DISTANCE_GLAUCOUS_WINGED_GULL_v1","atx_725074cbfcb6","Glaucous-winged Gull","SoG","positive_numeric_count_given_detection","band_0_2","0–<2 km","within_band_0_2_late_egg_minus_baseline","within_band_period_minus_baseline","late_egg",15,28,0.0916660777269306,0.0271576449428369,0.038438071734044,0.144894083719817,1.09599878256509,1.03918637135526,1.15591713334114,0.000737265946736389,85053,"completed","s2_detectability","glaucous_winged_gull__positive_numeric_count_given_detection__late_egg__13_bands",13,0.00319481910252435,TRUE,TRUE
"SOG_STAGED_REFIT_S2_DISTANCE_GLAUCOUS_WINGED_GULL_v1","atx_725074cbfcb6","Glaucous-winged Gull","SoG","positive_numeric_count_given_detection","band_0_2","0–<2 km","within_band_0_2_active_0_14_minus_baseline","within_band_duration_weighted_active_minus_baseline","active_0_14",0,14,0.316185694382126,0.024876889212659,0.267427887477922,0.364943501286331,1.37188498330888,1.30659940426032,1.44043262325983,5.20228743912497e-37,85053,"completed","s2_detectability","glaucous_winged_gull__positive_numeric_count_given_detection__active_0_14__13_bands",13,6.76297367086246e-36,TRUE,TRUE
"SOG_STAGED_REFIT_S2_DISTANCE_GLAUCOUS_WINGED_GULL_v1","atx_725074cbfcb6","Glaucous-winged Gull","SoG","positive_numeric_count_given_detection","band_2_4","2–<4 km","within_band_2_4_early_pre_minus_baseline","within_band_period_minus_baseline","early_pre",-14,-8,0.0386067825873999,0.0292972778548486,-0.0188148268531662,0.096028392027966,1.03936170816497,0.981361067135835,1.10079031721978,0.187583982385249,85053,"completed","s2_detectability","glaucous_winged_gull__positive_numeric_count_given_detection__early_pre__13_bands",13,0.406431961834706,FALSE,FALSE
"SOG_STAGED_REFIT_S2_DISTANCE_GLAUCOUS_WINGED_GULL_v1","atx_725074cbfcb6","Glaucous-winged Gull","SoG","positive_numeric_count_given_detection","band_2_4","2–<4 km","within_band_2_4_immediate_pre_minus_baseline","within_band_period_minus_baseline","immediate_pre",-7,-1,0.0217776704489403,0.0291197209391843,-0.0352959338317178,0.0788512747295984,1.02201653473187,0.965319703224967,1.08204338290804,0.454540547635133,85053,"completed","s2_detectability","glaucous_winged_gull__positive_numeric_count_given_detection__immediate_pre__13_bands",13,0.590902711925673,FALSE,FALSE
"SOG_STAGED_REFIT_S2_DISTANCE_GLAUCOUS_WINGED_GULL_v1","atx_725074cbfcb6","Glaucous-winged Gull","SoG","positive_numeric_count_given_detection","band_2_4","2–<4 km","within_band_2_4_spawn_start_minus_baseline","within_band_period_minus_baseline","spawn_start",0,3,0.19469326036779,0.0338456322165745,0.128357040189315,0.261029480546265,1.21493825961269,1.13695887024751,1.29826593845859,8.79907661050575e-09,85053,"completed","s2_detectability","glaucous_winged_gull__positive_numeric_count_given_detection__spawn_start__13_bands",13,5.71939979682874e-08,TRUE,TRUE
"SOG_STAGED_REFIT_S2_DISTANCE_GLAUCOUS_WINGED_GULL_v1","atx_725074cbfcb6","Glaucous-winged Gull","SoG","positive_numeric_count_given_detection","band_2_4","2–<4 km","within_band_2_4_early_egg_minus_baseline","within_band_period_minus_baseline","early_egg",4,14,0.0888699484692466,0.0248368998011049,0.0401905193714509,0.137549377567042,1.09293850875719,1.04100908769757,1.14745836327552,0.000346045753942443,85053,"completed","s2_detectability","glaucous_winged_gull__positive_numeric_count_given_detection__early_egg__13_bands",13,0.000899718960250352,TRUE,TRUE
"SOG_STAGED_REFIT_S2_DISTANCE_GLAUCOUS_WINGED_GULL_v1","atx_725074cbfcb6","Glaucous-winged Gull","SoG","positive_numeric_count_given_detection","band_2_4","2–<4 km","within_band_2_4_late_egg_minus_baseline","within_band_period_minus_baseline","late_egg",15,28,0.0729642534973299,0.02325589351133,0.0273835397868244,0.118544967207836,1.07569208399748,1.02776191476554,1.12585749963191,0.00170423079028951,85053,"completed","s2_detectability","glaucous_winged_gull__positive_numeric_count_given_detection__late_egg__13_bands",13,0.0055387500684409,TRUE,TRUE
"SOG_STAGED_REFIT_S2_DISTANCE_GLAUCOUS_WINGED_GULL_v1","atx_725074cbfcb6","Glaucous-winged Gull","SoG","positive_numeric_count_given_detection","band_2_4","2–<4 km","within_band_2_4_active_0_14_minus_baseline","within_band_duration_weighted_active_minus_baseline","active_0_14",0,14,0.117089498308858,0.0225330321008858,0.0729255669286372,0.161253429689079,1.12422004098065,1.07565046996673,1.17498270658649,2.0324056680904e-07,85053,"completed","s2_detectability","glaucous_winged_gull__positive_numeric_count_given_detection__active_0_14__13_bands",13,8.80709122839172e-07,TRUE,TRUE
"SOG_STAGED_REFIT_S2_DISTANCE_GLAUCOUS_WINGED_GULL_v1","atx_725074cbfcb6","Glaucous-winged Gull","SoG","positive_numeric_count_given_detection","band_4_6","4–<6 km","within_band_4_6_early_pre_minus_baseline","within_band_period_minus_baseline","early_pre",-14,-8,-0.0381275969253495,0.0251794353856027,-0.0874783834321843,0.0112231895814853,0.962590109516567,0.916238677372316,1.01128640584837,0.129966100821801,85053,"completed","s2_detectability","glaucous_winged_gull__positive_numeric_count_given_detection__early_pre__13_bands",13,0.337911862136682,FALSE,FALSE
"SOG_STAGED_REFIT_S2_DISTANCE_GLAUCOUS_WINGED_GULL_v1","atx_725074cbfcb6","Glaucous-winged Gull","SoG","positive_numeric_count_given_detection","band_4_6","4–<6 km","within_band_4_6_immediate_pre_minus_baseline","within_band_period_minus_baseline","immediate_pre",-7,-1,0.0243178697093831,0.025583670617295,-0.0258252032928507,0.0744609427116168,1.02461596050951,0.974505415059803,1.0773032661562,0.341846525950303,85053,"completed","s2_detectability","glaucous_winged_gull__positive_numeric_count_given_detection__immediate_pre__13_bands",13,0.535439904917336,FALSE,FALSE
"SOG_STAGED_REFIT_S2_DISTANCE_GLAUCOUS_WINGED_GULL_v1","atx_725074cbfcb6","Glaucous-winged Gull","SoG","positive_numeric_count_given_detection","band_4_6","4–<6 km","within_band_4_6_spawn_start_minus_baseline","within_band_period_minus_baseline","spawn_start",0,3,0.115359203793088,0.0312128968504892,0.0541830501129651,0.17653535747321,1.12227649115093,1.05567782641506,1.19307661018813,0.000219124178677069,85053,"completed","s2_detectability","glaucous_winged_gull__positive_numeric_count_given_detection__spawn_start__13_bands",13,0.000569722864560379,TRUE,TRUE
"SOG_STAGED_REFIT_S2_DISTANCE_GLAUCOUS_WINGED_GULL_v1","atx_725074cbfcb6","Glaucous-winged Gull","SoG","positive_numeric_count_given_detection","band_4_6","4–<6 km","within_band_4_6_early_egg_minus_baseline","within_band_period_minus_baseline","early_egg",4,14,0.0916268714746973,0.0225218113552836,0.0474849323517362,0.135768810597658,1.09595581340271,1.04863040060821,1.14541705469776,4.73448779768862e-05,85053,"completed","s2_detectability","glaucous_winged_gull__positive_numeric_count_given_detection__early_egg__13_bands",13,0.00015387085342488,TRUE,TRUE
"SOG_STAGED_REFIT_S2_DISTANCE_GLAUCOUS_WINGED_GULL_v1","atx_725074cbfcb6","Glaucous-winged Gull","SoG","positive_numeric_count_given_detection","band_4_6","4–<6 km","within_band_4_6_late_egg_minus_baseline","within_band_period_minus_baseline","late_egg",15,28,0.0222158492820449,0.0210144753219056,-0.0189717655028958,0.0634034640669856,1.02246445887274,0.981207065739763,1.06545662598724,0.290434521062069,85053,"completed","s2_detectability","glaucous_winged_gull__positive_numeric_count_given_detection__late_egg__13_bands",13,0.343240797618808,FALSE,FALSE
"SOG_STAGED_REFIT_S2_DISTANCE_GLAUCOUS_WINGED_GULL_v1","atx_725074cbfcb6","Glaucous-winged Gull","SoG","positive_numeric_count_given_detection","band_4_6","4–<6 km","within_band_4_6_active_0_14_minus_baseline","within_band_duration_weighted_active_minus_baseline","active_0_14",0,14,0.097955493426268,0.0204482222741185,0.057877714221126,0.13803327263141,1.10291369710637,1.05958541555972,1.14801374707698,1.66435796798405e-06,85053,"completed","s2_detectability","glaucous_winged_gull__positive_numeric_count_given_detection__active_0_14__13_bands",13,5.40916339594816e-06,TRUE,TRUE
"SOG_STAGED_REFIT_S2_DISTANCE_GLAUCOUS_WINGED_GULL_v1","atx_725074cbfcb6","Glaucous-winged Gull","SoG","positive_numeric_count_given_detection","band_6_8","6–<8 km","within_band_6_8_early_pre_minus_baseline","within_band_period_minus_baseline","early_pre",-14,-8,0.0123379137194724,0.0238034327646955,-0.0343159572077514,0.0589917846466962,1.01241433976617,0.966266157644641,1.06076652613258,0.604231549691948,85053,"completed","s2_detectability","glaucous_winged_gull__positive_numeric_count_given_detection__early_pre__13_bands",13,0.84790238048164,FALSE,FALSE
"SOG_STAGED_REFIT_S2_DISTANCE_GLAUCOUS_WINGED_GULL_v1","atx_725074cbfcb6","Glaucous-winged Gull","SoG","positive_numeric_count_given_detection","band_6_8","6–<8 km","within_band_6_8_immediate_pre_minus_baseline","within_band_period_minus_baseline","immediate_pre",-7,-1,0.0766988470513582,0.0234784628965729,0.0306819053617154,0.122715788741001,1.0797168675079,1.03115744605775,1.13056305653229,0.00108780239276294,85053,"completed","s2_detectability","glaucous_winged_gull__positive_numeric_count_given_detection__immediate_pre__13_bands",13,0.0141414311059183,TRUE,TRUE
"SOG_STAGED_REFIT_S2_DISTANCE_GLAUCOUS_WINGED_GULL_v1","atx_725074cbfcb6","Glaucous-winged Gull","SoG","positive_numeric_count_given_detection","band_6_8","6–<8 km","within_band_6_8_spawn_start_minus_baseline","within_band_period_minus_baseline","spawn_start",0,3,-0.0186524229501413,0.0312677201403288,-0.0799360283038635,0.0426311824035808,0.981520456945828,0.923175401593956,1.04355294317826,0.550815027790944,85053,"completed","s2_detectability","glaucous_winged_gull__positive_numeric_count_given_detection__spawn_start__13_bands",13,0.716059536128227,FALSE,FALSE
"SOG_STAGED_REFIT_S2_DISTANCE_GLAUCOUS_WINGED_GULL_v1","atx_725074cbfcb6","Glaucous-winged Gull","SoG","positive_numeric_count_given_detection","band_6_8","6–<8 km","within_band_6_8_early_egg_minus_baseline","within_band_period_minus_baseline","early_egg",4,14,0.0085550107242873,0.0216712236523986,-0.0339198071353265,0.0510298285839011,1.00859170940642,0.966649019883419,1.05235428305307,0.693017345015202,85053,"completed","s2_detectability","glaucous_winged_gull__positive_numeric_count_given_detection__early_egg__13_bands",13,0.693017345015202,FALSE,FALSE
"SOG_STAGED_REFIT_S2_DISTANCE_GLAUCOUS_WINGED_GULL_v1","atx_725074cbfcb6","Glaucous-winged Gull","SoG","positive_numeric_count_given_detection","band_6_8","6–<8 km","within_band_6_8_late_egg_minus_baseline","within_band_period_minus_baseline","late_egg",15,28,-0.00409900809545733,0.0203101122991858,-0.0439060967238256,0.0357080805329109,0.995909381371481,0.95704382280406,1.0363532706347,0.840056628271567,85053,"completed","s2_detectability","glaucous_winged_gull__positive_numeric_count_given_detection__late_egg__13_bands",13,0.840056628271567,FALSE,FALSE
"SOG_STAGED_REFIT_S2_DISTANCE_GLAUCOUS_WINGED_GULL_v1","atx_725074cbfcb6","Glaucous-winged Gull","SoG","positive_numeric_count_given_detection","band_6_8","6–<8 km","within_band_6_8_active_0_14_minus_baseline","within_band_duration_weighted_active_minus_baseline","active_0_14",0,14,0.00129969507777299,0.0197798511953762,-0.0374681008847259,0.0400674910402719,1.00130054004745,0.96322514326064,1.04088102196479,0.947610278329795,85053,"completed","s2_detectability","glaucous_winged_gull__positive_numeric_count_given_detection__active_0_14__13_bands",13,0.947610278329795,FALSE,FALSE
"SOG_STAGED_REFIT_S2_DISTANCE_GLAUCOUS_WINGED_GULL_v1","atx_725074cbfcb6","Glaucous-winged Gull","SoG","positive_numeric_count_given_detection","band_8_10","8–<10 km","within_band_8_10_early_pre_minus_baseline","within_band_period_minus_baseline","early_pre",-14,-8,0.0384175621414692,0.0240547104707472,-0.00872880403973382,0.0855639283226723,1.03916505828474,0.991309181367509,1.08933119823449,0.110245419051045,85053,"completed","s2_detectability","glaucous_winged_gull__positive_numeric_count_given_detection__early_pre__13_bands",13,0.337911862136682,FALSE,FALSE
"SOG_STAGED_REFIT_S2_DISTANCE_GLAUCOUS_WINGED_GULL_v1","atx_725074cbfcb6","Glaucous-winged Gull","SoG","positive_numeric_count_given_detection","band_8_10","8–<10 km","within_band_8_10_immediate_pre_minus_baseline","within_band_period_minus_baseline","immediate_pre",-7,-1,0.073532710205973,0.0241194722060648,0.0262594133559711,0.120806007055975,1.0763037422132,1.0266072295602,1.12840598833344,0.00229844169158368,85053,"completed","s2_detectability","glaucous_winged_gull__positive_numeric_count_given_detection__immediate_pre__13_bands",13,0.0149398709952939,TRUE,TRUE
"SOG_STAGED_REFIT_S2_DISTANCE_GLAUCOUS_WINGED_GULL_v1","atx_725074cbfcb6","Glaucous-winged Gull","SoG","positive_numeric_count_given_detection","band_8_10","8–<10 km","within_band_8_10_spawn_start_minus_baseline","within_band_period_minus_baseline","spawn_start",0,3,0.148320751996422,0.0309074994356103,0.0877431662504339,0.20889833774241,1.15988487209215,1.09170769863697,1.23231971175793,1.5957155893949e-06,85053,"completed","s2_detectability","glaucous_winged_gull__positive_numeric_count_given_detection__spawn_start__13_bands",13,6.91476755404455e-06,TRUE,TRUE
"SOG_STAGED_REFIT_S2_DISTANCE_GLAUCOUS_WINGED_GULL_v1","atx_725074cbfcb6","Glaucous-winged Gull","SoG","positive_numeric_count_given_detection","band_8_10","8–<10 km","within_band_8_10_early_egg_minus_baseline","within_band_period_minus_baseline","early_egg",4,14,0.0418118094996397,0.021482157744737,-0.000292445990252993,0.0839160649895323,1.04269823438323,0.999707596767907,1.08753760749735,0.0516126455223469,85053,"completed","s2_detectability","glaucous_winged_gull__positive_numeric_count_given_detection__early_egg__13_bands",13,0.0609967628900464,FALSE,FALSE
"SOG_STAGED_REFIT_S2_DISTANCE_GLAUCOUS_WINGED_GULL_v1","atx_725074cbfcb6","Glaucous-winged Gull","SoG","positive_numeric_count_given_detection","band_8_10","8–<10 km","within_band_8_10_late_egg_minus_baseline","within_band_period_minus_baseline","late_egg",15,28,0.0301901807147574,0.0194408559224724,-0.00791319672192062,0.0682935581514354,1.03065052516959,0.992118030196722,1.07067956906471,0.120441182072385,85053,"completed","s2_detectability","glaucous_winged_gull__positive_numeric_count_given_detection__late_egg__13_bands",13,0.173970596326779,FALSE,FALSE
"SOG_STAGED_REFIT_S2_DISTANCE_GLAUCOUS_WINGED_GULL_v1","atx_725074cbfcb6","Glaucous-winged Gull","SoG","positive_numeric_count_given_detection","band_8_10","8–<10 km","within_band_8_10_active_0_14_minus_baseline","within_band_duration_weighted_active_minus_baseline","active_0_14",0,14,0.0702141941654483,0.0194483849181604,0.032096060168382,0.108332328162515,1.07273793085367,1.03261669387449,1.1144180363523,0.000305861846066924,85053,"completed","s2_detectability","glaucous_winged_gull__positive_numeric_count_given_detection__active_0_14__13_bands",13,0.000662700666478336,TRUE,TRUE
"SOG_STAGED_REFIT_S2_DISTANCE_GLAUCOUS_WINGED_GULL_v1","atx_725074cbfcb6","Glaucous-winged Gull","SoG","positive_numeric_count_given_detection","band_10_12","10–<12 km","within_band_10_12_early_pre_minus_baseline","within_band_period_minus_baseline","early_pre",-14,-8,-0.0245500412588901,0.0209983984995194,-0.065706146050968,0.0166060635331877,0.975748859995372,0.936405990464378,1.01674471060369,0.242347736011308,85053,"completed","s2_detectability","glaucous_winged_gull__positive_numeric_count_given_detection__early_pre__13_bands",13,0.450074366878143,FALSE,FALSE
"SOG_STAGED_REFIT_S2_DISTANCE_GLAUCOUS_WINGED_GULL_v1","atx_725074cbfcb6","Glaucous-winged Gull","SoG","positive_numeric_count_given_detection","band_10_12","10–<12 km","within_band_10_12_immediate_pre_minus_baseline","within_band_period_minus_baseline","immediate_pre",-7,-1,0.00787993254954356,0.0214331451862607,-0.0341282600909455,0.0498881251900326,1.00791106092749,0.966447540038442,1.05115349220049,0.713132949650367,85053,"completed","s2_detectability","glaucous_winged_gull__positive_numeric_count_given_detection__immediate_pre__13_bands",13,0.772560695454564,FALSE,FALSE
"SOG_STAGED_REFIT_S2_DISTANCE_GLAUCOUS_WINGED_GULL_v1","atx_725074cbfcb6","Glaucous-winged Gull","SoG","positive_numeric_count_given_detection","band_10_12","10–<12 km","within_band_10_12_spawn_start_minus_baseline","within_band_period_minus_baseline","spawn_start",0,3,0.0545980419434124,0.0270108840584319,0.00165768199829872,0.107538401888526,1.05611601500466,1.00165905671261,1.11353362171949,0.0432451113360873,85053,"completed","s2_detectability","glaucous_winged_gull__positive_numeric_count_given_detection__spawn_start__13_bands",13,0.0681702252044878,TRUE,FALSE
"SOG_STAGED_REFIT_S2_DISTANCE_GLAUCOUS_WINGED_GULL_v1","atx_725074cbfcb6","Glaucous-winged Gull","SoG","positive_numeric_count_given_detection","band_10_12","10–<12 km","within_band_10_12_early_egg_minus_baseline","within_band_period_minus_baseline","early_egg",4,14,0.0379379293871836,0.018525243951975,0.00162911843649417,0.0742467403378731,1.03866676019527,1.00163044617085,1.07707252995235,0.0405693634942305,85053,"completed","s2_detectability","glaucous_winged_gull__positive_numeric_count_given_detection__early_egg__13_bands",13,0.0527401725424997,TRUE,FALSE
"SOG_STAGED_REFIT_S2_DISTANCE_GLAUCOUS_WINGED_GULL_v1","atx_725074cbfcb6","Glaucous-winged Gull","SoG","positive_numeric_count_given_detection","band_10_12","10–<12 km","within_band_10_12_late_egg_minus_baseline","within_band_period_minus_baseline","late_egg",15,28,0.0289572611351875,0.0172914028690512,-0.00493326573032529,0.0628477880007004,1.02938059897672,0.995078882839473,1.06486474170371,0.0940005010376093,85053,"completed","s2_detectability","glaucous_winged_gull__positive_numeric_count_given_detection__late_egg__13_bands",13,0.173970596326779,FALSE,FALSE
"SOG_STAGED_REFIT_S2_DISTANCE_GLAUCOUS_WINGED_GULL_v1","atx_725074cbfcb6","Glaucous-winged Gull","SoG","positive_numeric_count_given_detection","band_10_12","10–<12 km","within_band_10_12_active_0_14_minus_baseline","within_band_duration_weighted_active_minus_baseline","active_0_14",0,14,0.0423806260688446,0.0172395052641984,0.00859181663972707,0.0761694354979622,1.04329150713131,1.00862883223076,1.07914540420683,0.0139579589191243,85053,"completed","s2_detectability","glaucous_winged_gull__positive_numeric_count_given_detection__active_0_14__13_bands",13,0.0201614962165129,TRUE,TRUE
"SOG_STAGED_REFIT_S2_DISTANCE_GLAUCOUS_WINGED_GULL_v1","atx_725074cbfcb6","Glaucous-winged Gull","SoG","positive_numeric_count_given_detection","band_12_14","12–<14 km","within_band_12_14_early_pre_minus_baseline","within_band_period_minus_baseline","early_pre",-14,-8,0.0197955265970358,0.0297358297137241,-0.0384856286922794,0.0780766818863511,1.01999275731259,0.962245533367112,1.08120556437357,0.505594601455621,85053,"completed","s2_detectability","glaucous_winged_gull__positive_numeric_count_given_detection__early_pre__13_bands",13,0.821591227365385,FALSE,FALSE
"SOG_STAGED_REFIT_S2_DISTANCE_GLAUCOUS_WINGED_GULL_v1","atx_725074cbfcb6","Glaucous-winged Gull","SoG","positive_numeric_count_given_detection","band_12_14","12–<14 km","within_band_12_14_immediate_pre_minus_baseline","within_band_period_minus_baseline","immediate_pre",-7,-1,0.0365248115901098,0.0288428471231783,-0.0200061299829144,0.0930557531631339,1.03720003828071,0.980192664724052,1.09752292393696,0.205391871303822,85053,"completed","s2_detectability","glaucous_winged_gull__positive_numeric_count_given_detection__immediate_pre__13_bands",13,0.381442046707098,FALSE,FALSE
"SOG_STAGED_REFIT_S2_DISTANCE_GLAUCOUS_WINGED_GULL_v1","atx_725074cbfcb6","Glaucous-winged Gull","SoG","positive_numeric_count_given_detection","band_12_14","12–<14 km","within_band_12_14_spawn_start_minus_baseline","within_band_period_minus_baseline","spawn_start",0,3,0.00605773775828945,0.034463185551374,-0.0614888647149247,0.0736043402315036,1.00607612295715,0.94036341689585,1.07638084063898,0.8604713647848,85053,"completed","s2_detectability","glaucous_winged_gull__positive_numeric_count_given_detection__spawn_start__13_bands",13,0.8604713647848,FALSE,FALSE
"SOG_STAGED_REFIT_S2_DISTANCE_GLAUCOUS_WINGED_GULL_v1","atx_725074cbfcb6","Glaucous-winged Gull","SoG","positive_numeric_count_given_detection","band_12_14","12–<14 km","within_band_12_14_early_egg_minus_baseline","within_band_period_minus_baseline","early_egg",4,14,-0.0529076702990263,0.0258087273835507,-0.103491846457598,-0.00232349414045421,0.948467580167747,0.901683374625511,0.997679203082658,0.0403652658149857,85053,"completed","s2_detectability","glaucous_winged_gull__positive_numeric_count_given_detection__early_egg__13_bands",13,0.0527401725424997,TRUE,FALSE
"SOG_STAGED_REFIT_S2_DISTANCE_GLAUCOUS_WINGED_GULL_v1","atx_725074cbfcb6","Glaucous-winged Gull","SoG","positive_numeric_count_given_detection","band_12_14","12–<14 km","within_band_12_14_late_egg_minus_baseline","within_band_period_minus_baseline","late_egg",15,28,-0.0491937691771887,0.0238049492169209,-0.0958506122961585,-0.00253692605821885,0.951996644218846,0.908599739559547,0.997466289219145,0.0387779576604254,85053,"completed","s2_detectability","glaucous_winged_gull__positive_numeric_count_given_detection__late_egg__13_bands",13,0.100822689917106,TRUE,FALSE
"SOG_STAGED_REFIT_S2_DISTANCE_GLAUCOUS_WINGED_GULL_v1","atx_725074cbfcb6","Glaucous-winged Gull","SoG","positive_numeric_count_given_detection","band_12_14","12–<14 km","within_band_12_14_active_0_14_minus_baseline","within_band_duration_weighted_active_minus_baseline","active_0_14",0,14,-0.0371835614837421,0.0232316209778091,-0.082716701902733,0.00834957893524884,0.963499257762255,0.920611917885122,1.0083845338881,0.109474806396551,85053,"completed","s2_detectability","glaucous_winged_gull__positive_numeric_count_given_detection__active_0_14__13_bands",13,0.12937931665047,FALSE,FALSE
"SOG_STAGED_REFIT_S2_DISTANCE_GLAUCOUS_WINGED_GULL_v1","atx_725074cbfcb6","Glaucous-winged Gull","SoG","positive_numeric_count_given_detection","band_14_16","14–<16 km","within_band_14_16_early_pre_minus_baseline","within_band_period_minus_baseline","early_pre",-14,-8,-0.0843413643985576,0.0242847765848981,-0.13193865187756,-0.0367440769195557,0.91911744856178,0.876394758603168,0.963922793875621,0.000514648877429127,85053,"completed","s2_detectability","glaucous_winged_gull__positive_numeric_count_given_detection__early_pre__13_bands",13,0.00669043540657866,TRUE,TRUE
"SOG_STAGED_REFIT_S2_DISTANCE_GLAUCOUS_WINGED_GULL_v1","atx_725074cbfcb6","Glaucous-winged Gull","SoG","positive_numeric_count_given_detection","band_14_16","14–<16 km","within_band_14_16_immediate_pre_minus_baseline","within_band_period_minus_baseline","immediate_pre",-7,-1,-0.0512530158845092,0.0243959118135772,-0.0990681244091357,-0.00343790735988272,0.95003826534852,0.905681006938434,0.996567995477218,0.0356510239799827,85053,"completed","s2_detectability","glaucous_winged_gull__positive_numeric_count_given_detection__immediate_pre__13_bands",13,0.154487770579925,TRUE,FALSE
"SOG_STAGED_REFIT_S2_DISTANCE_GLAUCOUS_WINGED_GULL_v1","atx_725074cbfcb6","Glaucous-winged Gull","SoG","positive_numeric_count_given_detection","band_14_16","14–<16 km","within_band_14_16_spawn_start_minus_baseline","within_band_period_minus_baseline","spawn_start",0,3,-0.0571743117279689,0.0288097384331546,-0.113640361460971,-0.000708261994966528,0.944429429891775,0.892578903939285,0.999291988763356,0.0471947712954147,85053,"completed","s2_detectability","glaucous_winged_gull__positive_numeric_count_given_detection__spawn_start__13_bands",13,0.0681702252044878,TRUE,FALSE
"SOG_STAGED_REFIT_S2_DISTANCE_GLAUCOUS_WINGED_GULL_v1","atx_725074cbfcb6","Glaucous-winged Gull","SoG","positive_numeric_count_given_detection","band_14_16","14–<16 km","within_band_14_16_early_egg_minus_baseline","within_band_period_minus_baseline","early_egg",4,14,-0.115714213426274,0.0210454970807396,-0.156962629741267,-0.0744657971112819,0.890729745528312,0.854735999926323,0.928239221978858,3.83495260624636e-08,85053,"completed","s2_detectability","glaucous_winged_gull__positive_numeric_count_given_detection__early_egg__13_bands",13,2.49271919406013e-07,TRUE,TRUE
"SOG_STAGED_REFIT_S2_DISTANCE_GLAUCOUS_WINGED_GULL_v1","atx_725074cbfcb6","Glaucous-winged Gull","SoG","positive_numeric_count_given_detection","band_14_16","14–<16 km","within_band_14_16_late_egg_minus_baseline","within_band_period_minus_baseline","late_egg",15,28,-0.0723384216875079,0.0198427994616998,-0.11122959398489,-0.0334472493901256,0.930216037255654,0.894733299961258,0.967105925313252,0.00026679416832253,85053,"completed","s2_detectability","glaucous_winged_gull__positive_numeric_count_given_detection__late_egg__13_bands",13,0.00319481910252435,TRUE,TRUE
"SOG_STAGED_REFIT_S2_DISTANCE_GLAUCOUS_WINGED_GULL_v1","atx_725074cbfcb6","Glaucous-winged Gull","SoG","positive_numeric_count_given_detection","band_14_16","14–<16 km","within_band_14_16_active_0_14_minus_baseline","within_band_duration_weighted_active_minus_baseline","active_0_14",0,14,-0.100103572973393,0.0191112097429442,-0.137560855770555,-0.0626462901762312,0.904743706187228,0.871481313716522,0.939275645962576,1.6236948692566e-07,85053,"completed","s2_detectability","glaucous_winged_gull__positive_numeric_count_given_detection__active_0_14__13_bands",13,8.80709122839172e-07,TRUE,TRUE
"SOG_STAGED_REFIT_S2_DISTANCE_GLAUCOUS_WINGED_GULL_v1","atx_725074cbfcb6","Glaucous-winged Gull","SoG","positive_numeric_count_given_detection","band_16_18","16–<18 km","within_band_16_18_early_pre_minus_baseline","within_band_period_minus_baseline","early_pre",-14,-8,0.00748163874329204,0.0242197488331762,-0.0399881966843393,0.0549514741709233,1.00750969613053,0.960800779720285,1.05648934641014,0.75739262390731,85053,"completed","s2_detectability","glaucous_winged_gull__positive_numeric_count_given_detection__early_pre__13_bands",13,0.84790238048164,FALSE,FALSE
"SOG_STAGED_REFIT_S2_DISTANCE_GLAUCOUS_WINGED_GULL_v1","atx_725074cbfcb6","Glaucous-winged Gull","SoG","positive_numeric_count_given_detection","band_16_18","16–<18 km","within_band_16_18_immediate_pre_minus_baseline","within_band_period_minus_baseline","immediate_pre",-7,-1,-0.0434380617780805,0.0240491094875468,-0.0905734502339326,0.00369732667777169,0.957491857597533,0.913407241461444,1.00370417022173,0.0708834676324235,85053,"completed","s2_detectability","glaucous_winged_gull__positive_numeric_count_given_detection__immediate_pre__13_bands",13,0.226134186875884,FALSE,FALSE
"SOG_STAGED_REFIT_S2_DISTANCE_GLAUCOUS_WINGED_GULL_v1","atx_725074cbfcb6","Glaucous-winged Gull","SoG","positive_numeric_count_given_detection","band_16_18","16–<18 km","within_band_16_18_spawn_start_minus_baseline","within_band_period_minus_baseline","spawn_start",0,3,0.00792918434744033,0.0297155093462929,-0.0503121437535571,0.0661705124484378,1.00796070358185,0.950932550513747,1.06840887864898,0.789595002268792,85053,"completed","s2_detectability","glaucous_winged_gull__positive_numeric_count_given_detection__spawn_start__13_bands",13,0.855394585791191,FALSE,FALSE
"SOG_STAGED_REFIT_S2_DISTANCE_GLAUCOUS_WINGED_GULL_v1","atx_725074cbfcb6","Glaucous-winged Gull","SoG","positive_numeric_count_given_detection","band_16_18","16–<18 km","within_band_16_18_early_egg_minus_baseline","within_band_period_minus_baseline","early_egg",4,14,-0.0475249983152321,0.0211300997642974,-0.0889392328429933,-0.00611076378747078,0.953586634775371,0.914901167828194,0.99390786895681,0.0245022487236639,85053,"completed","s2_detectability","glaucous_winged_gull__positive_numeric_count_given_detection__early_egg__13_bands",13,0.0398161541759538,TRUE,TRUE
"SOG_STAGED_REFIT_S2_DISTANCE_GLAUCOUS_WINGED_GULL_v1","atx_725074cbfcb6","Glaucous-winged Gull","SoG","positive_numeric_count_given_detection","band_16_18","16–<18 km","within_band_16_18_late_egg_minus_baseline","within_band_period_minus_baseline","late_egg",15,28,-0.068410896150053,0.0201593735065448,-0.107922542173772,-0.0288992501263342,0.933876668402908,0.897697127405641,0.971514339483042,0.000690047817368766,85053,"completed","s2_detectability","glaucous_winged_gull__positive_numeric_count_given_detection__late_egg__13_bands",13,0.00319481910252435,TRUE,TRUE
"SOG_STAGED_REFIT_S2_DISTANCE_GLAUCOUS_WINGED_GULL_v1","atx_725074cbfcb6","Glaucous-winged Gull","SoG","positive_numeric_count_given_detection","band_16_18","16–<18 km","within_band_16_18_active_0_14_minus_baseline","within_band_duration_weighted_active_minus_baseline","active_0_14",0,14,-0.0327372162718528,0.0190955134655457,-0.070163734930622,0.00468930238691648,0.9677928463886,0.932241166966184,1.00470031437147,0.0864565573500851,85053,"completed","s2_detectability","glaucous_winged_gull__positive_numeric_count_given_detection__active_0_14__13_bands",13,0.112393524555111,FALSE,FALSE
"SOG_STAGED_REFIT_S2_DISTANCE_GLAUCOUS_WINGED_GULL_v1","atx_725074cbfcb6","Glaucous-winged Gull","SoG","positive_numeric_count_given_detection","band_18_20","18–<20 km","within_band_18_20_early_pre_minus_baseline","within_band_period_minus_baseline","early_pre",-14,-8,0.00865501729232348,0.0244437255408552,-0.0392538044157346,0.0565638390003816,1.00869258024562,0.961506643543323,1.05819416670179,0.723279452741975,85053,"completed","s2_detectability","glaucous_winged_gull__positive_numeric_count_given_detection__early_pre__13_bands",13,0.84790238048164,FALSE,FALSE
"SOG_STAGED_REFIT_S2_DISTANCE_GLAUCOUS_WINGED_GULL_v1","atx_725074cbfcb6","Glaucous-winged Gull","SoG","positive_numeric_count_given_detection","band_18_20","18–<20 km","within_band_18_20_immediate_pre_minus_baseline","within_band_period_minus_baseline","immediate_pre",-7,-1,-0.0118473953818,0.0235759175862207,-0.058055344753277,0.0343605539896771,0.988222508674202,0.943597722808471,1.03495769759139,0.615301033525677,85053,"completed","s2_detectability","glaucous_winged_gull__positive_numeric_count_given_detection__immediate_pre__13_bands",13,0.727173948712164,FALSE,FALSE
"SOG_STAGED_REFIT_S2_DISTANCE_GLAUCOUS_WINGED_GULL_v1","atx_725074cbfcb6","Glaucous-winged Gull","SoG","positive_numeric_count_given_detection","band_18_20","18–<20 km","within_band_18_20_spawn_start_minus_baseline","within_band_period_minus_baseline","spawn_start",0,3,-0.0142183854755863,0.0300676776334354,-0.0731499507358802,0.0447131797847077,0.98588221839456,0.929461446147874,1.0457278809948,0.636299219816045,85053,"completed","s2_detectability","glaucous_winged_gull__positive_numeric_count_given_detection__spawn_start__13_bands",13,0.751989987055326,FALSE,FALSE
"SOG_STAGED_REFIT_S2_DISTANCE_GLAUCOUS_WINGED_GULL_v1","atx_725074cbfcb6","Glaucous-winged Gull","SoG","positive_numeric_count_given_detection","band_18_20","18–<20 km","within_band_18_20_early_egg_minus_baseline","within_band_period_minus_baseline","early_egg",4,14,-0.0641121350074154,0.0204119807341489,-0.104118882099473,-0.0241053879153582,0.93789982223029,0.901118164233985,0.976182826463587,0.00168425454060856,85053,"completed","s2_detectability","glaucous_winged_gull__positive_numeric_count_given_detection__early_egg__13_bands",13,0.00364921817131856,TRUE,TRUE
"SOG_STAGED_REFIT_S2_DISTANCE_GLAUCOUS_WINGED_GULL_v1","atx_725074cbfcb6","Glaucous-winged Gull","SoG","positive_numeric_count_given_detection","band_18_20","18–<20 km","within_band_18_20_late_egg_minus_baseline","within_band_period_minus_baseline","late_egg",15,28,-0.00661134136143194,0.0190911643923938,-0.0440293359934572,0.0308066532705933,0.993410465471928,0.956925884689785,1.03128608881666,0.729114468773429,85053,"completed","s2_detectability","glaucous_winged_gull__positive_numeric_count_given_detection__late_egg__13_bands",13,0.789874007837882,FALSE,FALSE
"SOG_STAGED_REFIT_S2_DISTANCE_GLAUCOUS_WINGED_GULL_v1","atx_725074cbfcb6","Glaucous-winged Gull","SoG","positive_numeric_count_given_detection","band_18_20","18–<20 km","within_band_18_20_active_0_14_minus_baseline","within_band_duration_weighted_active_minus_baseline","active_0_14",0,14,-0.050807135132261,0.0185062477049687,-0.0870787141229767,-0.0145355561415453,0.950461963577361,0.916604943039268,0.985569575058064,0.00604363604970446,85053,"completed","s2_detectability","glaucous_winged_gull__positive_numeric_count_given_detection__active_0_14__13_bands",13,0.00982090858076975,TRUE,TRUE
"SOG_STAGED_REFIT_S2_DISTANCE_GLAUCOUS_WINGED_GULL_v1","atx_725074cbfcb6","Glaucous-winged Gull","SoG","positive_numeric_count_given_detection","band_20_22","20–<22 km","within_band_20_22_early_pre_minus_baseline","within_band_period_minus_baseline","early_pre",-14,-8,0.000991982892452573,0.02143681790731,-0.0410234081490183,0.0430073739339234,1.00099247507021,0.959806662387456,1.04394559280805,0.963091282804156,85053,"completed","s2_detectability","glaucous_winged_gull__positive_numeric_count_given_detection__early_pre__13_bands",13,0.963091282804156,FALSE,FALSE
"SOG_STAGED_REFIT_S2_DISTANCE_GLAUCOUS_WINGED_GULL_v1","atx_725074cbfcb6","Glaucous-winged Gull","SoG","positive_numeric_count_given_detection","band_20_22","20–<22 km","within_band_20_22_immediate_pre_minus_baseline","within_band_period_minus_baseline","immediate_pre",-7,-1,0.0191515977620931,0.0213940540935818,-0.022779977744629,0.0610831732688152,1.01933616598645,0.977477526925319,1.06298732264087,0.370689164942771,85053,"completed","s2_detectability","glaucous_winged_gull__positive_numeric_count_given_detection__immediate_pre__13_bands",13,0.535439904917336,FALSE,FALSE
"SOG_STAGED_REFIT_S2_DISTANCE_GLAUCOUS_WINGED_GULL_v1","atx_725074cbfcb6","Glaucous-winged Gull","SoG","positive_numeric_count_given_detection","band_20_22","20–<22 km","within_band_20_22_spawn_start_minus_baseline","within_band_period_minus_baseline","spawn_start",0,3,0.071071711733608,0.025096296978315,0.0218838735107891,0.120259549956427,1.07365821699978,1.02212508178103,1.12778953131894,0.00462636210305194,85053,"completed","s2_detectability","glaucous_winged_gull__positive_numeric_count_given_detection__spawn_start__13_bands",13,0.00859181533423933,TRUE,TRUE
"SOG_STAGED_REFIT_S2_DISTANCE_GLAUCOUS_WINGED_GULL_v1","atx_725074cbfcb6","Glaucous-winged Gull","SoG","positive_numeric_count_given_detection","band_20_22","20–<22 km","within_band_20_22_early_egg_minus_baseline","within_band_period_minus_baseline","early_egg",4,14,0.0806647153725754,0.0182390288003435,0.0449168758109133,0.116412554934237,1.0840073846181,1.04594091330483,1.12345926520241,9.75007170620374e-06,85053,"completed","s2_detectability","glaucous_winged_gull__positive_numeric_count_given_detection__early_egg__13_bands",13,4.22503107268829e-05,TRUE,TRUE
"SOG_STAGED_REFIT_S2_DISTANCE_GLAUCOUS_WINGED_GULL_v1","atx_725074cbfcb6","Glaucous-winged Gull","SoG","positive_numeric_count_given_detection","band_20_22","20–<22 km","within_band_20_22_late_egg_minus_baseline","within_band_period_minus_baseline","late_egg",15,28,0.0233533745131907,0.0167337356109218,-0.0094441446110314,0.0561508936374128,1.02362819975948,0.990600311263378,1.0577572805388,0.162839068078667,85053,"completed","s2_detectability","glaucous_winged_gull__positive_numeric_count_given_detection__late_egg__13_bands",13,0.211690788502267,FALSE,FALSE
"SOG_STAGED_REFIT_S2_DISTANCE_GLAUCOUS_WINGED_GULL_v1","atx_725074cbfcb6","Glaucous-winged Gull","SoG","positive_numeric_count_given_detection","band_20_22","20–<22 km","within_band_20_22_active_0_14_minus_baseline","within_band_duration_weighted_active_minus_baseline","active_0_14",0,14,0.0781065810688507,0.0164747983633122,0.0458165696241994,0.110396592513502,1.08123789201934,1.04688236331847,1.11672086578345,2.1269384279876e-06,85053,"completed","s2_detectability","glaucous_winged_gull__positive_numeric_count_given_detection__active_0_14__13_bands",13,5.53003991276777e-06,TRUE,TRUE
"SOG_STAGED_REFIT_S2_DISTANCE_GLAUCOUS_WINGED_GULL_v1","atx_725074cbfcb6","Glaucous-winged Gull","SoG","positive_numeric_count_given_detection","band_22_24","22–<24 km","within_band_22_24_early_pre_minus_baseline","within_band_period_minus_baseline","early_pre",-14,-8,-0.00654146760260298,0.0237156307133204,-0.0530232496713629,0.039940314466157,0.993479881220352,0.948357963215001,1.04074865469954,0.78267912044459,85053,"completed","s2_detectability","glaucous_winged_gull__positive_numeric_count_given_detection__early_pre__13_bands",13,0.84790238048164,FALSE,FALSE
"SOG_STAGED_REFIT_S2_DISTANCE_GLAUCOUS_WINGED_GULL_v1","atx_725074cbfcb6","Glaucous-winged Gull","SoG","positive_numeric_count_given_detection","band_22_24","22–<24 km","within_band_22_24_immediate_pre_minus_baseline","within_band_period_minus_baseline","immediate_pre",-7,-1,0.0285556805838697,0.0221498402595212,-0.0148572085881072,0.0719685697558466,1.02896730273969,0.985252615171184,1.07462156791477,0.197326893573105,85053,"completed","s2_detectability","glaucous_winged_gull__positive_numeric_count_given_detection__immediate_pre__13_bands",13,0.381442046707098,FALSE,FALSE
"SOG_STAGED_REFIT_S2_DISTANCE_GLAUCOUS_WINGED_GULL_v1","atx_725074cbfcb6","Glaucous-winged Gull","SoG","positive_numeric_count_given_detection","band_22_24","22–<24 km","within_band_22_24_spawn_start_minus_baseline","within_band_period_minus_baseline","spawn_start",0,3,0.117021357090896,0.0293717148216433,0.0594538538762937,0.174588860305498,1.12414343786775,1.06125678696259,1.19075654867464,6.77217046068395e-05,85053,"completed","s2_detectability","glaucous_winged_gull__positive_numeric_count_given_detection__spawn_start__13_bands",13,0.000220095539972229,TRUE,TRUE
"SOG_STAGED_REFIT_S2_DISTANCE_GLAUCOUS_WINGED_GULL_v1","atx_725074cbfcb6","Glaucous-winged Gull","SoG","positive_numeric_count_given_detection","band_22_24","22–<24 km","within_band_22_24_early_egg_minus_baseline","within_band_period_minus_baseline","early_egg",4,14,0.04422272777733,0.0195411442948516,0.00592278874272049,0.0825226668119395,1.04521512740719,1.00594036313531,1.08602328984574,0.0236321619374772,85053,"completed","s2_detectability","glaucous_winged_gull__positive_numeric_count_given_detection__early_egg__13_bands",13,0.0398161541759538,TRUE,TRUE
"SOG_STAGED_REFIT_S2_DISTANCE_GLAUCOUS_WINGED_GULL_v1","atx_725074cbfcb6","Glaucous-winged Gull","SoG","positive_numeric_count_given_detection","band_22_24","22–<24 km","within_band_22_24_late_egg_minus_baseline","within_band_period_minus_baseline","late_egg",15,28,0.0288936596597168,0.018546017973076,-0.00745586762414471,0.0652431869435783,1.02931513093376,0.992571858406872,1.06741857508404,0.119246495080154,85053,"completed","s2_detectability","glaucous_winged_gull__positive_numeric_count_given_detection__late_egg__13_bands",13,0.173970596326779,FALSE,FALSE
"SOG_STAGED_REFIT_S2_DISTANCE_GLAUCOUS_WINGED_GULL_v1","atx_725074cbfcb6","Glaucous-winged Gull","SoG","positive_numeric_count_given_detection","band_22_24","22–<24 km","within_band_22_24_active_0_14_minus_baseline","within_band_duration_weighted_active_minus_baseline","active_0_14",0,14,0.0636356955942809,0.018257779777404,0.0278511047929053,0.0994202863956564,1.06570408733981,1.02824257263211,1.10453042112965,0.000491398845134805,85053,"completed","s2_detectability","glaucous_winged_gull__positive_numeric_count_given_detection__active_0_14__13_bands",13,0.000912597855250353,TRUE,TRUE
"SOG_STAGED_REFIT_S2_DISTANCE_GLAUCOUS_WINGED_GULL_v1","atx_725074cbfcb6","Glaucous-winged Gull","SoG","positive_numeric_count_given_detection","band_24_26","24–26 km","within_band_24_26_early_pre_minus_baseline","within_band_period_minus_baseline","early_pre",-14,-8,0.0500495637809666,0.0253677260965142,0.000329734262121885,0.0997693932998114,1.05132320263766,1.00032978863044,1.10491608764102,0.0484998731937335,85053,"completed","s2_detectability","glaucous_winged_gull__positive_numeric_count_given_detection__early_pre__13_bands",13,0.210166117172845,TRUE,FALSE
"SOG_STAGED_REFIT_S2_DISTANCE_GLAUCOUS_WINGED_GULL_v1","atx_725074cbfcb6","Glaucous-winged Gull","SoG","positive_numeric_count_given_detection","band_24_26","24–26 km","within_band_24_26_immediate_pre_minus_baseline","within_band_period_minus_baseline","immediate_pre",-7,-1,-0.0426217153291186,0.0249020174804394,-0.0914287727331666,0.00618534207492945,0.95827382180882,0.912626317715293,1.00620451080456,0.0869746872599554,85053,"completed","s2_detectability","glaucous_winged_gull__positive_numeric_count_given_detection__immediate_pre__13_bands",13,0.226134186875884,FALSE,FALSE
"SOG_STAGED_REFIT_S2_DISTANCE_GLAUCOUS_WINGED_GULL_v1","atx_725074cbfcb6","Glaucous-winged Gull","SoG","positive_numeric_count_given_detection","band_24_26","24–26 km","within_band_24_26_spawn_start_minus_baseline","within_band_period_minus_baseline","spawn_start",0,3,-0.0966711442316553,0.0305131188695363,-0.156475758271936,-0.0368665301913747,0.907854510240694,0.855152247819887,0.963804765602352,0.00153394935937742,85053,"completed","s2_detectability","glaucous_winged_gull__positive_numeric_count_given_detection__spawn_start__13_bands",13,0.00332355694531775,TRUE,TRUE
"SOG_STAGED_REFIT_S2_DISTANCE_GLAUCOUS_WINGED_GULL_v1","atx_725074cbfcb6","Glaucous-winged Gull","SoG","positive_numeric_count_given_detection","band_24_26","24–26 km","within_band_24_26_early_egg_minus_baseline","within_band_period_minus_baseline","early_egg",4,14,0.0131436338213254,0.0217946597957592,-0.0295731144336658,0.0558603820763166,1.01323039106145,0.970859891175046,1.0574500344514,0.546464310127027,85053,"completed","s2_detectability","glaucous_winged_gull__positive_numeric_count_given_detection__early_egg__13_bands",13,0.592003002637612,FALSE,FALSE
"SOG_STAGED_REFIT_S2_DISTANCE_GLAUCOUS_WINGED_GULL_v1","atx_725074cbfcb6","Glaucous-winged Gull","SoG","positive_numeric_count_given_detection","band_24_26","24–26 km","within_band_24_26_late_egg_minus_baseline","within_band_period_minus_baseline","late_egg",15,28,-0.0408523986438549,0.0205472953425545,-0.0811243574949694,-0.000580439792740452,0.959970812485057,0.922079016877732,0.999419728629848,0.046788143585917,85053,"completed","s2_detectability","glaucous_winged_gull__positive_numeric_count_given_detection__late_egg__13_bands",13,0.10137431110282,TRUE,FALSE
"SOG_STAGED_REFIT_S2_DISTANCE_GLAUCOUS_WINGED_GULL_v1","atx_725074cbfcb6","Glaucous-winged Gull","SoG","positive_numeric_count_given_detection","band_24_26","24–26 km","within_band_24_26_active_0_14_minus_baseline","within_band_duration_weighted_active_minus_baseline","active_0_14",0,14,-0.0161403069928028,0.0200113725293395,-0.0553618764315223,0.0230812624459168,0.983989249796811,0.946142699251448,1.02334969606775,0.419921917209659,85053,"completed","s2_detectability","glaucous_winged_gull__positive_numeric_count_given_detection__active_0_14__13_bands",13,0.454915410310464,FALSE,FALSE
"SOG_STAGED_REFIT_S2_DISTANCE_AMERICAN_ROBIN_v1","ctl_c7322190c88f","American Robin","SoG","detection","band_0_2","0–<2 km","within_band_0_2_early_pre_minus_baseline","within_band_period_minus_baseline","early_pre",-14,-8,0.0915158904087212,0.0620940820968552,-0.0301862741541883,0.213218054971631,1.09583418980736,0.970264781462804,1.23765449853833,0.140528368935611,217176,"completed","s2_detectability","american_robin__detection__early_pre__13_bands",13,0.365373759232588,FALSE,FALSE
"SOG_STAGED_REFIT_S2_DISTANCE_AMERICAN_ROBIN_v1","ctl_c7322190c88f","American Robin","SoG","detection","band_0_2","0–<2 km","within_band_0_2_immediate_pre_minus_baseline","within_band_period_minus_baseline","immediate_pre",-7,-1,0.0815590284917125,0.060448189477615,-0.0369172458150659,0.200035302798491,1.08497726026503,0.963755886882016,1.22144587785674,0.177260351044709,217176,"completed","s2_detectability","american_robin__detection__immediate_pre__13_bands",13,0.358106124056209,FALSE,FALSE
"SOG_STAGED_REFIT_S2_DISTANCE_AMERICAN_ROBIN_v1","ctl_c7322190c88f","American Robin","SoG","detection","band_0_2","0–<2 km","within_band_0_2_spawn_start_minus_baseline","within_band_period_minus_baseline","spawn_start",0,3,-0.0568602857474366,0.0642309519269763,-0.182750638217034,0.0690300667221605,0.944726051840602,0.832975842182658,1.07146842420746,0.376023191106053,217176,"completed","s2_detectability","american_robin__detection__spawn_start__13_bands",13,0.611037685547337,FALSE,FALSE
"SOG_STAGED_REFIT_S2_DISTANCE_AMERICAN_ROBIN_v1","ctl_c7322190c88f","American Robin","SoG","detection","band_0_2","0–<2 km","within_band_0_2_early_egg_minus_baseline","within_band_period_minus_baseline","early_egg",4,14,-0.0395015861372976,0.0504493419803239,-0.138380479462477,0.0593773071878819,0.96126842928568,0.870767319627939,1.06117555437908,0.433630006151338,217176,"completed","s2_detectability","american_robin__detection__early_egg__13_bands",13,0.512471825451581,FALSE,FALSE
"SOG_STAGED_REFIT_S2_DISTANCE_AMERICAN_ROBIN_v1","ctl_c7322190c88f","American Robin","SoG","detection","band_0_2","0–<2 km","within_band_0_2_late_egg_minus_baseline","within_band_period_minus_baseline","late_egg",15,28,0.0108783926711356,0.0502793220397391,-0.087667267693844,0.109424053036115,1.0109377775266,0.916065630649652,1.11563533860084,0.828707785668008,217176,"completed","s2_detectability","american_robin__detection__late_egg__13_bands",13,0.898988786055735,FALSE,FALSE
"SOG_STAGED_REFIT_S2_DISTANCE_AMERICAN_ROBIN_v1","ctl_c7322190c88f","American Robin","SoG","detection","band_0_2","0–<2 km","within_band_0_2_active_0_14_minus_baseline","within_band_duration_weighted_active_minus_baseline","active_0_14",0,14,-0.0441305727000013,0.0462480698399112,-0.13477512394072,0.0465139785407177,0.956829013568351,0.873912411572417,1.04761272306329,0.339975143574053,217176,"completed","s2_detectability","american_robin__detection__active_0_14__13_bands",13,0.368306405538558,FALSE,FALSE
"SOG_STAGED_REFIT_S2_DISTANCE_AMERICAN_ROBIN_v1","ctl_c7322190c88f","American Robin","SoG","detection","band_2_4","2–<4 km","within_band_2_4_early_pre_minus_baseline","within_band_period_minus_baseline","early_pre",-14,-8,0.000220102907004381,0.0473668264794844,-0.0926171710547432,0.093057376868752,1.00022012713143,0.911542398322654,1.09752470599254,0.996292424628363,217176,"completed","s2_detectability","american_robin__detection__early_pre__13_bands",13,0.996292424628363,FALSE,FALSE
"SOG_STAGED_REFIT_S2_DISTANCE_AMERICAN_ROBIN_v1","ctl_c7322190c88f","American Robin","SoG","detection","band_2_4","2–<4 km","within_band_2_4_immediate_pre_minus_baseline","within_band_period_minus_baseline","immediate_pre",-7,-1,-0.0126942341626733,0.0473417836882592,-0.105482425155547,0.0800939568302005,0.987385997774651,0.899890288139646,1.08338885467575,0.788591422554724,217176,"completed","s2_detectability","american_robin__detection__immediate_pre__13_bands",13,0.854307374434284,FALSE,FALSE
"SOG_STAGED_REFIT_S2_DISTANCE_AMERICAN_ROBIN_v1","ctl_c7322190c88f","American Robin","SoG","detection","band_2_4","2–<4 km","within_band_2_4_spawn_start_minus_baseline","within_band_period_minus_baseline","spawn_start",0,3,-0.0866391621795971,0.0548083563803812,-0.19406156673698,0.0207832423777861,0.917007927083014,0.823607195900013,1.02100071796261,0.113931651837227,217176,"completed","s2_detectability","american_robin__detection__spawn_start__13_bands",13,0.370277868470989,FALSE,FALSE
"SOG_STAGED_REFIT_S2_DISTANCE_AMERICAN_ROBIN_v1","ctl_c7322190c88f","American Robin","SoG","detection","band_2_4","2–<4 km","within_band_2_4_early_egg_minus_baseline","within_band_period_minus_baseline","early_egg",4,14,-0.0576698913901272,0.0397826711813012,-0.135642494114277,0.0203027113340227,0.943961505830378,0.873154734653,1.02051021328273,0.147163564675668,217176,"completed","s2_detectability","american_robin__detection__early_egg__13_bands",13,0.212569593420409,FALSE,FALSE
"SOG_STAGED_REFIT_S2_DISTANCE_AMERICAN_ROBIN_v1","ctl_c7322190c88f","American Robin","SoG","detection","band_2_4","2–<4 km","within_band_2_4_late_egg_minus_baseline","within_band_period_minus_baseline","late_egg",15,28,-0.0268209630670683,0.0375186769147282,-0.10035621856753,0.0467142924333933,0.973535524736754,0.904515155548408,1.04782259546534,0.474689598346948,217176,"completed","s2_detectability","american_robin__detection__late_egg__13_bands",13,0.685662753167814,FALSE,FALSE
"SOG_STAGED_REFIT_S2_DISTANCE_AMERICAN_ROBIN_v1","ctl_c7322190c88f","American Robin","SoG","detection","band_2_4","2–<4 km","within_band_2_4_active_0_14_minus_baseline","within_band_duration_weighted_active_minus_baseline","active_0_14",0,14,-0.0653950302673191,0.036484837859104,-0.136903998452946,0.00611393791830807,0.936697366471402,0.8720539406411,1.00613266618511,0.0730706395301558,217176,"completed","s2_detectability","american_robin__detection__active_0_14__13_bands",13,0.158319718982004,FALSE,FALSE
"SOG_STAGED_REFIT_S2_DISTANCE_AMERICAN_ROBIN_v1","ctl_c7322190c88f","American Robin","SoG","detection","band_4_6","4–<6 km","within_band_4_6_early_pre_minus_baseline","within_band_period_minus_baseline","early_pre",-14,-8,0.0534567862873186,0.0400137258145396,-0.0249686751964398,0.131882247771077,1.05491140414427,0.97534046389825,1.14097395912996,0.181561946353572,217176,"completed","s2_detectability","american_robin__detection__early_pre__13_bands",13,0.390205494827475,FALSE,FALSE
"SOG_STAGED_REFIT_S2_DISTANCE_AMERICAN_ROBIN_v1","ctl_c7322190c88f","American Robin","SoG","detection","band_4_6","4–<6 km","within_band_4_6_immediate_pre_minus_baseline","within_band_period_minus_baseline","immediate_pre",-7,-1,-0.0032931343407706,0.0409280122571995,-0.0835105643236956,0.0769242956421544,0.996712282078825,0.919881368695364,1.07996031559562,0.93587011670549,217176,"completed","s2_detectability","american_robin__detection__immediate_pre__13_bands",13,0.93587011670549,FALSE,FALSE
"SOG_STAGED_REFIT_S2_DISTANCE_AMERICAN_ROBIN_v1","ctl_c7322190c88f","American Robin","SoG","detection","band_4_6","4–<6 km","within_band_4_6_spawn_start_minus_baseline","within_band_period_minus_baseline","spawn_start",0,3,-0.00226806998980763,0.0489775302440718,-0.0982622653199096,0.0937261253402944,0.997734500137488,0.906411152367467,1.09825891943685,0.963064461702685,217176,"completed","s2_detectability","american_robin__detection__spawn_start__13_bands",13,0.964823234670443,FALSE,FALSE
"SOG_STAGED_REFIT_S2_DISTANCE_AMERICAN_ROBIN_v1","ctl_c7322190c88f","American Robin","SoG","detection","band_4_6","4–<6 km","within_band_4_6_early_egg_minus_baseline","within_band_period_minus_baseline","early_egg",4,14,0.0630745720806305,0.0353419946931895,-0.00619446465982668,0.132343608821088,1.06510626346001,0.993824681482618,1.1415004815229,0.0743113035716068,217176,"completed","s2_detectability","american_robin__detection__early_egg__13_bands",13,0.161007824405148,FALSE,FALSE
"SOG_STAGED_REFIT_S2_DISTANCE_AMERICAN_ROBIN_v1","ctl_c7322190c88f","American Robin","SoG","detection","band_4_6","4–<6 km","within_band_4_6_late_egg_minus_baseline","within_band_period_minus_baseline","late_egg",15,28,0.0510275265682778,0.0328627420394306,-0.0133822642622366,0.115437317398792,1.05235186051986,0.986706880141771,1.12236415963826,0.120483571201137,217176,"completed","s2_detectability","american_robin__detection__late_egg__13_bands",13,0.223755203659254,FALSE,FALSE
"SOG_STAGED_REFIT_S2_DISTANCE_AMERICAN_ROBIN_v1","ctl_c7322190c88f","American Robin","SoG","detection","band_4_6","4–<6 km","within_band_4_6_active_0_14_minus_baseline","within_band_duration_weighted_active_minus_baseline","active_0_14",0,14,0.0456498675285137,0.0323025595193698,-0.0176619857379125,0.10896172079494,1.04670786037997,0.982493072908964,1.11511966363018,0.157597923744454,217176,"completed","s2_detectability","american_robin__detection__active_0_14__13_bands",13,0.256096626084738,FALSE,FALSE
"SOG_STAGED_REFIT_S2_DISTANCE_AMERICAN_ROBIN_v1","ctl_c7322190c88f","American Robin","SoG","detection","band_6_8","6–<8 km","within_band_6_8_early_pre_minus_baseline","within_band_period_minus_baseline","early_pre",-14,-8,-0.130165659075479,0.0372236217922135,-0.203122617162358,-0.0572087009886005,0.877949978491383,0.81617815784006,0.944396952220407,0.000470775223103348,217176,"completed","s2_detectability","american_robin__detection__early_pre__13_bands",13,0.00612007790034352,TRUE,TRUE
"SOG_STAGED_REFIT_S2_DISTANCE_AMERICAN_ROBIN_v1","ctl_c7322190c88f","American Robin","SoG","detection","band_6_8","6–<8 km","within_band_6_8_immediate_pre_minus_baseline","within_band_period_minus_baseline","immediate_pre",-7,-1,-0.0245209174498499,0.0380082452001463,-0.0990157091577041,0.0499738742580043,0.975777277932659,0.905728479680267,1.05124363149736,0.518831722433485,217176,"completed","s2_detectability","american_robin__detection__immediate_pre__13_bands",13,0.613164762875936,FALSE,FALSE
"SOG_STAGED_REFIT_S2_DISTANCE_AMERICAN_ROBIN_v1","ctl_c7322190c88f","American Robin","SoG","detection","band_6_8","6–<8 km","within_band_6_8_spawn_start_minus_baseline","within_band_period_minus_baseline","spawn_start",0,3,-0.0459362942322504,0.0456496325241881,-0.135407929887147,0.0435353414226466,0.955102805810173,0.873359569541028,1.0444969076664,0.314281087895486,217176,"completed","s2_detectability","american_robin__detection__spawn_start__13_bands",13,0.584895344516346,FALSE,FALSE
"SOG_STAGED_REFIT_S2_DISTANCE_AMERICAN_ROBIN_v1","ctl_c7322190c88f","American Robin","SoG","detection","band_6_8","6–<8 km","within_band_6_8_early_egg_minus_baseline","within_band_period_minus_baseline","early_egg",4,14,-0.0518484421127117,0.0334951798952921,-0.117497788363174,0.0138009041377508,0.949472756023785,0.889142478204522,1.01389657622908,0.121637365875443,217176,"completed","s2_detectability","american_robin__detection__early_egg__13_bands",13,0.212569593420409,FALSE,FALSE
"SOG_STAGED_REFIT_S2_DISTANCE_AMERICAN_ROBIN_v1","ctl_c7322190c88f","American Robin","SoG","detection","band_6_8","6–<8 km","within_band_6_8_late_egg_minus_baseline","within_band_period_minus_baseline","late_egg",15,28,-0.0866733780329611,0.0313141859138473,-0.148048054629293,-0.0252987014366288,0.916976551411023,0.862389672130293,0.975018629061937,0.00564251612440375,217176,"completed","s2_detectability","american_robin__detection__late_egg__13_bands",13,0.0183381774043122,TRUE,TRUE
"SOG_STAGED_REFIT_S2_DISTANCE_AMERICAN_ROBIN_v1","ctl_c7322190c88f","American Robin","SoG","detection","band_6_8","6–<8 km","within_band_6_8_active_0_14_minus_baseline","within_band_duration_weighted_active_minus_baseline","active_0_14",0,14,-0.0502718693445887,0.0304021258812238,-0.10985894112524,0.00931520243606304,0.950970849531418,0.895960509564521,1.0093587239666,0.0982160757346907,217176,"completed","s2_detectability","american_robin__detection__active_0_14__13_bands",13,0.182401283507283,FALSE,FALSE
"SOG_STAGED_REFIT_S2_DISTANCE_AMERICAN_ROBIN_v1","ctl_c7322190c88f","American Robin","SoG","detection","band_8_10","8–<10 km","within_band_8_10_early_pre_minus_baseline","within_band_period_minus_baseline","early_pre",-14,-8,0.0532432615900465,0.0351262460261351,-0.0156029155332714,0.122089438713364,1.05468617855252,0.984518179324299,1.12985515005235,0.129577868510347,217176,"completed","s2_detectability","american_robin__detection__early_pre__13_bands",13,0.365373759232588,FALSE,FALSE
"SOG_STAGED_REFIT_S2_DISTANCE_AMERICAN_ROBIN_v1","ctl_c7322190c88f","American Robin","SoG","detection","band_8_10","8–<10 km","within_band_8_10_immediate_pre_minus_baseline","within_band_period_minus_baseline","immediate_pre",-7,-1,0.122595203880945,0.0361065711030454,0.0518276249137413,0.193362782848149,1.13042673596359,1.05319418242755,1.21332288641767,0.000685356658340137,217176,"completed","s2_detectability","american_robin__detection__immediate_pre__13_bands",13,0.00890963655842178,TRUE,TRUE
"SOG_STAGED_REFIT_S2_DISTANCE_AMERICAN_ROBIN_v1","ctl_c7322190c88f","American Robin","SoG","detection","band_8_10","8–<10 km","within_band_8_10_spawn_start_minus_baseline","within_band_period_minus_baseline","spawn_start",0,3,0.173111056973959,0.0449061724553616,0.0850965762779054,0.261125537670012,1.18899814428791,1.08882221601778,1.29839065214023,0.00011575320540143,217176,"completed","s2_detectability","american_robin__detection__spawn_start__13_bands",13,0.0015047916702186,TRUE,TRUE
"SOG_STAGED_REFIT_S2_DISTANCE_AMERICAN_ROBIN_v1","ctl_c7322190c88f","American Robin","SoG","detection","band_8_10","8–<10 km","within_band_8_10_early_egg_minus_baseline","within_band_period_minus_baseline","early_egg",4,14,0.0806537872948755,0.0315604493023355,0.0187964433263958,0.142511131263355,1.08399553856591,1.01897420850484,1.15316591707944,0.0106025137142898,217176,"completed","s2_detectability","american_robin__detection__early_egg__13_bands",13,0.0428910257067708,TRUE,TRUE
"SOG_STAGED_REFIT_S2_DISTANCE_AMERICAN_ROBIN_v1","ctl_c7322190c88f","American Robin","SoG","detection","band_8_10","8–<10 km","within_band_8_10_late_egg_minus_baseline","within_band_period_minus_baseline","late_egg",15,28,0.117294696919755,0.029764182300978,0.0589579715805533,0.175631422258956,1.12445075304149,1.06073065897026,1.19199863351081,8.12102328368474e-05,217176,"completed","s2_detectability","american_robin__detection__late_egg__13_bands",13,0.000616632812647935,TRUE,TRUE
"SOG_STAGED_REFIT_S2_DISTANCE_AMERICAN_ROBIN_v1","ctl_c7322190c88f","American Robin","SoG","detection","band_8_10","8–<10 km","within_band_8_10_active_0_14_minus_baseline","within_band_duration_weighted_active_minus_baseline","active_0_14",0,14,0.105309059209298,0.0288539690945284,0.0487563189729904,0.161861799445605,1.11105393875037,1.04996446314512,1.17569774801235,0.000262520962705932,217176,"completed","s2_detectability","american_robin__detection__active_0_14__13_bands",13,0.00170638625758856,TRUE,TRUE
"SOG_STAGED_REFIT_S2_DISTANCE_AMERICAN_ROBIN_v1","ctl_c7322190c88f","American Robin","SoG","detection","band_10_12","10–<12 km","within_band_10_12_early_pre_minus_baseline","within_band_period_minus_baseline","early_pre",-14,-8,0.040729408345976,0.0347682072519745,-0.0274150256749184,0.10887384236687,1.04157022719968,0.972957355435479,1.11502167297272,0.241415726376266,217176,"completed","s2_detectability","american_robin__detection__early_pre__13_bands",13,0.392300555361432,FALSE,FALSE
"SOG_STAGED_REFIT_S2_DISTANCE_AMERICAN_ROBIN_v1","ctl_c7322190c88f","American Robin","SoG","detection","band_10_12","10–<12 km","within_band_10_12_immediate_pre_minus_baseline","within_band_period_minus_baseline","immediate_pre",-7,-1,0.0383410559815454,0.0353120582232781,-0.0308693063560611,0.107551418319152,1.03908555879774,0.969602285651465,1.11354811604696,0.277577221590316,217176,"completed","s2_detectability","american_robin__detection__immediate_pre__13_bands",13,0.415963964949791,FALSE,FALSE
"SOG_STAGED_REFIT_S2_DISTANCE_AMERICAN_ROBIN_v1","ctl_c7322190c88f","American Robin","SoG","detection","band_10_12","10–<12 km","within_band_10_12_spawn_start_minus_baseline","within_band_period_minus_baseline","spawn_start",0,3,0.0185993847698724,0.0440118821014433,-0.0676623190407796,0.104861088580524,1.01877343070132,0.934576008822216,1.11055633068405,0.672587733551453,217176,"completed","s2_detectability","american_robin__detection__spawn_start__13_bands",13,0.79487641237899,FALSE,FALSE
"SOG_STAGED_REFIT_S2_DISTANCE_AMERICAN_ROBIN_v1","ctl_c7322190c88f","American Robin","SoG","detection","band_10_12","10–<12 km","within_band_10_12_early_egg_minus_baseline","within_band_period_minus_baseline","early_egg",4,14,0.0754052057766378,0.0301660889010193,0.0162807579762064,0.134529653577069,1.0783210042709,1.01641401169132,1.14399858214954,0.0124309758263158,217176,"completed","s2_detectability","american_robin__detection__early_egg__13_bands",13,0.0428910257067708,TRUE,TRUE
"SOG_STAGED_REFIT_S2_DISTANCE_AMERICAN_ROBIN_v1","ctl_c7322190c88f","American Robin","SoG","detection","band_10_12","10–<12 km","within_band_10_12_late_egg_minus_baseline","within_band_period_minus_baseline","late_egg",15,28,0.0973388344987765,0.0280547563722224,0.0423525224141751,0.152325146583378,1.10223378518722,1.04326218723908,1.16453882069985,0.000521230410431282,217176,"completed","s2_detectability","american_robin__detection__late_egg__13_bands",13,0.00225866511186889,TRUE,TRUE
"SOG_STAGED_REFIT_S2_DISTANCE_AMERICAN_ROBIN_v1","ctl_c7322190c88f","American Robin","SoG","detection","band_10_12","10–<12 km","within_band_10_12_active_0_14_minus_baseline","within_band_duration_weighted_active_minus_baseline","active_0_14",0,14,0.0602569868415003,0.0278934550972909,0.00558681944642499,0.114927154236576,1.06210945963168,1.00560245482597,1.12179171682145,0.0307529039942538,217176,"completed","s2_detectability","american_robin__detection__active_0_14__13_bands",13,0.0799575503850599,TRUE,FALSE
"SOG_STAGED_REFIT_S2_DISTANCE_AMERICAN_ROBIN_v1","ctl_c7322190c88f","American Robin","SoG","detection","band_12_14","12–<14 km","within_band_12_14_early_pre_minus_baseline","within_band_period_minus_baseline","early_pre",-14,-8,0.0744838615682493,0.0458413951567731,-0.0153636219400948,0.164331345076593,1.07732795699825,0.984753796406682,1.17860477529016,0.104201634752355,217176,"completed","s2_detectability","american_robin__detection__early_pre__13_bands",13,0.365373759232588,FALSE,FALSE
"SOG_STAGED_REFIT_S2_DISTANCE_AMERICAN_ROBIN_v1","ctl_c7322190c88f","American Robin","SoG","detection","band_12_14","12–<14 km","within_band_12_14_immediate_pre_minus_baseline","within_band_period_minus_baseline","immediate_pre",-7,-1,0.0610847356257978,0.0444756385383977,-0.0260859140988833,0.148255385350479,1.06298898340783,0.974251384083309,1.1598090567863,0.169614801076114,217176,"completed","s2_detectability","american_robin__detection__immediate_pre__13_bands",13,0.358106124056209,FALSE,FALSE
"SOG_STAGED_REFIT_S2_DISTANCE_AMERICAN_ROBIN_v1","ctl_c7322190c88f","American Robin","SoG","detection","band_12_14","12–<14 km","within_band_12_14_spawn_start_minus_baseline","within_band_period_minus_baseline","spawn_start",0,3,0.152546410261164,0.053317014785594,0.04804698151821,0.257045839004118,1.16479651935086,1.04921994811263,1.29310440001875,0.0042214641146136,217176,"completed","s2_detectability","american_robin__detection__spawn_start__13_bands",13,0.0274395167449884,TRUE,TRUE
"SOG_STAGED_REFIT_S2_DISTANCE_AMERICAN_ROBIN_v1","ctl_c7322190c88f","American Robin","SoG","detection","band_12_14","12–<14 km","within_band_12_14_early_egg_minus_baseline","within_band_period_minus_baseline","early_egg",4,14,0.13593733899226,0.0388128346705204,0.0598655809001322,0.212009097084387,1.14561010626202,1.06169382502503,1.23615913047128,0.00046111952366438,217176,"completed","s2_detectability","american_robin__detection__early_egg__13_bands",13,0.00599455380763694,TRUE,TRUE
"SOG_STAGED_REFIT_S2_DISTANCE_AMERICAN_ROBIN_v1","ctl_c7322190c88f","American Robin","SoG","detection","band_12_14","12–<14 km","within_band_12_14_late_egg_minus_baseline","within_band_period_minus_baseline","late_egg",15,28,0.141495141023133,0.0362495785919053,0.0704472725282447,0.212543009518022,1.15199490673061,1.07298799199509,1.23681930742365,9.48665865612208e-05,217176,"completed","s2_detectability","american_robin__detection__late_egg__13_bands",13,0.000616632812647935,TRUE,TRUE
"SOG_STAGED_REFIT_S2_DISTANCE_AMERICAN_ROBIN_v1","ctl_c7322190c88f","American Robin","SoG","detection","band_12_14","12–<14 km","within_band_12_14_active_0_14_minus_baseline","within_band_duration_weighted_active_minus_baseline","active_0_14",0,14,0.140366424663968,0.0354698210426857,0.0708468528822226,0.209885996445712,1.1506953647788,1.07341682258718,1.2335374242897,7.57864881083227e-05,217176,"completed","s2_detectability","american_robin__detection__active_0_14__13_bands",13,0.000985224345408196,TRUE,TRUE
"SOG_STAGED_REFIT_S2_DISTANCE_AMERICAN_ROBIN_v1","ctl_c7322190c88f","American Robin","SoG","detection","band_14_16","14–<16 km","within_band_14_16_early_pre_minus_baseline","within_band_period_minus_baseline","early_pre",-14,-8,-0.049677318381291,0.0396384384822846,-0.127367230209975,0.0280125934473933,0.951536418279136,0.880410299965371,1.02840863554993,0.210110651060948,217176,"completed","s2_detectability","american_robin__detection__early_pre__13_bands",13,0.390205494827475,FALSE,FALSE
"SOG_STAGED_REFIT_S2_DISTANCE_AMERICAN_ROBIN_v1","ctl_c7322190c88f","American Robin","SoG","detection","band_14_16","14–<16 km","within_band_14_16_immediate_pre_minus_baseline","within_band_period_minus_baseline","immediate_pre",-7,-1,0.0328143259237847,0.0389530193150945,-0.0435321890228936,0.109160840870463,1.03335865351436,0.957401735768573,1.11534172844986,0.399559748329429,217176,"completed","s2_detectability","american_robin__detection__immediate_pre__13_bands",13,0.519427672828257,FALSE,FALSE
"SOG_STAGED_REFIT_S2_DISTANCE_AMERICAN_ROBIN_v1","ctl_c7322190c88f","American Robin","SoG","detection","band_14_16","14–<16 km","within_band_14_16_spawn_start_minus_baseline","within_band_period_minus_baseline","spawn_start",0,3,-0.027310286795698,0.046172497576355,-0.117806719121617,0.0631861455302206,0.973059267235388,0.888867837169082,1.06522510766981,0.554196270602009,217176,"completed","s2_detectability","american_robin__detection__spawn_start__13_bands",13,0.720455151782612,FALSE,FALSE
"SOG_STAGED_REFIT_S2_DISTANCE_AMERICAN_ROBIN_v1","ctl_c7322190c88f","American Robin","SoG","detection","band_14_16","14–<16 km","within_band_14_16_early_egg_minus_baseline","within_band_period_minus_baseline","early_egg",4,14,-0.034593794555335,0.0324150679907486,-0.0981261603736194,0.0289385712629494,0.965997730109665,0.90653452780449,1.02936136016463,0.285875488033214,217176,"completed","s2_detectability","american_robin__detection__early_egg__13_bands",13,0.371638134443179,FALSE,FALSE
"SOG_STAGED_REFIT_S2_DISTANCE_AMERICAN_ROBIN_v1","ctl_c7322190c88f","American Robin","SoG","detection","band_14_16","14–<16 km","within_band_14_16_late_egg_minus_baseline","within_band_period_minus_baseline","late_egg",15,28,-0.00247286962771047,0.0311656365720237,-0.0635563948641413,0.0586106556087203,0.997530185395644,0.93842119567253,1.06036231424029,0.936757392658749,217176,"completed","s2_detectability","american_robin__detection__late_egg__13_bands",13,0.936757392658749,FALSE,FALSE
"SOG_STAGED_REFIT_S2_DISTANCE_AMERICAN_ROBIN_v1","ctl_c7322190c88f","American Robin","SoG","detection","band_14_16","14–<16 km","within_band_14_16_active_0_14_minus_baseline","within_band_duration_weighted_active_minus_baseline","active_0_14",0,14,-0.0326515258194318,0.030001714783304,-0.0914538062691506,0.0261507546302869,0.967875780548739,0.912603471737487,1.02649568578707,0.276452987805948,217176,"completed","s2_detectability","american_robin__detection__active_0_14__13_bands",13,0.32671716740703,FALSE,FALSE
"SOG_STAGED_REFIT_S2_DISTANCE_AMERICAN_ROBIN_v1","ctl_c7322190c88f","American Robin","SoG","detection","band_16_18","16–<18 km","within_band_16_18_early_pre_minus_baseline","within_band_period_minus_baseline","early_pre",-14,-8,0.0174324250371142,0.0343352984251053,-0.0498635232745271,0.0847283733487554,1.01758525654143,0.951359254036897,1.08842138228712,0.61165569925208,217176,"completed","s2_detectability","american_robin__detection__early_pre__13_bands",13,0.741810491081766,FALSE,FALSE
"SOG_STAGED_REFIT_S2_DISTANCE_AMERICAN_ROBIN_v1","ctl_c7322190c88f","American Robin","SoG","detection","band_16_18","16–<18 km","within_band_16_18_immediate_pre_minus_baseline","within_band_period_minus_baseline","immediate_pre",-7,-1,0.0608377008597042,0.0343938840480844,-0.00657307316298796,0.128248474882396,1.06272642060536,0.993448482228169,1.13683544265891,0.0769185264070586,217176,"completed","s2_detectability","american_robin__detection__immediate_pre__13_bands",13,0.358106124056209,FALSE,FALSE
"SOG_STAGED_REFIT_S2_DISTANCE_AMERICAN_ROBIN_v1","ctl_c7322190c88f","American Robin","SoG","detection","band_16_18","16–<18 km","within_band_16_18_spawn_start_minus_baseline","within_band_period_minus_baseline","spawn_start",0,3,0.0422284746409571,0.0420224462050664,-0.0401340064632449,0.124590955745159,1.04313278091432,0.960660695784074,1.13268503998691,0.314943647047263,217176,"completed","s2_detectability","american_robin__detection__spawn_start__13_bands",13,0.584895344516346,FALSE,FALSE
"SOG_STAGED_REFIT_S2_DISTANCE_AMERICAN_ROBIN_v1","ctl_c7322190c88f","American Robin","SoG","detection","band_16_18","16–<18 km","within_band_16_18_early_egg_minus_baseline","within_band_period_minus_baseline","early_egg",4,14,0.0708246712728709,0.0295341672881725,0.0129387670746718,0.12871057547107,1.07339301273862,1.013022835109,1.13736089638307,0.016482216870008,217176,"completed","s2_detectability","american_robin__detection__early_egg__13_bands",13,0.0428910257067708,TRUE,TRUE
"SOG_STAGED_REFIT_S2_DISTANCE_AMERICAN_ROBIN_v1","ctl_c7322190c88f","American Robin","SoG","detection","band_16_18","16–<18 km","within_band_16_18_late_egg_minus_baseline","within_band_period_minus_baseline","late_egg",15,28,0.0612944685580666,0.0280396009238132,0.00633786060651678,0.116251076509616,1.06321195058525,1.00635798734273,1.12327786541661,0.0288158638012371,217176,"completed","s2_detectability","american_robin__detection__late_egg__13_bands",13,0.0648025131452984,TRUE,FALSE
"SOG_STAGED_REFIT_S2_DISTANCE_AMERICAN_ROBIN_v1","ctl_c7322190c88f","American Robin","SoG","detection","band_16_18","16–<18 km","within_band_16_18_active_0_14_minus_baseline","within_band_duration_weighted_active_minus_baseline","active_0_14",0,14,0.0631990188376939,0.0269870830601975,0.0103053079919158,0.116092729683472,1.06523882072842,1.01035859055209,1.12310001201337,0.0191897236019154,217176,"completed","s2_detectability","american_robin__detection__active_0_14__13_bands",13,0.0799575503850599,TRUE,FALSE
"SOG_STAGED_REFIT_S2_DISTANCE_AMERICAN_ROBIN_v1","ctl_c7322190c88f","American Robin","SoG","detection","band_18_20","18–<20 km","within_band_18_20_early_pre_minus_baseline","within_band_period_minus_baseline","early_pre",-14,-8,-0.0409143356469757,0.037728215351155,-0.114860278936211,0.0330316076422592,0.959911356611126,0.891490695233703,1.03358320785329,0.278165647672816,217176,"completed","s2_detectability","american_robin__detection__early_pre__13_bands",13,0.40179482441629,FALSE,FALSE
"SOG_STAGED_REFIT_S2_DISTANCE_AMERICAN_ROBIN_v1","ctl_c7322190c88f","American Robin","SoG","detection","band_18_20","18–<20 km","within_band_18_20_immediate_pre_minus_baseline","within_band_period_minus_baseline","immediate_pre",-7,-1,-0.0484799391629367,0.0369928234029602,-0.120984540719189,0.0240246623933158,0.95267645060119,0.886047657146542,1.02431557965282,0.190019030290437,217176,"completed","s2_detectability","american_robin__detection__immediate_pre__13_bands",13,0.358106124056209,FALSE,FALSE
"SOG_STAGED_REFIT_S2_DISTANCE_AMERICAN_ROBIN_v1","ctl_c7322190c88f","American Robin","SoG","detection","band_18_20","18–<20 km","within_band_18_20_spawn_start_minus_baseline","within_band_period_minus_baseline","spawn_start",0,3,-0.0019948166940468,0.0452320624278559,-0.0906480299991117,0.0866583966110181,0.998007171630441,0.91333912230405,1.09052408935814,0.964823234670443,217176,"completed","s2_detectability","american_robin__detection__spawn_start__13_bands",13,0.964823234670443,FALSE,FALSE
"SOG_STAGED_REFIT_S2_DISTANCE_AMERICAN_ROBIN_v1","ctl_c7322190c88f","American Robin","SoG","detection","band_18_20","18–<20 km","within_band_18_20_early_egg_minus_baseline","within_band_period_minus_baseline","early_egg",4,14,0.0481468861800802,0.0319701361274805,-0.0145134292106244,0.110807201570785,1.04932477531305,0.985591382929238,1.11717949563774,0.132068288413881,217176,"completed","s2_detectability","american_robin__detection__early_egg__13_bands",13,0.212569593420409,FALSE,FALSE
"SOG_STAGED_REFIT_S2_DISTANCE_AMERICAN_ROBIN_v1","ctl_c7322190c88f","American Robin","SoG","detection","band_18_20","18–<20 km","within_band_18_20_late_egg_minus_baseline","within_band_period_minus_baseline","late_egg",15,28,-0.00696584159595521,0.0304396764703799,-0.0666265111789512,0.0526948279870408,0.993058363642718,0.935544551525108,1.05410791179653,0.818992611359455,217176,"completed","s2_detectability","american_robin__detection__late_egg__13_bands",13,0.898988786055735,FALSE,FALSE
"SOG_STAGED_REFIT_S2_DISTANCE_AMERICAN_ROBIN_v1","ctl_c7322190c88f","American Robin","SoG","detection","band_18_20","18–<20 km","within_band_18_20_active_0_14_minus_baseline","within_band_duration_weighted_active_minus_baseline","active_0_14",0,14,0.0347757654136463,0.0290635520789771,-0.0221877499239529,0.0917392807512455,1.03538751307673,0.978056587761893,1.09607901592725,0.231485055986057,217176,"completed","s2_detectability","american_robin__detection__active_0_14__13_bands",13,0.326568857713531,FALSE,FALSE
"SOG_STAGED_REFIT_S2_DISTANCE_AMERICAN_ROBIN_v1","ctl_c7322190c88f","American Robin","SoG","detection","band_20_22","20–<22 km","within_band_20_22_early_pre_minus_baseline","within_band_period_minus_baseline","early_pre",-14,-8,0.059747108165215,0.0347576192634736,-0.0083765737795489,0.127870790109979,1.0615680507045,0.991658411959566,1.13640615829566,0.0856208647736195,217176,"completed","s2_detectability","american_robin__detection__early_pre__13_bands",13,0.365373759232588,FALSE,FALSE
"SOG_STAGED_REFIT_S2_DISTANCE_AMERICAN_ROBIN_v1","ctl_c7322190c88f","American Robin","SoG","detection","band_20_22","20–<22 km","within_band_20_22_immediate_pre_minus_baseline","within_band_period_minus_baseline","immediate_pre",-7,-1,-0.0378671110559674,0.0356371422755876,-0.107714626428049,0.0319804043161142,0.962840883298199,0.897883792177919,1.03249727261672,0.287975052657547,217176,"completed","s2_detectability","american_robin__detection__immediate_pre__13_bands",13,0.415963964949791,FALSE,FALSE
"SOG_STAGED_REFIT_S2_DISTANCE_AMERICAN_ROBIN_v1","ctl_c7322190c88f","American Robin","SoG","detection","band_20_22","20–<22 km","within_band_20_22_spawn_start_minus_baseline","within_band_period_minus_baseline","spawn_start",0,3,-0.0466474901148796,0.0408375650489081,-0.126687646827051,0.0333926665972919,0.954423782115242,0.881008815522962,1.03395645970517,0.253342166507125,217176,"completed","s2_detectability","american_robin__detection__spawn_start__13_bands",13,0.584895344516346,FALSE,FALSE
"SOG_STAGED_REFIT_S2_DISTANCE_AMERICAN_ROBIN_v1","ctl_c7322190c88f","American Robin","SoG","detection","band_20_22","20–<22 km","within_band_20_22_early_egg_minus_baseline","within_band_period_minus_baseline","early_egg",4,14,-0.0162800339278869,0.0298263637346539,-0.0747386326376001,0.0421785647818263,0.983851769599848,0.927985999887742,1.04308071960336,0.585184878155284,217176,"completed","s2_detectability","american_robin__detection__early_egg__13_bands",13,0.633950284668224,FALSE,FALSE
"SOG_STAGED_REFIT_S2_DISTANCE_AMERICAN_ROBIN_v1","ctl_c7322190c88f","American Robin","SoG","detection","band_20_22","20–<22 km","within_band_20_22_late_egg_minus_baseline","within_band_period_minus_baseline","late_egg",15,28,-0.00599550168285747,0.0278974518065285,-0.0606735024840952,0.0486824991183802,0.99402243547204,0.941130466378334,1.04988695778185,0.829835802512987,217176,"completed","s2_detectability","american_robin__detection__late_egg__13_bands",13,0.898988786055735,FALSE,FALSE
"SOG_STAGED_REFIT_S2_DISTANCE_AMERICAN_ROBIN_v1","ctl_c7322190c88f","American Robin","SoG","detection","band_20_22","20–<22 km","within_band_20_22_active_0_14_minus_baseline","within_band_duration_weighted_active_minus_baseline","active_0_14",0,14,-0.0243780222444183,0.0272261532649114,-0.0777403020812123,0.0289842575923757,0.975916721789937,0.925204669073958,1.0294083889811,0.370578705793697,217176,"completed","s2_detectability","american_robin__detection__active_0_14__13_bands",13,0.370578705793697,FALSE,FALSE
"SOG_STAGED_REFIT_S2_DISTANCE_AMERICAN_ROBIN_v1","ctl_c7322190c88f","American Robin","SoG","detection","band_22_24","22–<24 km","within_band_22_24_early_pre_minus_baseline","within_band_period_minus_baseline","early_pre",-14,-8,0.00713303572761224,0.0366740315008301,-0.0647467451819021,0.0790128166371266,1.00715853642336,0.937304810280741,1.08221819237929,0.845785749205156,217176,"completed","s2_detectability","american_robin__detection__early_pre__13_bands",13,0.916267894972252,FALSE,FALSE
"SOG_STAGED_REFIT_S2_DISTANCE_AMERICAN_ROBIN_v1","ctl_c7322190c88f","American Robin","SoG","detection","band_22_24","22–<24 km","within_band_22_24_immediate_pre_minus_baseline","within_band_period_minus_baseline","immediate_pre",-7,-1,0.0479805044575007,0.0360689685304747,-0.0227133748217384,0.11867438373674,1.04915020137275,0.97754263195374,1.12600321363025,0.183438115240516,217176,"completed","s2_detectability","american_robin__detection__immediate_pre__13_bands",13,0.358106124056209,FALSE,FALSE
"SOG_STAGED_REFIT_S2_DISTANCE_AMERICAN_ROBIN_v1","ctl_c7322190c88f","American Robin","SoG","detection","band_22_24","22–<24 km","within_band_22_24_spawn_start_minus_baseline","within_band_period_minus_baseline","spawn_start",0,3,0.097385754928398,0.045821093457989,0.00757806201849563,0.1871934478383,1.10228550368328,1.00760684819902,1.205860533602,0.0335576120482405,217176,"completed","s2_detectability","american_robin__detection__spawn_start__13_bands",13,0.145416318875709,TRUE,FALSE
"SOG_STAGED_REFIT_S2_DISTANCE_AMERICAN_ROBIN_v1","ctl_c7322190c88f","American Robin","SoG","detection","band_22_24","22–<24 km","within_band_22_24_early_egg_minus_baseline","within_band_period_minus_baseline","early_egg",4,14,0.0100167199604968,0.030947381169169,-0.0506390325469075,0.0706724724679011,1.01006705522425,0.950621752120775,1.07322965603648,0.74618834820552,217176,"completed","s2_detectability","american_robin__detection__early_egg__13_bands",13,0.74618834820552,FALSE,FALSE
"SOG_STAGED_REFIT_S2_DISTANCE_AMERICAN_ROBIN_v1","ctl_c7322190c88f","American Robin","SoG","detection","band_22_24","22–<24 km","within_band_22_24_late_egg_minus_baseline","within_band_period_minus_baseline","late_egg",15,28,0.0656833119134284,0.0302507493343091,0.0063929327128335,0.124973691114023,1.0678884760522,1.00641341112294,1.13311864158553,0.029908852220907,217176,"completed","s2_detectability","american_robin__detection__late_egg__13_bands",13,0.0648025131452984,TRUE,FALSE
"SOG_STAGED_REFIT_S2_DISTANCE_AMERICAN_ROBIN_v1","ctl_c7322190c88f","American Robin","SoG","detection","band_22_24","22–<24 km","within_band_22_24_active_0_14_minus_baseline","within_band_duration_weighted_active_minus_baseline","active_0_14",0,14,0.0333151292852705,0.0290347390948646,-0.0235919136411812,0.0902221722117221,1.03387629260854,0.976684199942045,1.09441740583232,0.251206813625793,217176,"completed","s2_detectability","american_robin__detection__active_0_14__13_bands",13,0.326568857713531,FALSE,FALSE
"SOG_STAGED_REFIT_S2_DISTANCE_AMERICAN_ROBIN_v1","ctl_c7322190c88f","American Robin","SoG","detection","band_24_26","24–26 km","within_band_24_26_early_pre_minus_baseline","within_band_period_minus_baseline","early_pre",-14,-8,0.0190800486856841,0.0393413877274357,-0.058027654361916,0.0961877517332841,1.01926323603429,0.943623851760461,1.10096575281866,0.62768580014611,217176,"completed","s2_detectability","american_robin__detection__early_pre__13_bands",13,0.741810491081766,FALSE,FALSE
"SOG_STAGED_REFIT_S2_DISTANCE_AMERICAN_ROBIN_v1","ctl_c7322190c88f","American Robin","SoG","detection","band_24_26","24–26 km","within_band_24_26_immediate_pre_minus_baseline","within_band_period_minus_baseline","immediate_pre",-7,-1,0.0517787722897705,0.0397605999917758,-0.0261505716978136,0.129708116277355,1.05314273238494,0.974188393364496,1.1384960263638,0.192826374491805,217176,"completed","s2_detectability","american_robin__detection__immediate_pre__13_bands",13,0.358106124056209,FALSE,FALSE
"SOG_STAGED_REFIT_S2_DISTANCE_AMERICAN_ROBIN_v1","ctl_c7322190c88f","American Robin","SoG","detection","band_24_26","24–26 km","within_band_24_26_spawn_start_minus_baseline","within_band_period_minus_baseline","spawn_start",0,3,0.0382258388590918,0.0478042149392684,-0.0554687007310859,0.13192037844927,1.03896584524633,0.946041633618542,1.14101746607029,0.423923327959748,217176,"completed","s2_detectability","american_robin__detection__spawn_start__13_bands",13,0.612333695941859,FALSE,FALSE
"SOG_STAGED_REFIT_S2_DISTANCE_AMERICAN_ROBIN_v1","ctl_c7322190c88f","American Robin","SoG","detection","band_24_26","24–26 km","within_band_24_26_early_egg_minus_baseline","within_band_period_minus_baseline","early_egg",4,14,0.0825373218206613,0.0344229587982941,0.0150695623346988,0.150005081306624,1.08603920564315,1.01518368070656,1.16184014637932,0.016496548348758,217176,"completed","s2_detectability","american_robin__detection__early_egg__13_bands",13,0.0428910257067708,TRUE,TRUE
"SOG_STAGED_REFIT_S2_DISTANCE_AMERICAN_ROBIN_v1","ctl_c7322190c88f","American Robin","SoG","detection","band_24_26","24–26 km","within_band_24_26_late_egg_minus_baseline","within_band_period_minus_baseline","late_egg",15,28,0.0254205253392544,0.0323838070301587,-0.0380505701221517,0.0888916208006604,1.0257463821852,0.962664257611152,1.09296219553944,0.432467386152248,217176,"completed","s2_detectability","american_robin__detection__late_egg__13_bands",13,0.685662753167814,FALSE,FALSE
"SOG_STAGED_REFIT_S2_DISTANCE_AMERICAN_ROBIN_v1","ctl_c7322190c88f","American Robin","SoG","detection","band_24_26","24–26 km","within_band_24_26_active_0_14_minus_baseline","within_band_duration_weighted_active_minus_baseline","active_0_14",0,14,0.0707209263642428,0.0316915309646522,0.00860666705858847,0.132835185669897,1.07328165945486,1.00864381090261,1.14206175467566,0.0256453656374835,217176,"completed","s2_detectability","american_robin__detection__active_0_14__13_bands",13,0.0799575503850599,TRUE,FALSE
"SOG_STAGED_REFIT_S2_DISTANCE_AMERICAN_ROBIN_v1","ctl_c7322190c88f","American Robin","SoG","positive_numeric_count_given_detection","band_0_2","0–<2 km","within_band_0_2_early_pre_minus_baseline","within_band_period_minus_baseline","early_pre",-14,-8,0.0205119558481358,0.0305582840518552,-0.0393811803228451,0.0804050920191167,1.02072377178865,0.961384178562119,1.08372598751595,0.50206737414884,125407,"completed","s2_detectability","american_robin__positive_numeric_count_given_detection__early_pre__13_bands",13,0.593352351266811,FALSE,FALSE
"SOG_STAGED_REFIT_S2_DISTANCE_AMERICAN_ROBIN_v1","ctl_c7322190c88f","American Robin","SoG","positive_numeric_count_given_detection","band_0_2","0–<2 km","within_band_0_2_immediate_pre_minus_baseline","within_band_period_minus_baseline","immediate_pre",-7,-1,-0.0447961637350992,0.0288428562328966,-0.101327123162843,0.0117347956926448,0.956192368650877,0.903637383812614,1.01180391852377,0.120396565212201,125407,"completed","s2_detectability","american_robin__positive_numeric_count_given_detection__immediate_pre__13_bands",13,0.195644418469827,FALSE,FALSE
"SOG_STAGED_REFIT_S2_DISTANCE_AMERICAN_ROBIN_v1","ctl_c7322190c88f","American Robin","SoG","positive_numeric_count_given_detection","band_0_2","0–<2 km","within_band_0_2_spawn_start_minus_baseline","within_band_period_minus_baseline","spawn_start",0,3,-0.0379949228695992,0.030686807018824,-0.0981399594270252,0.0221501136878267,0.962717828722747,0.906522018572434,1.02239724877304,0.215659809776587,125407,"completed","s2_detectability","american_robin__positive_numeric_count_given_detection__spawn_start__13_bands",13,0.400511075299375,FALSE,FALSE
"SOG_STAGED_REFIT_S2_DISTANCE_AMERICAN_ROBIN_v1","ctl_c7322190c88f","American Robin","SoG","positive_numeric_count_given_detection","band_0_2","0–<2 km","within_band_0_2_early_egg_minus_baseline","within_band_period_minus_baseline","early_egg",4,14,-0.0363806754186563,0.0242623883244047,-0.0839340827134147,0.0111727318761021,0.964273148521513,0.919491864506277,1.01123537994419,0.133752258668162,125407,"completed","s2_detectability","american_robin__positive_numeric_count_given_detection__early_egg__13_bands",13,0.248397051812302,FALSE,FALSE
"SOG_STAGED_REFIT_S2_DISTANCE_AMERICAN_ROBIN_v1","ctl_c7322190c88f","American Robin","SoG","positive_numeric_count_given_detection","band_0_2","0–<2 km","within_band_0_2_late_egg_minus_baseline","within_band_period_minus_baseline","late_egg",15,28,0.0125926188886417,0.0233952211358383,-0.0332611719479517,0.0584464097252351,1.01267223977469,0.967285898654116,1.06018816839694,0.590400301665357,125407,"completed","s2_detectability","american_robin__positive_numeric_count_given_detection__late_egg__13_bands",13,0.590400301665357,FALSE,FALSE
"SOG_STAGED_REFIT_S2_DISTANCE_AMERICAN_ROBIN_v1","ctl_c7322190c88f","American Robin","SoG","positive_numeric_count_given_detection","band_0_2","0–<2 km","within_band_0_2_active_0_14_minus_baseline","within_band_duration_weighted_active_minus_baseline","active_0_14",0,14,-0.0368111414055744,0.0225742044618069,-0.0810557691303593,0.00743348631921039,0.963858151056531,0.922142262938488,1.00746118326439,0.102959376934776,125407,"completed","s2_detectability","american_robin__positive_numeric_count_given_detection__active_0_14__13_bands",13,0.167308987519011,FALSE,FALSE
"SOG_STAGED_REFIT_S2_DISTANCE_AMERICAN_ROBIN_v1","ctl_c7322190c88f","American Robin","SoG","positive_numeric_count_given_detection","band_2_4","2–<4 km","within_band_2_4_early_pre_minus_baseline","within_band_period_minus_baseline","early_pre",-14,-8,-0.0266034433530541,0.0239433931169037,-0.0735316315298696,0.0203247448237613,0.97374731093868,0.929106756258591,1.02053269893176,0.2665263996964,125407,"completed","s2_detectability","american_robin__positive_numeric_count_given_detection__early_pre__13_bands",13,0.384982577339244,FALSE,FALSE
"SOG_STAGED_REFIT_S2_DISTANCE_AMERICAN_ROBIN_v1","ctl_c7322190c88f","American Robin","SoG","positive_numeric_count_given_detection","band_2_4","2–<4 km","within_band_2_4_immediate_pre_minus_baseline","within_band_period_minus_baseline","immediate_pre",-7,-1,0.01155377889858,0.0230590088488516,-0.0336410479643596,0.0567486057615196,1.01162078159815,0.966918519723848,1.05838970387446,0.616334026491996,125407,"completed","s2_detectability","american_robin__positive_numeric_count_given_detection__immediate_pre__13_bands",13,0.616334026491996,FALSE,FALSE
"SOG_STAGED_REFIT_S2_DISTANCE_AMERICAN_ROBIN_v1","ctl_c7322190c88f","American Robin","SoG","positive_numeric_count_given_detection","band_2_4","2–<4 km","within_band_2_4_spawn_start_minus_baseline","within_band_period_minus_baseline","spawn_start",0,3,0.00261124748572745,0.0261141494335903,-0.0485715448910066,0.0537940398624615,1.0026146597619,0.95258918397844,1.05526723678632,0.920349416383706,125407,"completed","s2_detectability","american_robin__positive_numeric_count_given_detection__spawn_start__13_bands",13,0.957811979545253,FALSE,FALSE
"SOG_STAGED_REFIT_S2_DISTANCE_AMERICAN_ROBIN_v1","ctl_c7322190c88f","American Robin","SoG","positive_numeric_count_given_detection","band_2_4","2–<4 km","within_band_2_4_early_egg_minus_baseline","within_band_period_minus_baseline","early_egg",4,14,-0.0618377544488616,0.0189595194526392,-0.098997729740221,-0.0246777791575022,0.94003539097929,0.905744764297123,0.975624227846717,0.00110798009000548,125407,"completed","s2_detectability","american_robin__positive_numeric_count_given_detection__early_egg__13_bands",13,0.0048012470566904,TRUE,TRUE
"SOG_STAGED_REFIT_S2_DISTANCE_AMERICAN_ROBIN_v1","ctl_c7322190c88f","American Robin","SoG","positive_numeric_count_given_detection","band_2_4","2–<4 km","within_band_2_4_late_egg_minus_baseline","within_band_period_minus_baseline","late_egg",15,28,-0.0445810106384149,0.0174344512951281,-0.0787519072670836,-0.0104101140097461,0.956398118533087,0.924269200474949,0.989643883690594,0.0105559744290652,125407,"completed","s2_detectability","american_robin__positive_numeric_count_given_detection__late_egg__13_bands",13,0.0457425558592826,TRUE,TRUE
"SOG_STAGED_REFIT_S2_DISTANCE_AMERICAN_ROBIN_v1","ctl_c7322190c88f","American Robin","SoG","positive_numeric_count_given_detection","band_2_4","2–<4 km","within_band_2_4_active_0_14_minus_baseline","within_band_duration_weighted_active_minus_baseline","active_0_14",0,14,-0.0446513539329712,0.0178491479295587,-0.0796350410296339,-0.00966766683630852,0.956330844704681,0.923453307462685,0.990378914821878,0.0123634979376543,125407,"completed","s2_detectability","american_robin__positive_numeric_count_given_detection__active_0_14__13_bands",13,0.0327943948696609,TRUE,TRUE
"SOG_STAGED_REFIT_S2_DISTANCE_AMERICAN_ROBIN_v1","ctl_c7322190c88f","American Robin","SoG","positive_numeric_count_given_detection","band_4_6","4–<6 km","within_band_4_6_early_pre_minus_baseline","within_band_period_minus_baseline","early_pre",-14,-8,0.0233205153953496,0.0183122434560602,-0.0125708222546577,0.059211853045357,1.02359456479245,0.987507860484084,1.06099999301174,0.202843125134912,125407,"completed","s2_detectability","american_robin__positive_numeric_count_given_detection__early_pre__13_bands",13,0.384982577339244,FALSE,FALSE
"SOG_STAGED_REFIT_S2_DISTANCE_AMERICAN_ROBIN_v1","ctl_c7322190c88f","American Robin","SoG","positive_numeric_count_given_detection","band_4_6","4–<6 km","within_band_4_6_immediate_pre_minus_baseline","within_band_period_minus_baseline","immediate_pre",-7,-1,0.0570011093056629,0.0183655464214029,0.0210052997633148,0.0929969188480109,1.05865698476904,1.02122746388704,1.09745835382688,0.00191118318792816,125407,"completed","s2_detectability","american_robin__positive_numeric_count_given_detection__immediate_pre__13_bands",13,0.00788980465970271,TRUE,TRUE
"SOG_STAGED_REFIT_S2_DISTANCE_AMERICAN_ROBIN_v1","ctl_c7322190c88f","American Robin","SoG","positive_numeric_count_given_detection","band_4_6","4–<6 km","within_band_4_6_spawn_start_minus_baseline","within_band_period_minus_baseline","spawn_start",0,3,0.0567636459527562,0.0217079762495587,0.0142167943263703,0.0993104975791422,1.05840562237771,1.0143183335637,1.10440916269844,0.00892600969793956,125407,"completed","s2_detectability","american_robin__positive_numeric_count_given_detection__spawn_start__13_bands",13,0.0807563320244553,TRUE,FALSE
"SOG_STAGED_REFIT_S2_DISTANCE_AMERICAN_ROBIN_v1","ctl_c7322190c88f","American Robin","SoG","positive_numeric_count_given_detection","band_4_6","4–<6 km","within_band_4_6_early_egg_minus_baseline","within_band_period_minus_baseline","early_egg",4,14,0.0648484863143007,0.0155683881861154,0.0343350061721756,0.0953619664564257,1.06699734743563,1.03493125701876,1.10005696679236,3.10813949882588e-05,125407,"completed","s2_detectability","american_robin__positive_numeric_count_given_detection__early_egg__13_bands",13,0.000404058134847364,TRUE,TRUE
"SOG_STAGED_REFIT_S2_DISTANCE_AMERICAN_ROBIN_v1","ctl_c7322190c88f","American Robin","SoG","positive_numeric_count_given_detection","band_4_6","4–<6 km","within_band_4_6_late_egg_minus_baseline","within_band_period_minus_baseline","late_egg",15,28,0.0762276113812621,0.0143033983798052,0.0481934657003154,0.104261757062209,1.07920818627011,1.04937365349601,1.10989093868732,9.85726567609772e-08,125407,"completed","s2_detectability","american_robin__positive_numeric_count_given_detection__late_egg__13_bands",13,1.2814445378927e-06,TRUE,TRUE
"SOG_STAGED_REFIT_S2_DISTANCE_AMERICAN_ROBIN_v1","ctl_c7322190c88f","American Robin","SoG","positive_numeric_count_given_detection","band_4_6","4–<6 km","within_band_4_6_active_0_14_minus_baseline","within_band_duration_weighted_active_minus_baseline","active_0_14",0,14,0.0626925288845555,0.0145650529520572,0.0341455496656047,0.0912395081035063,1.06469942457892,1.03473520113088,1.09553136247783,1.67505636415098e-05,125407,"completed","s2_detectability","american_robin__positive_numeric_count_given_detection__active_0_14__13_bands",13,0.000217757327339627,TRUE,TRUE
"SOG_STAGED_REFIT_S2_DISTANCE_AMERICAN_ROBIN_v1","ctl_c7322190c88f","American Robin","SoG","positive_numeric_count_given_detection","band_6_8","6–<8 km","within_band_6_8_early_pre_minus_baseline","within_band_period_minus_baseline","early_pre",-14,-8,-0.0348343915888666,0.0173611062237292,-0.0688615345191501,-0.000807248658583129,0.965765341878483,0.933455922553353,0.999193077078959,0.0448070302675797,125407,"completed","s2_detectability","american_robin__positive_numeric_count_given_detection__early_pre__13_bands",13,0.163575003824334,TRUE,FALSE
"SOG_STAGED_REFIT_S2_DISTANCE_AMERICAN_ROBIN_v1","ctl_c7322190c88f","American Robin","SoG","positive_numeric_count_given_detection","band_6_8","6–<8 km","within_band_6_8_immediate_pre_minus_baseline","within_band_period_minus_baseline","immediate_pre",-7,-1,-0.0689510106423364,0.0165110999626012,-0.101312171914175,-0.0365898493704975,0.93337240427274,0.903650894420845,0.964071468790191,2.96627938036453e-05,125407,"completed","s2_detectability","american_robin__positive_numeric_count_given_detection__immediate_pre__13_bands",13,0.000240554226120309,TRUE,TRUE
"SOG_STAGED_REFIT_S2_DISTANCE_AMERICAN_ROBIN_v1","ctl_c7322190c88f","American Robin","SoG","positive_numeric_count_given_detection","band_6_8","6–<8 km","within_band_6_8_spawn_start_minus_baseline","within_band_period_minus_baseline","spawn_start",0,3,-0.0198492337517009,0.019753488702191,-0.0585653601770142,0.0188668926736123,0.980346465324062,0.943116596117481,1.01904599710136,0.314970531041815,125407,"completed","s2_detectability","american_robin__positive_numeric_count_given_detection__spawn_start__13_bands",13,0.51182711294295,FALSE,FALSE
"SOG_STAGED_REFIT_S2_DISTANCE_AMERICAN_ROBIN_v1","ctl_c7322190c88f","American Robin","SoG","positive_numeric_count_given_detection","band_6_8","6–<8 km","within_band_6_8_early_egg_minus_baseline","within_band_period_minus_baseline","early_egg",4,14,-0.0146808474735362,0.0143547865011586,-0.0428157120215688,0.0134540170744963,0.985426390743706,0.958087937887943,1.01354492961766,0.306442880768696,125407,"completed","s2_detectability","american_robin__positive_numeric_count_given_detection__early_egg__13_bands",13,0.497969681249131,FALSE,FALSE
"SOG_STAGED_REFIT_S2_DISTANCE_AMERICAN_ROBIN_v1","ctl_c7322190c88f","American Robin","SoG","positive_numeric_count_given_detection","band_6_8","6–<8 km","within_band_6_8_late_egg_minus_baseline","within_band_period_minus_baseline","late_egg",15,28,-0.0210884798062986,0.0132065851440924,-0.0469729110474814,0.00479595143488417,0.979132327298032,0.954113243168646,1.00480747041743,0.110306840730754,125407,"completed","s2_detectability","american_robin__positive_numeric_count_given_detection__late_egg__13_bands",13,0.202048518909414,FALSE,FALSE
"SOG_STAGED_REFIT_S2_DISTANCE_AMERICAN_ROBIN_v1","ctl_c7322190c88f","American Robin","SoG","positive_numeric_count_given_detection","band_6_8","6–<8 km","within_band_6_8_active_0_14_minus_baseline","within_band_duration_weighted_active_minus_baseline","active_0_14",0,14,-0.0160590838143801,0.0134061558102088,-0.0423346663735218,0.0102164987447615,0.98406917577709,0.958548932791817,1.01026886535058,0.230960312906142,125407,"completed","s2_detectability","american_robin__positive_numeric_count_given_detection__active_0_14__13_bands",13,0.272953097070895,FALSE,FALSE
"SOG_STAGED_REFIT_S2_DISTANCE_AMERICAN_ROBIN_v1","ctl_c7322190c88f","American Robin","SoG","positive_numeric_count_given_detection","band_8_10","8–<10 km","within_band_8_10_early_pre_minus_baseline","within_band_period_minus_baseline","early_pre",-14,-8,-0.0129813921101787,0.0165766159775184,-0.045470962411666,0.0195081781913085,0.987102502744008,0.955547348959661,1.01969970612583,0.433559743236068,125407,"completed","s2_detectability","american_robin__positive_numeric_count_given_detection__early_pre__13_bands",13,0.563627666206888,FALSE,FALSE
"SOG_STAGED_REFIT_S2_DISTANCE_AMERICAN_ROBIN_v1","ctl_c7322190c88f","American Robin","SoG","positive_numeric_count_given_detection","band_8_10","8–<10 km","within_band_8_10_immediate_pre_minus_baseline","within_band_period_minus_baseline","immediate_pre",-7,-1,0.0265259334401513,0.015662739321645,-0.00417247152951215,0.0572243384098148,1.02688087747015,0.995836221135652,1.05889333419841,0.0903471683707358,125407,"completed","s2_detectability","american_robin__positive_numeric_count_given_detection__immediate_pre__13_bands",13,0.195644418469827,FALSE,FALSE
"SOG_STAGED_REFIT_S2_DISTANCE_AMERICAN_ROBIN_v1","ctl_c7322190c88f","American Robin","SoG","positive_numeric_count_given_detection","band_8_10","8–<10 km","within_band_8_10_spawn_start_minus_baseline","within_band_period_minus_baseline","spawn_start",0,3,0.0147259789696471,0.0183824375398489,-0.0213029365565138,0.0507548944958079,1.01483494039551,0.978922368275458,1.05206499475734,0.423079794353223,125407,"completed","s2_detectability","american_robin__positive_numeric_count_given_detection__spawn_start__13_bands",13,0.611115258510211,FALSE,FALSE
"SOG_STAGED_REFIT_S2_DISTANCE_AMERICAN_ROBIN_v1","ctl_c7322190c88f","American Robin","SoG","positive_numeric_count_given_detection","band_8_10","8–<10 km","within_band_8_10_early_egg_minus_baseline","within_band_period_minus_baseline","early_egg",4,14,0.0240600728493966,0.0133802380659362,-0.00216471186441027,0.0502848575632035,1.02435185177687,0.9978376294346,1.05157060155494,0.0721485309328968,125407,"completed","s2_detectability","american_robin__positive_numeric_count_given_detection__early_egg__13_bands",13,0.156321817021276,FALSE,FALSE
"SOG_STAGED_REFIT_S2_DISTANCE_AMERICAN_ROBIN_v1","ctl_c7322190c88f","American Robin","SoG","positive_numeric_count_given_detection","band_8_10","8–<10 km","within_band_8_10_late_egg_minus_baseline","within_band_period_minus_baseline","late_egg",15,28,0.0326003125881697,0.0124216505600786,0.00825432486187385,0.0569463003144656,1.03313752464515,1.00828848572828,1.05859896243776,0.00867826379382691,125407,"completed","s2_detectability","american_robin__positive_numeric_count_given_detection__late_egg__13_bands",13,0.0457425558592826,TRUE,TRUE
"SOG_STAGED_REFIT_S2_DISTANCE_AMERICAN_ROBIN_v1","ctl_c7322190c88f","American Robin","SoG","positive_numeric_count_given_detection","band_8_10","8–<10 km","within_band_8_10_active_0_14_minus_baseline","within_band_duration_weighted_active_minus_baseline","active_0_14",0,14,0.0215709811481301,0.0125144372112051,-0.00295686507261975,0.0460988273688799,1.02180531667789,0.997047502147422,1.04717789567947,0.0847642416575285,125407,"completed","s2_detectability","american_robin__positive_numeric_count_given_detection__active_0_14__13_bands",13,0.167308987519011,FALSE,FALSE
"SOG_STAGED_REFIT_S2_DISTANCE_AMERICAN_ROBIN_v1","ctl_c7322190c88f","American Robin","SoG","positive_numeric_count_given_detection","band_10_12","10–<12 km","within_band_10_12_early_pre_minus_baseline","within_band_period_minus_baseline","early_pre",-14,-8,0.0300457656353437,0.0145139905182042,0.00159886694770762,0.0584926643229797,1.03050169443911,1.00160014581696,1.06023720810835,0.0384406982748568,125407,"completed","s2_detectability","american_robin__positive_numeric_count_given_detection__early_pre__13_bands",13,0.163575003824334,TRUE,FALSE
"SOG_STAGED_REFIT_S2_DISTANCE_AMERICAN_ROBIN_v1","ctl_c7322190c88f","American Robin","SoG","positive_numeric_count_given_detection","band_10_12","10–<12 km","within_band_10_12_immediate_pre_minus_baseline","within_band_period_minus_baseline","immediate_pre",-7,-1,0.0594540065369958,0.0144116786171476,0.0312076354906206,0.0877003775833711,1.06125694897481,1.03169969912169,1.0916609869191,3.70083424800475e-05,125407,"completed","s2_detectability","american_robin__positive_numeric_count_given_detection__immediate_pre__13_bands",13,0.000240554226120309,TRUE,TRUE
"SOG_STAGED_REFIT_S2_DISTANCE_AMERICAN_ROBIN_v1","ctl_c7322190c88f","American Robin","SoG","positive_numeric_count_given_detection","band_10_12","10–<12 km","within_band_10_12_spawn_start_minus_baseline","within_band_period_minus_baseline","spawn_start",0,3,0.024514880629745,0.0171277747151037,-0.00905494094717404,0.0580847022066641,1.02481784092858,0.99098593157149,1.05980475971041,0.152345982056918,125407,"completed","s2_detectability","american_robin__positive_numeric_count_given_detection__spawn_start__13_bands",13,0.330082961123322,FALSE,FALSE
"SOG_STAGED_REFIT_S2_DISTANCE_AMERICAN_ROBIN_v1","ctl_c7322190c88f","American Robin","SoG","positive_numeric_count_given_detection","band_10_12","10–<12 km","within_band_10_12_early_egg_minus_baseline","within_band_period_minus_baseline","early_egg",4,14,0.0391458667479343,0.0119484473491222,0.0157273402724817,0.0625643932233869,1.0399221626514,1.01585166580337,1.06456300735435,0.00105202690147537,125407,"completed","s2_detectability","american_robin__positive_numeric_count_given_detection__early_egg__13_bands",13,0.0048012470566904,TRUE,TRUE
"SOG_STAGED_REFIT_S2_DISTANCE_AMERICAN_ROBIN_v1","ctl_c7322190c88f","American Robin","SoG","positive_numeric_count_given_detection","band_10_12","10–<12 km","within_band_10_12_late_egg_minus_baseline","within_band_period_minus_baseline","late_egg",15,28,0.0118847003805283,0.0109538801130309,-0.00958451013198183,0.0333539108930384,1.01195560404328,0.990461274892818,1.0339163887709,0.277932149588506,125407,"completed","s2_detectability","american_robin__positive_numeric_count_given_detection__late_egg__13_bands",13,0.40145754940562,FALSE,FALSE
"SOG_STAGED_REFIT_S2_DISTANCE_AMERICAN_ROBIN_v1","ctl_c7322190c88f","American Robin","SoG","positive_numeric_count_given_detection","band_10_12","10–<12 km","within_band_10_12_active_0_14_minus_baseline","within_band_duration_weighted_active_minus_baseline","active_0_14",0,14,0.0352442704497505,0.0113340677654131,0.0130299058312045,0.0574586350682965,1.03587271099088,1.01311516495788,1.0591414584345,0.00187349063998542,125407,"completed","s2_detectability","american_robin__positive_numeric_count_given_detection__active_0_14__13_bands",13,0.0121776891599052,TRUE,TRUE
"SOG_STAGED_REFIT_S2_DISTANCE_AMERICAN_ROBIN_v1","ctl_c7322190c88f","American Robin","SoG","positive_numeric_count_given_detection","band_12_14","12–<14 km","within_band_12_14_early_pre_minus_baseline","within_band_period_minus_baseline","early_pre",-14,-8,-0.0390217616792272,0.0199381346836743,-0.0780997875781378,5.62642196833205e-05,0.961729780063664,0.924872131188592,1.00005626580254,0.0503307704074873,125407,"completed","s2_detectability","american_robin__positive_numeric_count_given_detection__early_pre__13_bands",13,0.163575003824334,FALSE,FALSE
"SOG_STAGED_REFIT_S2_DISTANCE_AMERICAN_ROBIN_v1","ctl_c7322190c88f","American Robin","SoG","positive_numeric_count_given_detection","band_12_14","12–<14 km","within_band_12_14_immediate_pre_minus_baseline","within_band_period_minus_baseline","immediate_pre",-7,-1,-0.0308576196460352,0.0192703168145278,-0.0686267465731863,0.00691150728111583,0.969613617178432,0.933675112482627,1.00693544686866,0.10930978445423,125407,"completed","s2_detectability","american_robin__positive_numeric_count_given_detection__immediate_pre__13_bands",13,0.195644418469827,FALSE,FALSE
"SOG_STAGED_REFIT_S2_DISTANCE_AMERICAN_ROBIN_v1","ctl_c7322190c88f","American Robin","SoG","positive_numeric_count_given_detection","band_12_14","12–<14 km","within_band_12_14_spawn_start_minus_baseline","within_band_period_minus_baseline","spawn_start",0,3,0.00115390475586222,0.0218131488433467,-0.0415990813665089,0.0439068908782333,1.0011545707601,0.959254286407234,1.04488506202862,0.957811979545253,125407,"completed","s2_detectability","american_robin__positive_numeric_count_given_detection__spawn_start__13_bands",13,0.957811979545253,FALSE,FALSE
"SOG_STAGED_REFIT_S2_DISTANCE_AMERICAN_ROBIN_v1","ctl_c7322190c88f","American Robin","SoG","positive_numeric_count_given_detection","band_12_14","12–<14 km","within_band_12_14_early_egg_minus_baseline","within_band_period_minus_baseline","early_egg",4,14,0.00518616126223599,0.0158638691872016,-0.0259064510001339,0.0362787735246059,1.00519963267479,0.974426241945455,1.03694487898048,0.743731009000154,125407,"completed","s2_detectability","american_robin__positive_numeric_count_given_detection__early_egg__13_bands",13,0.743731009000154,FALSE,FALSE
"SOG_STAGED_REFIT_S2_DISTANCE_AMERICAN_ROBIN_v1","ctl_c7322190c88f","American Robin","SoG","positive_numeric_count_given_detection","band_12_14","12–<14 km","within_band_12_14_late_egg_minus_baseline","within_band_period_minus_baseline","late_egg",15,28,0.00867463110197515,0.0148800172056334,-0.0204896667104027,0.037838928914353,1.00871236474391,0.979718820140505,1.03856393678477,0.559912253075462,125407,"completed","s2_detectability","american_robin__positive_numeric_count_given_detection__late_egg__13_bands",13,0.590400301665357,FALSE,FALSE
"SOG_STAGED_REFIT_S2_DISTANCE_AMERICAN_ROBIN_v1","ctl_c7322190c88f","American Robin","SoG","positive_numeric_count_given_detection","band_12_14","12–<14 km","within_band_12_14_active_0_14_minus_baseline","within_band_duration_weighted_active_minus_baseline","active_0_14",0,14,0.00411089286053632,0.014874124469487,-0.0250418554012241,0.0332636411222967,1.00411935417113,0.975269090894945,1.03382306158789,0.782257128233878,125407,"completed","s2_detectability","american_robin__positive_numeric_count_given_detection__active_0_14__13_bands",13,0.782257128233878,FALSE,FALSE
"SOG_STAGED_REFIT_S2_DISTANCE_AMERICAN_ROBIN_v1","ctl_c7322190c88f","American Robin","SoG","positive_numeric_count_given_detection","band_14_16","14–<16 km","within_band_14_16_early_pre_minus_baseline","within_band_period_minus_baseline","early_pre",-14,-8,-0.0256633536228046,0.0180812660733835,-0.0611019839215221,0.00977527667591291,0.974663151204116,0.940727295825012,1.00982321075527,0.155801697665245,125407,"completed","s2_detectability","american_robin__positive_numeric_count_given_detection__early_pre__13_bands",13,0.384982577339244,FALSE,FALSE
"SOG_STAGED_REFIT_S2_DISTANCE_AMERICAN_ROBIN_v1","ctl_c7322190c88f","American Robin","SoG","positive_numeric_count_given_detection","band_14_16","14–<16 km","within_band_14_16_immediate_pre_minus_baseline","within_band_period_minus_baseline","immediate_pre",-7,-1,-0.0149649348102493,0.0171714883690903,-0.0486204335746146,0.0186905639541161,0.985146483345788,0.95254261428559,1.01886632586665,0.383481755834106,125407,"completed","s2_detectability","american_robin__positive_numeric_count_given_detection__immediate_pre__13_bands",13,0.415438568820282,FALSE,FALSE
"SOG_STAGED_REFIT_S2_DISTANCE_AMERICAN_ROBIN_v1","ctl_c7322190c88f","American Robin","SoG","positive_numeric_count_given_detection","band_14_16","14–<16 km","within_band_14_16_spawn_start_minus_baseline","within_band_period_minus_baseline","spawn_start",0,3,-0.0296747790107548,0.0195471630577655,-0.067986514603907,0.00863695658239733,0.970761194131879,0.934273072534705,1.00867436270603,0.128986215451496,125407,"completed","s2_detectability","american_robin__positive_numeric_count_given_detection__spawn_start__13_bands",13,0.330082961123322,FALSE,FALSE
"SOG_STAGED_REFIT_S2_DISTANCE_AMERICAN_ROBIN_v1","ctl_c7322190c88f","American Robin","SoG","positive_numeric_count_given_detection","band_14_16","14–<16 km","within_band_14_16_early_egg_minus_baseline","within_band_period_minus_baseline","early_egg",4,14,-0.0116725592413369,0.0142470246757187,-0.039596214492599,0.0162510960099251,0.98839530078825,0.96117747033893,1.01638386330031,0.412616396633081,125407,"completed","s2_detectability","american_robin__positive_numeric_count_given_detection__early_egg__13_bands",13,0.520827182897934,FALSE,FALSE
"SOG_STAGED_REFIT_S2_DISTANCE_AMERICAN_ROBIN_v1","ctl_c7322190c88f","American Robin","SoG","positive_numeric_count_given_detection","band_14_16","14–<16 km","within_band_14_16_late_egg_minus_baseline","within_band_period_minus_baseline","late_egg",15,28,-0.00958147747163098,0.0134854448627687,-0.0360124637181583,0.0168495087748964,0.99046427863001,0.964628270553306,1.01699226239695,0.477390963895075,125407,"completed","s2_detectability","american_robin__positive_numeric_count_given_detection__late_egg__13_bands",13,0.564189320966907,FALSE,FALSE
"SOG_STAGED_REFIT_S2_DISTANCE_AMERICAN_ROBIN_v1","ctl_c7322190c88f","American Robin","SoG","positive_numeric_count_given_detection","band_14_16","14–<16 km","within_band_14_16_active_0_14_minus_baseline","within_band_duration_weighted_active_minus_baseline","active_0_14",0,14,-0.0164731511798484,0.0134313086226553,-0.0427980323454951,0.00985172998579838,0.983661789194603,0.958104876722071,1.00990041803347,0.220020343349324,125407,"completed","s2_detectability","american_robin__positive_numeric_count_given_detection__active_0_14__13_bands",13,0.272953097070895,FALSE,FALSE
"SOG_STAGED_REFIT_S2_DISTANCE_AMERICAN_ROBIN_v1","ctl_c7322190c88f","American Robin","SoG","positive_numeric_count_given_detection","band_16_18","16–<18 km","within_band_16_18_early_pre_minus_baseline","within_band_period_minus_baseline","early_pre",-14,-8,-0.0167553449819457,0.014939627560622,-0.0460364769432068,0.0125257869793154,0.983384245096786,0.955007125814666,1.01260456321689,0.262059353874912,125407,"completed","s2_detectability","american_robin__positive_numeric_count_given_detection__early_pre__13_bands",13,0.384982577339244,FALSE,FALSE
"SOG_STAGED_REFIT_S2_DISTANCE_AMERICAN_ROBIN_v1","ctl_c7322190c88f","American Robin","SoG","positive_numeric_count_given_detection","band_16_18","16–<18 km","within_band_16_18_immediate_pre_minus_baseline","within_band_period_minus_baseline","immediate_pre",-7,-1,-0.0175895046821458,0.014575701209218,-0.0461573541016301,0.0109783447373385,0.982564287624999,0.954891694243684,1.01103882789628,0.227521109529071,125407,"completed","s2_detectability","american_robin__positive_numeric_count_given_detection__immediate_pre__13_bands",13,0.328641602653102,FALSE,FALSE
"SOG_STAGED_REFIT_S2_DISTANCE_AMERICAN_ROBIN_v1","ctl_c7322190c88f","American Robin","SoG","positive_numeric_count_given_detection","band_16_18","16–<18 km","within_band_16_18_spawn_start_minus_baseline","within_band_period_minus_baseline","spawn_start",0,3,-0.0048085872206819,0.0171990293382951,-0.038518065292788,0.0289008908514242,0.995202955526001,0.962214321899355,1.02932257413571,0.779796068145745,125407,"completed","s2_detectability","american_robin__positive_numeric_count_given_detection__spawn_start__13_bands",13,0.957811979545253,FALSE,FALSE
"SOG_STAGED_REFIT_S2_DISTANCE_AMERICAN_ROBIN_v1","ctl_c7322190c88f","American Robin","SoG","positive_numeric_count_given_detection","band_16_18","16–<18 km","within_band_16_18_early_egg_minus_baseline","within_band_period_minus_baseline","early_egg",4,14,-0.00802084976262045,0.0121534935287542,-0.0318412593653194,0.0157995598400784,0.992011231422747,0.968660335631875,1.01592503282065,0.50927790553291,125407,"completed","s2_detectability","american_robin__positive_numeric_count_given_detection__early_egg__13_bands",13,0.551717730993985,FALSE,FALSE
"SOG_STAGED_REFIT_S2_DISTANCE_AMERICAN_ROBIN_v1","ctl_c7322190c88f","American Robin","SoG","positive_numeric_count_given_detection","band_16_18","16–<18 km","within_band_16_18_late_egg_minus_baseline","within_band_period_minus_baseline","late_egg",15,28,-0.0177702315571674,0.0115629930042679,-0.0404332813990211,0.00489281828468622,0.98238672789718,0.960373237132771,1.00490480766605,0.124337550098101,125407,"completed","s2_detectability","american_robin__positive_numeric_count_given_detection__late_egg__13_bands",13,0.202048518909414,FALSE,FALSE
"SOG_STAGED_REFIT_S2_DISTANCE_AMERICAN_ROBIN_v1","ctl_c7322190c88f","American Robin","SoG","positive_numeric_count_given_detection","band_16_18","16–<18 km","within_band_16_18_active_0_14_minus_baseline","within_band_duration_weighted_active_minus_baseline","active_0_14",0,14,-0.00716424641810351,0.0114388194757025,-0.0295839206161358,0.0152554277799288,0.992861355619014,0.970849399942595,1.0153723858097,0.531111663323297,125407,"completed","s2_detectability","american_robin__positive_numeric_count_given_detection__active_0_14__13_bands",13,0.575370968600238,FALSE,FALSE
"SOG_STAGED_REFIT_S2_DISTANCE_AMERICAN_ROBIN_v1","ctl_c7322190c88f","American Robin","SoG","positive_numeric_count_given_detection","band_18_20","18–<20 km","within_band_18_20_early_pre_minus_baseline","within_band_period_minus_baseline","early_pre",-14,-8,-0.0217668893478205,0.0175944165170949,-0.0562513120503233,0.0127175333546822,0.978468299851526,0.945301540368054,1.01279874508781,0.216032308218152,125407,"completed","s2_detectability","american_robin__positive_numeric_count_given_detection__early_pre__13_bands",13,0.384982577339244,FALSE,FALSE
"SOG_STAGED_REFIT_S2_DISTANCE_AMERICAN_ROBIN_v1","ctl_c7322190c88f","American Robin","SoG","positive_numeric_count_given_detection","band_18_20","18–<20 km","within_band_18_20_immediate_pre_minus_baseline","within_band_period_minus_baseline","immediate_pre",-7,-1,-0.050273582437222,0.0165798007500168,-0.0827693947781052,-0.0177777700963389,0.950969220431656,0.920563409474102,0.982379322164264,0.00242763220298545,125407,"completed","s2_detectability","american_robin__positive_numeric_count_given_detection__immediate_pre__13_bands",13,0.00788980465970271,TRUE,TRUE
"SOG_STAGED_REFIT_S2_DISTANCE_AMERICAN_ROBIN_v1","ctl_c7322190c88f","American Robin","SoG","positive_numeric_count_given_detection","band_18_20","18–<20 km","within_band_18_20_spawn_start_minus_baseline","within_band_period_minus_baseline","spawn_start",0,3,-0.0426237910110895,0.0195349028047379,-0.0809114969498663,-0.00433608507231262,0.958271832739189,0.922275312010896,0.9956733021717,0.0291146973275138,125407,"completed","s2_detectability","american_robin__positive_numeric_count_given_detection__spawn_start__13_bands",13,0.103421938419558,TRUE,FALSE
"SOG_STAGED_REFIT_S2_DISTANCE_AMERICAN_ROBIN_v1","ctl_c7322190c88f","American Robin","SoG","positive_numeric_count_given_detection","band_18_20","18–<20 km","within_band_18_20_early_egg_minus_baseline","within_band_period_minus_baseline","early_egg",4,14,-0.0105269477884795,0.0136534194159544,-0.0372871581095702,0.0162332625326111,0.989528266610183,0.963399447660247,1.01636573780336,0.440699923990559,125407,"completed","s2_detectability","american_robin__positive_numeric_count_given_detection__early_egg__13_bands",13,0.520827182897934,FALSE,FALSE
"SOG_STAGED_REFIT_S2_DISTANCE_AMERICAN_ROBIN_v1","ctl_c7322190c88f","American Robin","SoG","positive_numeric_count_given_detection","band_18_20","18–<20 km","within_band_18_20_late_egg_minus_baseline","within_band_period_minus_baseline","late_egg",15,28,-0.0116975098435498,0.0129797802216743,-0.0371374116052767,0.013742391918177,0.988370640037923,0.963543724161954,1.01383725262558,0.367476588621737,125407,"completed","s2_detectability","american_robin__positive_numeric_count_given_detection__late_egg__13_bands",13,0.477719565208259,FALSE,FALSE
"SOG_STAGED_REFIT_S2_DISTANCE_AMERICAN_ROBIN_v1","ctl_c7322190c88f","American Robin","SoG","positive_numeric_count_given_detection","band_18_20","18–<20 km","within_band_18_20_active_0_14_minus_baseline","within_band_duration_weighted_active_minus_baseline","active_0_14",0,14,-0.0190861059811755,0.0127783138102061,-0.0441311408323302,0.00595892886997916,0.981094880468356,0.95682846996301,1.00597671860499,0.135271675848068,125407,"completed","s2_detectability","american_robin__positive_numeric_count_given_detection__active_0_14__13_bands",13,0.195392420669431,FALSE,FALSE
"SOG_STAGED_REFIT_S2_DISTANCE_AMERICAN_ROBIN_v1","ctl_c7322190c88f","American Robin","SoG","positive_numeric_count_given_detection","band_20_22","20–<22 km","within_band_20_22_early_pre_minus_baseline","within_band_period_minus_baseline","early_pre",-14,-8,0.00803725314285091,0.015973030857409,-0.0232693120616176,0.0393438183473195,1.00806963856703,0.976999330635778,1.04012803728267,0.614840212660323,125407,"completed","s2_detectability","american_robin__positive_numeric_count_given_detection__early_pre__13_bands",13,0.614840212660323,FALSE,FALSE
"SOG_STAGED_REFIT_S2_DISTANCE_AMERICAN_ROBIN_v1","ctl_c7322190c88f","American Robin","SoG","positive_numeric_count_given_detection","band_20_22","20–<22 km","within_band_20_22_immediate_pre_minus_baseline","within_band_period_minus_baseline","immediate_pre",-7,-1,0.0336456608137032,0.0163523486188508,0.00159564645811242,0.0656956751692941,1.03421807780203,1.0015969201793,1.06790167871228,0.0396340208983583,125407,"completed","s2_detectability","american_robin__positive_numeric_count_given_detection__immediate_pre__13_bands",13,0.103048454335732,TRUE,FALSE
"SOG_STAGED_REFIT_S2_DISTANCE_AMERICAN_ROBIN_v1","ctl_c7322190c88f","American Robin","SoG","positive_numeric_count_given_detection","band_20_22","20–<22 km","within_band_20_22_spawn_start_minus_baseline","within_band_period_minus_baseline","spawn_start",0,3,0.0458682615162445,0.0183482926913483,0.00990626866340227,0.0818302543690868,1.04693648004726,1.00995549816877,1.08527157408533,0.0124240510806854,125407,"completed","s2_detectability","american_robin__positive_numeric_count_given_detection__spawn_start__13_bands",13,0.0807563320244553,TRUE,FALSE
"SOG_STAGED_REFIT_S2_DISTANCE_AMERICAN_ROBIN_v1","ctl_c7322190c88f","American Robin","SoG","positive_numeric_count_given_detection","band_20_22","20–<22 km","within_band_20_22_early_egg_minus_baseline","within_band_period_minus_baseline","early_egg",4,14,0.0115035046062736,0.0131919317979506,-0.0143522066042183,0.0373592158167655,1.01156992435769,0.985750295350639,1.03806584354209,0.383202584788401,125407,"completed","s2_detectability","american_robin__positive_numeric_count_given_detection__early_egg__13_bands",13,0.520827182897934,FALSE,FALSE
"SOG_STAGED_REFIT_S2_DISTANCE_AMERICAN_ROBIN_v1","ctl_c7322190c88f","American Robin","SoG","positive_numeric_count_given_detection","band_20_22","20–<22 km","within_band_20_22_late_egg_minus_baseline","within_band_period_minus_baseline","late_egg",15,28,0.0230587339161521,0.0122565352188047,-0.000963633687951864,0.0470811015202561,1.02332664176335,0.99903683045789,1.04820701681509,0.0599254174450528,125407,"completed","s2_detectability","american_robin__positive_numeric_count_given_detection__late_egg__13_bands",13,0.144121362837565,FALSE,FALSE
"SOG_STAGED_REFIT_S2_DISTANCE_AMERICAN_ROBIN_v1","ctl_c7322190c88f","American Robin","SoG","positive_numeric_count_given_detection","band_20_22","20–<22 km","within_band_20_22_active_0_14_minus_baseline","within_band_duration_weighted_active_minus_baseline","active_0_14",0,14,0.0206674397822659,0.0123048753509305,-0.00344967273981252,0.0447845523043442,1.02088249027511,0.9965562705451,1.04580251989207,0.0930324598003489,125407,"completed","s2_detectability","american_robin__positive_numeric_count_given_detection__active_0_14__13_bands",13,0.167308987519011,FALSE,FALSE
"SOG_STAGED_REFIT_S2_DISTANCE_AMERICAN_ROBIN_v1","ctl_c7322190c88f","American Robin","SoG","positive_numeric_count_given_detection","band_22_24","22–<24 km","within_band_22_24_early_pre_minus_baseline","within_band_period_minus_baseline","early_pre",-14,-8,0.00821775685004149,0.0155567801083037,-0.0222729718776429,0.0387084855777258,1.00825161529714,0.97797323942027,1.03946741973422,0.59733083711279,125407,"completed","s2_detectability","american_robin__positive_numeric_count_given_detection__early_pre__13_bands",13,0.614840212660323,FALSE,FALSE
"SOG_STAGED_REFIT_S2_DISTANCE_AMERICAN_ROBIN_v1","ctl_c7322190c88f","American Robin","SoG","positive_numeric_count_given_detection","band_22_24","22–<24 km","within_band_22_24_immediate_pre_minus_baseline","within_band_period_minus_baseline","immediate_pre",-7,-1,0.0129254843296375,0.0147083000212422,-0.0159022539858069,0.0417532226450819,1.01300937947433,0.984223519279748,1.04263714776287,0.379515984286873,125407,"completed","s2_detectability","american_robin__positive_numeric_count_given_detection__immediate_pre__13_bands",13,0.415438568820282,FALSE,FALSE
"SOG_STAGED_REFIT_S2_DISTANCE_AMERICAN_ROBIN_v1","ctl_c7322190c88f","American Robin","SoG","positive_numeric_count_given_detection","band_22_24","22–<24 km","within_band_22_24_spawn_start_minus_baseline","within_band_period_minus_baseline","spawn_start",0,3,0.00332526855799513,0.0178351080058757,-0.0316309007939032,0.0382814379098935,1.00333080339673,0.968864123069731,1.03902361236703,0.85209572498691,125407,"completed","s2_detectability","american_robin__positive_numeric_count_given_detection__spawn_start__13_bands",13,0.957811979545253,FALSE,FALSE
"SOG_STAGED_REFIT_S2_DISTANCE_AMERICAN_ROBIN_v1","ctl_c7322190c88f","American Robin","SoG","positive_numeric_count_given_detection","band_22_24","22–<24 km","within_band_22_24_early_egg_minus_baseline","within_band_period_minus_baseline","early_egg",4,14,0.0391187510522715,0.0125222355405653,0.014575620386836,0.0636618817177071,1.03989396482083,1.01468236272306,1.06573199436396,0.00178444973413273,125407,"completed","s2_detectability","american_robin__positive_numeric_count_given_detection__early_egg__13_bands",13,0.00579946163593139,TRUE,TRUE
"SOG_STAGED_REFIT_S2_DISTANCE_AMERICAN_ROBIN_v1","ctl_c7322190c88f","American Robin","SoG","positive_numeric_count_given_detection","band_22_24","22–<24 km","within_band_22_24_late_egg_minus_baseline","within_band_period_minus_baseline","late_egg",15,28,0.0255450828293178,0.0118209623037467,0.00237642245136862,0.0487137432072669,1.02587415453735,1.00237924838129,1.04991976105573,0.0306954486043466,125407,"completed","s2_detectability","american_robin__positive_numeric_count_given_detection__late_egg__13_bands",13,0.0997602079641264,TRUE,FALSE
"SOG_STAGED_REFIT_S2_DISTANCE_AMERICAN_ROBIN_v1","ctl_c7322190c88f","American Robin","SoG","positive_numeric_count_given_detection","band_22_24","22–<24 km","within_band_22_24_active_0_14_minus_baseline","within_band_duration_weighted_active_minus_baseline","active_0_14",0,14,0.0295738223871312,0.0118555786907986,0.00633731513728539,0.0528103296369769,1.03001547086614,1.00635743840557,1.05422967003106,0.0126132287960234,125407,"completed","s2_detectability","american_robin__positive_numeric_count_given_detection__active_0_14__13_bands",13,0.0327943948696609,TRUE,TRUE
"SOG_STAGED_REFIT_S2_DISTANCE_AMERICAN_ROBIN_v1","ctl_c7322190c88f","American Robin","SoG","positive_numeric_count_given_detection","band_24_26","24–26 km","within_band_24_26_early_pre_minus_baseline","within_band_period_minus_baseline","early_pre",-14,-8,0.0397379432790041,0.018008329480546,0.00444226607540315,0.0750336204826051,1.04053805846878,1.004452147566,1.07792039047917,0.0273390527041087,125407,"completed","s2_detectability","american_robin__positive_numeric_count_given_detection__early_pre__13_bands",13,0.163575003824334,TRUE,FALSE
"SOG_STAGED_REFIT_S2_DISTANCE_AMERICAN_ROBIN_v1","ctl_c7322190c88f","American Robin","SoG","positive_numeric_count_given_detection","band_24_26","24–26 km","within_band_24_26_immediate_pre_minus_baseline","within_band_period_minus_baseline","immediate_pre",-7,-1,0.0172408722103918,0.0174704106056581,-0.0170005033718246,0.0514822477926082,1.01739035387678,0.983143189748204,1.05283049606092,0.323710635991365,125407,"completed","s2_detectability","american_robin__positive_numeric_count_given_detection__immediate_pre__13_bands",13,0.415438568820282,FALSE,FALSE
"SOG_STAGED_REFIT_S2_DISTANCE_AMERICAN_ROBIN_v1","ctl_c7322190c88f","American Robin","SoG","positive_numeric_count_given_detection","band_24_26","24–26 km","within_band_24_26_spawn_start_minus_baseline","within_band_period_minus_baseline","spawn_start",0,3,0.0435405061013101,0.0202831180098758,0.00378632530777788,0.0832946868948424,1.04450230217123,1.00379350249297,1.08686204536239,0.0318221348983256,125407,"completed","s2_detectability","american_robin__positive_numeric_count_given_detection__spawn_start__13_bands",13,0.103421938419558,TRUE,FALSE
"SOG_STAGED_REFIT_S2_DISTANCE_AMERICAN_ROBIN_v1","ctl_c7322190c88f","American Robin","SoG","positive_numeric_count_given_detection","band_24_26","24–26 km","within_band_24_26_early_egg_minus_baseline","within_band_period_minus_baseline","early_egg",4,14,0.0386183088406272,0.0145862031391191,0.0100298760167687,0.0672067416644858,1.03937368818025,1.01008034381068,1.06951656895514,0.00810673952760925,125407,"completed","s2_detectability","american_robin__positive_numeric_count_given_detection__early_egg__13_bands",13,0.0210775227717841,TRUE,TRUE
"SOG_STAGED_REFIT_S2_DISTANCE_AMERICAN_ROBIN_v1","ctl_c7322190c88f","American Robin","SoG","positive_numeric_count_given_detection","band_24_26","24–26 km","within_band_24_26_late_egg_minus_baseline","within_band_period_minus_baseline","late_egg",15,28,0.0250546883520718,0.0136543768190711,-0.00170739844464617,0.0518167751487898,1.02537119485202,0.998294058330861,1.05318275558022,0.0665175520788761,125407,"completed","s2_detectability","american_robin__positive_numeric_count_given_detection__late_egg__13_bands",13,0.144121362837565,FALSE,FALSE
"SOG_STAGED_REFIT_S2_DISTANCE_AMERICAN_ROBIN_v1","ctl_c7322190c88f","American Robin","SoG","positive_numeric_count_given_detection","band_24_26","24–26 km","within_band_24_26_active_0_14_minus_baseline","within_band_duration_weighted_active_minus_baseline","active_0_14",0,14,0.0399308947768093,0.0137958580761844,0.0128915098116618,0.0669702797419569,1.04073885121669,1.0129749635536,1.06926369890931,0.00379869580109843,125407,"completed","s2_detectability","american_robin__positive_numeric_count_given_detection__active_0_14__13_bands",13,0.0164610151380932,TRUE,TRUE
